batch_characters,iteration,model,latency_ns
1,0,dense,237100
1,0,structured_50,488500
1,1,structured_50,229700
1,1,dense,212700
1,2,dense,176400
1,2,structured_50,161600
1,3,structured_50,156400
1,3,dense,175200
1,4,dense,168600
1,4,structured_50,157900
1,5,structured_50,155600
1,5,dense,205500
1,6,dense,176400
1,6,structured_50,177800
1,7,structured_50,162200
1,7,dense,174300
1,8,dense,172600
1,8,structured_50,158000
1,9,structured_50,154500
1,9,dense,170700
1,10,dense,168100
1,10,structured_50,156700
1,11,structured_50,174700
1,11,dense,182900
1,12,dense,171100
1,12,structured_50,158200
1,13,structured_50,155500
1,13,dense,168000
1,14,dense,165600
1,14,structured_50,157300
1,15,structured_50,154900
1,15,dense,166200
1,16,dense,165200
1,16,structured_50,156000
1,17,structured_50,166300
1,17,dense,183400
1,18,dense,171800
1,18,structured_50,160300
1,19,structured_50,154800
1,19,dense,171300
1,20,dense,172400
1,20,structured_50,164500
1,21,structured_50,389700
1,21,dense,267200
1,22,dense,181400
1,22,structured_50,167900
1,23,structured_50,158400
1,23,dense,171000
1,24,dense,168400
1,24,structured_50,159500
1,25,structured_50,155300
1,25,dense,167600
1,26,dense,194500
1,26,structured_50,165200
1,27,structured_50,160800
1,27,dense,168400
1,28,dense,167400
1,28,structured_50,158000
1,29,structured_50,154900
1,29,dense,167200
1,30,dense,167200
1,30,structured_50,156700
1,31,structured_50,154300
1,31,dense,166900
1,32,dense,188500
1,32,structured_50,167800
1,33,structured_50,156000
1,33,dense,168500
1,34,dense,166100
1,34,structured_50,159300
1,35,structured_50,154800
1,35,dense,167100
1,36,dense,164700
1,36,structured_50,153800
1,37,structured_50,154600
1,37,dense,166100
1,38,dense,183600
1,38,structured_50,166600
1,39,structured_50,157300
1,39,dense,167800
1,40,dense,166200
1,40,structured_50,156400
1,41,structured_50,153900
1,41,dense,165600
1,42,dense,168100
1,42,structured_50,157100
1,43,structured_50,159300
1,43,dense,168600
1,44,dense,179700
1,44,structured_50,174300
1,45,structured_50,158900
1,45,dense,169300
1,46,dense,168900
1,46,structured_50,157400
1,47,structured_50,178800
1,47,dense,204800
1,48,dense,190600
1,48,structured_50,166600
1,49,structured_50,165500
1,49,dense,248900
1,50,dense,390200
1,50,structured_50,304000
1,51,structured_50,181100
1,51,dense,223600
1,52,dense,607900
1,52,structured_50,311300
1,53,structured_50,202200
1,53,dense,185100
1,54,dense,190100
1,54,structured_50,176800
1,55,structured_50,162900
1,55,dense,172900
1,56,dense,226500
1,56,structured_50,168700
1,57,structured_50,159400
1,57,dense,173900
1,58,dense,184700
1,58,structured_50,158900
1,59,structured_50,155800
1,59,dense,170000
1,60,dense,168200
1,60,structured_50,161200
1,61,structured_50,158100
1,61,dense,184100
1,62,dense,214100
1,62,structured_50,163400
1,63,structured_50,158700
1,63,dense,170200
1,64,dense,170000
1,64,structured_50,160500
1,65,structured_50,158700
1,65,dense,171000
1,66,dense,171700
1,66,structured_50,157000
1,67,structured_50,154300
1,67,dense,189900
1,68,dense,178300
1,68,structured_50,163400
1,69,structured_50,156700
1,69,dense,169100
1,70,dense,168700
1,70,structured_50,157800
1,71,structured_50,154400
1,71,dense,168100
1,72,dense,166900
1,72,structured_50,156600
1,73,structured_50,154300
1,73,dense,187000
1,74,dense,179100
1,74,structured_50,164800
1,75,structured_50,156900
1,75,dense,169900
1,76,dense,166000
1,76,structured_50,157600
1,77,structured_50,155000
1,77,dense,168300
1,78,dense,167500
1,78,structured_50,157100
1,79,structured_50,155600
1,79,dense,182500
1,80,dense,329600
1,80,structured_50,376700
1,81,structured_50,646200
1,81,dense,409500
1,82,dense,291500
1,82,structured_50,183700
1,83,structured_50,164700
1,83,dense,173600
1,84,dense,172300
1,84,structured_50,162700
1,85,structured_50,156800
1,85,dense,171500
1,86,dense,169100
1,86,structured_50,159800
1,87,structured_50,156300
1,87,dense,169000
1,88,dense,197700
1,88,structured_50,166200
1,89,structured_50,158200
1,89,dense,170100
1,90,dense,169400
1,90,structured_50,159700
1,91,structured_50,156800
1,91,dense,167800
1,92,dense,168000
1,92,structured_50,157200
1,93,structured_50,418600
1,93,dense,240900
1,94,dense,184500
1,94,structured_50,169800
1,95,structured_50,162000
1,95,dense,172900
1,96,dense,172500
1,96,structured_50,161400
1,97,structured_50,160000
1,97,dense,204700
1,98,dense,177500
1,98,structured_50,162300
1,99,structured_50,158900
1,99,dense,170000
1,100,dense,168900
1,100,structured_50,159000
1,101,structured_50,157300
1,101,dense,170100
1,102,dense,170600
1,102,structured_50,157500
1,103,structured_50,155900
1,103,dense,196200
1,104,dense,175800
1,104,structured_50,162300
1,105,structured_50,157900
1,105,dense,169500
1,106,dense,167900
1,106,structured_50,164500
1,107,structured_50,157600
1,107,dense,168700
1,108,dense,168500
1,108,structured_50,181700
1,109,structured_50,184300
1,109,dense,181000
1,110,dense,185400
1,110,structured_50,179700
1,111,structured_50,522300
1,111,dense,203300
1,112,dense,184700
1,112,structured_50,202200
1,113,structured_50,204600
1,113,dense,184300
1,114,dense,164600
1,114,structured_50,152000
1,115,structured_50,146400
1,115,dense,161900
1,116,dense,159700
1,116,structured_50,148300
1,117,structured_50,145200
1,117,dense,158400
1,118,dense,157400
1,118,structured_50,157700
1,119,structured_50,166600
1,119,dense,164900
1,120,dense,159700
1,120,structured_50,149000
1,121,structured_50,147000
1,121,dense,157800
1,122,dense,157600
1,122,structured_50,149000
1,123,structured_50,144800
1,123,dense,156300
1,124,dense,156600
1,124,structured_50,147200
1,125,structured_50,156400
1,125,dense,175200
1,126,dense,161700
1,126,structured_50,148100
1,127,structured_50,146400
1,127,dense,157900
1,128,dense,157500
1,128,structured_50,147400
1,129,structured_50,145100
1,129,dense,159800
1,130,dense,158300
1,130,structured_50,147000
1,131,structured_50,145500
1,131,dense,174300
1,132,dense,168200
1,132,structured_50,149400
1,133,structured_50,145400
1,133,dense,156500
1,134,dense,157500
1,134,structured_50,153500
1,135,structured_50,153200
1,135,dense,163000
1,136,dense,162600
1,136,structured_50,152800
1,137,structured_50,150000
1,137,dense,162000
1,138,dense,187500
1,138,structured_50,171000
1,139,structured_50,330200
1,139,dense,205300
1,140,dense,177100
1,140,structured_50,164700
1,141,structured_50,181800
1,141,dense,175100
1,142,dense,181700
1,142,structured_50,174000
1,143,structured_50,343800
1,143,dense,364600
1,144,dense,195900
1,144,structured_50,200700
1,145,structured_50,160900
1,145,dense,176700
1,146,dense,172100
1,146,structured_50,161700
1,147,structured_50,161700
1,147,dense,171800
1,148,dense,210600
1,148,structured_50,170500
1,149,structured_50,162900
1,149,dense,174100
1,150,dense,175500
1,150,structured_50,169000
1,151,structured_50,164900
1,151,dense,179200
1,152,dense,182800
1,152,structured_50,174200
1,153,structured_50,165300
1,153,dense,214400
1,154,dense,190300
1,154,structured_50,176600
1,155,structured_50,160600
1,155,dense,170300
1,156,dense,166900
1,156,structured_50,157900
1,157,structured_50,153300
1,157,dense,166100
1,158,dense,165000
1,158,structured_50,157900
1,159,structured_50,152100
1,159,dense,195400
1,160,dense,170800
1,160,structured_50,157000
1,161,structured_50,153800
1,161,dense,168700
1,162,dense,164900
1,162,structured_50,155100
1,163,structured_50,152600
1,163,dense,166900
1,164,dense,165000
1,164,structured_50,155700
1,165,structured_50,153000
1,165,dense,193000
1,166,dense,176200
1,166,structured_50,160500
1,167,structured_50,158300
1,167,dense,168900
1,168,dense,173400
1,168,structured_50,162700
1,169,structured_50,160900
1,169,dense,172000
1,170,dense,172000
1,170,structured_50,166000
1,171,structured_50,159200
1,171,dense,202500
1,172,dense,183700
1,172,structured_50,172100
1,173,structured_50,173600
1,173,dense,192400
1,174,dense,349800
1,174,structured_50,222800
1,175,structured_50,180300
1,175,dense,190600
1,176,dense,203800
1,176,structured_50,187200
1,177,structured_50,172700
1,177,dense,178500
1,178,dense,175500
1,178,structured_50,167500
1,179,structured_50,162300
1,179,dense,176600
1,180,dense,172700
1,180,structured_50,159900
1,181,structured_50,157000
1,181,dense,167500
1,182,dense,200200
1,182,structured_50,165800
1,183,structured_50,158100
1,183,dense,172800
1,184,dense,169400
1,184,structured_50,162900
1,185,structured_50,157500
1,185,dense,168700
1,186,dense,167900
1,186,structured_50,159100
1,187,structured_50,179200
1,187,dense,178500
1,188,dense,172700
1,188,structured_50,160800
1,189,structured_50,157300
1,189,dense,169400
1,190,dense,169300
1,190,structured_50,159800
1,191,structured_50,158000
1,191,dense,168600
1,192,dense,168600
1,192,structured_50,157800
1,193,structured_50,177300
1,193,dense,181000
1,194,dense,171600
1,194,structured_50,160400
1,195,structured_50,157800
1,195,dense,168300
1,196,dense,370100
1,196,structured_50,279600
1,197,structured_50,172200
1,197,dense,174500
1,198,dense,171700
1,198,structured_50,159800
1,199,structured_50,155400
1,199,dense,167200
1,200,dense,167000
1,200,structured_50,186000
1,201,structured_50,165900
1,201,dense,170400
1,202,dense,175300
1,202,structured_50,159600
1,203,structured_50,206700
1,203,dense,184500
1,204,dense,188100
1,204,structured_50,338300
1,205,structured_50,278000
1,205,dense,198400
1,206,dense,185100
1,206,structured_50,165700
1,207,structured_50,193700
1,207,dense,180800
1,208,dense,175000
1,208,structured_50,164300
1,209,structured_50,160100
1,209,dense,170800
1,210,dense,168400
1,210,structured_50,158600
1,211,structured_50,155300
1,211,dense,168700
1,212,dense,167900
1,212,structured_50,157400
1,213,structured_50,183500
1,213,dense,174500
1,214,dense,170600
1,214,structured_50,159700
1,215,structured_50,157500
1,215,dense,168400
1,216,dense,254900
1,216,structured_50,165800
1,217,structured_50,160300
1,217,dense,169700
1,218,dense,168700
1,218,structured_50,180800
1,219,structured_50,167400
1,219,dense,172200
1,220,dense,169900
1,220,structured_50,158300
1,221,structured_50,156200
1,221,dense,171000
1,222,dense,169700
1,222,structured_50,157900
1,223,structured_50,155400
1,223,dense,167000
1,224,dense,168500
1,224,structured_50,181000
1,225,structured_50,168000
1,225,dense,173300
1,226,dense,169500
1,226,structured_50,157600
1,227,structured_50,156100
1,227,dense,169800
1,228,dense,166200
1,228,structured_50,158600
1,229,structured_50,156400
1,229,dense,168700
1,230,dense,168400
1,230,structured_50,178700
1,231,structured_50,165400
1,231,dense,171400
1,232,dense,170300
1,232,structured_50,158600
1,233,structured_50,155900
1,233,dense,169600
1,234,dense,172700
1,234,structured_50,159800
1,235,structured_50,181700
1,235,dense,177000
1,236,dense,186200
1,236,structured_50,676400
1,237,structured_50,211800
1,237,dense,189700
1,238,dense,330000
1,238,structured_50,193000
1,239,structured_50,166900
1,239,dense,177900
1,240,dense,171300
1,240,structured_50,162600
1,241,structured_50,157500
1,241,dense,169600
1,242,dense,168900
1,242,structured_50,160000
1,243,structured_50,156200
1,243,dense,200700
1,244,dense,176900
1,244,structured_50,161500
1,245,structured_50,157700
1,245,dense,169000
1,246,dense,168000
1,246,structured_50,157200
1,247,structured_50,155500
1,247,dense,168800
1,248,dense,168200
1,248,structured_50,159200
1,249,structured_50,154500
1,249,dense,192800
1,250,dense,177600
1,250,structured_50,162600
1,251,structured_50,156000
1,251,dense,168800
1,252,dense,168700
1,252,structured_50,157900
1,253,structured_50,155900
1,253,dense,167400
1,254,dense,166800
1,254,structured_50,171400
1,255,structured_50,175100
1,255,dense,173300
1,256,dense,168700
1,256,structured_50,160400
1,257,structured_50,158200
1,257,dense,169900
1,258,dense,168200
1,258,structured_50,157900
1,259,structured_50,156200
1,259,dense,168700
1,260,dense,168900
1,260,structured_50,174000
1,261,structured_50,173900
1,261,dense,172900
1,262,dense,171500
1,262,structured_50,158900
1,263,structured_50,158600
1,263,dense,170400
1,264,dense,168400
1,264,structured_50,159700
1,265,structured_50,217000
1,265,dense,199300
1,266,dense,180500
1,266,structured_50,198000
1,267,structured_50,431500
1,267,dense,331900
1,268,dense,264600
1,268,structured_50,181300
1,269,structured_50,161100
1,269,dense,180400
1,270,dense,171600
1,270,structured_50,152800
1,271,structured_50,149900
1,271,dense,192100
1,272,dense,167300
1,272,structured_50,153800
1,273,structured_50,147400
1,273,dense,159300
1,274,dense,159300
1,274,structured_50,147400
1,275,structured_50,144200
1,275,dense,158000
1,276,dense,157800
1,276,structured_50,146800
1,277,structured_50,144200
1,277,dense,157500
1,278,dense,189500
1,278,structured_50,153600
1,279,structured_50,147100
1,279,dense,159300
1,280,dense,159300
1,280,structured_50,148400
1,281,structured_50,146300
1,281,dense,156700
1,282,dense,158900
1,282,structured_50,147200
1,283,structured_50,143900
1,283,dense,190900
1,284,dense,192700
1,284,structured_50,163700
1,285,structured_50,194500
1,285,dense,182200
1,286,dense,173100
1,286,structured_50,159800
1,287,structured_50,161700
1,287,dense,172600
1,288,dense,169000
1,288,structured_50,160800
1,289,structured_50,179000
1,289,dense,180900
1,290,dense,173400
1,290,structured_50,162300
1,291,structured_50,159900
1,291,dense,172500
1,292,dense,171500
1,292,structured_50,159800
1,293,structured_50,156900
1,293,dense,168400
1,294,dense,169500
1,294,structured_50,162100
1,295,structured_50,181400
1,295,dense,182300
1,296,dense,172500
1,296,structured_50,164700
1,297,structured_50,162700
1,297,dense,201000
1,298,dense,200100
1,298,structured_50,181900
1,299,structured_50,394400
1,299,dense,194700
1,300,dense,204900
1,300,structured_50,163500
1,301,structured_50,158100
1,301,dense,171700
1,302,dense,170700
1,302,structured_50,160500
1,303,structured_50,156500
1,303,dense,185000
1,304,dense,192500
1,304,structured_50,248200
1,305,structured_50,165300
1,305,dense,172600
1,306,dense,170600
1,306,structured_50,160900
1,307,structured_50,157800
1,307,dense,169300
1,308,dense,169000
1,308,structured_50,159600
1,309,structured_50,155900
1,309,dense,196400
1,310,dense,174300
1,310,structured_50,159600
1,311,structured_50,156500
1,311,dense,168800
1,312,dense,168700
1,312,structured_50,174100
1,313,structured_50,180100
1,313,dense,199200
1,314,dense,205600
1,314,structured_50,196500
1,315,structured_50,193600
1,315,dense,194900
1,316,dense,192600
1,316,structured_50,175800
1,317,structured_50,161000
1,317,dense,187500
1,318,dense,213800
1,318,structured_50,179700
1,319,structured_50,188600
1,319,dense,202800
1,320,dense,199100
1,320,structured_50,180500
1,321,structured_50,181600
1,321,dense,179800
1,322,dense,176300
1,322,structured_50,163100
1,323,structured_50,171500
1,323,dense,210900
1,324,dense,210400
1,324,structured_50,181800
1,325,structured_50,202700
1,325,dense,185800
1,326,dense,180800
1,326,structured_50,192200
1,327,structured_50,222100
1,327,dense,223600
1,328,dense,501300
1,328,structured_50,293800
1,329,structured_50,207700
1,329,dense,209100
1,330,dense,192200
1,330,structured_50,192900
1,331,structured_50,178000
1,331,dense,181100
1,332,dense,185400
1,332,structured_50,229200
1,333,structured_50,183400
1,333,dense,182700
1,334,dense,195200
1,334,structured_50,180800
1,335,structured_50,167800
1,335,dense,200100
1,336,dense,188100
1,336,structured_50,200600
1,337,structured_50,170200
1,337,dense,202400
1,338,dense,189700
1,338,structured_50,171200
1,339,structured_50,179700
1,339,dense,208200
1,340,dense,185400
1,340,structured_50,168200
1,341,structured_50,165800
1,341,dense,195000
1,342,dense,196600
1,342,structured_50,176500
1,343,structured_50,191700
1,343,dense,185000
1,344,dense,179600
1,344,structured_50,167800
1,345,structured_50,165200
1,345,dense,177300
1,346,dense,176200
1,346,structured_50,166500
1,347,structured_50,162900
1,347,dense,177200
1,348,dense,176500
1,348,structured_50,178800
1,349,structured_50,183200
1,349,dense,182800
1,350,dense,200000
1,350,structured_50,170700
1,351,structured_50,162000
1,351,dense,206200
1,352,dense,183100
1,352,structured_50,166200
1,353,structured_50,160800
1,353,dense,173100
1,354,dense,180200
1,354,structured_50,185200
1,355,structured_50,165200
1,355,dense,182000
1,356,dense,314000
1,356,structured_50,615200
1,357,structured_50,308200
1,357,dense,219200
1,358,dense,189500
1,358,structured_50,177000
1,359,structured_50,166300
1,359,dense,205600
1,360,dense,218500
1,360,structured_50,172300
1,361,structured_50,161300
1,361,dense,190100
1,362,dense,191900
1,362,structured_50,187700
1,363,structured_50,165300
1,363,dense,176600
1,364,dense,173900
1,364,structured_50,162200
1,365,structured_50,158700
1,365,dense,208900
1,366,dense,182700
1,366,structured_50,165900
1,367,structured_50,162700
1,367,dense,207700
1,368,dense,181500
1,368,structured_50,164700
1,369,structured_50,160900
1,369,dense,172000
1,370,dense,171400
1,370,structured_50,161200
1,371,structured_50,160100
1,371,dense,217300
1,372,dense,204100
1,372,structured_50,185100
1,373,structured_50,165200
1,373,dense,172400
1,374,dense,171900
1,374,structured_50,159800
1,375,structured_50,157500
1,375,dense,171300
1,376,dense,170600
1,376,structured_50,167400
1,377,structured_50,249900
1,377,dense,180700
1,378,dense,194800
1,378,structured_50,186400
1,379,structured_50,183100
1,379,dense,186000
1,380,dense,175000
1,380,structured_50,162500
1,381,structured_50,182800
1,381,dense,180200
1,382,dense,186300
1,382,structured_50,180000
1,383,structured_50,160400
1,383,dense,175200
1,384,dense,1063500
1,384,structured_50,275400
1,385,structured_50,198300
1,385,dense,204700
1,386,dense,203600
1,386,structured_50,172400
1,387,structured_50,163300
1,387,dense,172200
1,388,dense,179400
1,388,structured_50,178300
1,389,structured_50,162500
1,389,dense,186900
1,390,dense,180100
1,390,structured_50,176800
1,391,structured_50,196800
1,391,dense,210000
1,392,dense,187300
1,392,structured_50,164200
1,393,structured_50,159600
1,393,dense,201800
1,394,dense,175900
1,394,structured_50,162900
1,395,structured_50,158700
1,395,dense,458900
1,396,dense,244200
1,396,structured_50,172200
1,397,structured_50,160000
1,397,dense,197600
1,398,dense,185400
1,398,structured_50,162600
1,399,structured_50,156900
1,399,dense,190900
1,400,dense,185900
1,400,structured_50,189200
1,401,structured_50,169800
1,401,dense,174100
1,402,dense,207500
1,402,structured_50,182100
1,403,structured_50,162700
1,403,dense,200000
1,404,dense,192000
1,404,structured_50,177700
1,405,structured_50,182400
1,405,dense,196800
1,406,dense,178800
1,406,structured_50,162300
1,407,structured_50,156600
1,407,dense,175900
1,408,dense,184600
1,408,structured_50,186400
1,409,structured_50,185700
1,409,dense,184900
1,410,dense,171400
1,410,structured_50,159100
1,411,structured_50,157800
1,411,dense,346000
1,412,dense,462900
1,412,structured_50,262200
1,413,structured_50,329800
1,413,dense,226700
1,414,dense,183400
1,414,structured_50,170300
1,415,structured_50,169000
1,415,dense,177500
1,416,dense,189700
1,416,structured_50,178100
1,417,structured_50,187800
1,417,dense,203700
1,418,dense,180700
1,418,structured_50,164600
1,419,structured_50,157600
1,419,dense,169200
1,420,dense,167300
1,420,structured_50,159400
1,421,structured_50,166500
1,421,dense,194900
1,422,dense,192800
1,422,structured_50,172600
1,423,structured_50,166700
1,423,dense,191000
1,424,dense,188100
1,424,structured_50,194000
1,425,structured_50,167400
1,425,dense,176000
1,426,dense,169300
1,426,structured_50,159400
1,427,structured_50,174300
1,427,dense,173800
1,428,dense,169800
1,428,structured_50,158700
1,429,structured_50,180000
1,429,dense,197200
1,430,dense,178800
1,430,structured_50,160900
1,431,structured_50,158400
1,431,dense,168900
1,432,dense,186700
1,432,structured_50,180600
1,433,structured_50,178000
1,433,dense,181800
1,434,dense,170300
1,434,structured_50,177400
1,435,structured_50,166900
1,435,dense,171300
1,436,dense,168600
1,436,structured_50,157500
1,437,structured_50,155400
1,437,dense,167600
1,438,dense,166200
1,438,structured_50,156900
1,439,structured_50,154000
1,439,dense,166800
1,440,dense,166100
1,440,structured_50,169100
1,441,structured_50,197700
1,441,dense,193300
1,442,dense,209700
1,442,structured_50,351200
1,443,structured_50,189100
1,443,dense,184900
1,444,dense,175700
1,444,structured_50,163100
1,445,structured_50,157100
1,445,dense,184600
1,446,dense,188100
1,446,structured_50,162400
1,447,structured_50,159900
1,447,dense,171100
1,448,dense,167500
1,448,structured_50,156700
1,449,structured_50,156400
1,449,dense,168000
1,450,dense,167800
1,450,structured_50,157500
1,451,structured_50,155500
1,451,dense,181600
1,452,dense,184400
1,452,structured_50,161300
1,453,structured_50,156600
1,453,dense,168200
1,454,dense,170600
1,454,structured_50,157800
1,455,structured_50,257100
1,455,dense,180800
1,456,dense,170300
1,456,structured_50,160000
1,457,structured_50,168700
1,457,dense,197600
1,458,dense,175700
1,458,structured_50,158500
1,459,structured_50,155400
1,459,dense,168000
1,460,dense,167500
1,460,structured_50,157800
1,461,structured_50,153600
1,461,dense,167300
1,462,dense,165800
1,462,structured_50,156700
1,463,structured_50,155700
1,463,dense,194000
1,464,dense,174900
1,464,structured_50,160000
1,465,structured_50,154900
1,465,dense,168800
1,466,dense,166300
1,466,structured_50,156200
1,467,structured_50,153800
1,467,dense,165300
1,468,dense,164800
1,468,structured_50,156300
1,469,structured_50,152400
1,469,dense,191100
1,470,dense,173300
1,470,structured_50,159300
1,471,structured_50,155900
1,471,dense,167500
1,472,dense,166200
1,472,structured_50,156800
1,473,structured_50,221000
1,473,dense,851800
1,474,dense,484200
1,474,structured_50,223700
1,475,structured_50,177800
1,475,dense,188500
1,476,dense,181300
1,476,structured_50,176100
1,477,structured_50,180000
1,477,dense,176700
1,478,dense,173200
1,478,structured_50,161800
1,479,structured_50,161700
1,479,dense,202500
1,480,dense,176700
1,480,structured_50,179200
1,481,structured_50,186900
1,481,dense,192200
1,482,dense,199100
1,482,structured_50,170900
1,483,structured_50,160800
1,483,dense,172000
1,484,dense,169500
1,484,structured_50,186100
1,485,structured_50,194800
1,485,dense,198100
1,486,dense,180800
1,486,structured_50,189300
1,487,structured_50,190600
1,487,dense,180200
1,488,dense,173300
1,488,structured_50,161100
1,489,structured_50,162200
1,489,dense,178400
1,490,dense,186100
1,490,structured_50,193300
1,491,structured_50,177400
1,491,dense,198200
1,492,dense,194000
1,492,structured_50,165800
1,493,structured_50,161200
1,493,dense,171200
1,494,dense,183600
1,494,structured_50,198800
1,495,structured_50,165700
1,495,dense,172900
1,496,dense,198000
1,496,structured_50,181000
1,497,structured_50,176300
1,497,dense,181000
1,498,dense,172800
1,498,structured_50,160900
1,499,structured_50,157300
1,499,dense,179600
1,500,dense,185800
1,500,structured_50,207100
1,501,structured_50,193800
1,501,dense,206900
1,502,dense,185500
1,502,structured_50,253900
1,503,structured_50,199000
1,503,dense,188400
1,504,dense,334200
1,504,structured_50,284100
1,505,structured_50,180300
1,505,dense,339600
1,506,dense,208300
1,506,structured_50,172300
1,507,structured_50,164600
1,507,dense,242600
1,508,dense,186500
1,508,structured_50,165500
1,509,structured_50,161300
1,509,dense,172100
1,510,dense,170600
1,510,structured_50,164400
1,511,structured_50,157200
1,511,dense,171600
1,512,dense,170400
1,512,structured_50,160500
1,513,structured_50,170200
1,513,dense,191100
1,514,dense,173700
1,514,structured_50,163900
1,515,structured_50,157400
1,515,dense,172200
1,516,dense,170900
1,516,structured_50,168800
1,517,structured_50,172100
1,517,dense,175900
1,518,dense,171300
1,518,structured_50,161100
1,519,structured_50,179900
1,519,dense,180700
1,520,dense,171900
1,520,structured_50,161100
1,521,structured_50,163400
1,521,dense,170800
1,522,dense,170800
1,522,structured_50,159700
1,523,structured_50,156700
1,523,dense,169700
1,524,dense,168700
1,524,structured_50,156900
1,525,structured_50,208300
1,525,dense,182100
1,526,dense,170200
1,526,structured_50,162300
1,527,structured_50,158700
1,527,dense,170600
1,528,dense,192000
1,528,structured_50,166600
1,529,structured_50,160100
1,529,dense,172200
1,530,dense,174400
1,530,structured_50,534900
1,531,structured_50,361300
1,531,dense,257000
1,532,dense,252800
1,532,structured_50,182800
1,533,structured_50,168200
1,533,dense,181200
1,534,dense,174700
1,534,structured_50,276700
1,535,structured_50,297400
1,535,dense,255700
1,536,dense,181900
1,536,structured_50,165700
1,537,structured_50,161200
1,537,dense,172400
1,538,dense,169400
1,538,structured_50,158700
1,539,structured_50,154200
1,539,dense,168800
1,540,dense,201800
1,540,structured_50,165100
1,541,structured_50,158600
1,541,dense,169700
1,542,dense,168500
1,542,structured_50,161600
1,543,structured_50,155000
1,543,dense,168000
1,544,dense,166900
1,544,structured_50,302700
1,545,structured_50,251600
1,545,dense,185200
1,546,dense,178800
1,546,structured_50,167500
1,547,structured_50,166700
1,547,dense,180600
1,548,dense,177700
1,548,structured_50,174000
1,549,structured_50,198000
1,549,dense,214700
1,550,dense,188700
1,550,structured_50,179300
1,551,structured_50,172500
1,551,dense,176700
1,552,dense,174600
1,552,structured_50,162900
1,553,structured_50,169500
1,553,dense,172200
1,554,dense,171300
1,554,structured_50,173800
1,555,structured_50,184700
1,555,dense,178700
1,556,dense,174400
1,556,structured_50,161900
1,557,structured_50,159800
1,557,dense,172100
1,558,dense,174400
1,558,structured_50,165700
1,559,structured_50,224800
1,559,dense,189300
1,560,dense,186600
1,560,structured_50,211000
1,561,structured_50,253700
1,561,dense,209300
1,562,dense,178300
1,562,structured_50,211100
1,563,structured_50,188500
1,563,dense,199900
1,564,dense,181300
1,564,structured_50,162200
1,565,structured_50,160200
1,565,dense,203800
1,566,dense,177000
1,566,structured_50,163800
1,567,structured_50,159100
1,567,dense,172900
1,568,dense,170000
1,568,structured_50,160600
1,569,structured_50,157200
1,569,dense,170200
1,570,dense,169900
1,570,structured_50,159600
1,571,structured_50,155400
1,571,dense,195600
1,572,dense,177500
1,572,structured_50,161800
1,573,structured_50,158300
1,573,dense,170100
1,574,dense,171900
1,574,structured_50,159300
1,575,structured_50,157400
1,575,dense,168900
1,576,dense,168000
1,576,structured_50,157600
1,577,structured_50,155500
1,577,dense,196200
1,578,dense,174000
1,578,structured_50,160900
1,579,structured_50,157500
1,579,dense,168700
1,580,dense,168100
1,580,structured_50,158200
1,581,structured_50,156300
1,581,dense,168500
1,582,dense,168700
1,582,structured_50,159200
1,583,structured_50,155800
1,583,dense,195700
1,584,dense,174400
1,584,structured_50,166100
1,585,structured_50,163700
1,585,dense,170100
1,586,dense,168200
1,586,structured_50,160000
1,587,structured_50,156700
1,587,dense,170000
1,588,dense,166600
1,588,structured_50,184500
1,589,structured_50,256900
1,589,dense,183900
1,590,dense,186100
1,590,structured_50,198400
1,591,structured_50,159200
1,591,dense,171000
1,592,dense,211600
1,592,structured_50,361900
1,593,structured_50,186200
1,593,dense,180700
1,594,dense,173700
1,594,structured_50,166800
1,595,structured_50,192100
1,595,dense,178200
1,596,dense,170600
1,596,structured_50,160700
1,597,structured_50,158400
1,597,dense,169200
1,598,dense,166800
1,598,structured_50,159100
1,599,structured_50,156600
1,599,dense,168700
1,600,dense,167000
1,600,structured_50,156800
1,601,structured_50,182200
1,601,dense,174700
1,602,dense,171600
1,602,structured_50,160000
1,603,structured_50,155600
1,603,dense,168000
1,604,dense,166600
1,604,structured_50,158000
1,605,structured_50,155400
1,605,dense,167700
1,606,dense,168200
1,606,structured_50,156800
1,607,structured_50,182500
1,607,dense,174600
1,608,dense,169600
1,608,structured_50,158200
1,609,structured_50,156200
1,609,dense,168200
1,610,dense,168200
1,610,structured_50,158500
1,611,structured_50,155100
1,611,dense,167700
1,612,dense,166300
1,612,structured_50,157200
1,613,structured_50,178700
1,613,dense,173500
1,614,dense,169700
1,614,structured_50,158300
1,615,structured_50,155700
1,615,dense,167100
1,616,dense,166700
1,616,structured_50,161000
1,617,structured_50,154800
1,617,dense,167400
1,618,dense,166900
1,618,structured_50,157500
1,619,structured_50,174600
1,619,dense,177500
1,620,dense,169200
1,620,structured_50,158400
1,621,structured_50,156200
1,621,dense,168300
1,622,dense,167000
1,622,structured_50,157800
1,623,structured_50,156600
1,623,dense,172800
1,624,dense,231500
1,624,structured_50,241300
1,625,structured_50,232600
1,625,dense,197100
1,626,dense,192200
1,626,structured_50,196800
1,627,structured_50,192000
1,627,dense,188500
1,628,dense,183900
1,628,structured_50,176900
1,629,structured_50,158000
1,629,dense,163100
1,630,dense,193900
1,630,structured_50,163900
1,631,structured_50,149700
1,631,dense,160100
1,632,dense,158200
1,632,structured_50,148300
1,633,structured_50,147000
1,633,dense,156500
1,634,dense,156600
1,634,structured_50,147400
1,635,structured_50,145800
1,635,dense,155400
1,636,dense,155900
1,636,structured_50,174600
1,637,structured_50,153200
1,637,dense,162600
1,638,dense,158100
1,638,structured_50,148800
1,639,structured_50,144400
1,639,dense,156600
1,640,dense,156400
1,640,structured_50,147200
1,641,structured_50,144800
1,641,dense,155800
1,642,dense,156400
1,642,structured_50,158800
1,643,structured_50,163200
1,643,dense,162300
1,644,dense,158700
1,644,structured_50,150700
1,645,structured_50,145900
1,645,dense,154700
1,646,dense,156400
1,646,structured_50,146600
1,647,structured_50,145300
1,647,dense,170300
1,648,dense,159400
1,648,structured_50,152900
1,649,structured_50,162400
1,649,dense,174000
1,650,dense,163500
1,650,structured_50,151500
1,651,structured_50,147500
1,651,dense,159900
1,652,dense,160900
1,652,structured_50,150600
1,653,structured_50,147900
1,653,dense,161800
1,654,dense,158000
1,654,structured_50,149400
1,655,structured_50,146400
1,655,dense,180900
1,656,dense,165700
1,656,structured_50,170900
1,657,structured_50,185500
1,657,dense,174200
1,658,dense,173600
1,658,structured_50,164800
1,659,structured_50,162000
1,659,dense,177400
1,660,dense,179500
1,660,structured_50,169700
1,661,structured_50,168900
1,661,dense,204200
1,662,dense,189000
1,662,structured_50,173700
1,663,structured_50,169800
1,663,dense,186900
1,664,dense,186200
1,664,structured_50,176200
1,665,structured_50,169300
1,665,dense,189700
1,666,dense,188400
1,666,structured_50,192800
1,667,structured_50,192400
1,667,dense,198100
1,668,dense,193600
1,668,structured_50,186500
1,669,structured_50,183200
1,669,dense,197600
1,670,dense,196700
1,670,structured_50,184500
1,671,structured_50,176000
1,671,dense,189900
1,672,dense,221500
1,672,structured_50,197700
1,673,structured_50,214800
1,673,dense,229300
1,674,dense,229400
1,674,structured_50,216400
1,675,structured_50,200600
1,675,dense,213500
1,676,dense,199900
1,676,structured_50,211900
1,677,structured_50,198900
1,677,dense,206900
1,678,dense,201800
1,678,structured_50,190000
1,679,structured_50,185600
1,679,dense,201300
1,680,dense,200500
1,680,structured_50,196200
1,681,structured_50,185700
1,681,dense,224800
1,682,dense,215100
1,682,structured_50,193100
1,683,structured_50,187500
1,683,dense,201800
1,684,dense,201900
1,684,structured_50,187700
1,685,structured_50,185800
1,685,dense,201400
1,686,dense,200100
1,686,structured_50,216400
1,687,structured_50,330200
1,687,dense,392200
1,688,dense,234700
1,688,structured_50,203800
1,689,structured_50,188400
1,689,dense,205300
1,690,dense,201200
1,690,structured_50,190200
1,691,structured_50,185100
1,691,dense,198900
1,692,dense,228600
1,692,structured_50,191700
1,693,structured_50,181000
1,693,dense,195900
1,694,dense,187900
1,694,structured_50,177400
1,695,structured_50,173300
1,695,dense,187500
1,696,dense,185400
1,696,structured_50,176100
1,697,structured_50,172200
1,697,dense,220300
1,698,dense,194600
1,698,structured_50,180800
1,699,structured_50,168600
1,699,dense,181700
1,700,dense,181300
1,700,structured_50,170400
1,701,structured_50,171600
1,701,dense,182100
1,702,dense,271200
1,702,structured_50,204200
1,703,structured_50,172800
1,703,dense,180400
1,704,dense,179200
1,704,structured_50,168100
1,705,structured_50,163100
1,705,dense,177500
1,706,dense,176600
1,706,structured_50,166400
1,707,structured_50,163600
1,707,dense,173700
1,708,dense,184700
1,708,structured_50,181300
1,709,structured_50,163700
1,709,dense,173900
1,710,dense,174400
1,710,structured_50,162900
1,711,structured_50,161100
1,711,dense,169100
1,712,dense,174500
1,712,structured_50,160700
1,713,structured_50,212100
1,713,dense,181600
1,714,dense,228000
1,714,structured_50,179600
1,715,structured_50,176300
1,715,dense,207100
1,716,dense,196200
1,716,structured_50,176300
1,717,structured_50,160600
1,717,dense,172200
1,718,dense,176100
1,718,structured_50,165600
1,719,structured_50,160100
1,719,dense,210200
1,720,dense,178100
1,720,structured_50,159500
1,721,structured_50,154600
1,721,dense,166400
1,722,dense,165200
1,722,structured_50,156700
1,723,structured_50,153700
1,723,dense,166800
1,724,dense,165500
1,724,structured_50,154900
1,725,structured_50,154200
1,725,dense,190600
1,726,dense,171800
1,726,structured_50,156400
1,727,structured_50,154800
1,727,dense,165800
1,728,dense,165300
1,728,structured_50,156200
1,729,structured_50,156900
1,729,dense,196100
1,730,dense,169000
1,730,structured_50,157000
1,731,structured_50,154000
1,731,dense,2629900
1,732,dense,254000
1,732,structured_50,166600
1,733,structured_50,154400
1,733,dense,167900
1,734,dense,160800
1,734,structured_50,152900
1,735,structured_50,148000
1,735,dense,157800
1,736,dense,186800
1,736,structured_50,157300
1,737,structured_50,150600
1,737,dense,160000
1,738,dense,158400
1,738,structured_50,149300
1,739,structured_50,155000
1,739,dense,174200
1,740,dense,168500
1,740,structured_50,158700
1,741,structured_50,156200
1,741,dense,417600
1,742,dense,259900
1,742,structured_50,171700
1,743,structured_50,160800
1,743,dense,174400
1,744,dense,168200
1,744,structured_50,159300
1,745,structured_50,154800
1,745,dense,168100
1,746,dense,168000
1,746,structured_50,189700
1,747,structured_50,167600
1,747,dense,173600
1,748,dense,169000
1,748,structured_50,158600
1,749,structured_50,157500
1,749,dense,169200
1,750,dense,167300
1,750,structured_50,156100
1,751,structured_50,154400
1,751,dense,310200
1,752,dense,205900
1,752,structured_50,160200
1,753,structured_50,152500
1,753,dense,162100
1,754,dense,159400
1,754,structured_50,150200
1,755,structured_50,146800
1,755,dense,162400
1,756,dense,157400
1,756,structured_50,179300
1,757,structured_50,154200
1,757,dense,161000
1,758,dense,157800
1,758,structured_50,148900
1,759,structured_50,146400
1,759,dense,157800
1,760,dense,157200
1,760,structured_50,148900
1,761,structured_50,146100
1,761,dense,157700
1,762,dense,157600
1,762,structured_50,147200
1,763,structured_50,173500
1,763,dense,163300
1,764,dense,158400
1,764,structured_50,148600
1,765,structured_50,148700
1,765,dense,157000
1,766,dense,155800
1,766,structured_50,146900
1,767,structured_50,145300
1,767,dense,156600
1,768,dense,155000
1,768,structured_50,147400
1,769,structured_50,144100
1,769,dense,186400
1,770,dense,162600
1,770,structured_50,151200
1,771,structured_50,147400
1,771,dense,157500
1,772,dense,165700
1,772,structured_50,161100
1,773,structured_50,161700
1,773,dense,180800
1,774,dense,285300
1,774,structured_50,271200
1,775,structured_50,182900
1,775,dense,187800
1,776,dense,180200
1,776,structured_50,198000
1,777,structured_50,168800
1,777,dense,175400
1,778,dense,173300
1,778,structured_50,168200
1,779,structured_50,159200
1,779,dense,171800
1,780,dense,169100
1,780,structured_50,160600
1,781,structured_50,158800
1,781,dense,170500
1,782,dense,167900
1,782,structured_50,188900
1,783,structured_50,164900
1,783,dense,172000
1,784,dense,171100
1,784,structured_50,160000
1,785,structured_50,156400
1,785,dense,169700
1,786,dense,168700
1,786,structured_50,292200
1,787,structured_50,186700
1,787,dense,196200
1,788,dense,202900
1,788,structured_50,173900
1,789,structured_50,159500
1,789,dense,170200
1,790,dense,175900
1,790,structured_50,162200
1,791,structured_50,156200
1,791,dense,170700
1,792,dense,169600
1,792,structured_50,162100
1,793,structured_50,157200
1,793,dense,189400
1,794,dense,178100
1,794,structured_50,161400
1,795,structured_50,159200
1,795,dense,170800
1,796,dense,168900
1,796,structured_50,159600
1,797,structured_50,158400
1,797,dense,183300
1,798,dense,168900
1,798,structured_50,280400
1,799,structured_50,300000
1,799,dense,198400
1,800,dense,184000
1,800,structured_50,170900
1,801,structured_50,163200
1,801,dense,202100
1,802,dense,189800
1,802,structured_50,712700
1,803,structured_50,561100
1,803,dense,222500
1,804,dense,194500
1,804,structured_50,177200
1,805,structured_50,158900
1,805,dense,182700
1,806,dense,175000
1,806,structured_50,305600
1,807,structured_50,210200
1,807,dense,196900
1,808,dense,176100
1,808,structured_50,162100
1,809,structured_50,156900
1,809,dense,171600
1,810,dense,171000
1,810,structured_50,169300
1,811,structured_50,187200
1,811,dense,176000
1,812,dense,172100
1,812,structured_50,161700
1,813,structured_50,155700
1,813,dense,167600
1,814,dense,167900
1,814,structured_50,157700
1,815,structured_50,158300
1,815,dense,168300
1,816,dense,165700
1,816,structured_50,155700
1,817,structured_50,181900
1,817,dense,172900
1,818,dense,169600
1,818,structured_50,159200
1,819,structured_50,155200
1,819,dense,168400
1,820,dense,167200
1,820,structured_50,157400
1,821,structured_50,155200
1,821,dense,167600
1,822,dense,167900
1,822,structured_50,156800
1,823,structured_50,180200
1,823,dense,174900
1,824,dense,169200
1,824,structured_50,159100
1,825,structured_50,156800
1,825,dense,167100
1,826,dense,166800
1,826,structured_50,157300
1,827,structured_50,155200
1,827,dense,167100
1,828,dense,168400
1,828,structured_50,158600
1,829,structured_50,176700
1,829,dense,178800
1,830,dense,169400
1,830,structured_50,159300
1,831,structured_50,156200
1,831,dense,167900
1,832,dense,167000
1,832,structured_50,295900
1,833,structured_50,311400
1,833,dense,273800
1,834,dense,390600
1,834,structured_50,236300
1,835,structured_50,203500
1,835,dense,176500
1,836,dense,163200
1,836,structured_50,153100
1,837,structured_50,149900
1,837,dense,159800
1,838,dense,160000
1,838,structured_50,150900
1,839,structured_50,147900
1,839,dense,159300
1,840,dense,164200
1,840,structured_50,150000
1,841,structured_50,167700
1,841,dense,169100
1,842,dense,165000
1,842,structured_50,154900
1,843,structured_50,149800
1,843,dense,161200
1,844,dense,164100
1,844,structured_50,155400
1,845,structured_50,152800
1,845,dense,178400
1,846,dense,171100
1,846,structured_50,161500
1,847,structured_50,182600
1,847,dense,193800
1,848,dense,180900
1,848,structured_50,168700
1,849,structured_50,165100
1,849,dense,177800
1,850,dense,177100
1,850,structured_50,167600
1,851,structured_50,162500
1,851,dense,178800
1,852,dense,186400
1,852,structured_50,175200
1,853,structured_50,203700
1,853,dense,192700
1,854,dense,189000
1,854,structured_50,180500
1,855,structured_50,181800
1,855,dense,197300
1,856,dense,196300
1,856,structured_50,183100
1,857,structured_50,180100
1,857,dense,188800
1,858,dense,212800
1,858,structured_50,186500
1,859,structured_50,180400
1,859,dense,208300
1,860,dense,186400
1,860,structured_50,180700
1,861,structured_50,173700
1,861,dense,186700
1,862,dense,187500
1,862,structured_50,180000
1,863,structured_50,191200
1,863,dense,430900
1,864,dense,263000
1,864,structured_50,194200
1,865,structured_50,180300
1,865,dense,190100
1,866,dense,189800
1,866,structured_50,178700
1,867,structured_50,174700
1,867,dense,186900
1,868,dense,214800
1,868,structured_50,183800
1,869,structured_50,175000
1,869,dense,188700
1,870,dense,187500
1,870,structured_50,177700
1,871,structured_50,175300
1,871,dense,187600
1,872,dense,186700
1,872,structured_50,199500
1,873,structured_50,186700
1,873,dense,190500
1,874,dense,194700
1,874,structured_50,179200
1,875,structured_50,175900
1,875,dense,197300
1,876,dense,187200
1,876,structured_50,176000
1,877,structured_50,172000
1,877,dense,186000
1,878,dense,214900
1,878,structured_50,184100
1,879,structured_50,176100
1,879,dense,189500
1,880,dense,187400
1,880,structured_50,175800
1,881,structured_50,173800
1,881,dense,186600
1,882,dense,188000
1,882,structured_50,176200
1,883,structured_50,174700
1,883,dense,214600
1,884,dense,193000
1,884,structured_50,178900
1,885,structured_50,175200
1,885,dense,187800
1,886,dense,187200
1,886,structured_50,175200
1,887,structured_50,172300
1,887,dense,185500
1,888,dense,275600
1,888,structured_50,239000
1,889,structured_50,191500
1,889,dense,198800
1,890,dense,197400
1,890,structured_50,183400
1,891,structured_50,181900
1,891,dense,200700
1,892,dense,212800
1,892,structured_50,207000
1,893,structured_50,188400
1,893,dense,229600
1,894,dense,206600
1,894,structured_50,188600
1,895,structured_50,182500
1,895,dense,194500
1,896,dense,194600
1,896,structured_50,181200
1,897,structured_50,180000
1,897,dense,192600
1,898,dense,191700
1,898,structured_50,204800
1,899,structured_50,191400
1,899,dense,198100
1,900,dense,193000
1,900,structured_50,182400
1,901,structured_50,179700
1,901,dense,206400
1,902,dense,191500
1,902,structured_50,179800
1,903,structured_50,178400
1,903,dense,192100
1,904,dense,223200
1,904,structured_50,183100
1,905,structured_50,176100
1,905,dense,188600
1,906,dense,192400
1,906,structured_50,176100
1,907,structured_50,173400
1,907,dense,188700
1,908,dense,188300
1,908,structured_50,203400
1,909,structured_50,180500
1,909,dense,190200
1,910,dense,188300
1,910,structured_50,177300
1,911,structured_50,172800
1,911,dense,187600
1,912,dense,185100
1,912,structured_50,170000
1,913,structured_50,169200
1,913,dense,180600
1,914,dense,210000
1,914,structured_50,176000
1,915,structured_50,171100
1,915,dense,202400
1,916,dense,182300
1,916,structured_50,171300
1,917,structured_50,167300
1,917,dense,181400
1,918,dense,181100
1,918,structured_50,165800
1,919,structured_50,162800
1,919,dense,204200
1,920,dense,185900
1,920,structured_50,173500
1,921,structured_50,169400
1,921,dense,471000
1,922,dense,278200
1,922,structured_50,189100
1,923,structured_50,171500
1,923,dense,185300
1,924,dense,185200
1,924,structured_50,171500
1,925,structured_50,167700
1,925,dense,181900
1,926,dense,212700
1,926,structured_50,177700
1,927,structured_50,169400
1,927,dense,179700
1,928,dense,174800
1,928,structured_50,163300
1,929,structured_50,367500
1,929,dense,236000
1,930,dense,182400
1,930,structured_50,168700
1,931,structured_50,163500
1,931,dense,175800
1,932,dense,173200
1,932,structured_50,162400
1,933,structured_50,158100
1,933,dense,199900
1,934,dense,183300
1,934,structured_50,164600
1,935,structured_50,161600
1,935,dense,174300
1,936,dense,171400
1,936,structured_50,163400
1,937,structured_50,155700
1,937,dense,167100
1,938,dense,173600
1,938,structured_50,157800
1,939,structured_50,153800
1,939,dense,193700
1,940,dense,176600
1,940,structured_50,159100
1,941,structured_50,156600
1,941,dense,167700
1,942,dense,168000
1,942,structured_50,157000
1,943,structured_50,153400
1,943,dense,166700
1,944,dense,166500
1,944,structured_50,170600
1,945,structured_50,175000
1,945,dense,172500
1,946,dense,168400
1,946,structured_50,157300
1,947,structured_50,154800
1,947,dense,169800
1,948,dense,167000
1,948,structured_50,156600
1,949,structured_50,153200
1,949,dense,167300
1,950,dense,218800
1,950,structured_50,184400
1,951,structured_50,171700
1,951,dense,268500
1,952,dense,380400
1,952,structured_50,183000
1,953,structured_50,164900
1,953,dense,173000
1,954,dense,200300
1,954,structured_50,173700
1,955,structured_50,160500
1,955,dense,173800
1,956,dense,286300
1,956,structured_50,173900
1,957,structured_50,162900
1,957,dense,172600
1,958,dense,172700
1,958,structured_50,159600
1,959,structured_50,157600
1,959,dense,193000
1,960,dense,180600
1,960,structured_50,162700
1,961,structured_50,158100
1,961,dense,169500
1,962,dense,171000
1,962,structured_50,158700
1,963,structured_50,156800
1,963,dense,167900
1,964,dense,169000
1,964,structured_50,159500
1,965,structured_50,157500
1,965,dense,190600
1,966,dense,178900
1,966,structured_50,162000
1,967,structured_50,157700
1,967,dense,172200
1,968,dense,168500
1,968,structured_50,159700
1,969,structured_50,155900
1,969,dense,171900
1,970,dense,168000
1,970,structured_50,158000
1,971,structured_50,156000
1,971,dense,193600
1,972,dense,175500
1,972,structured_50,160900
1,973,structured_50,159500
1,973,dense,366900
1,974,dense,214100
1,974,structured_50,175100
1,975,structured_50,163400
1,975,dense,174100
1,976,dense,171200
1,976,structured_50,160700
1,977,structured_50,158400
1,977,dense,169900
1,978,dense,169300
1,978,structured_50,186200
1,979,structured_50,168400
1,979,dense,174400
1,980,dense,170600
1,980,structured_50,235100
1,981,structured_50,167100
1,981,dense,175700
1,982,dense,307500
1,982,structured_50,331000
1,983,structured_50,205600
1,983,dense,195000
1,984,dense,179800
1,984,structured_50,167200
1,985,structured_50,162500
1,985,dense,172900
1,986,dense,171100
1,986,structured_50,162600
1,987,structured_50,157600
1,987,dense,175300
1,988,dense,168300
1,988,structured_50,158700
1,989,structured_50,189100
1,989,dense,178100
1,990,dense,172400
1,990,structured_50,160100
1,991,structured_50,155600
1,991,dense,170700
1,992,dense,168500
1,992,structured_50,158300
1,993,structured_50,157700
1,993,dense,184200
1,994,dense,196800
1,994,structured_50,165500
1,995,structured_50,160200
1,995,dense,171000
1,996,dense,169100
1,996,structured_50,159500
1,997,structured_50,157400
1,997,dense,168700
1,998,dense,168900
1,998,structured_50,159100
1,999,structured_50,156100
1,999,dense,168300
1,1000,dense,196000
1,1000,structured_50,165100
1,1001,structured_50,158000
1,1001,dense,175000
1,1002,dense,169600
1,1002,structured_50,159100
1,1003,structured_50,157400
1,1003,dense,169400
1,1004,dense,168800
1,1004,structured_50,159200
1,1005,structured_50,157700
1,1005,dense,169300
1,1006,dense,196100
1,1006,structured_50,164200
1,1007,structured_50,158300
1,1007,dense,170000
1,1008,dense,169800
1,1008,structured_50,164700
1,1009,structured_50,157400
1,1009,dense,170700
1,1010,dense,174900
1,1010,structured_50,158100
1,1011,structured_50,155000
1,1011,dense,167800
1,1012,dense,199900
1,1012,structured_50,169700
1,1013,structured_50,166100
1,1013,dense,185300
1,1014,dense,493500
1,1014,structured_50,198300
1,1015,structured_50,169600
1,1015,dense,180700
1,1016,dense,175400
1,1016,structured_50,253300
1,1017,structured_50,176400
1,1017,dense,205500
1,1018,dense,187700
1,1018,structured_50,168800
1,1019,structured_50,163200
1,1019,dense,173900
1,1020,dense,173100
1,1020,structured_50,160800
1,1021,structured_50,157300
1,1021,dense,170600
1,1022,dense,170600
1,1022,structured_50,160100
1,1023,structured_50,156900
1,1023,dense,196600
1,1024,dense,176900
1,1024,structured_50,162800
1,1025,structured_50,159600
1,1025,dense,170500
1,1026,dense,169200
1,1026,structured_50,158300
1,1027,structured_50,156500
1,1027,dense,169200
1,1028,dense,169100
1,1028,structured_50,159300
1,1029,structured_50,156100
1,1029,dense,195300
1,1030,dense,177900
1,1030,structured_50,162600
1,1031,structured_50,157300
1,1031,dense,170700
1,1032,dense,170100
1,1032,structured_50,160900
1,1033,structured_50,156500
1,1033,dense,173900
1,1034,dense,168000
1,1034,structured_50,158600
1,1035,structured_50,158200
1,1035,dense,197200
1,1036,dense,180200
1,1036,structured_50,164900
1,1037,structured_50,162100
1,1037,dense,173700
1,1038,dense,173300
1,1038,structured_50,161800
1,1039,structured_50,156600
1,1039,dense,168500
1,1040,dense,168800
1,1040,structured_50,158900
1,1041,structured_50,155700
1,1041,dense,203100
1,1042,dense,187000
1,1042,structured_50,172400
1,1043,structured_50,168800
1,1043,dense,203200
1,1044,dense,193200
1,1044,structured_50,187100
1,1045,structured_50,190300
1,1045,dense,418300
1,1046,dense,237400
1,1046,structured_50,193000
1,1047,structured_50,180500
1,1047,dense,188800
1,1048,dense,183900
1,1048,structured_50,174600
1,1049,structured_50,170000
1,1049,dense,183000
1,1050,dense,289700
1,1050,structured_50,184000
1,1051,structured_50,174700
1,1051,dense,186900
1,1052,dense,183800
1,1052,structured_50,172800
1,1053,structured_50,170500
1,1053,dense,181900
1,1054,dense,181300
1,1054,structured_50,170500
1,1055,structured_50,181400
1,1055,dense,203600
1,1056,dense,185900
1,1056,structured_50,173200
1,1057,structured_50,170200
1,1057,dense,182300
1,1058,dense,182400
1,1058,structured_50,172900
1,1059,structured_50,168100
1,1059,dense,181000
1,1060,dense,181500
1,1060,structured_50,172000
1,1061,structured_50,206100
1,1061,dense,189600
1,1062,dense,186800
1,1062,structured_50,172300
1,1063,structured_50,168100
1,1063,dense,181700
1,1064,dense,182700
1,1064,structured_50,169800
1,1065,structured_50,168200
1,1065,dense,186600
1,1066,dense,181400
1,1066,structured_50,202100
1,1067,structured_50,175000
1,1067,dense,192000
1,1068,dense,181700
1,1068,structured_50,169500
1,1069,structured_50,166600
1,1069,dense,181000
1,1070,dense,182900
1,1070,structured_50,170500
1,1071,structured_50,189000
1,1071,dense,195500
1,1072,dense,183800
1,1072,structured_50,172400
1,1073,structured_50,171900
1,1073,dense,186800
1,1074,dense,193100
1,1074,structured_50,321600
1,1075,structured_50,297600
1,1075,dense,208000
1,1076,dense,226000
1,1076,structured_50,181700
1,1077,structured_50,174500
1,1077,dense,184600
1,1078,dense,182400
1,1078,structured_50,169700
1,1079,structured_50,166800
1,1079,dense,182800
1,1080,dense,178600
1,1080,structured_50,168500
1,1081,structured_50,165400
1,1081,dense,208500
1,1082,dense,186200
1,1082,structured_50,173900
1,1083,structured_50,164800
1,1083,dense,178700
1,1084,dense,178400
1,1084,structured_50,166500
1,1085,structured_50,164600
1,1085,dense,176800
1,1086,dense,177800
1,1086,structured_50,167900
1,1087,structured_50,186800
1,1087,dense,190100
1,1088,dense,180000
1,1088,structured_50,166900
1,1089,structured_50,165300
1,1089,dense,178500
1,1090,dense,178200
1,1090,structured_50,167500
1,1091,structured_50,164800
1,1091,dense,176300
1,1092,dense,176100
1,1092,structured_50,175400
1,1093,structured_50,187500
1,1093,dense,184400
1,1094,dense,179400
1,1094,structured_50,168400
1,1095,structured_50,161100
1,1095,dense,191200
1,1096,dense,171700
1,1096,structured_50,161900
1,1097,structured_50,163600
1,1097,dense,173700
1,1098,dense,172400
1,1098,structured_50,188300
1,1099,structured_50,166600
1,1099,dense,176300
1,1100,dense,173200
1,1100,structured_50,163100
1,1101,structured_50,161500
1,1101,dense,172800
1,1102,dense,173900
1,1102,structured_50,162500
1,1103,structured_50,159700
1,1103,dense,501800
1,1104,dense,302600
1,1104,structured_50,303400
1,1105,structured_50,176800
1,1105,dense,397600
1,1106,dense,185700
1,1106,structured_50,167900
1,1107,structured_50,161600
1,1107,dense,173500
1,1108,dense,170900
1,1108,structured_50,157800
1,1109,structured_50,156900
1,1109,dense,203000
1,1110,dense,175500
1,1110,structured_50,163600
1,1111,structured_50,157600
1,1111,dense,170900
1,1112,dense,169600
1,1112,structured_50,159800
1,1113,structured_50,156100
1,1113,dense,168100
1,1114,dense,166900
1,1114,structured_50,160200
1,1115,structured_50,156600
1,1115,dense,196700
1,1116,dense,174900
1,1116,structured_50,161100
1,1117,structured_50,157600
1,1117,dense,169600
1,1118,dense,170500
1,1118,structured_50,158500
1,1119,structured_50,155300
1,1119,dense,168600
1,1120,dense,168000
1,1120,structured_50,156900
1,1121,structured_50,155700
1,1121,dense,197200
1,1122,dense,176600
1,1122,structured_50,160800
1,1123,structured_50,155800
1,1123,dense,169600
1,1124,dense,168800
1,1124,structured_50,160200
1,1125,structured_50,156400
1,1125,dense,167700
1,1126,dense,168500
1,1126,structured_50,158500
1,1127,structured_50,154100
1,1127,dense,196300
1,1128,dense,174100
1,1128,structured_50,159100
1,1129,structured_50,161600
1,1129,dense,169500
1,1130,dense,170000
1,1130,structured_50,157600
1,1131,structured_50,156200
1,1131,dense,166900
1,1132,dense,167400
1,1132,structured_50,158000
1,1133,structured_50,154700
1,1133,dense,195400
1,1134,dense,275200
1,1134,structured_50,183300
1,1135,structured_50,175200
1,1135,dense,208900
1,1136,dense,211900
1,1136,structured_50,267400
1,1137,structured_50,166200
1,1137,dense,166400
1,1138,dense,163300
1,1138,structured_50,181900
1,1139,structured_50,154300
1,1139,dense,162800
1,1140,dense,160900
1,1140,structured_50,149600
1,1141,structured_50,146800
1,1141,dense,158200
1,1142,dense,159700
1,1142,structured_50,149000
1,1143,structured_50,146700
1,1143,dense,158500
1,1144,dense,157300
1,1144,structured_50,161800
1,1145,structured_50,161400
1,1145,dense,162500
1,1146,dense,161700
1,1146,structured_50,151000
1,1147,structured_50,148200
1,1147,dense,158200
1,1148,dense,157400
1,1148,structured_50,147800
1,1149,structured_50,145500
1,1149,dense,157900
1,1150,dense,158100
1,1150,structured_50,148700
1,1151,structured_50,178500
1,1151,dense,184400
1,1152,dense,204200
1,1152,structured_50,158400
1,1153,structured_50,147900
1,1153,dense,158100
1,1154,dense,158200
1,1154,structured_50,148800
1,1155,structured_50,146300
1,1155,dense,158500
1,1156,dense,155700
1,1156,structured_50,175200
1,1157,structured_50,151100
1,1157,dense,159100
1,1158,dense,159100
1,1158,structured_50,148700
1,1159,structured_50,146200
1,1159,dense,157600
1,1160,dense,157600
1,1160,structured_50,146200
1,1161,structured_50,147500
1,1161,dense,156900
1,1162,dense,157500
1,1162,structured_50,146700
1,1163,structured_50,168100
1,1163,dense,163800
1,1164,dense,159600
1,1164,structured_50,149400
1,1165,structured_50,145900
1,1165,dense,157400
1,1166,dense,156700
1,1166,structured_50,147700
1,1167,structured_50,144900
1,1167,dense,167700
1,1168,dense,335500
1,1168,structured_50,265300
1,1169,structured_50,575500
1,1169,dense,207900
1,1170,dense,191200
1,1170,structured_50,184300
1,1171,structured_50,162600
1,1171,dense,174800
1,1172,dense,160300
1,1172,structured_50,150200
1,1173,structured_50,148900
1,1173,dense,157200
1,1174,dense,189500
1,1174,structured_50,155600
1,1175,structured_50,149200
1,1175,dense,160000
1,1176,dense,159700
1,1176,structured_50,149200
1,1177,structured_50,147500
1,1177,dense,159000
1,1178,dense,161800
1,1178,structured_50,148800
1,1179,structured_50,146000
1,1179,dense,159100
1,1180,dense,180800
1,1180,structured_50,160500
1,1181,structured_50,149400
1,1181,dense,159200
1,1182,dense,159700
1,1182,structured_50,148900
1,1183,structured_50,145200
1,1183,dense,157700
1,1184,dense,157900
1,1184,structured_50,149700
1,1185,structured_50,145500
1,1185,dense,171500
1,1186,dense,178200
1,1186,structured_50,155400
1,1187,structured_50,150900
1,1187,dense,161900
1,1188,dense,162300
1,1188,structured_50,152100
1,1189,structured_50,149200
1,1189,dense,161600
1,1190,dense,161600
1,1190,structured_50,150800
1,1191,structured_50,148100
1,1191,dense,159900
1,1192,dense,182900
1,1192,structured_50,157200
1,1193,structured_50,163300
1,1193,dense,170900
1,1194,dense,167400
1,1194,structured_50,157200
1,1195,structured_50,155400
1,1195,dense,168500
1,1196,dense,170400
1,1196,structured_50,153000
1,1197,structured_50,151300
1,1197,dense,163900
1,1198,dense,183800
1,1198,structured_50,164200
1,1199,structured_50,158200
1,1199,dense,423400
1,1200,dense,302800
1,1200,structured_50,377800
1,1201,structured_50,435600
1,1201,dense,284500
1,1202,dense,215900
1,1202,structured_50,181200
1,1203,structured_50,165300
1,1203,dense,177400
1,1204,dense,174900
1,1204,structured_50,165400
1,1205,structured_50,161900
1,1205,dense,171700
1,1206,dense,170500
1,1206,structured_50,156800
1,1207,structured_50,154000
1,1207,dense,167200
1,1208,dense,196300
1,1208,structured_50,162200
1,1209,structured_50,156500
1,1209,dense,170200
1,1210,dense,167800
1,1210,structured_50,157000
1,1211,structured_50,153200
1,1211,dense,165600
1,1212,dense,168700
1,1212,structured_50,156300
1,1213,structured_50,153300
1,1213,dense,164600
1,1214,dense,193200
1,1214,structured_50,162900
1,1215,structured_50,154700
1,1215,dense,168100
1,1216,dense,166200
1,1216,structured_50,157500
1,1217,structured_50,155600
1,1217,dense,166300
1,1218,dense,165900
1,1218,structured_50,154000
1,1219,structured_50,153000
1,1219,dense,165400
1,1220,dense,186600
1,1220,structured_50,169100
1,1221,structured_50,156200
1,1221,dense,167000
1,1222,dense,166800
1,1222,structured_50,155100
1,1223,structured_50,154900
1,1223,dense,167100
1,1224,dense,167400
1,1224,structured_50,159000
1,1225,structured_50,152100
1,1225,dense,170200
1,1226,dense,190500
1,1226,structured_50,169300
1,1227,structured_50,159600
1,1227,dense,170600
1,1228,dense,169400
1,1228,structured_50,158300
1,1229,structured_50,156100
1,1229,dense,169000
1,1230,dense,187600
1,1230,structured_50,167800
1,1231,structured_50,175100
1,1231,dense,202900
1,1232,dense,253700
1,1232,structured_50,226500
1,1233,structured_50,169500
1,1233,dense,176100
1,1234,dense,173300
1,1234,structured_50,163400
1,1235,structured_50,159800
1,1235,dense,177600
1,1236,dense,171600
1,1236,structured_50,159500
1,1237,structured_50,155800
1,1237,dense,197600
1,1238,dense,175800
1,1238,structured_50,163100
1,1239,structured_50,158300
1,1239,dense,169600
1,1240,dense,169900
1,1240,structured_50,160700
1,1241,structured_50,156500
1,1241,dense,170300
1,1242,dense,170900
1,1242,structured_50,302200
1,1243,structured_50,254200
1,1243,dense,190400
1,1244,dense,178500
1,1244,structured_50,165400
1,1245,structured_50,160000
1,1245,dense,173000
1,1246,dense,171600
1,1246,structured_50,160000
1,1247,structured_50,183500
1,1247,dense,182800
1,1248,dense,173100
1,1248,structured_50,160400
1,1249,structured_50,156300
1,1249,dense,170800
1,1250,dense,170800
1,1250,structured_50,158400
1,1251,structured_50,156100
1,1251,dense,167600
1,1252,dense,168000
1,1252,structured_50,158100
1,1253,structured_50,178300
1,1253,dense,179500
1,1254,dense,172100
1,1254,structured_50,160900
1,1255,structured_50,155400
1,1255,dense,168400
1,1256,dense,170400
1,1256,structured_50,164400
1,1257,structured_50,157700
1,1257,dense,168700
1,1258,dense,181900
1,1258,structured_50,176200
1,1259,structured_50,159400
1,1259,dense,170800
1,1260,dense,168500
1,1260,structured_50,158000
1,1261,structured_50,155500
1,1261,dense,191800
1,1262,dense,170600
1,1262,structured_50,161200
1,1263,structured_50,165900
1,1263,dense,358300
1,1264,dense,284100
1,1264,structured_50,182300
1,1265,structured_50,184200
1,1265,dense,181900
1,1266,dense,175500
1,1266,structured_50,161500
1,1267,structured_50,156900
1,1267,dense,160400
1,1268,dense,158900
1,1268,structured_50,149200
1,1269,structured_50,161700
1,1269,dense,175200
1,1270,dense,163100
1,1270,structured_50,151700
1,1271,structured_50,146900
1,1271,dense,159600
1,1272,dense,159700
1,1272,structured_50,149300
1,1273,structured_50,146900
1,1273,dense,158200
1,1274,dense,157300
1,1274,structured_50,148200
1,1275,structured_50,145800
1,1275,dense,178400
1,1276,dense,166600
1,1276,structured_50,151900
1,1277,structured_50,148300
1,1277,dense,158900
1,1278,dense,159400
1,1278,structured_50,148900
1,1279,structured_50,146800
1,1279,dense,157500
1,1280,dense,157900
1,1280,structured_50,150600
1,1281,structured_50,147600
1,1281,dense,159300
1,1282,dense,183900
1,1282,structured_50,154300
1,1283,structured_50,148100
1,1283,dense,159200
1,1284,dense,159100
1,1284,structured_50,147400
1,1285,structured_50,146000
1,1285,dense,157300
1,1286,dense,156300
1,1286,structured_50,146300
1,1287,structured_50,145100
1,1287,dense,159400
1,1288,dense,158900
1,1288,structured_50,180200
1,1289,structured_50,156300
1,1289,dense,163600
1,1290,dense,161500
1,1290,structured_50,151300
1,1291,structured_50,149900
1,1291,dense,159600
1,1292,dense,159700
1,1292,structured_50,150100
1,1293,structured_50,148100
1,1293,dense,159700
1,1294,dense,160600
1,1294,structured_50,166500
1,1295,structured_50,261000
1,1295,dense,699500
1,1296,dense,266200
1,1296,structured_50,183700
1,1297,structured_50,168200
1,1297,dense,188000
1,1298,dense,268100
1,1298,structured_50,176900
1,1299,structured_50,163700
1,1299,dense,173400
1,1300,dense,172400
1,1300,structured_50,162000
1,1301,structured_50,157500
1,1301,dense,170300
1,1302,dense,171100
1,1302,structured_50,158500
1,1303,structured_50,155800
1,1303,dense,199700
1,1304,dense,176500
1,1304,structured_50,162700
1,1305,structured_50,160700
1,1305,dense,228400
1,1306,dense,192500
1,1306,structured_50,180300
1,1307,structured_50,168700
1,1307,dense,180800
1,1308,dense,200900
1,1308,structured_50,164100
1,1309,structured_50,194300
1,1309,dense,180600
1,1310,dense,176300
1,1310,structured_50,165700
1,1311,structured_50,164500
1,1311,dense,171900
1,1312,dense,171000
1,1312,structured_50,160600
1,1313,structured_50,156400
1,1313,dense,170700
1,1314,dense,168000
1,1314,structured_50,173300
1,1315,structured_50,176500
1,1315,dense,174000
1,1316,dense,170700
1,1316,structured_50,160700
1,1317,structured_50,156900
1,1317,dense,169700
1,1318,dense,168700
1,1318,structured_50,158700
1,1319,structured_50,155700
1,1319,dense,169800
1,1320,dense,167700
1,1320,structured_50,176500
1,1321,structured_50,176100
1,1321,dense,172600
1,1322,dense,173000
1,1322,structured_50,160400
1,1323,structured_50,156800
1,1323,dense,168100
1,1324,dense,168800
1,1324,structured_50,160900
1,1325,structured_50,157700
1,1325,dense,199300
1,1326,dense,186200
1,1326,structured_50,212500
1,1327,structured_50,519500
1,1327,dense,207200
1,1328,dense,181200
1,1328,structured_50,168100
1,1329,structured_50,162200
1,1329,dense,175300
1,1330,dense,171600
1,1330,structured_50,161100
1,1331,structured_50,156900
1,1331,dense,204100
1,1332,dense,175500
1,1332,structured_50,162700
1,1333,structured_50,157300
1,1333,dense,170600
1,1334,dense,169800
1,1334,structured_50,159600
1,1335,structured_50,156800
1,1335,dense,168800
1,1336,dense,168300
1,1336,structured_50,160600
1,1337,structured_50,155800
1,1337,dense,200800
1,1338,dense,173500
1,1338,structured_50,160900
1,1339,structured_50,156800
1,1339,dense,168900
1,1340,dense,167600
1,1340,structured_50,159000
1,1341,structured_50,156500
1,1341,dense,168300
1,1342,dense,169500
1,1342,structured_50,156000
1,1343,structured_50,154600
1,1343,dense,196800
1,1344,dense,173100
1,1344,structured_50,161600
1,1345,structured_50,157400
1,1345,dense,168100
1,1346,dense,167600
1,1346,structured_50,157300
1,1347,structured_50,154700
1,1347,dense,167400
1,1348,dense,166800
1,1348,structured_50,157300
1,1349,structured_50,155000
1,1349,dense,194100
1,1350,dense,178600
1,1350,structured_50,159800
1,1351,structured_50,155900
1,1351,dense,168600
1,1352,dense,172600
1,1352,structured_50,307600
1,1353,structured_50,235500
1,1353,dense,185600
1,1354,dense,174900
1,1354,structured_50,162900
1,1355,structured_50,157100
1,1355,dense,170600
1,1356,dense,186500
1,1356,structured_50,168400
1,1357,structured_50,195400
1,1357,dense,477300
1,1358,dense,213000
1,1358,structured_50,173900
1,1359,structured_50,162500
1,1359,dense,176400
1,1360,dense,174800
1,1360,structured_50,163000
1,1361,structured_50,158800
1,1361,dense,170600
1,1362,dense,201300
1,1362,structured_50,169300
1,1363,structured_50,159900
1,1363,dense,170800
1,1364,dense,169200
1,1364,structured_50,161400
1,1365,structured_50,156900
1,1365,dense,168500
1,1366,dense,168700
1,1366,structured_50,157100
1,1367,structured_50,156900
1,1367,dense,168500
1,1368,dense,195700
1,1368,structured_50,170200
1,1369,structured_50,159100
1,1369,dense,170500
1,1370,dense,170000
1,1370,structured_50,158800
1,1371,structured_50,157200
1,1371,dense,167600
1,1372,dense,168900
1,1372,structured_50,160700
1,1373,structured_50,158100
1,1373,dense,169300
1,1374,dense,195300
1,1374,structured_50,165200
1,1375,structured_50,159100
1,1375,dense,170100
1,1376,dense,168400
1,1376,structured_50,158900
1,1377,structured_50,159100
1,1377,dense,170400
1,1378,dense,168000
1,1378,structured_50,159100
1,1379,structured_50,155800
1,1379,dense,169200
1,1380,dense,194800
1,1380,structured_50,166700
1,1381,structured_50,159200
1,1381,dense,169300
1,1382,dense,169200
1,1382,structured_50,158700
1,1383,structured_50,157700
1,1383,dense,168900
1,1384,dense,171300
1,1384,structured_50,159500
1,1385,structured_50,155300
1,1385,dense,167900
1,1386,dense,193200
1,1386,structured_50,165000
1,1387,structured_50,158700
1,1387,dense,170400
1,1388,dense,189300
1,1388,structured_50,169200
1,1389,structured_50,179200
1,1389,dense,344900
1,1390,dense,233500
1,1390,structured_50,189500
1,1391,structured_50,164300
1,1391,dense,204300
1,1392,dense,177800
1,1392,structured_50,160600
1,1393,structured_50,160000
1,1393,dense,171200
1,1394,dense,170300
1,1394,structured_50,159900
1,1395,structured_50,157100
1,1395,dense,170200
1,1396,dense,191400
1,1396,structured_50,171000
1,1397,structured_50,275600
1,1397,dense,229600
1,1398,dense,182800
1,1398,structured_50,164500
1,1399,structured_50,158900
1,1399,dense,170900
1,1400,dense,170900
1,1400,structured_50,159500
1,1401,structured_50,157100
1,1401,dense,201000
1,1402,dense,177100
1,1402,structured_50,161400
1,1403,structured_50,156700
1,1403,dense,168900
1,1404,dense,167900
1,1404,structured_50,159300
1,1405,structured_50,158900
1,1405,dense,169500
1,1406,dense,168300
1,1406,structured_50,159800
1,1407,structured_50,156400
1,1407,dense,197100
1,1408,dense,174800
1,1408,structured_50,160900
1,1409,structured_50,157600
1,1409,dense,169200
1,1410,dense,168900
1,1410,structured_50,158600
1,1411,structured_50,155600
1,1411,dense,168000
1,1412,dense,169100
1,1412,structured_50,158200
1,1413,structured_50,155900
1,1413,dense,194400
1,1414,dense,175600
1,1414,structured_50,160800
1,1415,structured_50,155800
1,1415,dense,168200
1,1416,dense,171600
1,1416,structured_50,158100
1,1417,structured_50,157100
1,1417,dense,167700
1,1418,dense,166900
1,1418,structured_50,157000
1,1419,structured_50,156100
1,1419,dense,205100
1,1420,dense,442000
1,1420,structured_50,417400
1,1421,structured_50,200000
1,1421,dense,198300
1,1422,dense,284600
1,1422,structured_50,232100
1,1423,structured_50,169200
1,1423,dense,185400
1,1424,dense,174400
1,1424,structured_50,165200
1,1425,structured_50,159800
1,1425,dense,171500
1,1426,dense,169800
1,1426,structured_50,176500
1,1427,structured_50,177500
1,1427,dense,174700
1,1428,dense,170100
1,1428,structured_50,160000
1,1429,structured_50,158000
1,1429,dense,169100
1,1430,dense,170000
1,1430,structured_50,159000
1,1431,structured_50,157000
1,1431,dense,168500
1,1432,dense,173500
1,1432,structured_50,178000
1,1433,structured_50,168200
1,1433,dense,173500
1,1434,dense,171000
1,1434,structured_50,159800
1,1435,structured_50,156300
1,1435,dense,167300
1,1436,dense,167500
1,1436,structured_50,157100
1,1437,structured_50,157200
1,1437,dense,168000
1,1438,dense,167100
1,1438,structured_50,176600
1,1439,structured_50,169900
1,1439,dense,173000
1,1440,dense,169700
1,1440,structured_50,159000
1,1441,structured_50,155800
1,1441,dense,169200
1,1442,dense,168900
1,1442,structured_50,159600
1,1443,structured_50,155300
1,1443,dense,168200
1,1444,dense,166700
1,1444,structured_50,175000
1,1445,structured_50,169900
1,1445,dense,171600
1,1446,dense,170600
1,1446,structured_50,160100
1,1447,structured_50,157200
1,1447,dense,168300
1,1448,dense,168900
1,1448,structured_50,157600
1,1449,structured_50,154700
1,1449,dense,167300
1,1450,dense,192200
1,1450,structured_50,348000
1,1451,structured_50,191700
1,1451,dense,402200
1,1452,dense,192500
1,1452,structured_50,349300
1,1453,structured_50,238300
1,1453,dense,185800
1,1454,dense,173700
1,1454,structured_50,162400
1,1455,structured_50,159900
1,1455,dense,169200
1,1456,dense,167900
1,1456,structured_50,158400
1,1457,structured_50,179200
1,1457,dense,184700
1,1458,dense,170800
1,1458,structured_50,160300
1,1459,structured_50,155800
1,1459,dense,168400
1,1460,dense,167800
1,1460,structured_50,156600
1,1461,structured_50,154500
1,1461,dense,165300
1,1462,dense,166600
1,1462,structured_50,156100
1,1463,structured_50,168200
1,1463,dense,184500
1,1464,dense,171300
1,1464,structured_50,158500
1,1465,structured_50,156100
1,1465,dense,166200
1,1466,dense,166400
1,1466,structured_50,156800
1,1467,structured_50,154600
1,1467,dense,166000
1,1468,dense,165300
1,1468,structured_50,155700
1,1469,structured_50,165200
1,1469,dense,186500
1,1470,dense,171100
1,1470,structured_50,159300
1,1471,structured_50,156200
1,1471,dense,166300
1,1472,dense,167000
1,1472,structured_50,156900
1,1473,structured_50,154300
1,1473,dense,166100
1,1474,dense,165000
1,1474,structured_50,156800
1,1475,structured_50,153800
1,1475,dense,193200
1,1476,dense,172900
1,1476,structured_50,159200
1,1477,structured_50,156800
1,1477,dense,167800
1,1478,dense,168400
1,1478,structured_50,157400
1,1479,structured_50,153900
1,1479,dense,167100
1,1480,dense,166400
1,1480,structured_50,156700
1,1481,structured_50,155400
1,1481,dense,392300
1,1482,dense,385200
1,1482,structured_50,431800
1,1483,structured_50,181100
1,1483,dense,276700
1,1484,dense,181900
1,1484,structured_50,168600
1,1485,structured_50,160700
1,1485,dense,172700
1,1486,dense,171000
1,1486,structured_50,161000
1,1487,structured_50,187000
1,1487,dense,177400
1,1488,dense,169800
1,1488,structured_50,159700
1,1489,structured_50,158000
1,1489,dense,170400
1,1490,dense,168000
1,1490,structured_50,158400
1,1491,structured_50,155600
1,1491,dense,166600
1,1492,dense,168800
1,1492,structured_50,158200
1,1493,structured_50,185300
1,1493,dense,175100
1,1494,dense,170600
1,1494,structured_50,160300
1,1495,structured_50,156200
1,1495,dense,167600
1,1496,dense,166400
1,1496,structured_50,156800
1,1497,structured_50,155900
1,1497,dense,167500
1,1498,dense,167300
1,1498,structured_50,156500
1,1499,structured_50,181900
1,1499,dense,173700
1,1500,dense,169800
1,1500,structured_50,158200
1,1501,structured_50,155700
1,1501,dense,169500
1,1502,dense,168800
1,1502,structured_50,157700
1,1503,structured_50,153100
1,1503,dense,167200
1,1504,dense,166600
1,1504,structured_50,159400
1,1505,structured_50,182200
1,1505,dense,173800
1,1506,dense,171600
1,1506,structured_50,158200
1,1507,structured_50,154800
1,1507,dense,166800
1,1508,dense,169100
1,1508,structured_50,158700
1,1509,structured_50,155100
1,1509,dense,166900
1,1510,dense,166900
1,1510,structured_50,156400
1,1511,structured_50,178500
1,1511,dense,174000
1,1512,dense,536500
1,1512,structured_50,481800
1,1513,structured_50,266600
1,1513,dense,200600
1,1514,dense,207000
1,1514,structured_50,329100
1,1515,structured_50,184600
1,1515,dense,191000
1,1516,dense,180000
1,1516,structured_50,162400
1,1517,structured_50,158700
1,1517,dense,172100
1,1518,dense,169700
1,1518,structured_50,157600
1,1519,structured_50,188700
1,1519,dense,178200
1,1520,dense,172200
1,1520,structured_50,160300
1,1521,structured_50,157200
1,1521,dense,170000
1,1522,dense,168900
1,1522,structured_50,158800
1,1523,structured_50,154600
1,1523,dense,167800
1,1524,dense,168500
1,1524,structured_50,158300
1,1525,structured_50,182100
1,1525,dense,175000
1,1526,dense,170400
1,1526,structured_50,159000
1,1527,structured_50,155100
1,1527,dense,167700
1,1528,dense,167400
1,1528,structured_50,157400
1,1529,structured_50,154600
1,1529,dense,169800
1,1530,dense,168100
1,1530,structured_50,156800
1,1531,structured_50,182000
1,1531,dense,174300
1,1532,dense,170100
1,1532,structured_50,158200
1,1533,structured_50,155800
1,1533,dense,169000
1,1534,dense,168300
1,1534,structured_50,158700
1,1535,structured_50,155400
1,1535,dense,168400
1,1536,dense,167000
1,1536,structured_50,157200
1,1537,structured_50,182300
1,1537,dense,175300
1,1538,dense,170700
1,1538,structured_50,158000
1,1539,structured_50,155700
1,1539,dense,168600
1,1540,dense,168400
1,1540,structured_50,156700
1,1541,structured_50,155000
1,1541,dense,167200
1,1542,dense,189400
1,1542,structured_50,161100
1,1543,structured_50,193500
1,1543,dense,207100
1,1544,dense,494800
1,1544,structured_50,264200
1,1545,structured_50,174100
1,1545,dense,173400
1,1546,dense,162500
1,1546,structured_50,168000
1,1547,structured_50,166400
1,1547,dense,163100
1,1548,dense,160300
1,1548,structured_50,151300
1,1549,structured_50,147100
1,1549,dense,159000
1,1550,dense,159900
1,1550,structured_50,148600
1,1551,structured_50,145600
1,1551,dense,156800
1,1552,dense,156700
1,1552,structured_50,148000
1,1553,structured_50,167300
1,1553,dense,167700
1,1554,dense,160200
1,1554,structured_50,149900
1,1555,structured_50,146800
1,1555,dense,157700
1,1556,dense,156700
1,1556,structured_50,147400
1,1557,structured_50,146600
1,1557,dense,156100
1,1558,dense,157300
1,1558,structured_50,147300
1,1559,structured_50,146800
1,1559,dense,178100
1,1560,dense,164000
1,1560,structured_50,155500
1,1561,structured_50,153300
1,1561,dense,164300
1,1562,dense,165100
1,1562,structured_50,153800
1,1563,structured_50,151700
1,1563,dense,162800
1,1564,dense,163400
1,1564,structured_50,154700
1,1565,structured_50,159600
1,1565,dense,180800
1,1566,dense,185800
1,1566,structured_50,162300
1,1567,structured_50,158000
1,1567,dense,169900
1,1568,dense,169300
1,1568,structured_50,159200
1,1569,structured_50,157200
1,1569,dense,171700
1,1570,dense,166400
1,1570,structured_50,155500
1,1571,structured_50,152300
1,1571,dense,176800
1,1572,dense,181800
1,1572,structured_50,160400
1,1573,structured_50,155400
1,1573,dense,167400
1,1574,dense,167500
1,1574,structured_50,223400
1,1575,structured_50,665400
1,1575,dense,309100
1,1576,dense,205500
1,1576,structured_50,172500
1,1577,structured_50,176100
1,1577,dense,191200
1,1578,dense,170900
1,1578,structured_50,162500
1,1579,structured_50,155300
1,1579,dense,166500
1,1580,dense,165300
1,1580,structured_50,153800
1,1581,structured_50,151400
1,1581,dense,195800
1,1582,dense,174900
1,1582,structured_50,158600
1,1583,structured_50,156800
1,1583,dense,166000
1,1584,dense,164800
1,1584,structured_50,160200
1,1585,structured_50,158000
1,1585,dense,165900
1,1586,dense,167400
1,1586,structured_50,162800
1,1587,structured_50,159400
1,1587,dense,203100
1,1588,dense,178500
1,1588,structured_50,265000
1,1589,structured_50,238000
1,1589,dense,185700
1,1590,dense,178800
1,1590,structured_50,165700
1,1591,structured_50,158600
1,1591,dense,170000
1,1592,dense,171200
1,1592,structured_50,157900
1,1593,structured_50,154600
1,1593,dense,169100
1,1594,dense,197200
1,1594,structured_50,168500
1,1595,structured_50,159000
1,1595,dense,179100
1,1596,dense,167600
1,1596,structured_50,158600
1,1597,structured_50,156900
1,1597,dense,168200
1,1598,dense,167800
1,1598,structured_50,158000
1,1599,structured_50,156200
1,1599,dense,168100
1,1600,dense,191300
1,1600,structured_50,166000
1,1601,structured_50,157800
1,1601,dense,168300
1,1602,dense,168600
1,1602,structured_50,157900
1,1603,structured_50,154900
1,1603,dense,166800
1,1604,dense,167100
1,1604,structured_50,302600
1,1605,structured_50,368900
1,1605,dense,284700
1,1606,dense,229900
1,1606,structured_50,195500
1,1607,structured_50,174800
1,1607,dense,185000
1,1608,dense,204000
1,1608,structured_50,163200
1,1609,structured_50,153400
1,1609,dense,163600
1,1610,dense,160300
1,1610,structured_50,150300
1,1611,structured_50,147400
1,1611,dense,158000
1,1612,dense,157900
1,1612,structured_50,147800
1,1613,structured_50,145300
1,1613,dense,157700
1,1614,dense,157100
1,1614,structured_50,177000
1,1615,structured_50,152800
1,1615,dense,161000
1,1616,dense,158800
1,1616,structured_50,148800
1,1617,structured_50,147800
1,1617,dense,157300
1,1618,dense,156600
1,1618,structured_50,147600
1,1619,structured_50,146300
1,1619,dense,157600
1,1620,dense,156200
1,1620,structured_50,148600
1,1621,structured_50,174900
1,1621,dense,162800
1,1622,dense,163000
1,1622,structured_50,151500
1,1623,structured_50,146900
1,1623,dense,158800
1,1624,dense,158700
1,1624,structured_50,156500
1,1625,structured_50,148400
1,1625,dense,158100
1,1626,dense,171200
1,1626,structured_50,165600
1,1627,structured_50,151300
1,1627,dense,158400
1,1628,dense,157700
1,1628,structured_50,149100
1,1629,structured_50,144400
1,1629,dense,157200
1,1630,dense,157600
1,1630,structured_50,147200
1,1631,structured_50,143800
1,1631,dense,156900
1,1632,dense,156500
1,1632,structured_50,164500
1,1633,structured_50,159600
1,1633,dense,161100
1,1634,dense,159700
1,1634,structured_50,153700
1,1635,structured_50,415000
1,1635,dense,216900
1,1636,dense,177300
1,1636,structured_50,258000
1,1637,structured_50,281100
1,1637,dense,268800
1,1638,dense,225300
1,1638,structured_50,213100
1,1639,structured_50,177500
1,1639,dense,178100
1,1640,dense,171600
1,1640,structured_50,160600
1,1641,structured_50,167600
1,1641,dense,196800
1,1642,dense,175500
1,1642,structured_50,162000
1,1643,structured_50,158000
1,1643,dense,169500
1,1644,dense,169900
1,1644,structured_50,159700
1,1645,structured_50,157700
1,1645,dense,169700
1,1646,dense,169500
1,1646,structured_50,157500
1,1647,structured_50,171300
1,1647,dense,186900
1,1648,dense,171300
1,1648,structured_50,160800
1,1649,structured_50,156400
1,1649,dense,168900
1,1650,dense,167700
1,1650,structured_50,159800
1,1651,structured_50,156400
1,1651,dense,167900
1,1652,dense,168300
1,1652,structured_50,158500
1,1653,structured_50,167100
1,1653,dense,185500
1,1654,dense,174100
1,1654,structured_50,159900
1,1655,structured_50,157100
1,1655,dense,168700
1,1656,dense,168300
1,1656,structured_50,157600
1,1657,structured_50,156900
1,1657,dense,167600
1,1658,dense,167600
1,1658,structured_50,156900
1,1659,structured_50,167700
1,1659,dense,187000
1,1660,dense,172300
1,1660,structured_50,159000
1,1661,structured_50,156600
1,1661,dense,168100
1,1662,dense,167700
1,1662,structured_50,157800
1,1663,structured_50,154500
1,1663,dense,167700
1,1664,dense,167400
1,1664,structured_50,157300
1,1665,structured_50,155900
1,1665,dense,208400
1,1666,dense,173700
1,1666,structured_50,159300
1,1667,structured_50,157400
1,1667,dense,170200
1,1668,dense,167700
1,1668,structured_50,164500
1,1669,structured_50,174700
1,1669,dense,193000
1,1670,dense,195900
1,1670,structured_50,516600
1,1671,structured_50,343900
1,1671,dense,224900
1,1672,dense,197900
1,1672,structured_50,181300
1,1673,structured_50,160300
1,1673,dense,174900
1,1674,dense,170100
1,1674,structured_50,160200
1,1675,structured_50,158900
1,1675,dense,204200
1,1676,dense,181500
1,1676,structured_50,166500
1,1677,structured_50,162000
1,1677,dense,173800
1,1678,dense,173400
1,1678,structured_50,163100
1,1679,structured_50,158800
1,1679,dense,173700
1,1680,dense,172600
1,1680,structured_50,161600
1,1681,structured_50,180200
1,1681,dense,187800
1,1682,dense,177100
1,1682,structured_50,168800
1,1683,structured_50,164500
1,1683,dense,177400
1,1684,dense,181200
1,1684,structured_50,171000
1,1685,structured_50,168300
1,1685,dense,182400
1,1686,dense,182700
1,1686,structured_50,170000
1,1687,structured_50,193600
1,1687,dense,188000
1,1688,dense,183400
1,1688,structured_50,172300
1,1689,structured_50,168400
1,1689,dense,180700
1,1690,dense,187600
1,1690,structured_50,170400
1,1691,structured_50,166300
1,1691,dense,179900
1,1692,dense,179700
1,1692,structured_50,198900
1,1693,structured_50,177300
1,1693,dense,188100
1,1694,dense,188500
1,1694,structured_50,176800
1,1695,structured_50,174300
1,1695,dense,186400
1,1696,dense,181400
1,1696,structured_50,170400
1,1697,structured_50,170600
1,1697,dense,182600
1,1698,dense,211000
1,1698,structured_50,178100
1,1699,structured_50,175900
1,1699,dense,198000
1,1700,dense,509400
1,1700,structured_50,211800
1,1701,structured_50,182600
1,1701,dense,194300
1,1702,dense,190400
1,1702,structured_50,177800
1,1703,structured_50,174200
1,1703,dense,184300
1,1704,dense,276400
1,1704,structured_50,195900
1,1705,structured_50,169900
1,1705,dense,180200
1,1706,dense,178100
1,1706,structured_50,169100
1,1707,structured_50,164000
1,1707,dense,178700
1,1708,dense,173700
1,1708,structured_50,163000
1,1709,structured_50,156600
1,1709,dense,192800
1,1710,dense,180000
1,1710,structured_50,162900
1,1711,structured_50,157100
1,1711,dense,170000
1,1712,dense,169300
1,1712,structured_50,183400
1,1713,structured_50,159200
1,1713,dense,171400
1,1714,dense,176800
1,1714,structured_50,164800
1,1715,structured_50,159100
1,1715,dense,223500
1,1716,dense,177300
1,1716,structured_50,161700
1,1717,structured_50,159600
1,1717,dense,170700
1,1718,dense,170200
1,1718,structured_50,159400
1,1719,structured_50,43062300
1,1719,dense,368300
1,1720,dense,192300
1,1720,structured_50,181700
1,1721,structured_50,157800
1,1721,dense,171900
1,1722,dense,197000
1,1722,structured_50,163500
1,1723,structured_50,150900
1,1723,dense,161400
1,1724,dense,161900
1,1724,structured_50,152000
1,1725,structured_50,148600
1,1725,dense,166800
1,1726,dense,171900
1,1726,structured_50,159400
1,1727,structured_50,151500
1,1727,dense,159600
1,1728,dense,185100
1,1728,structured_50,159000
1,1729,structured_50,150000
1,1729,dense,161200
1,1730,dense,160700
1,1730,structured_50,149100
1,1731,structured_50,158300
1,1731,dense,163300
1,1732,dense,157300
1,1732,structured_50,149200
1,1733,structured_50,163000
1,1733,dense,256000
1,1734,dense,210900
1,1734,structured_50,173700
1,1735,structured_50,212300
1,1735,dense,227000
1,1736,dense,201600
1,1736,structured_50,181800
1,1737,structured_50,161200
1,1737,dense,177600
1,1738,dense,168700
1,1738,structured_50,158500
1,1739,structured_50,151400
1,1739,dense,202200
1,1740,dense,167700
1,1740,structured_50,158200
1,1741,structured_50,149300
1,1741,dense,170000
1,1742,dense,164800
1,1742,structured_50,159500
1,1743,structured_50,157600
1,1743,dense,162400
1,1744,dense,165300
1,1744,structured_50,155100
1,1745,structured_50,148000
1,1745,dense,186700
1,1746,dense,163800
1,1746,structured_50,152200
1,1747,structured_50,149000
1,1747,dense,160400
1,1748,dense,159200
1,1748,structured_50,149200
1,1749,structured_50,148000
1,1749,dense,158800
1,1750,dense,160800
1,1750,structured_50,148500
1,1751,structured_50,145700
1,1751,dense,168200
1,1752,dense,175800
1,1752,structured_50,153700
1,1753,structured_50,148300
1,1753,dense,159100
1,1754,dense,158900
1,1754,structured_50,150300
1,1755,structured_50,147300
1,1755,dense,157100
1,1756,dense,158100
1,1756,structured_50,148100
1,1757,structured_50,144900
1,1757,dense,158400
1,1758,dense,175100
1,1758,structured_50,169400
1,1759,structured_50,156900
1,1759,dense,168200
1,1760,dense,166000
1,1760,structured_50,156200
1,1761,structured_50,179300
1,1761,dense,192400
1,1762,dense,192100
1,1762,structured_50,191000
1,1763,structured_50,187000
1,1763,dense,216800
1,1764,dense,224500
1,1764,structured_50,204300
1,1765,structured_50,196000
1,1765,dense,212400
1,1766,dense,211500
1,1766,structured_50,190200
1,1767,structured_50,180200
1,1767,dense,546700
1,1768,dense,281600
1,1768,structured_50,204800
1,1769,structured_50,195100
1,1769,dense,210500
1,1770,dense,202500
1,1770,structured_50,190500
1,1771,structured_50,307500
1,1771,dense,233700
1,1772,dense,211700
1,1772,structured_50,188900
1,1773,structured_50,182700
1,1773,dense,195700
1,1774,dense,196600
1,1774,structured_50,181900
1,1775,structured_50,178000
1,1775,dense,191500
1,1776,dense,201000
1,1776,structured_50,208600
1,1777,structured_50,193700
1,1777,dense,197900
1,1778,dense,194500
1,1778,structured_50,182300
1,1779,structured_50,178800
1,1779,dense,192600
1,1780,dense,190400
1,1780,structured_50,180600
1,1781,structured_50,178700
1,1781,dense,221200
1,1782,dense,201700
1,1782,structured_50,189500
1,1783,structured_50,175100
1,1783,dense,187700
1,1784,dense,188400
1,1784,structured_50,177800
1,1785,structured_50,172700
1,1785,dense,188000
1,1786,dense,186200
1,1786,structured_50,176700
1,1787,structured_50,202700
1,1787,dense,196300
1,1788,dense,190300
1,1788,structured_50,177200
1,1789,structured_50,175600
1,1789,dense,186800
1,1790,dense,186900
1,1790,structured_50,176700
1,1791,structured_50,172600
1,1791,dense,186000
1,1792,dense,200800
1,1792,structured_50,193800
1,1793,structured_50,268700
1,1793,dense,458200
1,1794,dense,371200
1,1794,structured_50,419500
1,1795,structured_50,252500
1,1795,dense,299800
1,1796,dense,215700
1,1796,structured_50,244500
1,1797,structured_50,191900
1,1797,dense,189000
1,1798,dense,184000
1,1798,structured_50,172200
1,1799,structured_50,168100
1,1799,dense,182000
1,1800,dense,206100
1,1800,structured_50,185200
1,1801,structured_50,165600
1,1801,dense,176900
1,1802,dense,175600
1,1802,structured_50,165600
1,1803,structured_50,160500
1,1803,dense,173100
1,1804,dense,172400
1,1804,structured_50,163400
1,1805,structured_50,161300
1,1805,dense,171700
1,1806,dense,205100
1,1806,structured_50,170000
1,1807,structured_50,163600
1,1807,dense,176000
1,1808,dense,173100
1,1808,structured_50,160500
1,1809,structured_50,157100
1,1809,dense,170400
1,1810,dense,169900
1,1810,structured_50,161500
1,1811,structured_50,802100
1,1811,dense,358800
1,1812,dense,286300
1,1812,structured_50,243700
1,1813,structured_50,258000
1,1813,dense,256400
1,1814,dense,311300
1,1814,structured_50,260300
1,1815,structured_50,251100
1,1815,dense,258600
1,1816,dense,261600
1,1816,structured_50,347000
1,1817,structured_50,279800
1,1817,dense,580900
1,1818,dense,467500
1,1818,structured_50,203900
1,1819,structured_50,248000
1,1819,dense,191700
1,1820,dense,176400
1,1820,structured_50,170500
1,1821,structured_50,167600
1,1821,dense,184200
1,1822,dense,209400
1,1822,structured_50,182400
1,1823,structured_50,168500
1,1823,dense,187400
1,1824,dense,198000
1,1824,structured_50,428200
1,1825,structured_50,256500
1,1825,dense,193400
1,1826,dense,177800
1,1826,structured_50,172800
1,1827,structured_50,160500
1,1827,dense,172900
1,1828,dense,171900
1,1828,structured_50,161000
1,1829,structured_50,184800
1,1829,dense,212300
1,1830,dense,181600
1,1830,structured_50,194300
1,1831,structured_50,198200
1,1831,dense,213300
1,1832,dense,186300
1,1832,structured_50,206300
1,1833,structured_50,196300
1,1833,dense,184200
1,1834,dense,217400
1,1834,structured_50,203400
1,1835,structured_50,207400
1,1835,dense,190200
1,1836,dense,175500
1,1836,structured_50,163800
1,1837,structured_50,158000
1,1837,dense,170500
1,1838,dense,184300
1,1838,structured_50,196500
1,1839,structured_50,209800
1,1839,dense,216700
1,1840,dense,224400
1,1840,structured_50,196700
1,1841,structured_50,201900
1,1841,dense,183500
1,1842,dense,174600
1,1842,structured_50,168200
1,1843,structured_50,327400
1,1843,dense,375900
1,1844,dense,448700
1,1844,structured_50,197900
1,1845,structured_50,174800
1,1845,dense,181900
1,1846,dense,174900
1,1846,structured_50,171000
1,1847,structured_50,161000
1,1847,dense,171400
1,1848,dense,169700
1,1848,structured_50,193800
1,1849,structured_50,165100
1,1849,dense,172200
1,1850,dense,172000
1,1850,structured_50,159800
1,1851,structured_50,157100
1,1851,dense,169400
1,1852,dense,169500
1,1852,structured_50,159900
1,1853,structured_50,157200
1,1853,dense,170500
1,1854,dense,181500
1,1854,structured_50,181200
1,1855,structured_50,164300
1,1855,dense,173000
1,1856,dense,171500
1,1856,structured_50,159700
1,1857,structured_50,158100
1,1857,dense,170200
1,1858,dense,168400
1,1858,structured_50,157500
1,1859,structured_50,157000
1,1859,dense,170400
1,1860,dense,184100
1,1860,structured_50,178100
1,1861,structured_50,163000
1,1861,dense,172900
1,1862,dense,175100
1,1862,structured_50,160500
1,1863,structured_50,157900
1,1863,dense,170900
1,1864,dense,170800
1,1864,structured_50,159800
1,1865,structured_50,158500
1,1865,dense,170700
1,1866,dense,191600
1,1866,structured_50,170800
1,1867,structured_50,161200
1,1867,dense,170500
1,1868,dense,172600
1,1868,structured_50,162200
1,1869,structured_50,156700
1,1869,dense,170600
1,1870,dense,172000
1,1870,structured_50,160400
1,1871,structured_50,155400
1,1871,dense,169100
1,1872,dense,192000
1,1872,structured_50,170900
1,1873,structured_50,161800
1,1873,dense,183900
1,1874,dense,186800
1,1874,structured_50,181700
1,1875,structured_50,203400
1,1875,dense,232200
1,1876,dense,206700
1,1876,structured_50,177600
1,1877,structured_50,166300
1,1877,dense,206200
1,1878,dense,179600
1,1878,structured_50,168200
1,1879,structured_50,158600
1,1879,dense,169800
1,1880,dense,171100
1,1880,structured_50,159500
1,1881,structured_50,158200
1,1881,dense,169900
1,1882,dense,170900
1,1882,structured_50,160200
1,1883,structured_50,171500
1,1883,dense,188700
1,1884,dense,174200
1,1884,structured_50,160400
1,1885,structured_50,158400
1,1885,dense,171300
1,1886,dense,169900
1,1886,structured_50,160200
1,1887,structured_50,155300
1,1887,dense,168700
1,1888,dense,171100
1,1888,structured_50,157200
1,1889,structured_50,169200
1,1889,dense,193800
1,1890,dense,179700
1,1890,structured_50,163500
1,1891,structured_50,159600
1,1891,dense,175300
1,1892,dense,262900
1,1892,structured_50,206300
1,1893,structured_50,166600
1,1893,dense,177000
1,1894,dense,173800
1,1894,structured_50,182600
1,1895,structured_50,262000
1,1895,dense,264200
1,1896,dense,186300
1,1896,structured_50,169400
1,1897,structured_50,164700
1,1897,dense,182600
1,1898,dense,212500
1,1898,structured_50,176900
1,1899,structured_50,166400
1,1899,dense,179300
1,1900,dense,183300
1,1900,structured_50,172300
1,1901,structured_50,164700
1,1901,dense,183800
1,1902,dense,185100
1,1902,structured_50,173900
1,1903,structured_50,168800
1,1903,dense,516600
1,1904,dense,589700
1,1904,structured_50,281700
1,1905,structured_50,183500
1,1905,dense,193900
1,1906,dense,184900
1,1906,structured_50,222200
1,1907,structured_50,189200
1,1907,dense,182400
1,1908,dense,198800
1,1908,structured_50,199300
1,1909,structured_50,166200
1,1909,dense,181200
1,1910,dense,179700
1,1910,structured_50,168200
1,1911,structured_50,162900
1,1911,dense,174100
1,1912,dense,176200
1,1912,structured_50,161700
1,1913,structured_50,158900
1,1913,dense,171800
1,1914,dense,200700
1,1914,structured_50,172000
1,1915,structured_50,165600
1,1915,dense,179800
1,1916,dense,177400
1,1916,structured_50,167900
1,1917,structured_50,164900
1,1917,dense,176300
1,1918,dense,176200
1,1918,structured_50,162300
1,1919,structured_50,160600
1,1919,dense,188500
1,1920,dense,193800
1,1920,structured_50,168500
1,1921,structured_50,166900
1,1921,dense,175200
1,1922,dense,174000
1,1922,structured_50,164800
1,1923,structured_50,159900
1,1923,dense,181200
1,1924,dense,170700
1,1924,structured_50,162500
1,1925,structured_50,161000
1,1925,dense,198800
1,1926,dense,179600
1,1926,structured_50,164000
1,1927,structured_50,161900
1,1927,dense,173300
1,1928,dense,177100
1,1928,structured_50,165500
1,1929,structured_50,156200
1,1929,dense,169800
1,1930,dense,169700
1,1930,structured_50,159100
1,1931,structured_50,156200
1,1931,dense,194300
1,1932,dense,179000
1,1932,structured_50,165400
1,1933,structured_50,164600
1,1933,dense,184500
1,1934,dense,181200
1,1934,structured_50,709900
1,1935,structured_50,252600
1,1935,dense,260600
1,1936,dense,235100
1,1936,structured_50,204500
1,1937,structured_50,170200
1,1937,dense,181600
1,1938,dense,216600
1,1938,structured_50,174800
1,1939,structured_50,166800
1,1939,dense,178100
1,1940,dense,181400
1,1940,structured_50,171000
1,1941,structured_50,162800
1,1941,dense,189300
1,1942,dense,255900
1,1942,structured_50,399000
1,1943,structured_50,496100
1,1943,dense,268400
1,1944,dense,188700
1,1944,structured_50,170200
1,1945,structured_50,165200
1,1945,dense,180800
1,1946,dense,176000
1,1946,structured_50,168400
1,1947,structured_50,198300
1,1947,dense,201800
1,1948,dense,184400
1,1948,structured_50,179100
1,1949,structured_50,370300
1,1949,dense,227600
1,1950,dense,180700
1,1950,structured_50,166300
1,1951,structured_50,162200
1,1951,dense,173200
1,1952,dense,171000
1,1952,structured_50,161500
1,1953,structured_50,160500
1,1953,dense,171400
1,1954,dense,201500
1,1954,structured_50,170000
1,1955,structured_50,162000
1,1955,dense,175500
1,1956,dense,175800
1,1956,structured_50,165300
1,1957,structured_50,161100
1,1957,dense,170000
1,1958,dense,168300
1,1958,structured_50,160200
1,1959,structured_50,157900
1,1959,dense,182600
1,1960,dense,217400
1,1960,structured_50,175800
1,1961,structured_50,173200
1,1961,dense,540100
1,1962,dense,523900
1,1962,structured_50,210300
1,1963,structured_50,169700
1,1963,dense,176800
1,1964,dense,173500
1,1964,structured_50,165200
1,1965,structured_50,159600
1,1965,dense,169900
1,1966,dense,169000
1,1966,structured_50,172600
1,1967,structured_50,181900
1,1967,dense,174700
1,1968,dense,170800
1,1968,structured_50,159700
1,1969,structured_50,157600
1,1969,dense,170900
1,1970,dense,170300
1,1970,structured_50,157600
1,1971,structured_50,157600
1,1971,dense,171100
1,1972,dense,175300
1,1972,structured_50,177700
1,1973,structured_50,175400
1,1973,dense,174200
1,1974,dense,180100
1,1974,structured_50,165500
1,1975,structured_50,163800
1,1975,dense,176100
1,1976,dense,173800
1,1976,structured_50,282100
1,1977,structured_50,230700
1,1977,dense,186500
1,1978,dense,177700
1,1978,structured_50,166100
1,1979,structured_50,160100
1,1979,dense,173700
1,1980,dense,171400
1,1980,structured_50,159500
1,1981,structured_50,232300
1,1981,dense,263100
1,1982,dense,182100
1,1982,structured_50,172800
1,1983,structured_50,160900
1,1983,dense,175000
1,1984,dense,173700
1,1984,structured_50,165600
1,1985,structured_50,164700
1,1985,dense,632800
1,1986,dense,274000
1,1986,structured_50,190600
1,1987,structured_50,165800
1,1987,dense,181800
1,1988,dense,550900
1,1988,structured_50,538900
1,1989,structured_50,237100
1,1989,dense,289000
1,1990,dense,206400
1,1990,structured_50,202400
1,1991,structured_50,186100
1,1991,dense,209000
1,1992,dense,248600
1,1992,structured_50,220900
1,1993,structured_50,182600
1,1993,dense,196200
1,1994,dense,182600
1,1994,structured_50,276000
1,1995,structured_50,259800
1,1995,dense,223200
1,1996,dense,185000
1,1996,structured_50,165600
1,1997,structured_50,340700
1,1997,dense,185600
1,1998,dense,173000
1,1998,structured_50,163400
1,1999,structured_50,156600
1,1999,dense,169400
1,2000,dense,168700
1,2000,structured_50,159600
1,2001,structured_50,156800
1,2001,dense,170500
1,2002,dense,170600
1,2002,structured_50,190100
1,2003,structured_50,161300
1,2003,dense,171100
1,2004,dense,173500
1,2004,structured_50,162700
1,2005,structured_50,157900
1,2005,dense,168600
1,2006,dense,175500
1,2006,structured_50,158600
1,2007,structured_50,156400
1,2007,dense,170900
1,2008,dense,169700
1,2008,structured_50,195300
1,2009,structured_50,329000
1,2009,dense,204700
1,2010,dense,181200
1,2010,structured_50,170400
1,2011,structured_50,163300
1,2011,dense,176200
1,2012,dense,178400
1,2012,structured_50,166800
1,2013,structured_50,202600
1,2013,dense,187400
1,2014,dense,199700
1,2014,structured_50,200300
1,2015,structured_50,214500
1,2015,dense,588900
1,2016,dense,206500
1,2016,structured_50,180600
1,2017,structured_50,174800
1,2017,dense,181000
1,2018,dense,175600
1,2018,structured_50,161700
1,2019,structured_50,158500
1,2019,dense,199900
1,2020,dense,184200
1,2020,structured_50,164400
1,2021,structured_50,158100
1,2021,dense,170600
1,2022,dense,171200
1,2022,structured_50,159400
1,2023,structured_50,156300
1,2023,dense,170800
1,2024,dense,168400
1,2024,structured_50,159200
1,2025,structured_50,156900
1,2025,dense,197400
1,2026,dense,186300
1,2026,structured_50,170900
1,2027,structured_50,166900
1,2027,dense,178900
1,2028,dense,180300
1,2028,structured_50,168300
1,2029,structured_50,170100
1,2029,dense,187100
1,2030,dense,188100
1,2030,structured_50,169400
1,2031,structured_50,178600
1,2031,dense,198000
1,2032,dense,194500
1,2032,structured_50,168600
1,2033,structured_50,159900
1,2033,dense,175800
1,2034,dense,175700
1,2034,structured_50,171200
1,2035,structured_50,165200
1,2035,dense,178600
1,2036,dense,177000
1,2036,structured_50,166100
1,2037,structured_50,195000
1,2037,dense,184500
1,2038,dense,176000
1,2038,structured_50,162700
1,2039,structured_50,159900
1,2039,dense,172600
1,2040,dense,239400
1,2040,structured_50,185800
1,2041,structured_50,161900
1,2041,dense,172800
1,2042,dense,172600
1,2042,structured_50,190300
1,2043,structured_50,213100
1,2043,dense,193100
1,2044,dense,176900
1,2044,structured_50,165100
1,2045,structured_50,164600
1,2045,dense,525400
1,2046,dense,278600
1,2046,structured_50,188400
1,2047,structured_50,170600
1,2047,dense,179500
1,2048,dense,176200
1,2048,structured_50,165600
1,2049,structured_50,163200
1,2049,dense,174200
1,2050,dense,194100
1,2050,structured_50,186100
1,2051,structured_50,167800
1,2051,dense,181300
1,2052,dense,180700
1,2052,structured_50,172500
1,2053,structured_50,171100
1,2053,dense,188100
1,2054,dense,175600
1,2054,structured_50,165600
1,2055,structured_50,161500
1,2055,dense,177700
1,2056,dense,208200
1,2056,structured_50,171000
1,2057,structured_50,166200
1,2057,dense,180600
1,2058,dense,176600
1,2058,structured_50,164100
1,2059,structured_50,162100
1,2059,dense,173800
1,2060,dense,172500
1,2060,structured_50,162400
1,2061,structured_50,160700
1,2061,dense,197800
1,2062,dense,187700
1,2062,structured_50,179600
1,2063,structured_50,163900
1,2063,dense,175700
1,2064,dense,175600
1,2064,structured_50,165000
1,2065,structured_50,162600
1,2065,dense,170000
1,2066,dense,170400
1,2066,structured_50,159700
1,2067,structured_50,158400
1,2067,dense,201200
1,2068,dense,178000
1,2068,structured_50,161800
1,2069,structured_50,159800
1,2069,dense,177700
1,2070,dense,170700
1,2070,structured_50,160900
1,2071,structured_50,158300
1,2071,dense,169800
1,2072,dense,172600
1,2072,structured_50,192100
1,2073,structured_50,167900
1,2073,dense,174500
1,2074,dense,177700
1,2074,structured_50,615300
1,2075,structured_50,440800
1,2075,dense,218100
1,2076,dense,192200
1,2076,structured_50,172000
1,2077,structured_50,165400
1,2077,dense,184100
1,2078,dense,178400
1,2078,structured_50,167300
1,2079,structured_50,183500
1,2079,dense,213000
1,2080,dense,193600
1,2080,structured_50,179800
1,2081,structured_50,173800
1,2081,dense,188300
1,2082,dense,184000
1,2082,structured_50,165900
1,2083,structured_50,165500
1,2083,dense,176300
1,2084,dense,177500
1,2084,structured_50,185600
1,2085,structured_50,186700
1,2085,dense,181900
1,2086,dense,177200
1,2086,structured_50,166300
1,2087,structured_50,172200
1,2087,dense,282200
1,2088,dense,181700
1,2088,structured_50,166700
1,2089,structured_50,161100
1,2089,dense,174300
1,2090,dense,199300
1,2090,structured_50,174300
1,2091,structured_50,164000
1,2091,dense,173300
1,2092,dense,173800
1,2092,structured_50,161900
1,2093,structured_50,157100
1,2093,dense,169100
1,2094,dense,168800
1,2094,structured_50,160500
1,2095,structured_50,159800
1,2095,dense,169700
1,2096,dense,195700
1,2096,structured_50,168500
1,2097,structured_50,159400
1,2097,dense,172300
1,2098,dense,170800
1,2098,structured_50,160700
1,2099,structured_50,158600
1,2099,dense,169500
1,2100,dense,170100
1,2100,structured_50,159400
1,2101,structured_50,157100
1,2101,dense,174100
1,2102,dense,196500
1,2102,structured_50,167600
1,2103,structured_50,183900
1,2103,dense,172600
1,2104,dense,174000
1,2104,structured_50,167500
1,2105,structured_50,167300
1,2105,dense,186000
1,2106,dense,175500
1,2106,structured_50,167200
1,2107,structured_50,160100
1,2107,dense,216900
1,2108,dense,184200
1,2108,structured_50,162100
1,2109,structured_50,158400
1,2109,dense,170700
1,2110,dense,169400
1,2110,structured_50,159500
1,2111,structured_50,156300
1,2111,dense,169400
1,2112,dense,170000
1,2112,structured_50,158800
1,2113,structured_50,155600
1,2113,dense,191200
1,2114,dense,178700
1,2114,structured_50,183600
1,2115,structured_50,161600
1,2115,dense,171300
1,2116,dense,171900
1,2116,structured_50,158600
1,2117,structured_50,173300
1,2117,dense,172000
1,2118,dense,168900
1,2118,structured_50,159500
1,2119,structured_50,155700
1,2119,dense,198600
1,2120,dense,176900
1,2120,structured_50,161900
1,2121,structured_50,158700
1,2121,dense,169300
1,2122,dense,170200
1,2122,structured_50,159900
1,2123,structured_50,157300
1,2123,dense,168600
1,2124,dense,168100
1,2124,structured_50,157900
1,2125,structured_50,156600
1,2125,dense,196400
1,2126,dense,174600
1,2126,structured_50,162300
1,2127,structured_50,158000
1,2127,dense,170400
1,2128,dense,169200
1,2128,structured_50,158400
1,2129,structured_50,155600
1,2129,dense,168700
1,2130,dense,168900
1,2130,structured_50,183400
1,2131,structured_50,168300
1,2131,dense,172800
1,2132,dense,170500
1,2132,structured_50,158600
1,2133,structured_50,179200
1,2133,dense,197700
1,2134,dense,174100
1,2134,structured_50,172900
1,2135,structured_50,240200
1,2135,dense,423900
1,2136,dense,728600
1,2136,structured_50,311500
1,2137,structured_50,181200
1,2137,dense,188900
1,2138,dense,182100
1,2138,structured_50,172900
1,2139,structured_50,165800
1,2139,dense,335600
1,2140,dense,205400
1,2140,structured_50,175400
1,2141,structured_50,167200
1,2141,dense,358500
1,2142,dense,208100
1,2142,structured_50,186500
1,2143,structured_50,172100
1,2143,dense,190800
1,2144,dense,180100
1,2144,structured_50,168400
1,2145,structured_50,200500
1,2145,dense,187400
1,2146,dense,182000
1,2146,structured_50,171700
1,2147,structured_50,165400
1,2147,dense,177300
1,2148,dense,176700
1,2148,structured_50,165200
1,2149,structured_50,161400
1,2149,dense,174300
1,2150,dense,172100
1,2150,structured_50,178100
1,2151,structured_50,176700
1,2151,dense,175600
1,2152,dense,172700
1,2152,structured_50,162000
1,2153,structured_50,159100
1,2153,dense,171100
1,2154,dense,169900
1,2154,structured_50,159700
1,2155,structured_50,158100
1,2155,dense,171600
1,2156,dense,171300
1,2156,structured_50,184200
1,2157,structured_50,170600
1,2157,dense,176600
1,2158,dense,173900
1,2158,structured_50,161700
1,2159,structured_50,165800
1,2159,dense,179600
1,2160,dense,178600
1,2160,structured_50,168900
1,2161,structured_50,167200
1,2161,dense,180400
1,2162,dense,179000
1,2162,structured_50,205200
1,2163,structured_50,174600
1,2163,dense,185100
1,2164,dense,181300
1,2164,structured_50,169700
1,2165,structured_50,180000
1,2165,dense,197500
1,2166,dense,501500
1,2166,structured_50,257400
1,2167,structured_50,181300
1,2167,dense,187800
1,2168,dense,187900
1,2168,structured_50,176700
1,2169,structured_50,165800
1,2169,dense,200300
1,2170,dense,199100
1,2170,structured_50,170900
1,2171,structured_50,176300
1,2171,dense,179000
1,2172,dense,178800
1,2172,structured_50,167500
1,2173,structured_50,162900
1,2173,dense,176300
1,2174,dense,187300
1,2174,structured_50,167000
1,2175,structured_50,163400
1,2175,dense,207000
1,2176,dense,181900
1,2176,structured_50,175400
1,2177,structured_50,165600
1,2177,dense,176300
1,2178,dense,173900
1,2178,structured_50,167300
1,2179,structured_50,161400
1,2179,dense,185900
1,2180,dense,174900
1,2180,structured_50,165300
1,2181,structured_50,190900
1,2181,dense,185100
1,2182,dense,187000
1,2182,structured_50,173000
1,2183,structured_50,164600
1,2183,dense,176300
1,2184,dense,179800
1,2184,structured_50,169000
1,2185,structured_50,174300
1,2185,dense,183800
1,2186,dense,180000
1,2186,structured_50,193600
1,2187,structured_50,177500
1,2187,dense,184100
1,2188,dense,192400
1,2188,structured_50,171000
1,2189,structured_50,165100
1,2189,dense,192500
1,2190,dense,192800
1,2190,structured_50,192000
1,2191,structured_50,179600
1,2191,dense,197600
1,2192,dense,225000
1,2192,structured_50,213200
1,2193,structured_50,195400
1,2193,dense,230500
1,2194,dense,208000
1,2194,structured_50,358300
1,2195,structured_50,252200
1,2195,dense,247900
1,2196,dense,230600
1,2196,structured_50,194800
1,2197,structured_50,187600
1,2197,dense,194900
1,2198,dense,190600
1,2198,structured_50,180000
1,2199,structured_50,174000
1,2199,dense,189400
1,2200,dense,190000
1,2200,structured_50,176900
1,2201,structured_50,173400
1,2201,dense,220800
1,2202,dense,200000
1,2202,structured_50,180900
1,2203,structured_50,174800
1,2203,dense,190100
1,2204,dense,189900
1,2204,structured_50,173500
1,2205,structured_50,170800
1,2205,dense,183400
1,2206,dense,183700
1,2206,structured_50,185400
1,2207,structured_50,192100
1,2207,dense,189000
1,2208,dense,185700
1,2208,structured_50,175100
1,2209,structured_50,169900
1,2209,dense,184100
1,2210,dense,185800
1,2210,structured_50,173000
1,2211,structured_50,171300
1,2211,dense,184700
1,2212,dense,199700
1,2212,structured_50,193600
1,2213,structured_50,174900
1,2213,dense,187500
1,2214,dense,184400
1,2214,structured_50,173800
1,2215,structured_50,171000
1,2215,dense,184700
1,2216,dense,184000
1,2216,structured_50,172300
1,2217,structured_50,170500
1,2217,dense,198900
1,2218,dense,201500
1,2218,structured_50,181300
1,2219,structured_50,167300
1,2219,dense,179700
1,2220,dense,179200
1,2220,structured_50,167800
1,2221,structured_50,191400
1,2221,dense,191800
1,2222,dense,681100
1,2222,structured_50,486900
1,2223,structured_50,201900
1,2223,dense,207800
1,2224,dense,191000
1,2224,structured_50,183400
1,2225,structured_50,176100
1,2225,dense,188300
1,2226,dense,186600
1,2226,structured_50,206600
1,2227,structured_50,180800
1,2227,dense,185700
1,2228,dense,182700
1,2228,structured_50,170600
1,2229,structured_50,173800
1,2229,dense,182200
1,2230,dense,182100
1,2230,structured_50,170700
1,2231,structured_50,166900
1,2231,dense,179000
1,2232,dense,209600
1,2232,structured_50,178100
1,2233,structured_50,170100
1,2233,dense,182000
1,2234,dense,180400
1,2234,structured_50,169900
1,2235,structured_50,166200
1,2235,dense,181300
1,2236,dense,179700
1,2236,structured_50,168500
1,2237,structured_50,166000
1,2237,dense,203000
1,2238,dense,189900
1,2238,structured_50,171600
1,2239,structured_50,166300
1,2239,dense,179500
1,2240,dense,179400
1,2240,structured_50,172200
1,2241,structured_50,168600
1,2241,dense,181800
1,2242,dense,185200
1,2242,structured_50,170100
1,2243,structured_50,182300
1,2243,dense,203800
1,2244,dense,184800
1,2244,structured_50,172600
1,2245,structured_50,169700
1,2245,dense,179100
1,2246,dense,177800
1,2246,structured_50,167100
1,2247,structured_50,164100
1,2247,dense,176600
1,2248,dense,178300
1,2248,structured_50,167000
1,2249,structured_50,197500
1,2249,dense,188200
1,2250,dense,183700
1,2250,structured_50,174400
1,2251,structured_50,170100
1,2251,dense,195600
1,2252,dense,304500
1,2252,structured_50,204500
1,2253,structured_50,182000
1,2253,dense,194700
1,2254,dense,220000
1,2254,structured_50,184200
1,2255,structured_50,174700
1,2255,dense,186700
1,2256,dense,186200
1,2256,structured_50,174300
1,2257,structured_50,171800
1,2257,dense,185600
1,2258,dense,188200
1,2258,structured_50,173100
1,2259,structured_50,183300
1,2259,dense,204700
1,2260,dense,187300
1,2260,structured_50,175100
1,2261,structured_50,170300
1,2261,dense,184000
1,2262,dense,183300
1,2262,structured_50,172100
1,2263,structured_50,170700
1,2263,dense,184400
1,2264,dense,184500
1,2264,structured_50,184600
1,2265,structured_50,191400
1,2265,dense,188000
1,2266,dense,184500
1,2266,structured_50,173900
1,2267,structured_50,171100
1,2267,dense,182800
1,2268,dense,182200
1,2268,structured_50,170200
1,2269,structured_50,167800
1,2269,dense,182100
1,2270,dense,196000
1,2270,structured_50,192500
1,2271,structured_50,173700
1,2271,dense,187300
1,2272,dense,184200
1,2272,structured_50,174800
1,2273,structured_50,172600
1,2273,dense,183800
1,2274,dense,182500
1,2274,structured_50,170600
1,2275,structured_50,168500
1,2275,dense,195200
1,2276,dense,201800
1,2276,structured_50,175900
1,2277,structured_50,171400
1,2277,dense,184100
1,2278,dense,182500
1,2278,structured_50,170900
1,2279,structured_50,167500
1,2279,dense,181900
1,2280,dense,182500
1,2280,structured_50,171900
1,2281,structured_50,170000
1,2281,dense,213600
1,2282,dense,192900
1,2282,structured_50,182700
1,2283,structured_50,179600
1,2283,dense,186900
1,2284,dense,186800
1,2284,structured_50,173400
1,2285,structured_50,169700
1,2285,dense,182600
1,2286,dense,183300
1,2286,structured_50,187300
1,2287,structured_50,188900
1,2287,dense,183900
1,2288,dense,179600
1,2288,structured_50,168100
1,2289,structured_50,166600
1,2289,dense,183700
1,2290,dense,182000
1,2290,structured_50,170300
1,2291,structured_50,170300
1,2291,dense,181800
1,2292,dense,182400
1,2292,structured_50,203000
1,2293,structured_50,176200
1,2293,dense,187500
1,2294,dense,183800
1,2294,structured_50,172700
1,2295,structured_50,168700
1,2295,dense,181900
1,2296,dense,182800
1,2296,structured_50,170600
1,2297,structured_50,170800
1,2297,dense,181900
1,2298,dense,212200
1,2298,structured_50,177900
1,2299,structured_50,170600
1,2299,dense,183900
1,2300,dense,184000
1,2300,structured_50,173300
1,2301,structured_50,168300
1,2301,dense,182400
1,2302,dense,181900
1,2302,structured_50,172600
1,2303,structured_50,167000
1,2303,dense,210000
1,2304,dense,188200
1,2304,structured_50,174300
1,2305,structured_50,171700
1,2305,dense,183100
1,2306,dense,182100
1,2306,structured_50,171600
1,2307,structured_50,168900
1,2307,dense,182000
1,2308,dense,182200
1,2308,structured_50,170900
1,2309,structured_50,195800
1,2309,dense,191000
1,2310,dense,184300
1,2310,structured_50,172300
1,2311,structured_50,169600
1,2311,dense,183100
1,2312,dense,184700
1,2312,structured_50,205700
1,2313,structured_50,215500
1,2313,dense,195200
1,2314,dense,205100
1,2314,structured_50,192100
1,2315,structured_50,174900
1,2315,dense,186400
1,2316,dense,185300
1,2316,structured_50,172500
1,2317,structured_50,168400
1,2317,dense,184200
1,2318,dense,183000
1,2318,structured_50,170800
1,2319,structured_50,166700
1,2319,dense,195700
1,2320,dense,201100
1,2320,structured_50,176600
1,2321,structured_50,169900
1,2321,dense,183100
1,2322,dense,183500
1,2322,structured_50,172500
1,2323,structured_50,167700
1,2323,dense,180200
1,2324,dense,180500
1,2324,structured_50,170300
1,2325,structured_50,166000
1,2325,dense,213200
1,2326,dense,189400
1,2326,structured_50,174300
1,2327,structured_50,170800
1,2327,dense,183600
1,2328,dense,183200
1,2328,structured_50,170100
1,2329,structured_50,166600
1,2329,dense,181400
1,2330,dense,181400
1,2330,structured_50,170200
1,2331,structured_50,199100
1,2331,dense,189500
1,2332,dense,186000
1,2332,structured_50,172700
1,2333,structured_50,168400
1,2333,dense,183500
1,2334,dense,181100
1,2334,structured_50,170700
1,2335,structured_50,168100
1,2335,dense,181500
1,2336,dense,180100
1,2336,structured_50,200100
1,2337,structured_50,175700
1,2337,dense,185600
1,2338,dense,182600
1,2338,structured_50,173400
1,2339,structured_50,167400
1,2339,dense,182800
1,2340,dense,181600
1,2340,structured_50,170500
1,2341,structured_50,167600
1,2341,dense,182400
1,2342,dense,211900
1,2342,structured_50,180700
1,2343,structured_50,174700
1,2343,dense,221900
1,2344,dense,192300
1,2344,structured_50,189700
1,2345,structured_50,171600
1,2345,dense,195800
1,2346,dense,202800
1,2346,structured_50,174600
1,2347,structured_50,186700
1,2347,dense,200800
1,2348,dense,186800
1,2348,structured_50,173900
1,2349,structured_50,168900
1,2349,dense,182500
1,2350,dense,183600
1,2350,structured_50,171900
1,2351,structured_50,167100
1,2351,dense,181800
1,2352,dense,181900
1,2352,structured_50,185200
1,2353,structured_50,186300
1,2353,dense,186500
1,2354,dense,183600
1,2354,structured_50,173000
1,2355,structured_50,169600
1,2355,dense,183800
1,2356,dense,182100
1,2356,structured_50,170100
1,2357,structured_50,169100
1,2357,dense,185300
1,2358,dense,195700
1,2358,structured_50,189100
1,2359,structured_50,172600
1,2359,dense,184100
1,2360,dense,184200
1,2360,structured_50,171300
1,2361,structured_50,167000
1,2361,dense,180300
1,2362,dense,181300
1,2362,structured_50,172300
1,2363,structured_50,168900
1,2363,dense,181500
1,2364,dense,211900
1,2364,structured_50,182400
1,2365,structured_50,172100
1,2365,dense,184100
1,2366,dense,185600
1,2366,structured_50,171100
1,2367,structured_50,168300
1,2367,dense,182100
1,2368,dense,182300
1,2368,structured_50,169300
1,2369,structured_50,167900
1,2369,dense,205800
1,2370,dense,184800
1,2370,structured_50,169400
1,2371,structured_50,164400
1,2371,dense,178600
1,2372,dense,179500
1,2372,structured_50,167800
1,2373,structured_50,164500
1,2373,dense,178500
1,2374,dense,227200
1,2374,structured_50,187500
1,2375,structured_50,170700
1,2375,dense,183400
1,2376,dense,179900
1,2376,structured_50,168600
1,2377,structured_50,165700
1,2377,dense,179000
1,2378,dense,179000
1,2378,structured_50,167600
1,2379,structured_50,164100
1,2379,dense,177200
1,2380,dense,206200
1,2380,structured_50,174100
1,2381,structured_50,166100
1,2381,dense,179200
1,2382,dense,180500
1,2382,structured_50,170100
1,2383,structured_50,169700
1,2383,dense,181900
1,2384,dense,182700
1,2384,structured_50,172500
1,2385,structured_50,171000
1,2385,dense,210100
1,2386,dense,187900
1,2386,structured_50,176000
1,2387,structured_50,170700
1,2387,dense,182900
1,2388,dense,180800
1,2388,structured_50,177100
1,2389,structured_50,168500
1,2389,dense,181800
1,2390,dense,180700
1,2390,structured_50,170300
1,2391,structured_50,196700
1,2391,dense,189800
1,2392,dense,183600
1,2392,structured_50,172500
1,2393,structured_50,168800
1,2393,dense,181900
1,2394,dense,180700
1,2394,structured_50,173900
1,2395,structured_50,172700
1,2395,dense,187600
1,2396,dense,186700
1,2396,structured_50,204400
1,2397,structured_50,179900
1,2397,dense,190700
1,2398,dense,187500
1,2398,structured_50,174800
1,2399,structured_50,173900
1,2399,dense,184900
1,2400,dense,185900
1,2400,structured_50,176800
1,2401,structured_50,173200
1,2401,dense,184900
1,2402,dense,216500
1,2402,structured_50,181200
1,2403,structured_50,175600
1,2403,dense,189300
1,2404,dense,188300
1,2404,structured_50,179100
1,2405,structured_50,175800
1,2405,dense,194800
1,2406,dense,196200
1,2406,structured_50,181800
1,2407,structured_50,194800
1,2407,dense,207200
1,2408,dense,191800
1,2408,structured_50,177600
1,2409,structured_50,174200
1,2409,dense,191100
1,2410,dense,188600
1,2410,structured_50,177500
1,2411,structured_50,173900
1,2411,dense,187800
1,2412,dense,188100
1,2412,structured_50,200600
1,2413,structured_50,183800
1,2413,dense,190500
1,2414,dense,186100
1,2414,structured_50,176100
1,2415,structured_50,173600
1,2415,dense,187800
1,2416,dense,186300
1,2416,structured_50,178300
1,2417,structured_50,172800
1,2417,dense,186100
1,2418,dense,216300
1,2418,structured_50,183700
1,2419,structured_50,175500
1,2419,dense,189400
1,2420,dense,192200
1,2420,structured_50,176000
1,2421,structured_50,172500
1,2421,dense,187000
1,2422,dense,185300
1,2422,structured_50,175300
1,2423,structured_50,173100
1,2423,dense,219000
1,2424,dense,192600
1,2424,structured_50,180300
1,2425,structured_50,175300
1,2425,dense,185800
1,2426,dense,187400
1,2426,structured_50,175900
1,2427,structured_50,176700
1,2427,dense,186900
1,2428,dense,186100
1,2428,structured_50,187000
1,2429,structured_50,191900
1,2429,dense,193200
1,2430,dense,190500
1,2430,structured_50,175800
1,2431,structured_50,173400
1,2431,dense,188200
1,2432,dense,187900
1,2432,structured_50,181000
1,2433,structured_50,173800
1,2433,dense,189500
1,2434,dense,523900
1,2434,structured_50,362100
1,2435,structured_50,243300
1,2435,dense,226000
1,2436,dense,261900
1,2436,structured_50,185900
1,2437,structured_50,177100
1,2437,dense,224600
1,2438,dense,190700
1,2438,structured_50,176100
1,2439,structured_50,173000
1,2439,dense,186600
1,2440,dense,186600
1,2440,structured_50,174500
1,2441,structured_50,171400
1,2441,dense,184100
1,2442,dense,184100
1,2442,structured_50,172300
1,2443,structured_50,203400
1,2443,dense,191300
1,2444,dense,184700
1,2444,structured_50,173800
1,2445,structured_50,172100
1,2445,dense,482300
1,2446,dense,287600
1,2446,structured_50,191900
1,2447,structured_50,184800
1,2447,dense,192700
1,2448,dense,196300
1,2448,structured_50,189200
1,2449,structured_50,181300
1,2449,dense,189500
1,2450,dense,226300
1,2450,structured_50,178900
1,2451,structured_50,170200
1,2451,dense,183100
1,2452,dense,189100
1,2452,structured_50,171400
1,2453,structured_50,168300
1,2453,dense,183100
1,2454,dense,183200
1,2454,structured_50,172700
1,2455,structured_50,168700
1,2455,dense,213300
1,2456,dense,187400
1,2456,structured_50,211500
1,2457,structured_50,186900
1,2457,dense,181500
1,2458,dense,182800
1,2458,structured_50,219900
1,2459,structured_50,370200
1,2459,dense,281200
1,2460,dense,729800
1,2460,structured_50,282800
1,2461,structured_50,187100
1,2461,dense,203600
1,2462,dense,190300
1,2462,structured_50,179300
1,2463,structured_50,169200
1,2463,dense,183500
1,2464,dense,184700
1,2464,structured_50,199800
1,2465,structured_50,172000
1,2465,dense,180500
1,2466,dense,177800
1,2466,structured_50,167400
1,2467,structured_50,164100
1,2467,dense,174600
1,2468,dense,174800
1,2468,structured_50,165800
1,2469,structured_50,162000
1,2469,dense,176000
1,2470,dense,199200
1,2470,structured_50,177300
1,2471,structured_50,165800
1,2471,dense,177900
1,2472,dense,171000
1,2472,structured_50,162000
1,2473,structured_50,157100
1,2473,dense,172100
1,2474,dense,169800
1,2474,structured_50,160500
1,2475,structured_50,159400
1,2475,dense,172600
1,2476,dense,198400
1,2476,structured_50,167700
1,2477,structured_50,162700
1,2477,dense,172800
1,2478,dense,171200
1,2478,structured_50,161300
1,2479,structured_50,159200
1,2479,dense,170900
1,2480,dense,174500
1,2480,structured_50,160600
1,2481,structured_50,158000
1,2481,dense,171500
1,2482,dense,198800
1,2482,structured_50,167200
1,2483,structured_50,161500
1,2483,dense,172700
1,2484,dense,182300
1,2484,structured_50,160900
1,2485,structured_50,160400
1,2485,dense,171600
1,2486,dense,168700
1,2486,structured_50,171300
1,2487,structured_50,162700
1,2487,dense,197400
1,2488,dense,226100
1,2488,structured_50,174000
1,2489,structured_50,170000
1,2489,dense,311700
1,2490,dense,224400
1,2490,structured_50,173600
1,2491,structured_50,168800
1,2491,dense,176600
1,2492,dense,178000
1,2492,structured_50,163200
1,2493,structured_50,158900
1,2493,dense,170800
1,2494,dense,170000
1,2494,structured_50,188400
1,2495,structured_50,169600
1,2495,dense,172900
1,2496,dense,172600
1,2496,structured_50,160500
1,2497,structured_50,157300
1,2497,dense,170000
1,2498,dense,169700
1,2498,structured_50,159600
1,2499,structured_50,160400
1,2499,dense,169400
7,0,dense,629000
7,0,structured_50,371200
7,1,structured_50,390300
7,1,dense,459700
7,2,dense,429400
7,2,structured_50,351600
7,3,structured_50,337700
7,3,dense,443000
7,4,dense,441200
7,4,structured_50,336900
7,5,structured_50,353000
7,5,dense,438400
7,6,dense,440700
7,6,structured_50,358500
7,7,structured_50,339800
7,7,dense,434700
7,8,dense,475100
7,8,structured_50,370300
7,9,structured_50,521000
7,9,dense,450000
7,10,dense,438800
7,10,structured_50,339200
7,11,structured_50,360300
7,11,dense,498400
7,12,dense,556800
7,12,structured_50,509900
7,13,structured_50,597100
7,13,dense,504700
7,14,dense,418800
7,14,structured_50,340600
7,15,structured_50,358300
7,15,dense,423800
7,16,dense,412000
7,16,structured_50,334800
7,17,structured_50,333800
7,17,dense,418600
7,18,dense,422300
7,18,structured_50,341700
7,19,structured_50,328800
7,19,dense,397300
7,20,dense,403000
7,20,structured_50,362600
7,21,structured_50,337700
7,21,dense,400300
7,22,dense,404100
7,22,structured_50,336000
7,23,structured_50,355800
7,23,dense,409700
7,24,dense,412300
7,24,structured_50,659600
7,25,structured_50,578900
7,25,dense,459600
7,26,dense,456000
7,26,structured_50,365200
7,27,structured_50,338300
7,27,dense,415200
7,28,dense,410900
7,28,structured_50,395200
7,29,structured_50,384600
7,29,dense,419000
7,30,dense,458800
7,30,structured_50,392400
7,31,structured_50,399300
7,31,dense,467200
7,32,dense,464100
7,32,structured_50,404100
7,33,structured_50,392900
7,33,dense,483500
7,34,dense,481300
7,34,structured_50,415700
7,35,structured_50,382900
7,35,dense,477300
7,36,dense,475800
7,36,structured_50,602000
7,37,structured_50,1342800
7,37,dense,560800
7,38,dense,486300
7,38,structured_50,397100
7,39,structured_50,401400
7,39,dense,465400
7,40,dense,464600
7,40,structured_50,377600
7,41,structured_50,403800
7,41,dense,466300
7,42,dense,421400
7,42,structured_50,447000
7,43,structured_50,386100
7,43,dense,456600
7,44,dense,455000
7,44,structured_50,395100
7,45,structured_50,378400
7,45,dense,467800
7,46,dense,460300
7,46,structured_50,381500
7,47,structured_50,379000
7,47,dense,461700
7,48,dense,501900
7,48,structured_50,437900
7,49,structured_50,774600
7,49,dense,676200
7,50,dense,492700
7,50,structured_50,423100
7,51,structured_50,419300
7,51,dense,460000
7,52,dense,470900
7,52,structured_50,397500
7,53,structured_50,385600
7,53,dense,467500
7,54,dense,501900
7,54,structured_50,496400
7,55,structured_50,390900
7,55,dense,478900
7,56,dense,512300
7,56,structured_50,400600
7,57,structured_50,407300
7,57,dense,485600
7,58,dense,489700
7,58,structured_50,434700
7,59,structured_50,413100
7,59,dense,487900
7,60,dense,462900
7,60,structured_50,732500
7,61,structured_50,553800
7,61,dense,556500
7,62,dense,586300
7,62,structured_50,508600
7,63,structured_50,475000
7,63,dense,557200
7,64,dense,470800
7,64,structured_50,366300
7,65,structured_50,369200
7,65,dense,440400
7,66,dense,467800
7,66,structured_50,372400
7,67,structured_50,372400
7,67,dense,446500
7,68,dense,451700
7,68,structured_50,403600
7,69,structured_50,379700
7,69,dense,450500
7,70,dense,436700
7,70,structured_50,358700
7,71,structured_50,391400
7,71,dense,437600
7,72,dense,436200
7,72,structured_50,404000
7,73,structured_50,379400
7,73,dense,521600
7,74,dense,524100
7,74,structured_50,383700
7,75,structured_50,369200
7,75,dense,482800
7,76,dense,450400
7,76,structured_50,366800
7,77,structured_50,353600
7,77,dense,436600
7,78,dense,482300
7,78,structured_50,396200
7,79,structured_50,383800
7,79,dense,470900
7,80,dense,505300
7,80,structured_50,421200
7,81,structured_50,399800
7,81,dense,471700
7,82,dense,469000
7,82,structured_50,419700
7,83,structured_50,388900
7,83,dense,470600
7,84,dense,468700
7,84,structured_50,390000
7,85,structured_50,400400
7,85,dense,466600
7,86,dense,538300
7,86,structured_50,400300
7,87,structured_50,423600
7,87,dense,475600
7,88,dense,468300
7,88,structured_50,381600
7,89,structured_50,380800
7,89,dense,489900
7,90,dense,465000
7,90,structured_50,385100
7,91,structured_50,376700
7,91,dense,529500
7,92,dense,488700
7,92,structured_50,382500
7,93,structured_50,379400
7,93,dense,453600
7,94,dense,481300
7,94,structured_50,371000
7,95,structured_50,371700
7,95,dense,442100
7,96,dense,460900
7,96,structured_50,384500
7,97,structured_50,373300
7,97,dense,440900
7,98,dense,445300
7,98,structured_50,433200
7,99,structured_50,383200
7,99,dense,450600
7,100,dense,448800
7,100,structured_50,364600
7,101,structured_50,392600
7,101,dense,454900
7,102,dense,446500
7,102,structured_50,360900
7,103,structured_50,355100
7,103,dense,460200
7,104,dense,440800
7,104,structured_50,356000
7,105,structured_50,357300
7,105,dense,434300
7,106,dense,474000
7,106,structured_50,375500
7,107,structured_50,360500
7,107,dense,428200
7,108,dense,432600
7,108,structured_50,374600
7,109,structured_50,352300
7,109,dense,421200
7,110,dense,751300
7,110,structured_50,632300
7,111,structured_50,439200
7,111,dense,815200
7,112,dense,880700
7,112,structured_50,446700
7,113,structured_50,366900
7,113,dense,438700
7,114,dense,460900
7,114,structured_50,360600
7,115,structured_50,343500
7,115,dense,415100
7,116,dense,417600
7,116,structured_50,372900
7,117,structured_50,345100
7,117,dense,411500
7,118,dense,416000
7,118,structured_50,338100
7,119,structured_50,362000
7,119,dense,422500
7,120,dense,409000
7,120,structured_50,336900
7,121,structured_50,331200
7,121,dense,409400
7,122,dense,418200
7,122,structured_50,334200
7,123,structured_50,329300
7,123,dense,404300
7,124,dense,435900
7,124,structured_50,419100
7,125,structured_50,407000
7,125,dense,480900
7,126,dense,452400
7,126,structured_50,390000
7,127,structured_50,362500
7,127,dense,420400
7,128,dense,407400
7,128,structured_50,339300
7,129,structured_50,328500
7,129,dense,433100
7,130,dense,407800
7,130,structured_50,336500
7,131,structured_50,325800
7,131,dense,403400
7,132,dense,434700
7,132,structured_50,336800
7,133,structured_50,331200
7,133,dense,397500
7,134,dense,397600
7,134,structured_50,354600
7,135,structured_50,336500
7,135,dense,404100
7,136,dense,397700
7,136,structured_50,332800
7,137,structured_50,329800
7,137,dense,428800
7,138,dense,411600
7,138,structured_50,334800
7,139,structured_50,358000
7,139,dense,438400
7,140,dense,446300
7,140,structured_50,351900
7,141,structured_50,344600
7,141,dense,432900
7,142,dense,430800
7,142,structured_50,376200
7,143,structured_50,354600
7,143,dense,434700
7,144,dense,422200
7,144,structured_50,356600
7,145,structured_50,385700
7,145,dense,452700
7,146,dense,471400
7,146,structured_50,396000
7,147,structured_50,396000
7,147,dense,502900
7,148,dense,475200
7,148,structured_50,394000
7,149,structured_50,379900
7,149,dense,508400
7,150,dense,498700
7,150,structured_50,386300
7,151,structured_50,383100
7,151,dense,472800
7,152,dense,509600
7,152,structured_50,407600
7,153,structured_50,394600
7,153,dense,473800
7,154,dense,502300
7,154,structured_50,403300
7,155,structured_50,395300
7,155,dense,471200
7,156,dense,472000
7,156,structured_50,420700
7,157,structured_50,390400
7,157,dense,473900
7,158,dense,474800
7,158,structured_50,412600
7,159,structured_50,399700
7,159,dense,471900
7,160,dense,475600
7,160,structured_50,392400
7,161,structured_50,418400
7,161,dense,471800
7,162,dense,462200
7,162,structured_50,375000
7,163,structured_50,375800
7,163,dense,490700
7,164,dense,467000
7,164,structured_50,374500
7,165,structured_50,381100
7,165,dense,503400
7,166,dense,480400
7,166,structured_50,389800
7,167,structured_50,378200
7,167,dense,457800
7,168,dense,495900
7,168,structured_50,386500
7,169,structured_50,376200
7,169,dense,460000
7,170,dense,481400
7,170,structured_50,398800
7,171,structured_50,363300
7,171,dense,444300
7,172,dense,465200
7,172,structured_50,387200
7,173,structured_50,370900
7,173,dense,441000
7,174,dense,438500
7,174,structured_50,365500
7,175,structured_50,372300
7,175,dense,432900
7,176,dense,425800
7,176,structured_50,346900
7,177,structured_50,348200
7,177,dense,559100
7,178,dense,464000
7,178,structured_50,368900
7,179,structured_50,358000
7,179,dense,456500
7,180,dense,426900
7,180,structured_50,345100
7,181,structured_50,338200
7,181,dense,411500
7,182,dense,436200
7,182,structured_50,356800
7,183,structured_50,353300
7,183,dense,418100
7,184,dense,420800
7,184,structured_50,362000
7,185,structured_50,368500
7,185,dense,426200
7,186,dense,419900
7,186,structured_50,349400
7,187,structured_50,342600
7,187,dense,448400
7,188,dense,425100
7,188,structured_50,347300
7,189,structured_50,347600
7,189,dense,424500
7,190,dense,449200
7,190,structured_50,356500
7,191,structured_50,349300
7,191,dense,424300
7,192,dense,428700
7,192,structured_50,388900
7,193,structured_50,349300
7,193,dense,428500
7,194,dense,423400
7,194,structured_50,355800
7,195,structured_50,373400
7,195,dense,432100
7,196,dense,424700
7,196,structured_50,346400
7,197,structured_50,342500
7,197,dense,452500
7,198,dense,432500
7,198,structured_50,347000
7,199,structured_50,342500
7,199,dense,422900
7,200,dense,454300
7,200,structured_50,364900
7,201,structured_50,352700
7,201,dense,446200
7,202,dense,477900
7,202,structured_50,369600
7,203,structured_50,352600
7,203,dense,427600
7,204,dense,436500
7,204,structured_50,377400
7,205,structured_50,369100
7,205,dense,436700
7,206,dense,442300
7,206,structured_50,371400
7,207,structured_50,395200
7,207,dense,445800
7,208,dense,435700
7,208,structured_50,358900
7,209,structured_50,352300
7,209,dense,460500
7,210,dense,444100
7,210,structured_50,360500
7,211,structured_50,355000
7,211,dense,435600
7,212,dense,465800
7,212,structured_50,367600
7,213,structured_50,358600
7,213,dense,437000
7,214,dense,436900
7,214,structured_50,383500
7,215,structured_50,357500
7,215,dense,436100
7,216,dense,436700
7,216,structured_50,360600
7,217,structured_50,386400
7,217,dense,439700
7,218,dense,436800
7,218,structured_50,879800
7,219,structured_50,461100
7,219,dense,549100
7,220,dense,529700
7,220,structured_50,377100
7,221,structured_50,364500
7,221,dense,440600
7,222,dense,472900
7,222,structured_50,354100
7,223,structured_50,354900
7,223,dense,436300
7,224,dense,431200
7,224,structured_50,393600
7,225,structured_50,347700
7,225,dense,419600
7,226,dense,419700
7,226,structured_50,343400
7,227,structured_50,366900
7,227,dense,434300
7,228,dense,441600
7,228,structured_50,345200
7,229,structured_50,339900
7,229,dense,438300
7,230,dense,438100
7,230,structured_50,353000
7,231,structured_50,343100
7,231,dense,445200
7,232,dense,465000
7,232,structured_50,452800
7,233,structured_50,398100
7,233,dense,501800
7,234,dense,443400
7,234,structured_50,382400
7,235,structured_50,352300
7,235,dense,430500
7,236,dense,420600
7,236,structured_50,351400
7,237,structured_50,514000
7,237,dense,439400
7,238,dense,417600
7,238,structured_50,342400
7,239,structured_50,345500
7,239,dense,440900
7,240,dense,418200
7,240,structured_50,375400
7,241,structured_50,346600
7,241,dense,416500
7,242,dense,431500
7,242,structured_50,347400
7,243,structured_50,335900
7,243,dense,397100
7,244,dense,397100
7,244,structured_50,351500
7,245,structured_50,357200
7,245,dense,478000
7,246,dense,1058100
7,246,structured_50,456500
7,247,structured_50,350600
7,247,dense,423900
7,248,dense,481400
7,248,structured_50,338100
7,249,structured_50,321600
7,249,dense,388400
7,250,dense,387700
7,250,structured_50,322500
7,251,structured_50,341600
7,251,dense,407400
7,252,dense,389700
7,252,structured_50,313600
7,253,structured_50,310300
7,253,dense,396000
7,254,dense,402800
7,254,structured_50,322700
7,255,structured_50,317700
7,255,dense,389100
7,256,dense,389300
7,256,structured_50,351800
7,257,structured_50,327200
7,257,dense,384600
7,258,dense,383600
7,258,structured_50,321200
7,259,structured_50,325000
7,259,dense,419100
7,260,dense,728100
7,260,structured_50,552400
7,261,structured_50,462400
7,261,dense,465700
7,262,dense,441100
7,262,structured_50,339000
7,263,structured_50,320600
7,263,dense,391500
7,264,dense,391700
7,264,structured_50,408400
7,265,structured_50,343100
7,265,dense,394100
7,266,dense,390100
7,266,structured_50,322000
7,267,structured_50,319500
7,267,dense,417100
7,268,dense,396200
7,268,structured_50,320600
7,269,structured_50,319700
7,269,dense,384100
7,270,dense,409500
7,270,structured_50,327100
7,271,structured_50,318800
7,271,dense,382300
7,272,dense,386700
7,272,structured_50,316700
7,273,structured_50,426900
7,273,dense,492300
7,274,dense,699000
7,274,structured_50,439500
7,275,structured_50,337400
7,275,dense,436700
7,276,dense,426300
7,276,structured_50,334500
7,277,structured_50,323900
7,277,dense,392300
7,278,dense,421300
7,278,structured_50,327000
7,279,structured_50,321600
7,279,dense,391000
7,280,dense,388200
7,280,structured_50,318400
7,281,structured_50,347800
7,281,dense,387100
7,282,dense,387100
7,282,structured_50,319700
7,283,structured_50,311000
7,283,dense,409100
7,284,dense,396600
7,284,structured_50,322100
7,285,structured_50,312500
7,285,dense,380000
7,286,dense,437600
7,286,structured_50,361900
7,287,structured_50,326700
7,287,dense,405800
7,288,dense,406800
7,288,structured_50,356900
7,289,structured_50,755600
7,289,dense,474600
7,290,dense,454900
7,290,structured_50,486300
7,291,structured_50,388300
7,291,dense,437600
7,292,dense,417400
7,292,structured_50,329700
7,293,structured_50,318900
7,293,dense,518500
7,294,dense,389700
7,294,structured_50,321100
7,295,structured_50,313800
7,295,dense,381900
7,296,dense,417100
7,296,structured_50,322100
7,297,structured_50,314500
7,297,dense,382800
7,298,dense,378500
7,298,structured_50,313600
7,299,structured_50,339000
7,299,dense,385500
7,300,dense,383200
7,300,structured_50,318300
7,301,structured_50,310500
7,301,dense,460400
7,302,dense,543200
7,302,structured_50,610400
7,303,structured_50,356500
7,303,dense,415300
7,304,dense,421700
7,304,structured_50,345200
7,305,structured_50,325700
7,305,dense,526100
7,306,dense,400800
7,306,structured_50,318700
7,307,structured_50,350000
7,307,dense,380900
7,308,dense,381400
7,308,structured_50,304500
7,309,structured_50,301600
7,309,dense,383000
7,310,dense,379400
7,310,structured_50,302800
7,311,structured_50,296600
7,311,dense,366800
7,312,dense,379800
7,312,structured_50,326700
7,313,structured_50,342500
7,313,dense,437200
7,314,dense,457400
7,314,structured_50,383500
7,315,structured_50,412000
7,315,dense,488900
7,316,dense,513400
7,316,structured_50,419800
7,317,structured_50,840900
7,317,dense,896100
7,318,dense,863400
7,318,structured_50,746500
7,319,structured_50,707900
7,319,dense,814600
7,320,dense,849000
7,320,structured_50,682700
7,321,structured_50,654500
7,321,dense,605200
7,322,dense,464900
7,322,structured_50,373500
7,323,structured_50,363900
7,323,dense,474100
7,324,dense,452700
7,324,structured_50,363800
7,325,structured_50,357700
7,325,dense,452700
7,326,dense,888400
7,326,structured_50,693500
7,327,structured_50,703400
7,327,dense,789600
7,328,dense,771600
7,328,structured_50,690000
7,329,structured_50,646500
7,329,dense,762400
7,330,dense,759400
7,330,structured_50,642700
7,331,structured_50,640100
7,331,dense,795200
7,332,dense,736800
7,332,structured_50,648100
7,333,structured_50,619900
7,333,dense,749300
7,334,dense,633100
7,334,structured_50,512600
7,335,structured_50,373200
7,335,dense,428000
7,336,dense,445300
7,336,structured_50,347800
7,337,structured_50,327300
7,337,dense,397700
7,338,dense,389600
7,338,structured_50,340800
7,339,structured_50,339000
7,339,dense,393400
7,340,dense,398400
7,340,structured_50,327300
7,341,structured_50,317000
7,341,dense,421700
7,342,dense,414300
7,342,structured_50,329500
7,343,structured_50,324900
7,343,dense,395500
7,344,dense,411100
7,344,structured_50,330400
7,345,structured_50,314700
7,345,dense,387200
7,346,dense,392400
7,346,structured_50,367600
7,347,structured_50,363800
7,347,dense,718200
7,348,dense,787800
7,348,structured_50,667500
7,349,structured_50,628000
7,349,dense,671200
7,350,dense,706500
7,350,structured_50,591200
7,351,structured_50,571000
7,351,dense,719800
7,352,dense,679600
7,352,structured_50,575500
7,353,structured_50,553000
7,353,dense,456500
7,354,dense,443000
7,354,structured_50,379000
7,355,structured_50,348800
7,355,dense,443700
7,356,dense,434500
7,356,structured_50,363900
7,357,structured_50,963100
7,357,dense,531300
7,358,dense,442400
7,358,structured_50,363600
7,359,structured_50,371400
7,359,dense,423800
7,360,dense,411100
7,360,structured_50,334000
7,361,structured_50,336400
7,361,dense,417100
7,362,dense,432600
7,362,structured_50,338300
7,363,structured_50,331700
7,363,dense,398800
7,364,dense,400200
7,364,structured_50,360400
7,365,structured_50,329600
7,365,dense,401400
7,366,dense,397500
7,366,structured_50,333400
7,367,structured_50,348100
7,367,dense,418700
7,368,dense,396100
7,368,structured_50,319600
7,369,structured_50,317400
7,369,dense,385400
7,370,dense,440000
7,370,structured_50,334600
7,371,structured_50,332200
7,371,dense,532500
7,372,dense,446000
7,372,structured_50,356100
7,373,structured_50,322800
7,373,dense,388500
7,374,dense,393800
7,374,structured_50,327400
7,375,structured_50,356500
7,375,dense,465100
7,376,dense,444800
7,376,structured_50,343600
7,377,structured_50,327700
7,377,dense,425300
7,378,dense,426500
7,378,structured_50,335500
7,379,structured_50,325700
7,379,dense,394700
7,380,dense,414900
7,380,structured_50,345900
7,381,structured_50,319700
7,381,dense,387500
7,382,dense,392000
7,382,structured_50,316000
7,383,structured_50,355800
7,383,dense,395600
7,384,dense,392300
7,384,structured_50,339400
7,385,structured_50,355600
7,385,dense,440000
7,386,dense,444700
7,386,structured_50,363500
7,387,structured_50,343700
7,387,dense,410900
7,388,dense,455800
7,388,structured_50,352300
7,389,structured_50,327300
7,389,dense,395400
7,390,dense,387700
7,390,structured_50,317500
7,391,structured_50,344600
7,391,dense,399700
7,392,dense,389800
7,392,structured_50,323100
7,393,structured_50,322300
7,393,dense,412700
7,394,dense,401200
7,394,structured_50,326200
7,395,structured_50,316100
7,395,dense,390200
7,396,dense,385600
7,396,structured_50,345600
7,397,structured_50,320400
7,397,dense,392000
7,398,dense,394400
7,398,structured_50,322600
7,399,structured_50,322600
7,399,dense,404400
7,400,dense,389400
7,400,structured_50,387500
7,401,structured_50,671700
7,401,dense,891700
7,402,dense,420900
7,402,structured_50,335000
7,403,structured_50,325200
7,403,dense,426600
7,404,dense,402700
7,404,structured_50,328000
7,405,structured_50,327600
7,405,dense,399000
7,406,dense,427800
7,406,structured_50,327700
7,407,structured_50,317900
7,407,dense,388700
7,408,dense,396900
7,408,structured_50,339800
7,409,structured_50,343000
7,409,dense,394800
7,410,dense,393900
7,410,structured_50,324100
7,411,structured_50,320600
7,411,dense,421500
7,412,dense,407900
7,412,structured_50,334400
7,413,structured_50,325300
7,413,dense,669500
7,414,dense,1339800
7,414,structured_50,439200
7,415,structured_50,372000
7,415,dense,422600
7,416,dense,431000
7,416,structured_50,340600
7,417,structured_50,325000
7,417,dense,398300
7,418,dense,660000
7,418,structured_50,374800
7,419,structured_50,337900
7,419,dense,407900
7,420,dense,392100
7,420,structured_50,331500
7,421,structured_50,336400
7,421,dense,399700
7,422,dense,386800
7,422,structured_50,316100
7,423,structured_50,317100
7,423,dense,384200
7,424,dense,410200
7,424,structured_50,327400
7,425,structured_50,312200
7,425,dense,381000
7,426,dense,379200
7,426,structured_50,1197800
7,427,structured_50,424500
7,427,dense,426600
7,428,dense,411000
7,428,structured_50,325300
7,429,structured_50,356100
7,429,dense,393900
7,430,dense,390200
7,430,structured_50,319000
7,431,structured_50,309900
7,431,dense,402200
7,432,dense,401700
7,432,structured_50,328500
7,433,structured_50,308900
7,433,dense,382800
7,434,dense,383300
7,434,structured_50,338700
7,435,structured_50,317700
7,435,dense,375200
7,436,dense,382900
7,436,structured_50,315500
7,437,structured_50,324800
7,437,dense,399800
7,438,dense,383600
7,438,structured_50,309100
7,439,structured_50,311600
7,439,dense,382000
7,440,dense,402600
7,440,structured_50,342300
7,441,structured_50,1087400
7,441,dense,556500
7,442,dense,468200
7,442,structured_50,340100
7,443,structured_50,325800
7,443,dense,408100
7,444,dense,403800
7,444,structured_50,321400
7,445,structured_50,317200
7,445,dense,380100
7,446,dense,378900
7,446,structured_50,338800
7,447,structured_50,330400
7,447,dense,380600
7,448,dense,381100
7,448,structured_50,315700
7,449,structured_50,308300
7,449,dense,406900
7,450,dense,390400
7,450,structured_50,319500
7,451,structured_50,310000
7,451,dense,373900
7,452,dense,401900
7,452,structured_50,324400
7,453,structured_50,309700
7,453,dense,383000
7,454,dense,385900
7,454,structured_50,409300
7,455,structured_50,370500
7,455,dense,762300
7,456,dense,431700
7,456,structured_50,334400
7,457,structured_50,327300
7,457,dense,416400
7,458,dense,391900
7,458,structured_50,327900
7,459,structured_50,318400
7,459,dense,397300
7,460,dense,419900
7,460,structured_50,427600
7,461,structured_50,338500
7,461,dense,407500
7,462,dense,440900
7,462,structured_50,390800
7,463,structured_50,353800
7,463,dense,417100
7,464,dense,410700
7,464,structured_50,337300
7,465,structured_50,334200
7,465,dense,458200
7,466,dense,439700
7,466,structured_50,350400
7,467,structured_50,359300
7,467,dense,448800
7,468,dense,446500
7,468,structured_50,357600
7,469,structured_50,354200
7,469,dense,536100
7,470,dense,485400
7,470,structured_50,396900
7,471,structured_50,358300
7,471,dense,427700
7,472,dense,423300
7,472,structured_50,379400
7,473,structured_50,350500
7,473,dense,421500
7,474,dense,428400
7,474,structured_50,350300
7,475,structured_50,370100
7,475,dense,437900
7,476,dense,437000
7,476,structured_50,348400
7,477,structured_50,343300
7,477,dense,439700
7,478,dense,438100
7,478,structured_50,346100
7,479,structured_50,348100
7,479,dense,417600
7,480,dense,423900
7,480,structured_50,353100
7,481,structured_50,340800
7,481,dense,407100
7,482,dense,411400
7,482,structured_50,438800
7,483,structured_50,499000
7,483,dense,453600
7,484,dense,416300
7,484,structured_50,343200
7,485,structured_50,355800
7,485,dense,429600
7,486,dense,402600
7,486,structured_50,334900
7,487,structured_50,333200
7,487,dense,413600
7,488,dense,419000
7,488,structured_50,331500
7,489,structured_50,330600
7,489,dense,396900
7,490,dense,395400
7,490,structured_50,355800
7,491,structured_50,332000
7,491,dense,404000
7,492,dense,398900
7,492,structured_50,327400
7,493,structured_50,338600
7,493,dense,414400
7,494,dense,410800
7,494,structured_50,330400
7,495,structured_50,323200
7,495,dense,400600
7,496,dense,430700
7,496,structured_50,338200
7,497,structured_50,342700
7,497,dense,1015000
7,498,dense,446500
7,498,structured_50,347700
7,499,structured_50,333900
7,499,dense,423000
7,500,dense,388700
7,500,structured_50,326400
7,501,structured_50,314000
7,501,dense,378300
7,502,dense,388000
7,502,structured_50,342300
7,503,structured_50,316500
7,503,dense,381800
7,504,dense,384900
7,504,structured_50,315900
7,505,structured_50,329700
7,505,dense,398000
7,506,dense,382800
7,506,structured_50,318600
7,507,structured_50,311200
7,507,dense,376400
7,508,dense,414600
7,508,structured_50,342600
7,509,structured_50,310800
7,509,dense,385200
7,510,dense,379900
7,510,structured_50,324600
7,511,structured_50,330400
7,511,dense,817700
7,512,dense,562100
7,512,structured_50,341100
7,513,structured_50,334800
7,513,dense,406300
7,514,dense,423100
7,514,structured_50,329400
7,515,structured_50,320300
7,515,dense,383600
7,516,dense,383500
7,516,structured_50,333700
7,517,structured_50,356100
7,517,dense,434000
7,518,dense,389800
7,518,structured_50,335200
7,519,structured_50,316700
7,519,dense,408300
7,520,dense,389500
7,520,structured_50,320100
7,521,structured_50,312100
7,521,dense,377800
7,522,dense,396500
7,522,structured_50,336200
7,523,structured_50,312600
7,523,dense,387900
7,524,dense,395800
7,524,structured_50,315700
7,525,structured_50,348300
7,525,dense,390800
7,526,dense,721600
7,526,structured_50,681800
7,527,structured_50,354800
7,527,dense,400200
7,528,dense,388800
7,528,structured_50,349800
7,529,structured_50,319700
7,529,dense,387000
7,530,dense,382000
7,530,structured_50,313100
7,531,structured_50,314100
7,531,dense,422200
7,532,dense,418800
7,532,structured_50,336000
7,533,structured_50,310600
7,533,dense,385600
7,534,dense,415200
7,534,structured_50,327500
7,535,structured_50,319900
7,535,dense,491600
7,536,dense,409800
7,536,structured_50,356700
7,537,structured_50,340500
7,537,dense,396800
7,538,dense,403500
7,538,structured_50,324900
7,539,structured_50,374700
7,539,dense,709500
7,540,dense,736700
7,540,structured_50,389200
7,541,structured_50,378900
7,541,dense,418700
7,542,dense,400000
7,542,structured_50,328000
7,543,structured_50,324100
7,543,dense,419300
7,544,dense,403600
7,544,structured_50,323600
7,545,structured_50,320300
7,545,dense,405700
7,546,dense,389900
7,546,structured_50,353700
7,547,structured_50,324200
7,547,dense,391200
7,548,dense,394900
7,548,structured_50,317400
7,549,structured_50,332800
7,549,dense,399500
7,550,dense,389900
7,550,structured_50,326900
7,551,structured_50,316500
7,551,dense,416900
7,552,dense,403800
7,552,structured_50,312000
7,553,structured_50,309300
7,553,dense,378800
7,554,dense,954400
7,554,structured_50,510800
7,555,structured_50,345300
7,555,dense,394400
7,556,dense,395600
7,556,structured_50,353500
7,557,structured_50,323800
7,557,dense,657600
7,558,dense,401400
7,558,structured_50,322200
7,559,structured_50,308400
7,559,dense,414500
7,560,dense,385200
7,560,structured_50,316400
7,561,structured_50,309200
7,561,dense,375500
7,562,dense,393700
7,562,structured_50,333200
7,563,structured_50,323800
7,563,dense,388700
7,564,dense,382700
7,564,structured_50,313200
7,565,structured_50,327200
7,565,dense,386200
7,566,dense,382500
7,566,structured_50,310200
7,567,structured_50,307700
7,567,dense,376200
7,568,dense,655400
7,568,structured_50,603100
7,569,structured_50,389100
7,569,dense,411900
7,570,dense,415000
7,570,structured_50,326600
7,571,structured_50,349400
7,571,dense,400700
7,572,dense,387900
7,572,structured_50,321700
7,573,structured_50,319800
7,573,dense,475500
7,574,dense,420400
7,574,structured_50,326300
7,575,structured_50,318100
7,575,dense,380400
7,576,dense,381000
7,576,structured_50,343200
7,577,structured_50,319000
7,577,dense,382500
7,578,dense,625000
7,578,structured_50,348600
7,579,structured_50,322900
7,579,dense,387000
7,580,dense,402900
7,580,structured_50,336500
7,581,structured_50,317300
7,581,dense,380600
7,582,dense,552400
7,582,structured_50,576400
7,583,structured_50,376200
7,583,dense,414100
7,584,dense,462900
7,584,structured_50,338800
7,585,structured_50,321600
7,585,dense,386400
7,586,dense,383900
7,586,structured_50,346600
7,587,structured_50,317000
7,587,dense,386800
7,588,dense,385800
7,588,structured_50,311100
7,589,structured_50,313000
7,589,dense,412000
7,590,dense,386800
7,590,structured_50,319300
7,591,structured_50,314900
7,591,dense,377500
7,592,dense,404800
7,592,structured_50,316400
7,593,structured_50,314900
7,593,dense,377800
7,594,dense,397600
7,594,structured_50,331200
7,595,structured_50,314100
7,595,dense,379600
7,596,dense,379100
7,596,structured_50,309200
7,597,structured_50,992600
7,597,dense,703200
7,598,dense,471100
7,598,structured_50,370700
7,599,structured_50,351000
7,599,dense,494700
7,600,dense,445800
7,600,structured_50,351500
7,601,structured_50,326300
7,601,dense,389100
7,602,dense,410800
7,602,structured_50,339400
7,603,structured_50,323300
7,603,dense,389800
7,604,dense,385600
7,604,structured_50,316900
7,605,structured_50,344000
7,605,dense,393900
7,606,dense,389400
7,606,structured_50,314500
7,607,structured_50,316100
7,607,dense,388000
7,608,dense,432000
7,608,structured_50,320900
7,609,structured_50,314300
7,609,dense,386200
7,610,dense,387200
7,610,structured_50,431800
7,611,structured_50,761200
7,611,dense,457300
7,612,dense,415500
7,612,structured_50,344400
7,613,structured_50,320100
7,613,dense,392700
7,614,dense,394000
7,614,structured_50,319000
7,615,structured_50,345100
7,615,dense,393200
7,616,dense,387600
7,616,structured_50,315200
7,617,structured_50,317200
7,617,dense,388600
7,618,dense,426200
7,618,structured_50,680300
7,619,structured_50,408300
7,619,dense,460200
7,620,dense,468300
7,620,structured_50,376900
7,621,structured_50,326400
7,621,dense,401200
7,622,dense,413600
7,622,structured_50,342000
7,623,structured_50,324000
7,623,dense,396500
7,624,dense,689300
7,624,structured_50,710900
7,625,structured_50,358100
7,625,dense,406300
7,626,dense,400500
7,626,structured_50,358600
7,627,structured_50,329200
7,627,dense,388400
7,628,dense,384400
7,628,structured_50,322700
7,629,structured_50,314900
7,629,dense,412600
7,630,dense,397100
7,630,structured_50,327700
7,631,structured_50,311900
7,631,dense,380400
7,632,dense,408300
7,632,structured_50,324500
7,633,structured_50,312100
7,633,dense,381100
7,634,dense,378400
7,634,structured_50,316500
7,635,structured_50,332800
7,635,dense,383900
7,636,dense,382600
7,636,structured_50,314200
7,637,structured_50,309300
7,637,dense,375900
7,638,dense,408300
7,638,structured_50,588900
7,639,structured_50,881000
7,639,dense,503500
7,640,dense,413700
7,640,structured_50,347400
7,641,structured_50,322900
7,641,dense,430000
7,642,dense,404700
7,642,structured_50,324700
7,643,structured_50,313700
7,643,dense,388200
7,644,dense,412100
7,644,structured_50,331400
7,645,structured_50,313800
7,645,dense,388400
7,646,dense,383500
7,646,structured_50,317200
7,647,structured_50,345600
7,647,dense,391800
7,648,dense,537600
7,648,structured_50,649200
7,649,structured_50,358900
7,649,dense,389400
7,650,dense,382900
7,650,structured_50,424200
7,651,structured_50,351200
7,651,dense,743700
7,652,dense,878200
7,652,structured_50,675900
7,653,structured_50,641300
7,653,dense,716300
7,654,dense,721200
7,654,structured_50,587800
7,655,structured_50,584300
7,655,dense,686000
7,656,dense,699900
7,656,structured_50,571000
7,657,structured_50,567400
7,657,dense,701900
7,658,dense,674100
7,658,structured_50,574800
7,659,structured_50,599400
7,659,dense,682600
7,660,dense,1245900
7,660,structured_50,486400
7,661,structured_50,364400
7,661,dense,466300
7,662,dense,400700
7,662,structured_50,322600
7,663,structured_50,319600
7,663,dense,377800
7,664,dense,405900
7,664,structured_50,325700
7,665,structured_50,314400
7,665,dense,381800
7,666,dense,414700
7,666,structured_50,314600
7,667,structured_50,339900
7,667,dense,389400
7,668,dense,385400
7,668,structured_50,311800
7,669,structured_50,310900
7,669,dense,393600
7,670,dense,408800
7,670,structured_50,326600
7,671,structured_50,312500
7,671,dense,377200
7,672,dense,377500
7,672,structured_50,343500
7,673,structured_50,315000
7,673,dense,405800
7,674,dense,403100
7,674,structured_50,506900
7,675,structured_50,435100
7,675,dense,407300
7,676,dense,391500
7,676,structured_50,319900
7,677,structured_50,348000
7,677,dense,390900
7,678,dense,387200
7,678,structured_50,313000
7,679,structured_50,313600
7,679,dense,445100
7,680,dense,411500
7,680,structured_50,312700
7,681,structured_50,299100
7,681,dense,362700
7,682,dense,368000
7,682,structured_50,324500
7,683,structured_50,301400
7,683,dense,363900
7,684,dense,364100
7,684,structured_50,299400
7,685,structured_50,300100
7,685,dense,387700
7,686,dense,373500
7,686,structured_50,302600
7,687,structured_50,295600
7,687,dense,359900
7,688,dense,360000
7,688,structured_50,324800
7,689,structured_50,311900
7,689,dense,396700
7,690,dense,570000
7,690,structured_50,480500
7,691,structured_50,359900
7,691,dense,413900
7,692,dense,386400
7,692,structured_50,307800
7,693,structured_50,306500
7,693,dense,397800
7,694,dense,379000
7,694,structured_50,317600
7,695,structured_50,314500
7,695,dense,374900
7,696,dense,426600
7,696,structured_50,373900
7,697,structured_50,357500
7,697,dense,447700
7,698,dense,448200
7,698,structured_50,395500
7,699,structured_50,380200
7,699,dense,460200
7,700,dense,469000
7,700,structured_50,409200
7,701,structured_50,689800
7,701,dense,520200
7,702,dense,506300
7,702,structured_50,421000
7,703,structured_50,393300
7,703,dense,800000
7,704,dense,503900
7,704,structured_50,384600
7,705,structured_50,370300
7,705,dense,497400
7,706,dense,458700
7,706,structured_50,374300
7,707,structured_50,365900
7,707,dense,474400
7,708,dense,470700
7,708,structured_50,367400
7,709,structured_50,361000
7,709,dense,446900
7,710,dense,473300
7,710,structured_50,380200
7,711,structured_50,360400
7,711,dense,443200
7,712,dense,452400
7,712,structured_50,398700
7,713,structured_50,383600
7,713,dense,438300
7,714,dense,468500
7,714,structured_50,385600
7,715,structured_50,399500
7,715,dense,451600
7,716,dense,682100
7,716,structured_50,446200
7,717,structured_50,423500
7,717,dense,471900
7,718,dense,577400
7,718,structured_50,383200
7,719,structured_50,359600
7,719,dense,463500
7,720,dense,423200
7,720,structured_50,344300
7,721,structured_50,346000
7,721,dense,400300
7,722,dense,438800
7,722,structured_50,325900
7,723,structured_50,322500
7,723,dense,387900
7,724,dense,400200
7,724,structured_50,332600
7,725,structured_50,312500
7,725,dense,381700
7,726,dense,388000
7,726,structured_50,332100
7,727,structured_50,334300
7,727,dense,388000
7,728,dense,384000
7,728,structured_50,314600
7,729,structured_50,351000
7,729,dense,412300
7,730,dense,703700
7,730,structured_50,368900
7,731,structured_50,325400
7,731,dense,387300
7,732,dense,403800
7,732,structured_50,311000
7,733,structured_50,301000
7,733,dense,368100
7,734,dense,367500
7,734,structured_50,299100
7,735,structured_50,322500
7,735,dense,371400
7,736,dense,368000
7,736,structured_50,302400
7,737,structured_50,299900
7,737,dense,362600
7,738,dense,389400
7,738,structured_50,307500
7,739,structured_50,296600
7,739,dense,366600
7,740,dense,383400
7,740,structured_50,321300
7,741,structured_50,350500
7,741,dense,404200
7,742,dense,386600
7,742,structured_50,310900
7,743,structured_50,309800
7,743,dense,419000
7,744,dense,419500
7,744,structured_50,371200
7,745,structured_50,394000
7,745,dense,535200
7,746,dense,527100
7,746,structured_50,417400
7,747,structured_50,375100
7,747,dense,463400
7,748,dense,476900
7,748,structured_50,389700
7,749,structured_50,369400
7,749,dense,447900
7,750,dense,466500
7,750,structured_50,433600
7,751,structured_50,419500
7,751,dense,500400
7,752,dense,490000
7,752,structured_50,399800
7,753,structured_50,428400
7,753,dense,485200
7,754,dense,489700
7,754,structured_50,413900
7,755,structured_50,431900
7,755,dense,491500
7,756,dense,490700
7,756,structured_50,397000
7,757,structured_50,393200
7,757,dense,769300
7,758,dense,560200
7,758,structured_50,528900
7,759,structured_50,431900
7,759,dense,515900
7,760,dense,495700
7,760,structured_50,404400
7,761,structured_50,403700
7,761,dense,524600
7,762,dense,495000
7,762,structured_50,401600
7,763,structured_50,399800
7,763,dense,512200
7,764,dense,507900
7,764,structured_50,410600
7,765,structured_50,396100
7,765,dense,503000
7,766,dense,512400
7,766,structured_50,410100
7,767,structured_50,397800
7,767,dense,483400
7,768,dense,502000
7,768,structured_50,403900
7,769,structured_50,905100
7,769,dense,624000
7,770,dense,530100
7,770,structured_50,563000
7,771,structured_50,409200
7,771,dense,462300
7,772,dense,496600
7,772,structured_50,386500
7,773,structured_50,367700
7,773,dense,447700
7,774,dense,433300
7,774,structured_50,384300
7,775,structured_50,361200
7,775,dense,432800
7,776,dense,432900
7,776,structured_50,355300
7,777,structured_50,394100
7,777,dense,441500
7,778,dense,427100
7,778,structured_50,350600
7,779,structured_50,341100
7,779,dense,441800
7,780,dense,417600
7,780,structured_50,338000
7,781,structured_50,339300
7,781,dense,431700
7,782,dense,679900
7,782,structured_50,373600
7,783,structured_50,348900
7,783,dense,423600
7,784,dense,476900
7,784,structured_50,388500
7,785,structured_50,358800
7,785,dense,417800
7,786,dense,398000
7,786,structured_50,356600
7,787,structured_50,327900
7,787,dense,410000
7,788,dense,398600
7,788,structured_50,325900
7,789,structured_50,320800
7,789,dense,415300
7,790,dense,395500
7,790,structured_50,320700
7,791,structured_50,317900
7,791,dense,384600
7,792,dense,414900
7,792,structured_50,334900
7,793,structured_50,322400
7,793,dense,387700
7,794,dense,392200
7,794,structured_50,319300
7,795,structured_50,349400
7,795,dense,396800
7,796,dense,393800
7,796,structured_50,680700
7,797,structured_50,349500
7,797,dense,415200
7,798,dense,405500
7,798,structured_50,450700
7,799,structured_50,344300
7,799,dense,397600
7,800,dense,392000
7,800,structured_50,327500
7,801,structured_50,323000
7,801,dense,426000
7,802,dense,397900
7,802,structured_50,324100
7,803,structured_50,322000
7,803,dense,386000
7,804,dense,416500
7,804,structured_50,326500
7,805,structured_50,323600
7,805,dense,386600
7,806,dense,389900
7,806,structured_50,330300
7,807,structured_50,349700
7,807,dense,401400
7,808,dense,411400
7,808,structured_50,538400
7,809,structured_50,445600
7,809,dense,577400
7,810,dense,723500
7,810,structured_50,446500
7,811,structured_50,446400
7,811,dense,413400
7,812,dense,388600
7,812,structured_50,324200
7,813,structured_50,312100
7,813,dense,410300
7,814,dense,394300
7,814,structured_50,323600
7,815,structured_50,317200
7,815,dense,379800
7,816,dense,383900
7,816,structured_50,345600
7,817,structured_50,321900
7,817,dense,381500
7,818,dense,384900
7,818,structured_50,311200
7,819,structured_50,322300
7,819,dense,401300
7,820,dense,384500
7,820,structured_50,386900
7,821,structured_50,332600
7,821,dense,410000
7,822,dense,411800
7,822,structured_50,320700
7,823,structured_50,316600
7,823,dense,660400
7,824,dense,724600
7,824,structured_50,363300
7,825,structured_50,333200
7,825,dense,405700
7,826,dense,422000
7,826,structured_50,333200
7,827,structured_50,317000
7,827,dense,384900
7,828,dense,488700
7,828,structured_50,350700
7,829,structured_50,337800
7,829,dense,394800
7,830,dense,387100
7,830,structured_50,316500
7,831,structured_50,313000
7,831,dense,405500
7,832,dense,395100
7,832,structured_50,322400
7,833,structured_50,315900
7,833,dense,386300
7,834,dense,385900
7,834,structured_50,341000
7,835,structured_50,317500
7,835,dense,389500
7,836,dense,380500
7,836,structured_50,313900
7,837,structured_50,322000
7,837,dense,402100
7,838,dense,828000
7,838,structured_50,700400
7,839,structured_50,353600
7,839,dense,405200
7,840,dense,394500
7,840,structured_50,351300
7,841,structured_50,317400
7,841,dense,382000
7,842,dense,386100
7,842,structured_50,310700
7,843,structured_50,312200
7,843,dense,409800
7,844,dense,394900
7,844,structured_50,328800
7,845,structured_50,309800
7,845,dense,378600
7,846,dense,408800
7,846,structured_50,327800
7,847,structured_50,314500
7,847,dense,384500
7,848,dense,381100
7,848,structured_50,313300
7,849,structured_50,354000
7,849,dense,395500
7,850,dense,376000
7,850,structured_50,298300
7,851,structured_50,294500
7,851,dense,360500
7,852,dense,402200
7,852,structured_50,345600
7,853,structured_50,332500
7,853,dense,573700
7,854,dense,439300
7,854,structured_50,361000
7,855,structured_50,325200
7,855,dense,386600
7,856,dense,384400
7,856,structured_50,320300
7,857,structured_50,337500
7,857,dense,386600
7,858,dense,387400
7,858,structured_50,311300
7,859,structured_50,312600
7,859,dense,379700
7,860,dense,409000
7,860,structured_50,337500
7,861,structured_50,315700
7,861,dense,380600
7,862,dense,387700
7,862,structured_50,333100
7,863,structured_50,321100
7,863,dense,385200
7,864,dense,378700
7,864,structured_50,313100
7,865,structured_50,318400
7,865,dense,405600
7,866,dense,387000
7,866,structured_50,313600
7,867,structured_50,388700
7,867,dense,395500
7,868,dense,445800
7,868,structured_50,392600
7,869,structured_50,338600
7,869,dense,387800
7,870,dense,399800
7,870,structured_50,362400
7,871,structured_50,328700
7,871,dense,381300
7,872,dense,403700
7,872,structured_50,317100
7,873,structured_50,327000
7,873,dense,388000
7,874,dense,374600
7,874,structured_50,308600
7,875,structured_50,303600
7,875,dense,374300
7,876,dense,374400
7,876,structured_50,341400
7,877,structured_50,319500
7,877,dense,397000
7,878,dense,402700
7,878,structured_50,339900
7,879,structured_50,370000
7,879,dense,433700
7,880,dense,434300
7,880,structured_50,367900
7,881,structured_50,362700
7,881,dense,482900
7,882,dense,488100
7,882,structured_50,392200
7,883,structured_50,777300
7,883,dense,610800
7,884,dense,513400
7,884,structured_50,418500
7,885,structured_50,387600
7,885,dense,467700
7,886,dense,458500
7,886,structured_50,406300
7,887,structured_50,393200
7,887,dense,467400
7,888,dense,459900
7,888,structured_50,376700
7,889,structured_50,414900
7,889,dense,463200
7,890,dense,465600
7,890,structured_50,382500
7,891,structured_50,378900
7,891,dense,496400
7,892,dense,461900
7,892,structured_50,378200
7,893,structured_50,370100
7,893,dense,478200
7,894,dense,471300
7,894,structured_50,1036700
7,895,structured_50,781300
7,895,dense,559600
7,896,dense,530000
7,896,structured_50,493700
7,897,structured_50,428700
7,897,dense,493000
7,898,dense,462400
7,898,structured_50,400700
7,899,structured_50,374700
7,899,dense,450800
7,900,dense,454400
7,900,structured_50,373100
7,901,structured_50,400400
7,901,dense,458200
7,902,dense,443900
7,902,structured_50,354800
7,903,structured_50,359200
7,903,dense,462900
7,904,dense,440100
7,904,structured_50,354900
7,905,structured_50,343500
7,905,dense,418200
7,906,dense,710300
7,906,structured_50,881700
7,907,structured_50,428800
7,907,dense,444700
7,908,dense,441000
7,908,structured_50,384300
7,909,structured_50,337500
7,909,dense,421200
7,910,dense,416400
7,910,structured_50,322400
7,911,structured_50,357700
7,911,dense,404600
7,912,dense,399400
7,912,structured_50,324700
7,913,structured_50,326900
7,913,dense,421200
7,914,dense,405800
7,914,structured_50,327600
7,915,structured_50,318700
7,915,dense,387200
7,916,dense,395200
7,916,structured_50,358700
7,917,structured_50,323600
7,917,dense,389600
7,918,dense,393500
7,918,structured_50,324800
7,919,structured_50,335000
7,919,dense,407000
7,920,dense,410000
7,920,structured_50,342200
7,921,structured_50,539800
7,921,dense,446500
7,922,dense,406700
7,922,structured_50,335500
7,923,structured_50,363000
7,923,dense,427300
7,924,dense,425300
7,924,structured_50,340100
7,925,structured_50,332800
7,925,dense,416500
7,926,dense,417700
7,926,structured_50,333000
7,927,structured_50,319700
7,927,dense,398000
7,928,dense,398600
7,928,structured_50,362900
7,929,structured_50,322000
7,929,dense,392200
7,930,dense,396900
7,930,structured_50,321200
7,931,structured_50,329200
7,931,dense,407300
7,932,dense,408300
7,932,structured_50,322100
7,933,structured_50,315800
7,933,dense,392400
7,934,dense,419400
7,934,structured_50,809100
7,935,structured_50,424300
7,935,dense,422400
7,936,dense,402900
7,936,structured_50,327800
7,937,structured_50,346500
7,937,dense,395100
7,938,dense,391500
7,938,structured_50,323800
7,939,structured_50,319000
7,939,dense,414800
7,940,dense,400800
7,940,structured_50,323200
7,941,structured_50,316300
7,941,dense,389600
7,942,dense,398800
7,942,structured_50,353700
7,943,structured_50,324900
7,943,dense,397100
7,944,dense,389600
7,944,structured_50,321100
7,945,structured_50,338400
7,945,dense,406400
7,946,dense,391600
7,946,structured_50,318400
7,947,structured_50,321700
7,947,dense,401600
7,948,dense,426900
7,948,structured_50,327600
7,949,structured_50,744600
7,949,dense,674600
7,950,dense,430100
7,950,structured_50,350100
7,951,structured_50,330400
7,951,dense,393500
7,952,dense,417400
7,952,structured_50,324000
7,953,structured_50,319100
7,953,dense,388500
7,954,dense,382400
7,954,structured_50,409900
7,955,structured_50,359100
7,955,dense,392400
7,956,dense,387400
7,956,structured_50,315700
7,957,structured_50,316800
7,957,dense,411800
7,958,dense,395300
7,958,structured_50,320400
7,959,structured_50,316300
7,959,dense,381500
7,960,dense,398400
7,960,structured_50,330500
7,961,structured_50,317100
7,961,dense,380800
7,962,dense,387300
7,962,structured_50,313600
7,963,structured_50,697200
7,963,dense,621700
7,964,dense,407900
7,964,structured_50,335600
7,965,structured_50,347600
7,965,dense,412700
7,966,dense,384000
7,966,structured_50,316400
7,967,structured_50,317100
7,967,dense,392700
7,968,dense,398400
7,968,structured_50,323600
7,969,structured_50,317000
7,969,dense,377700
7,970,dense,379500
7,970,structured_50,356200
7,971,structured_50,323300
7,971,dense,379500
7,972,dense,387400
7,972,structured_50,317700
7,973,structured_50,314900
7,973,dense,404500
7,974,dense,391000
7,974,structured_50,313600
7,975,structured_50,315100
7,975,dense,382700
7,976,dense,624700
7,976,structured_50,351600
7,977,structured_50,481800
7,977,dense,979600
7,978,dense,442000
7,978,structured_50,354700
7,979,structured_50,333700
7,979,dense,418100
7,980,dense,402400
7,980,structured_50,322400
7,981,structured_50,312900
7,981,dense,387300
7,982,dense,384500
7,982,structured_50,349400
7,983,structured_50,322200
7,983,dense,386100
7,984,dense,381200
7,984,structured_50,321000
7,985,structured_50,309000
7,985,dense,406200
7,986,dense,391400
7,986,structured_50,314200
7,987,structured_50,310900
7,987,dense,377800
7,988,dense,401700
7,988,structured_50,324800
7,989,structured_50,310900
7,989,dense,378500
7,990,dense,385200
7,990,structured_50,311400
7,991,structured_50,334800
7,991,dense,714400
7,992,dense,796200
7,992,structured_50,348200
7,993,structured_50,320000
7,993,dense,390200
7,994,dense,411900
7,994,structured_50,331800
7,995,structured_50,317800
7,995,dense,500600
7,996,dense,475300
7,996,structured_50,330900
7,997,structured_50,313700
7,997,dense,379500
7,998,dense,404900
7,998,structured_50,330300
7,999,structured_50,314100
7,999,dense,384200
7,1000,dense,381400
7,1000,structured_50,311600
7,1001,structured_50,337700
7,1001,dense,401800
7,1002,dense,389400
7,1002,structured_50,312000
7,1003,structured_50,308900
7,1003,dense,381700
7,1004,dense,411600
7,1004,structured_50,320500
7,1005,structured_50,315000
7,1005,dense,532000
7,1006,dense,847900
7,1006,structured_50,421000
7,1007,structured_50,386900
7,1007,dense,426300
7,1008,dense,389300
7,1008,structured_50,307300
7,1009,structured_50,300600
7,1009,dense,369200
7,1010,dense,394700
7,1010,structured_50,304900
7,1011,structured_50,298400
7,1011,dense,376600
7,1012,dense,369700
7,1012,structured_50,314800
7,1013,structured_50,319800
7,1013,dense,371300
7,1014,dense,364100
7,1014,structured_50,301300
7,1015,structured_50,298900
7,1015,dense,373600
7,1016,dense,380200
7,1016,structured_50,300500
7,1017,structured_50,296200
7,1017,dense,634900
7,1018,dense,417400
7,1018,structured_50,327500
7,1019,structured_50,313000
7,1019,dense,413300
7,1020,dense,474100
7,1020,structured_50,601400
7,1021,structured_50,592100
7,1021,dense,421500
7,1022,dense,387100
7,1022,structured_50,317400
7,1023,structured_50,319200
7,1023,dense,381200
7,1024,dense,373300
7,1024,structured_50,304200
7,1025,structured_50,321900
7,1025,dense,369200
7,1026,dense,395500
7,1026,structured_50,305400
7,1027,structured_50,299500
7,1027,dense,366800
7,1028,dense,368500
7,1028,structured_50,308600
7,1029,structured_50,326000
7,1029,dense,401900
7,1030,dense,399600
7,1030,structured_50,358200
7,1031,structured_50,364200
7,1031,dense,493200
7,1032,dense,523900
7,1032,structured_50,432400
7,1033,structured_50,441800
7,1033,dense,600500
7,1034,dense,914000
7,1034,structured_50,933500
7,1035,structured_50,462800
7,1035,dense,520100
7,1036,dense,556400
7,1036,structured_50,411500
7,1037,structured_50,391700
7,1037,dense,475600
7,1038,dense,497400
7,1038,structured_50,601200
7,1039,structured_50,440100
7,1039,dense,481800
7,1040,dense,464900
7,1040,structured_50,417100
7,1041,structured_50,362000
7,1041,dense,433100
7,1042,dense,419500
7,1042,structured_50,345600
7,1043,structured_50,380600
7,1043,dense,435200
7,1044,dense,402300
7,1044,structured_50,328800
7,1045,structured_50,329400
7,1045,dense,550900
7,1046,dense,720500
7,1046,structured_50,418200
7,1047,structured_50,372400
7,1047,dense,434900
7,1048,dense,402900
7,1048,structured_50,331300
7,1049,structured_50,467900
7,1049,dense,407700
7,1050,dense,579400
7,1050,structured_50,508800
7,1051,structured_50,330000
7,1051,dense,386200
7,1052,dense,412600
7,1052,structured_50,330800
7,1053,structured_50,335100
7,1053,dense,380600
7,1054,dense,379300
7,1054,structured_50,316200
7,1055,structured_50,337800
7,1055,dense,382400
7,1056,dense,386000
7,1056,structured_50,313000
7,1057,structured_50,312300
7,1057,dense,377400
7,1058,dense,413900
7,1058,structured_50,328300
7,1059,structured_50,371900
7,1059,dense,847100
7,1060,dense,882100
7,1060,structured_50,693900
7,1061,structured_50,610000
7,1061,dense,707700
7,1062,dense,695700
7,1062,structured_50,607300
7,1063,structured_50,584300
7,1063,dense,684000
7,1064,dense,727600
7,1064,structured_50,590300
7,1065,structured_50,571400
7,1065,dense,698700
7,1066,dense,681400
7,1066,structured_50,557700
7,1067,structured_50,616500
7,1067,dense,916200
7,1068,dense,560600
7,1068,structured_50,357300
7,1069,structured_50,326400
7,1069,dense,438400
7,1070,dense,393700
7,1070,structured_50,322200
7,1071,structured_50,318900
7,1071,dense,387300
7,1072,dense,413800
7,1072,structured_50,329600
7,1073,structured_50,326500
7,1073,dense,391100
7,1074,dense,381100
7,1074,structured_50,315200
7,1075,structured_50,338700
7,1075,dense,391200
7,1076,dense,388200
7,1076,structured_50,316100
7,1077,structured_50,310800
7,1077,dense,398300
7,1078,dense,401500
7,1078,structured_50,329700
7,1079,structured_50,326400
7,1079,dense,387700
7,1080,dense,387700
7,1080,structured_50,340600
7,1081,structured_50,318400
7,1081,dense,383700
7,1082,dense,413000
7,1082,structured_50,324700
7,1083,structured_50,454300
7,1083,dense,419200
7,1084,dense,402000
7,1084,structured_50,322100
7,1085,structured_50,310900
7,1085,dense,386200
7,1086,dense,413700
7,1086,structured_50,319600
7,1087,structured_50,314700
7,1087,dense,380800
7,1088,dense,379900
7,1088,structured_50,339200
7,1089,structured_50,328900
7,1089,dense,392600
7,1090,dense,399200
7,1090,structured_50,313400
7,1091,structured_50,309400
7,1091,dense,408200
7,1092,dense,393000
7,1092,structured_50,321500
7,1093,structured_50,311300
7,1093,dense,384500
7,1094,dense,392200
7,1094,structured_50,332700
7,1095,structured_50,388700
7,1095,dense,448700
7,1096,dense,391900
7,1096,structured_50,320900
7,1097,structured_50,356800
7,1097,dense,673200
7,1098,dense,744200
7,1098,structured_50,649400
7,1099,structured_50,612200
7,1099,dense,721800
7,1100,dense,704500
7,1100,structured_50,628300
7,1101,structured_50,635400
7,1101,dense,850700
7,1102,dense,891900
7,1102,structured_50,836300
7,1103,structured_50,769200
7,1103,dense,840800
7,1104,dense,891300
7,1104,structured_50,765300
7,1105,structured_50,877600
7,1105,dense,602200
7,1106,dense,515600
7,1106,structured_50,441700
7,1107,structured_50,424700
7,1107,dense,481900
7,1108,dense,480900
7,1108,structured_50,388700
7,1109,structured_50,414500
7,1109,dense,476900
7,1110,dense,467200
7,1110,structured_50,375200
7,1111,structured_50,405400
7,1111,dense,461700
7,1112,dense,449900
7,1112,structured_50,376100
7,1113,structured_50,361800
7,1113,dense,480900
7,1114,dense,463100
7,1114,structured_50,364400
7,1115,structured_50,357800
7,1115,dense,433300
7,1116,dense,467500
7,1116,structured_50,364500
7,1117,structured_50,357600
7,1117,dense,835500
7,1118,dense,797000
7,1118,structured_50,685600
7,1119,structured_50,650500
7,1119,dense,744200
7,1120,dense,798400
7,1120,structured_50,654200
7,1121,structured_50,582600
7,1121,dense,447400
7,1122,dense,434000
7,1122,structured_50,352700
7,1123,structured_50,387400
7,1123,dense,417900
7,1124,dense,411100
7,1124,structured_50,343000
7,1125,structured_50,331900
7,1125,dense,433600
7,1126,dense,416900
7,1126,structured_50,331000
7,1127,structured_50,327400
7,1127,dense,497200
7,1128,dense,773400
7,1128,structured_50,431500
7,1129,structured_50,344300
7,1129,dense,408900
7,1130,dense,385800
7,1130,structured_50,352800
7,1131,structured_50,309500
7,1131,dense,371000
7,1132,dense,368000
7,1132,structured_50,299200
7,1133,structured_50,295600
7,1133,dense,388400
7,1134,dense,371000
7,1134,structured_50,301900
7,1135,structured_50,296600
7,1135,dense,360900
7,1136,dense,377000
7,1136,structured_50,315100
7,1137,structured_50,296900
7,1137,dense,367000
7,1138,dense,362900
7,1138,structured_50,298800
7,1139,structured_50,323100
7,1139,dense,374000
7,1140,dense,366900
7,1140,structured_50,332500
7,1141,structured_50,302500
7,1141,dense,438900
7,1142,dense,386100
7,1142,structured_50,412200
7,1143,structured_50,497600
7,1143,dense,581400
7,1144,dense,414600
7,1144,structured_50,329300
7,1145,structured_50,304300
7,1145,dense,394200
7,1146,dense,382500
7,1146,structured_50,324800
7,1147,structured_50,302900
7,1147,dense,363700
7,1148,dense,361800
7,1148,structured_50,324900
7,1149,structured_50,305500
7,1149,dense,366700
7,1150,dense,362100
7,1150,structured_50,296000
7,1151,structured_50,293100
7,1151,dense,389500
7,1152,dense,379300
7,1152,structured_50,300900
7,1153,structured_50,294500
7,1153,dense,360900
7,1154,dense,359700
7,1154,structured_50,322500
7,1155,structured_50,304200
7,1155,dense,367900
7,1156,dense,363100
7,1156,structured_50,299900
7,1157,structured_50,303700
7,1157,dense,401900
7,1158,dense,415400
7,1158,structured_50,326300
7,1159,structured_50,626400
7,1159,dense,465100
7,1160,dense,435800
7,1160,structured_50,339800
7,1161,structured_50,333200
7,1161,dense,470600
7,1162,dense,456400
7,1162,structured_50,378800
7,1163,structured_50,647400
7,1163,dense,514100
7,1164,dense,721400
7,1164,structured_50,1106800
7,1165,structured_50,807300
7,1165,dense,783000
7,1166,dense,1563100
7,1166,structured_50,738500
7,1167,structured_50,1294400
7,1167,dense,1539100
7,1168,dense,564200
7,1168,structured_50,445200
7,1169,structured_50,425100
7,1169,dense,487100
7,1170,dense,495800
7,1170,structured_50,421300
7,1171,structured_50,407600
7,1171,dense,481500
7,1172,dense,481600
7,1172,structured_50,397200
7,1173,structured_50,394400
7,1173,dense,482700
7,1174,dense,476600
7,1174,structured_50,398200
7,1175,structured_50,392800
7,1175,dense,466000
7,1176,dense,474800
7,1176,structured_50,406100
7,1177,structured_50,1383800
7,1177,dense,580900
7,1178,dense,503400
7,1178,structured_50,446200
7,1179,structured_50,438000
7,1179,dense,557300
7,1180,dense,460600
7,1180,structured_50,471400
7,1181,structured_50,406600
7,1181,dense,471000
7,1182,dense,473600
7,1182,structured_50,398500
7,1183,structured_50,404000
7,1183,dense,468500
7,1184,dense,484200
7,1184,structured_50,395800
7,1185,structured_50,396800
7,1185,dense,463700
7,1186,dense,465000
7,1186,structured_50,395700
7,1187,structured_50,390600
7,1187,dense,467700
7,1188,dense,468900
7,1188,structured_50,375600
7,1189,structured_50,371100
7,1189,dense,804200
7,1190,dense,516100
7,1190,structured_50,440000
7,1191,structured_50,381300
7,1191,dense,465600
7,1192,dense,469100
7,1192,structured_50,411600
7,1193,structured_50,397700
7,1193,dense,482700
7,1194,dense,470300
7,1194,structured_50,412000
7,1195,structured_50,397700
7,1195,dense,461400
7,1196,dense,463300
7,1196,structured_50,388700
7,1197,structured_50,398400
7,1197,dense,463500
7,1198,dense,460300
7,1198,structured_50,392700
7,1199,structured_50,385600
7,1199,dense,469300
7,1200,dense,464400
7,1200,structured_50,369800
7,1201,structured_50,373200
7,1201,dense,506300
7,1202,dense,510500
7,1202,structured_50,406700
7,1203,structured_50,413900
7,1203,dense,484700
7,1204,dense,472000
7,1204,structured_50,428900
7,1205,structured_50,398100
7,1205,dense,447800
7,1206,dense,480900
7,1206,structured_50,433400
7,1207,structured_50,411400
7,1207,dense,446400
7,1208,dense,387400
7,1208,structured_50,360900
7,1209,structured_50,316600
7,1209,dense,384100
7,1210,dense,381700
7,1210,structured_50,310500
7,1211,structured_50,339800
7,1211,dense,388400
7,1212,dense,381300
7,1212,structured_50,311000
7,1213,structured_50,312900
7,1213,dense,393300
7,1214,dense,397800
7,1214,structured_50,328400
7,1215,structured_50,317300
7,1215,dense,436300
7,1216,dense,404200
7,1216,structured_50,376000
7,1217,structured_50,323200
7,1217,dense,397600
7,1218,dense,380400
7,1218,structured_50,311200
7,1219,structured_50,318700
7,1219,dense,395600
7,1220,dense,383100
7,1220,structured_50,315900
7,1221,structured_50,312800
7,1221,dense,386600
7,1222,dense,435900
7,1222,structured_50,338100
7,1223,structured_50,316200
7,1223,dense,392500
7,1224,dense,400300
7,1224,structured_50,366200
7,1225,structured_50,347100
7,1225,dense,425900
7,1226,dense,409200
7,1226,structured_50,338400
7,1227,structured_50,363400
7,1227,dense,418200
7,1228,dense,418100
7,1228,structured_50,349900
7,1229,structured_50,350700
7,1229,dense,455000
7,1230,dense,449000
7,1230,structured_50,367500
7,1231,structured_50,361400
7,1231,dense,434900
7,1232,dense,453000
7,1232,structured_50,355000
7,1233,structured_50,344700
7,1233,dense,424200
7,1234,dense,417900
7,1234,structured_50,379800
7,1235,structured_50,345300
7,1235,dense,418000
7,1236,dense,424100
7,1236,structured_50,344200
7,1237,structured_50,366800
7,1237,dense,428400
7,1238,dense,425900
7,1238,structured_50,353200
7,1239,structured_50,355600
7,1239,dense,454600
7,1240,dense,441100
7,1240,structured_50,357800
7,1241,structured_50,353300
7,1241,dense,434200
7,1242,dense,456000
7,1242,structured_50,368100
7,1243,structured_50,357800
7,1243,dense,428500
7,1244,dense,423600
7,1244,structured_50,765000
7,1245,structured_50,385200
7,1245,dense,441500
7,1246,dense,438100
7,1246,structured_50,372200
7,1247,structured_50,371700
7,1247,dense,431400
7,1248,dense,427300
7,1248,structured_50,349900
7,1249,structured_50,364500
7,1249,dense,468300
7,1250,dense,452300
7,1250,structured_50,380000
7,1251,structured_50,377800
7,1251,dense,471800
7,1252,dense,437100
7,1252,structured_50,346100
7,1253,structured_50,344300
7,1253,dense,400600
7,1254,dense,424700
7,1254,structured_50,354300
7,1255,structured_50,330200
7,1255,dense,400200
7,1256,dense,397100
7,1256,structured_50,786900
7,1257,structured_50,916800
7,1257,dense,618600
7,1258,dense,451800
7,1258,structured_50,407300
7,1259,structured_50,406900
7,1259,dense,445400
7,1260,dense,410300
7,1260,structured_50,327400
7,1261,structured_50,326000
7,1261,dense,416200
7,1262,dense,422400
7,1262,structured_50,334000
7,1263,structured_50,317100
7,1263,dense,380400
7,1264,dense,386200
7,1264,structured_50,346000
7,1265,structured_50,320100
7,1265,dense,386300
7,1266,dense,393700
7,1266,structured_50,325300
7,1267,structured_50,337200
7,1267,dense,408100
7,1268,dense,393200
7,1268,structured_50,325700
7,1269,structured_50,318600
7,1269,dense,389300
7,1270,dense,425000
7,1270,structured_50,333600
7,1271,structured_50,571700
7,1271,dense,447200
7,1272,dense,451300
7,1272,structured_50,482000
7,1273,structured_50,345500
7,1273,dense,451800
7,1274,dense,412500
7,1274,structured_50,333900
7,1275,structured_50,314900
7,1275,dense,387600
7,1276,dense,442300
7,1276,structured_50,366400
7,1277,structured_50,316300
7,1277,dense,380400
7,1278,dense,383200
7,1278,structured_50,317800
7,1279,structured_50,333900
7,1279,dense,391900
7,1280,dense,384000
7,1280,structured_50,313800
7,1281,structured_50,313600
7,1281,dense,380700
7,1282,dense,417000
7,1282,structured_50,319100
7,1283,structured_50,311700
7,1283,dense,379200
7,1284,dense,415500
7,1284,structured_50,371000
7,1285,structured_50,342600
7,1285,dense,647800
7,1286,dense,400800
7,1286,structured_50,333400
7,1287,structured_50,320200
7,1287,dense,388800
7,1288,dense,369200
7,1288,structured_50,295300
7,1289,structured_50,297400
7,1289,dense,355000
7,1290,dense,357900
7,1290,structured_50,322300
7,1291,structured_50,300000
7,1291,dense,357800
7,1292,dense,357800
7,1292,structured_50,290500
7,1293,structured_50,288000
7,1293,dense,375900
7,1294,dense,361800
7,1294,structured_50,300500
7,1295,structured_50,291700
7,1295,dense,378200
7,1296,dense,395500
7,1296,structured_50,371100
7,1297,structured_50,363000
7,1297,dense,442800
7,1298,dense,484900
7,1298,structured_50,526300
7,1299,structured_50,407400
7,1299,dense,481200
7,1300,dense,818800
7,1300,structured_50,677400
7,1301,structured_50,458600
7,1301,dense,535700
7,1302,dense,471800
7,1302,structured_50,385300
7,1303,structured_50,374300
7,1303,dense,455000
7,1304,dense,492900
7,1304,structured_50,384700
7,1305,structured_50,373200
7,1305,dense,454300
7,1306,dense,489200
7,1306,structured_50,384400
7,1307,structured_50,372700
7,1307,dense,457000
7,1308,dense,456800
7,1308,structured_50,404200
7,1309,structured_50,378900
7,1309,dense,456200
7,1310,dense,457100
7,1310,structured_50,379600
7,1311,structured_50,402200
7,1311,dense,543600
7,1312,dense,749100
7,1312,structured_50,452800
7,1313,structured_50,411200
7,1313,dense,464200
7,1314,dense,453100
7,1314,structured_50,371400
7,1315,structured_50,393600
7,1315,dense,458300
7,1316,dense,458900
7,1316,structured_50,369800
7,1317,structured_50,365200
7,1317,dense,469600
7,1318,dense,448200
7,1318,structured_50,364100
7,1319,structured_50,355000
7,1319,dense,434100
7,1320,dense,472900
7,1320,structured_50,361300
7,1321,structured_50,352800
7,1321,dense,434000
7,1322,dense,438500
7,1322,structured_50,392500
7,1323,structured_50,361200
7,1323,dense,435400
7,1324,dense,428300
7,1324,structured_50,354000
7,1325,structured_50,908700
7,1325,dense,480500
7,1326,dense,436200
7,1326,structured_50,352900
7,1327,structured_50,443500
7,1327,dense,416800
7,1328,dense,401000
7,1328,structured_50,330500
7,1329,structured_50,317000
7,1329,dense,412400
7,1330,dense,399300
7,1330,structured_50,320000
7,1331,structured_50,310100
7,1331,dense,380700
7,1332,dense,396300
7,1332,structured_50,338500
7,1333,structured_50,313100
7,1333,dense,380800
7,1334,dense,382200
7,1334,structured_50,313200
7,1335,structured_50,332700
7,1335,dense,396500
7,1336,dense,389500
7,1336,structured_50,319900
7,1337,structured_50,311200
7,1337,dense,382200
7,1338,dense,410800
7,1338,structured_50,322000
7,1339,structured_50,326000
7,1339,dense,735400
7,1340,dense,415900
7,1340,structured_50,348800
7,1341,structured_50,349100
7,1341,dense,395900
7,1342,dense,370100
7,1342,structured_50,301100
7,1343,structured_50,296900
7,1343,dense,355300
7,1344,dense,356000
7,1344,structured_50,324200
7,1345,structured_50,300600
7,1345,dense,378300
7,1346,dense,378800
7,1346,structured_50,296100
7,1347,structured_50,287800
7,1347,dense,384700
7,1348,dense,371500
7,1348,structured_50,304400
7,1349,structured_50,302500
7,1349,dense,369700
7,1350,dense,377600
7,1350,structured_50,328800
7,1351,structured_50,308700
7,1351,dense,400500
7,1352,dense,400100
7,1352,structured_50,362200
7,1353,structured_50,408400
7,1353,dense,480000
7,1354,dense,481600
7,1354,structured_50,423800
7,1355,structured_50,426100
7,1355,dense,468500
7,1356,dense,453600
7,1356,structured_50,373100
7,1357,structured_50,369500
7,1357,dense,475800
7,1358,dense,464900
7,1358,structured_50,378600
7,1359,structured_50,373300
7,1359,dense,458500
7,1360,dense,495400
7,1360,structured_50,398000
7,1361,structured_50,381200
7,1361,dense,459600
7,1362,dense,475400
7,1362,structured_50,393800
7,1363,structured_50,374900
7,1363,dense,458500
7,1364,dense,555900
7,1364,structured_50,417700
7,1365,structured_50,614900
7,1365,dense,523700
7,1366,dense,1037100
7,1366,structured_50,565500
7,1367,structured_50,415200
7,1367,dense,475600
7,1368,dense,463700
7,1368,structured_50,355400
7,1369,structured_50,373600
7,1369,dense,422000
7,1370,dense,403900
7,1370,structured_50,333300
7,1371,structured_50,320500
7,1371,dense,417600
7,1372,dense,397700
7,1372,structured_50,314000
7,1373,structured_50,314800
7,1373,dense,384200
7,1374,dense,415100
7,1374,structured_50,318400
7,1375,structured_50,325600
7,1375,dense,380900
7,1376,dense,379800
7,1376,structured_50,332300
7,1377,structured_50,330700
7,1377,dense,380900
7,1378,dense,380100
7,1378,structured_50,309900
7,1379,structured_50,312400
7,1379,dense,401200
7,1380,dense,426500
7,1380,structured_50,570200
7,1381,structured_50,409000
7,1381,dense,420200
7,1382,dense,379900
7,1382,structured_50,300200
7,1383,structured_50,324200
7,1383,dense,368600
7,1384,dense,358300
7,1384,structured_50,291700
7,1385,structured_50,291400
7,1385,dense,353200
7,1386,dense,389700
7,1386,structured_50,535200
7,1387,structured_50,333200
7,1387,dense,391700
7,1388,dense,386300
7,1388,structured_50,318800
7,1389,structured_50,344700
7,1389,dense,388500
7,1390,dense,383600
7,1390,structured_50,318500
7,1391,structured_50,311600
7,1391,dense,411600
7,1392,dense,411900
7,1392,structured_50,314600
7,1393,structured_50,310800
7,1393,dense,377200
7,1394,dense,382800
7,1394,structured_50,397900
7,1395,structured_50,450200
7,1395,dense,579200
7,1396,dense,439300
7,1396,structured_50,456800
7,1397,structured_50,366700
7,1397,dense,396400
7,1398,dense,392300
7,1398,structured_50,359500
7,1399,structured_50,319600
7,1399,dense,383800
7,1400,dense,382100
7,1400,structured_50,315800
7,1401,structured_50,309200
7,1401,dense,409000
7,1402,dense,391100
7,1402,structured_50,313100
7,1403,structured_50,309100
7,1403,dense,380200
7,1404,dense,404700
7,1404,structured_50,329500
7,1405,structured_50,311900
7,1405,dense,377700
7,1406,dense,380600
7,1406,structured_50,315700
7,1407,structured_50,342500
7,1407,dense,386000
7,1408,dense,390400
7,1408,structured_50,311700
7,1409,structured_50,314700
7,1409,dense,393600
7,1410,dense,509900
7,1410,structured_50,587300
7,1411,structured_50,376300
7,1411,dense,474600
7,1412,dense,440300
7,1412,structured_50,370300
7,1413,structured_50,348600
7,1413,dense,412200
7,1414,dense,434100
7,1414,structured_50,333900
7,1415,structured_50,316900
7,1415,dense,389700
7,1416,dense,381600
7,1416,structured_50,341200
7,1417,structured_50,447500
7,1417,dense,512600
7,1418,dense,402400
7,1418,structured_50,329700
7,1419,structured_50,313100
7,1419,dense,410700
7,1420,dense,391200
7,1420,structured_50,318400
7,1421,structured_50,312900
7,1421,dense,376400
7,1422,dense,380500
7,1422,structured_50,348400
7,1423,structured_50,328000
7,1423,dense,403200
7,1424,dense,385300
7,1424,structured_50,623200
7,1425,structured_50,404000
7,1425,dense,402900
7,1426,dense,399400
7,1426,structured_50,327700
7,1427,structured_50,342000
7,1427,dense,395500
7,1428,dense,382900
7,1428,structured_50,314400
7,1429,structured_50,315100
7,1429,dense,384100
7,1430,dense,428100
7,1430,structured_50,321300
7,1431,structured_50,316300
7,1431,dense,380300
7,1432,dense,389300
7,1432,structured_50,338000
7,1433,structured_50,318400
7,1433,dense,387100
7,1434,dense,380300
7,1434,structured_50,313600
7,1435,structured_50,309500
7,1435,dense,405100
7,1436,dense,386900
7,1436,structured_50,319200
7,1437,structured_50,310800
7,1437,dense,377900
7,1438,dense,392200
7,1438,structured_50,496300
7,1439,structured_50,342000
7,1439,dense,597600
7,1440,dense,400400
7,1440,structured_50,332400
7,1441,structured_50,303400
7,1441,dense,387200
7,1442,dense,374300
7,1442,structured_50,300200
7,1443,structured_50,289600
7,1443,dense,358700
7,1444,dense,354300
7,1444,structured_50,313200
7,1445,structured_50,300200
7,1445,dense,351400
7,1446,dense,354300
7,1446,structured_50,290200
7,1447,structured_50,291900
7,1447,dense,366900
7,1448,dense,369700
7,1448,structured_50,297100
7,1449,structured_50,294600
7,1449,dense,351800
7,1450,dense,360600
7,1450,structured_50,310700
7,1451,structured_50,322100
7,1451,dense,371700
7,1452,dense,383100
7,1452,structured_50,326500
7,1453,structured_50,337800
7,1453,dense,415400
7,1454,dense,400300
7,1454,structured_50,350100
7,1455,structured_50,528400
7,1455,dense,631000
7,1456,dense,635000
7,1456,structured_50,390900
7,1457,structured_50,357100
7,1457,dense,433100
7,1458,dense,451200
7,1458,structured_50,364800
7,1459,structured_50,346100
7,1459,dense,694100
7,1460,dense,448600
7,1460,structured_50,357800
7,1461,structured_50,351200
7,1461,dense,458500
7,1462,dense,426400
7,1462,structured_50,347500
7,1463,structured_50,341100
7,1463,dense,417100
7,1464,dense,450900
7,1464,structured_50,362500
7,1465,structured_50,347400
7,1465,dense,417800
7,1466,dense,417700
7,1466,structured_50,376400
7,1467,structured_50,384300
7,1467,dense,428800
7,1468,dense,782600
7,1468,structured_50,634800
7,1469,structured_50,620400
7,1469,dense,715900
7,1470,dense,717100
7,1470,structured_50,597100
7,1471,structured_50,592000
7,1471,dense,689500
7,1472,dense,686500
7,1472,structured_50,580100
7,1473,structured_50,592000
7,1473,dense,661400
7,1474,dense,674700
7,1474,structured_50,577800
7,1475,structured_50,387800
7,1475,dense,419400
7,1476,dense,432200
7,1476,structured_50,393900
7,1477,structured_50,681400
7,1477,dense,467800
7,1478,dense,413300
7,1478,structured_50,352500
7,1479,structured_50,336100
7,1479,dense,474800
7,1480,dense,407400
7,1480,structured_50,336400
7,1481,structured_50,322100
7,1481,dense,413600
7,1482,dense,403800
7,1482,structured_50,316600
7,1483,structured_50,313300
7,1483,dense,385300
7,1484,dense,404700
7,1484,structured_50,322200
7,1485,structured_50,318200
7,1485,dense,377500
7,1486,dense,384700
7,1486,structured_50,313600
7,1487,structured_50,341100
7,1487,dense,386100
7,1488,dense,381000
7,1488,structured_50,315600
7,1489,structured_50,307900
7,1489,dense,395100
7,1490,dense,401800
7,1490,structured_50,336800
7,1491,structured_50,318700
7,1491,dense,417000
7,1492,dense,874100
7,1492,structured_50,488200
7,1493,structured_50,347700
7,1493,dense,758400
7,1494,dense,431700
7,1494,structured_50,328900
7,1495,structured_50,315300
7,1495,dense,379600
7,1496,dense,419900
7,1496,structured_50,320100
7,1497,structured_50,316000
7,1497,dense,377700
7,1498,dense,379900
7,1498,structured_50,333000
7,1499,structured_50,322500
7,1499,dense,378700
7,1500,dense,379500
7,1500,structured_50,310900
7,1501,structured_50,308000
7,1501,dense,405500
7,1502,dense,389700
7,1502,structured_50,315700
7,1503,structured_50,307000
7,1503,dense,377500
7,1504,dense,384700
7,1504,structured_50,340000
7,1505,structured_50,327800
7,1505,dense,402000
7,1506,dense,702900
7,1506,structured_50,394200
7,1507,structured_50,329800
7,1507,dense,400900
7,1508,dense,436300
7,1508,structured_50,336500
7,1509,structured_50,317900
7,1509,dense,384100
7,1510,dense,381900
7,1510,structured_50,314200
7,1511,structured_50,339700
7,1511,dense,397900
7,1512,dense,393800
7,1512,structured_50,319800
7,1513,structured_50,309100
7,1513,dense,397300
7,1514,dense,404100
7,1514,structured_50,316400
7,1515,structured_50,493000
7,1515,dense,409600
7,1516,dense,392700
7,1516,structured_50,316400
7,1517,structured_50,318700
7,1517,dense,406200
7,1518,dense,393200
7,1518,structured_50,319800
7,1519,structured_50,315300
7,1519,dense,380300
7,1520,dense,854000
7,1520,structured_50,497800
7,1521,structured_50,348800
7,1521,dense,422600
7,1522,dense,409800
7,1522,structured_50,338600
7,1523,structured_50,306100
7,1523,dense,370400
7,1524,dense,371400
7,1524,structured_50,305100
7,1525,structured_50,297600
7,1525,dense,393700
7,1526,dense,377500
7,1526,structured_50,306400
7,1527,structured_50,300100
7,1527,dense,383400
7,1528,dense,363100
7,1528,structured_50,328400
7,1529,structured_50,304900
7,1529,dense,363900
7,1530,dense,368400
7,1530,structured_50,301200
7,1531,structured_50,299600
7,1531,dense,387800
7,1532,dense,366400
7,1532,structured_50,299800
7,1533,structured_50,296600
7,1533,dense,362000
7,1534,dense,362000
7,1534,structured_50,356400
7,1535,structured_50,448200
7,1535,dense,951500
7,1536,dense,508300
7,1536,structured_50,379500
7,1537,structured_50,359500
7,1537,dense,464300
7,1538,dense,427200
7,1538,structured_50,343900
7,1539,structured_50,337100
7,1539,dense,418200
7,1540,dense,451600
7,1540,structured_50,362900
7,1541,structured_50,398500
7,1541,dense,506300
7,1542,dense,500100
7,1542,structured_50,413300
7,1543,structured_50,398800
7,1543,dense,492000
7,1544,dense,493100
7,1544,structured_50,433800
7,1545,structured_50,408300
7,1545,dense,485800
7,1546,dense,492600
7,1546,structured_50,437100
7,1547,structured_50,411600
7,1547,dense,510700
7,1548,dense,875700
7,1548,structured_50,448100
7,1549,structured_50,408300
7,1549,dense,525400
7,1550,dense,503200
7,1550,structured_50,403000
7,1551,structured_50,387200
7,1551,dense,469800
7,1552,dense,509700
7,1552,structured_50,394200
7,1553,structured_50,391400
7,1553,dense,771200
7,1554,dense,505900
7,1554,structured_50,409800
7,1555,structured_50,423700
7,1555,dense,480700
7,1556,dense,477700
7,1556,structured_50,391800
7,1557,structured_50,372800
7,1557,dense,493100
7,1558,dense,469300
7,1558,structured_50,448900
7,1559,structured_50,801000
7,1559,dense,539600
7,1560,dense,481000
7,1560,structured_50,413100
7,1561,structured_50,384900
7,1561,dense,453000
7,1562,dense,451400
7,1562,structured_50,371500
7,1563,structured_50,393600
7,1563,dense,447800
7,1564,dense,436600
7,1564,structured_50,360500
7,1565,structured_50,356800
7,1565,dense,462600
7,1566,dense,437100
7,1566,structured_50,350100
7,1567,structured_50,346700
7,1567,dense,427900
7,1568,dense,454700
7,1568,structured_50,353700
7,1569,structured_50,343600
7,1569,dense,409500
7,1570,dense,409800
7,1570,structured_50,361900
7,1571,structured_50,350700
7,1571,dense,412900
7,1572,dense,433200
7,1572,structured_50,508900
7,1573,structured_50,392600
7,1573,dense,443900
7,1574,dense,439700
7,1574,structured_50,340600
7,1575,structured_50,331500
7,1575,dense,401400
7,1576,dense,395600
7,1576,structured_50,352900
7,1577,structured_50,330200
7,1577,dense,550500
7,1578,dense,550000
7,1578,structured_50,349200
7,1579,structured_50,335800
7,1579,dense,398600
7,1580,dense,402000
7,1580,structured_50,318600
7,1581,structured_50,312600
7,1581,dense,378700
7,1582,dense,381500
7,1582,structured_50,342700
7,1583,structured_50,325900
7,1583,dense,389300
7,1584,dense,386300
7,1584,structured_50,315000
7,1585,structured_50,309300
7,1585,dense,407300
7,1586,dense,405400
7,1586,structured_50,349000
7,1587,structured_50,440400
7,1587,dense,825700
7,1588,dense,719000
7,1588,structured_50,627900
7,1589,structured_50,594500
7,1589,dense,679900
7,1590,dense,689500
7,1590,structured_50,595700
7,1591,structured_50,575400
7,1591,dense,705000
7,1592,dense,690300
7,1592,structured_50,581700
7,1593,structured_50,605800
7,1593,dense,687400
7,1594,dense,686800
7,1594,structured_50,611600
7,1595,structured_50,640000
7,1595,dense,646500
7,1596,dense,426400
7,1596,structured_50,362900
7,1597,structured_50,383700
7,1597,dense,395800
7,1598,dense,386900
7,1598,structured_50,318700
7,1599,structured_50,313500
7,1599,dense,406200
7,1600,dense,397500
7,1600,structured_50,322900
7,1601,structured_50,316200
7,1601,dense,380800
7,1602,dense,383700
7,1602,structured_50,347200
7,1603,structured_50,316300
7,1603,dense,382000
7,1604,dense,384700
7,1604,structured_50,317600
7,1605,structured_50,324300
7,1605,dense,401000
7,1606,dense,386000
7,1606,structured_50,319400
7,1607,structured_50,308900
7,1607,dense,401400
7,1608,dense,395700
7,1608,structured_50,316500
7,1609,structured_50,309900
7,1609,dense,393200
7,1610,dense,826600
7,1610,structured_50,420000
7,1611,structured_50,346400
7,1611,dense,419300
7,1612,dense,404800
7,1612,structured_50,364900
7,1613,structured_50,318700
7,1613,dense,393500
7,1614,dense,405300
7,1614,structured_50,318200
7,1615,structured_50,333000
7,1615,dense,400500
7,1616,dense,385600
7,1616,structured_50,312700
7,1617,structured_50,311600
7,1617,dense,384100
7,1618,dense,411800
7,1618,structured_50,323700
7,1619,structured_50,311800
7,1619,dense,469900
7,1620,dense,408600
7,1620,structured_50,347500
7,1621,structured_50,325200
7,1621,dense,383200
7,1622,dense,384000
7,1622,structured_50,317200
7,1623,structured_50,312000
7,1623,dense,409600
7,1624,dense,392700
7,1624,structured_50,957400
7,1625,structured_50,343300
7,1625,dense,471200
7,1626,dense,379400
7,1626,structured_50,304100
7,1627,structured_50,301500
7,1627,dense,366600
7,1628,dense,384300
7,1628,structured_50,300900
7,1629,structured_50,291800
7,1629,dense,354200
7,1630,dense,360300
7,1630,structured_50,309800
7,1631,structured_50,312100
7,1631,dense,361900
7,1632,dense,378700
7,1632,structured_50,306400
7,1633,structured_50,316100
7,1633,dense,409200
7,1634,dense,411700
7,1634,structured_50,335200
7,1635,structured_50,336100
7,1635,dense,409200
7,1636,dense,421400
7,1636,structured_50,349800
7,1637,structured_50,356400
7,1637,dense,446100
7,1638,dense,458300
7,1638,structured_50,451400
7,1639,structured_50,564900
7,1639,dense,1091100
7,1640,dense,715600
7,1640,structured_50,415200
7,1641,structured_50,378800
7,1641,dense,483200
7,1642,dense,459900
7,1642,structured_50,370700
7,1643,structured_50,355200
7,1643,dense,439200
7,1644,dense,535100
7,1644,structured_50,378400
7,1645,structured_50,357100
7,1645,dense,431400
7,1646,dense,508000
7,1646,structured_50,417900
7,1647,structured_50,364000
7,1647,dense,430700
7,1648,dense,552000
7,1648,structured_50,375600
7,1649,structured_50,501400
7,1649,dense,477100
7,1650,dense,742900
7,1650,structured_50,403200
7,1651,structured_50,400500
7,1651,dense,605200
7,1652,dense,457400
7,1652,structured_50,355400
7,1653,structured_50,358500
7,1653,dense,425700
7,1654,dense,441700
7,1654,structured_50,348900
7,1655,structured_50,336900
7,1655,dense,397200
7,1656,dense,392300
7,1656,structured_50,322300
7,1657,structured_50,417100
7,1657,dense,392900
7,1658,dense,399600
7,1658,structured_50,329100
7,1659,structured_50,315300
7,1659,dense,412500
7,1660,dense,388000
7,1660,structured_50,320900
7,1661,structured_50,308500
7,1661,dense,379600
7,1662,dense,392100
7,1662,structured_50,336600
7,1663,structured_50,318400
7,1663,dense,392300
7,1664,dense,400100
7,1664,structured_50,320700
7,1665,structured_50,762400
7,1665,dense,453700
7,1666,dense,405600
7,1666,structured_50,327200
7,1667,structured_50,347800
7,1667,dense,403600
7,1668,dense,384200
7,1668,structured_50,317800
7,1669,structured_50,317400
7,1669,dense,380100
7,1670,dense,411500
7,1670,structured_50,336700
7,1671,structured_50,342700
7,1671,dense,418100
7,1672,dense,422200
7,1672,structured_50,349500
7,1673,structured_50,322700
7,1673,dense,390500
7,1674,dense,384000
7,1674,structured_50,313600
7,1675,structured_50,317500
7,1675,dense,429200
7,1676,dense,393700
7,1676,structured_50,312400
7,1677,structured_50,316000
7,1677,dense,379500
7,1678,dense,405300
7,1678,structured_50,661700
7,1679,structured_50,625400
7,1679,dense,449400
7,1680,dense,430500
7,1680,structured_50,342200
7,1681,structured_50,378400
7,1681,dense,406700
7,1682,dense,409400
7,1682,structured_50,328800
7,1683,structured_50,339900
7,1683,dense,444300
7,1684,dense,401500
7,1684,structured_50,324800
7,1685,structured_50,312900
7,1685,dense,396800
7,1686,dense,466700
7,1686,structured_50,331100
7,1687,structured_50,319300
7,1687,dense,395100
7,1688,dense,389600
7,1688,structured_50,315900
7,1689,structured_50,346800
7,1689,dense,388200
7,1690,dense,386100
7,1690,structured_50,422800
7,1691,structured_50,325700
7,1691,dense,411600
7,1692,dense,631600
7,1692,structured_50,982400
7,1693,structured_50,373300
7,1693,dense,461400
7,1694,dense,444600
7,1694,structured_50,360900
7,1695,structured_50,334000
7,1695,dense,394200
7,1696,dense,387700
7,1696,structured_50,328200
7,1697,structured_50,352100
7,1697,dense,399800
7,1698,dense,384200
7,1698,structured_50,298000
7,1699,structured_50,292900
7,1699,dense,370300
7,1700,dense,373300
7,1700,structured_50,297100
7,1701,structured_50,295100
7,1701,dense,352800
7,1702,dense,358000
7,1702,structured_50,310500
7,1703,structured_50,304500
7,1703,dense,358200
7,1704,dense,360300
7,1704,structured_50,295300
7,1705,structured_50,301700
7,1705,dense,373800
7,1706,dense,402600
7,1706,structured_50,324700
7,1707,structured_50,626900
7,1707,dense,874700
7,1708,dense,459000
7,1708,structured_50,355200
7,1709,structured_50,330000
7,1709,dense,436600
7,1710,dense,410900
7,1710,structured_50,417500
7,1711,structured_50,597700
7,1711,dense,441300
7,1712,dense,400800
7,1712,structured_50,323700
7,1713,structured_50,314900
7,1713,dense,426900
7,1714,dense,395600
7,1714,structured_50,325500
7,1715,structured_50,321700
7,1715,dense,385700
7,1716,dense,410000
7,1716,structured_50,326700
7,1717,structured_50,318600
7,1717,dense,383200
7,1718,dense,389400
7,1718,structured_50,317400
7,1719,structured_50,348600
7,1719,dense,401700
7,1720,dense,391300
7,1720,structured_50,330300
7,1721,structured_50,334100
7,1721,dense,890900
7,1722,dense,496000
7,1722,structured_50,356900
7,1723,structured_50,332000
7,1723,dense,402000
7,1724,dense,394600
7,1724,structured_50,335700
7,1725,structured_50,331400
7,1725,dense,405000
7,1726,dense,467200
7,1726,structured_50,350000
7,1727,structured_50,321600
7,1727,dense,398100
7,1728,dense,580400
7,1728,structured_50,352700
7,1729,structured_50,331100
7,1729,dense,433000
7,1730,dense,418600
7,1730,structured_50,326500
7,1731,structured_50,485900
7,1731,dense,430000
7,1732,dense,514600
7,1732,structured_50,373400
7,1733,structured_50,380300
7,1733,dense,411900
7,1734,dense,448400
7,1734,structured_50,634400
7,1735,structured_50,376800
7,1735,dense,398600
7,1736,dense,392600
7,1736,structured_50,323000
7,1737,structured_50,355600
7,1737,dense,440300
7,1738,dense,460200
7,1738,structured_50,327100
7,1739,structured_50,319800
7,1739,dense,410200
7,1740,dense,394600
7,1740,structured_50,318000
7,1741,structured_50,309100
7,1741,dense,377300
7,1742,dense,386500
7,1742,structured_50,357100
7,1743,structured_50,327000
7,1743,dense,389900
7,1744,dense,390800
7,1744,structured_50,340000
7,1745,structured_50,343200
7,1745,dense,407800
7,1746,dense,400200
7,1746,structured_50,325400
7,1747,structured_50,322100
7,1747,dense,387900
7,1748,dense,412800
7,1748,structured_50,329800
7,1749,structured_50,612100
7,1749,dense,743500
7,1750,dense,437200
7,1750,structured_50,336700
7,1751,structured_50,366600
7,1751,dense,413900
7,1752,dense,406000
7,1752,structured_50,343200
7,1753,structured_50,327700
7,1753,dense,436300
7,1754,dense,410000
7,1754,structured_50,621700
7,1755,structured_50,513300
7,1755,dense,438600
7,1756,dense,397300
7,1756,structured_50,353200
7,1757,structured_50,390200
7,1757,dense,398600
7,1758,dense,595700
7,1758,structured_50,350100
7,1759,structured_50,357600
7,1759,dense,398000
7,1760,dense,387800
7,1760,structured_50,316500
7,1761,structured_50,353400
7,1761,dense,833800
7,1762,dense,516300
7,1762,structured_50,360200
7,1763,structured_50,334800
7,1763,dense,400300
7,1764,dense,430000
7,1764,structured_50,332800
7,1765,structured_50,321300
7,1765,dense,387300
7,1766,dense,388300
7,1766,structured_50,354000
7,1767,structured_50,327400
7,1767,dense,395300
7,1768,dense,387200
7,1768,structured_50,324600
7,1769,structured_50,329800
7,1769,dense,411600
7,1770,dense,394400
7,1770,structured_50,321200
7,1771,structured_50,315400
7,1771,dense,385100
7,1772,dense,417100
7,1772,structured_50,338200
7,1773,structured_50,321100
7,1773,dense,387000
7,1774,dense,390900
7,1774,structured_50,377900
7,1775,structured_50,712000
7,1775,dense,763600
7,1776,dense,648600
7,1776,structured_50,369500
7,1777,structured_50,333900
7,1777,dense,432500
7,1778,dense,411400
7,1778,structured_50,327700
7,1779,structured_50,320200
7,1779,dense,395900
7,1780,dense,413200
7,1780,structured_50,345300
7,1781,structured_50,321900
7,1781,dense,398500
7,1782,dense,382700
7,1782,structured_50,320000
7,1783,structured_50,336600
7,1783,dense,390900
7,1784,dense,382800
7,1784,structured_50,319900
7,1785,structured_50,312900
7,1785,dense,382600
7,1786,dense,412300
7,1786,structured_50,321900
7,1787,structured_50,318800
7,1787,dense,380700
7,1788,dense,379200
7,1788,structured_50,338900
7,1789,structured_50,345000
7,1789,dense,394500
7,1790,dense,410400
7,1790,structured_50,1089000
7,1791,structured_50,730200
7,1791,dense,727600
7,1792,dense,699400
7,1792,structured_50,691700
7,1793,structured_50,610500
7,1793,dense,688300
7,1794,dense,713400
7,1794,structured_50,387000
7,1795,structured_50,325500
7,1795,dense,417600
7,1796,dense,412700
7,1796,structured_50,353700
7,1797,structured_50,324100
7,1797,dense,409800
7,1798,dense,392900
7,1798,structured_50,344600
7,1799,structured_50,354400
7,1799,dense,407300
7,1800,dense,944700
7,1800,structured_50,474600
7,1801,structured_50,405100
7,1801,dense,487600
7,1802,dense,442800
7,1802,structured_50,340100
7,1803,structured_50,415200
7,1803,dense,411800
7,1804,dense,422400
7,1804,structured_50,328700
7,1805,structured_50,320100
7,1805,dense,385300
7,1806,dense,387900
7,1806,structured_50,320800
7,1807,structured_50,344500
7,1807,dense,396100
7,1808,dense,434700
7,1808,structured_50,361200
7,1809,structured_50,376300
7,1809,dense,511300
7,1810,dense,578700
7,1810,structured_50,491600
7,1811,structured_50,474400
7,1811,dense,639400
7,1812,dense,550900
7,1812,structured_50,451400
7,1813,structured_50,517800
7,1813,dense,896700
7,1814,dense,847900
7,1814,structured_50,604100
7,1815,structured_50,463100
7,1815,dense,585600
7,1816,dense,544900
7,1816,structured_50,435400
7,1817,structured_50,410000
7,1817,dense,500400
7,1818,dense,538800
7,1818,structured_50,408000
7,1819,structured_50,402700
7,1819,dense,489300
7,1820,dense,522500
7,1820,structured_50,404600
7,1821,structured_50,385700
7,1821,dense,471300
7,1822,dense,487100
7,1822,structured_50,395500
7,1823,structured_50,385300
7,1823,dense,479900
7,1824,dense,539600
7,1824,structured_50,455500
7,1825,structured_50,390700
7,1825,dense,461600
7,1826,dense,451200
7,1826,structured_50,370700
7,1827,structured_50,391800
7,1827,dense,438400
7,1828,dense,436900
7,1828,structured_50,355000
7,1829,structured_50,352100
7,1829,dense,452300
7,1830,dense,426300
7,1830,structured_50,346600
7,1831,structured_50,340700
7,1831,dense,425300
7,1832,dense,440100
7,1832,structured_50,351200
7,1833,structured_50,332600
7,1833,dense,406100
7,1834,dense,397000
7,1834,structured_50,353100
7,1835,structured_50,419500
7,1835,dense,418900
7,1836,dense,407400
7,1836,structured_50,331500
7,1837,structured_50,356100
7,1837,dense,615500
7,1838,dense,481600
7,1838,structured_50,354200
7,1839,structured_50,330400
7,1839,dense,426900
7,1840,dense,395200
7,1840,structured_50,363500
7,1841,structured_50,325800
7,1841,dense,388600
7,1842,dense,415400
7,1842,structured_50,334900
7,1843,structured_50,319100
7,1843,dense,387400
7,1844,dense,383500
7,1844,structured_50,316000
7,1845,structured_50,340900
7,1845,dense,383000
7,1846,dense,388600
7,1846,structured_50,311200
7,1847,structured_50,308600
7,1847,dense,394900
7,1848,dense,410300
7,1848,structured_50,320800
7,1849,structured_50,348000
7,1849,dense,387000
7,1850,dense,380500
7,1850,structured_50,337600
7,1851,structured_50,321200
7,1851,dense,417100
7,1852,dense,396200
7,1852,structured_50,655700
7,1853,structured_50,375700
7,1853,dense,439800
7,1854,dense,401200
7,1854,structured_50,381900
7,1855,structured_50,342200
7,1855,dense,420300
7,1856,dense,439800
7,1856,structured_50,367400
7,1857,structured_50,376200
7,1857,dense,439300
7,1858,dense,417200
7,1858,structured_50,333500
7,1859,structured_50,326300
7,1859,dense,396500
7,1860,dense,436200
7,1860,structured_50,335300
7,1861,structured_50,327200
7,1861,dense,401300
7,1862,dense,425900
7,1862,structured_50,343100
7,1863,structured_50,329500
7,1863,dense,400500
7,1864,dense,401100
7,1864,structured_50,338600
7,1865,structured_50,363100
7,1865,dense,503600
7,1866,dense,416200
7,1866,structured_50,729400
7,1867,structured_50,496200
7,1867,dense,435300
7,1868,dense,411400
7,1868,structured_50,369700
7,1869,structured_50,326700
7,1869,dense,399100
7,1870,dense,401000
7,1870,structured_50,324500
7,1871,structured_50,350400
7,1871,dense,400500
7,1872,dense,401400
7,1872,structured_50,315800
7,1873,structured_50,311100
7,1873,dense,382000
7,1874,dense,583400
7,1874,structured_50,333500
7,1875,structured_50,319600
7,1875,dense,384300
7,1876,dense,383800
7,1876,structured_50,349300
7,1877,structured_50,329000
7,1877,dense,391800
7,1878,dense,381200
7,1878,structured_50,312900
7,1879,structured_50,328100
7,1879,dense,490000
7,1880,dense,1096800
7,1880,structured_50,502100
7,1881,structured_50,342700
7,1881,dense,398900
7,1882,dense,427200
7,1882,structured_50,327300
7,1883,structured_50,316600
7,1883,dense,383100
7,1884,dense,388900
7,1884,structured_50,345300
7,1885,structured_50,347900
7,1885,dense,394100
7,1886,dense,400200
7,1886,structured_50,339300
7,1887,structured_50,332900
7,1887,dense,443200
7,1888,dense,408000
7,1888,structured_50,334600
7,1889,structured_50,327200
7,1889,dense,404500
7,1890,dense,434200
7,1890,structured_50,342200
7,1891,structured_50,333200
7,1891,dense,406700
7,1892,dense,412400
7,1892,structured_50,367900
7,1893,structured_50,420100
7,1893,dense,438900
7,1894,dense,542400
7,1894,structured_50,573300
7,1895,structured_50,352500
7,1895,dense,420400
7,1896,dense,420900
7,1896,structured_50,350000
7,1897,structured_50,374100
7,1897,dense,415400
7,1898,dense,417600
7,1898,structured_50,333700
7,1899,structured_50,509300
7,1899,dense,525900
7,1900,dense,448400
7,1900,structured_50,350700
7,1901,structured_50,342400
7,1901,dense,413300
7,1902,dense,434300
7,1902,structured_50,368000
7,1903,structured_50,352200
7,1903,dense,429500
7,1904,dense,420500
7,1904,structured_50,375700
7,1905,structured_50,373800
7,1905,dense,424500
7,1906,dense,432800
7,1906,structured_50,346500
7,1907,structured_50,353300
7,1907,dense,531000
7,1908,dense,474900
7,1908,structured_50,374500
7,1909,structured_50,354300
7,1909,dense,460900
7,1910,dense,436100
7,1910,structured_50,362300
7,1911,structured_50,352400
7,1911,dense,421900
7,1912,dense,458000
7,1912,structured_50,363200
7,1913,structured_50,352800
7,1913,dense,422400
7,1914,dense,428700
7,1914,structured_50,382800
7,1915,structured_50,360800
7,1915,dense,428700
7,1916,dense,425200
7,1916,structured_50,350200
7,1917,structured_50,360300
7,1917,dense,427800
7,1918,dense,417500
7,1918,structured_50,407400
7,1919,structured_50,395800
7,1919,dense,463500
7,1920,dense,496400
7,1920,structured_50,370700
7,1921,structured_50,580500
7,1921,dense,845900
7,1922,dense,460200
7,1922,structured_50,353400
7,1923,structured_50,337200
7,1923,dense,437800
7,1924,dense,395400
7,1924,structured_50,327500
7,1925,structured_50,321300
7,1925,dense,383000
7,1926,dense,409200
7,1926,structured_50,327000
7,1927,structured_50,315200
7,1927,dense,381400
7,1928,dense,390100
7,1928,structured_50,322900
7,1929,structured_50,344900
7,1929,dense,396100
7,1930,dense,409200
7,1930,structured_50,322700
7,1931,structured_50,319200
7,1931,dense,421700
7,1932,dense,413800
7,1932,structured_50,328100
7,1933,structured_50,316000
7,1933,dense,391100
7,1934,dense,804100
7,1934,structured_50,802900
7,1935,structured_50,365500
7,1935,dense,415200
7,1936,dense,407900
7,1936,structured_50,353600
7,1937,structured_50,335200
7,1937,dense,392300
7,1938,dense,389300
7,1938,structured_50,318100
7,1939,structured_50,318100
7,1939,dense,416000
7,1940,dense,397800
7,1940,structured_50,319200
7,1941,structured_50,318400
7,1941,dense,383600
7,1942,dense,412200
7,1942,structured_50,331300
7,1943,structured_50,316700
7,1943,dense,382100
7,1944,dense,387900
7,1944,structured_50,314800
7,1945,structured_50,340100
7,1945,dense,387400
7,1946,dense,383800
7,1946,structured_50,318900
7,1947,structured_50,317900
7,1947,dense,413600
7,1948,dense,543000
7,1948,structured_50,1070600
7,1949,structured_50,380000
7,1949,dense,456900
7,1950,dense,407800
7,1950,structured_50,366000
7,1951,structured_50,324300
7,1951,dense,398700
7,1952,dense,392200
7,1952,structured_50,322000
7,1953,structured_50,463000
7,1953,dense,463700
7,1954,dense,404600
7,1954,structured_50,323200
7,1955,structured_50,314600
7,1955,dense,415500
7,1956,dense,396500
7,1956,structured_50,318500
7,1957,structured_50,315100
7,1957,dense,387600
7,1958,dense,406200
7,1958,structured_50,334300
7,1959,structured_50,320200
7,1959,dense,384500
7,1960,dense,397000
7,1960,structured_50,316600
7,1961,structured_50,338600
7,1961,dense,420700
7,1962,dense,404700
7,1962,structured_50,583300
7,1963,structured_50,715100
7,1963,dense,497600
7,1964,dense,416100
7,1964,structured_50,336800
7,1965,structured_50,327300
7,1965,dense,390800
7,1966,dense,426500
7,1966,structured_50,324700
7,1967,structured_50,315200
7,1967,dense,383500
7,1968,dense,389400
7,1968,structured_50,352400
7,1969,structured_50,323800
7,1969,dense,390300
7,1970,dense,386700
7,1970,structured_50,316500
7,1971,structured_50,310300
7,1971,dense,408400
7,1972,dense,393300
7,1972,structured_50,319200
7,1973,structured_50,316400
7,1973,dense,614300
7,1974,dense,440600
7,1974,structured_50,329400
7,1975,structured_50,321300
7,1975,dense,491400
7,1976,dense,918300
7,1976,structured_50,440900
7,1977,structured_50,334000
7,1977,dense,393600
7,1978,dense,392100
7,1978,structured_50,349100
7,1979,structured_50,323000
7,1979,dense,388800
7,1980,dense,386500
7,1980,structured_50,318400
7,1981,structured_50,333000
7,1981,dense,399600
7,1982,dense,383100
7,1982,structured_50,313200
7,1983,structured_50,310300
7,1983,dense,388100
7,1984,dense,413500
7,1984,structured_50,355800
7,1985,structured_50,362100
7,1985,dense,444200
7,1986,dense,485200
7,1986,structured_50,408100
7,1987,structured_50,371800
7,1987,dense,459700
7,1988,dense,464400
7,1988,structured_50,426500
7,1989,structured_50,402600
7,1989,dense,514700
7,1990,dense,857800
7,1990,structured_50,452600
7,1991,structured_50,413300
7,1991,dense,523800
7,1992,dense,975200
7,1992,structured_50,641200
7,1993,structured_50,681300
7,1993,dense,510800
7,1994,dense,478600
7,1994,structured_50,391500
7,1995,structured_50,426000
7,1995,dense,485300
7,1996,dense,472900
7,1996,structured_50,389200
7,1997,structured_50,414800
7,1997,dense,496800
7,1998,dense,478400
7,1998,structured_50,388000
7,1999,structured_50,381200
7,1999,dense,509000
7,2000,dense,467300
7,2000,structured_50,385500
7,2001,structured_50,732300
7,2001,dense,502000
7,2002,dense,467300
7,2002,structured_50,372800
7,2003,structured_50,406000
7,2003,dense,462500
7,2004,dense,447600
7,2004,structured_50,363400
7,2005,structured_50,379700
7,2005,dense,460700
7,2006,dense,434100
7,2006,structured_50,350400
7,2007,structured_50,349200
7,2007,dense,435000
7,2008,dense,445500
7,2008,structured_50,349600
7,2009,structured_50,353900
7,2009,dense,421200
7,2010,dense,435900
7,2010,structured_50,358500
7,2011,structured_50,337900
7,2011,dense,418000
7,2012,dense,413200
7,2012,structured_50,340400
7,2013,structured_50,367800
7,2013,dense,486000
7,2014,dense,687200
7,2014,structured_50,416000
7,2015,structured_50,391400
7,2015,dense,431700
7,2016,dense,420300
7,2016,structured_50,344700
7,2017,structured_50,337000
7,2017,dense,433000
7,2018,dense,407700
7,2018,structured_50,335900
7,2019,structured_50,325700
7,2019,dense,398300
7,2020,dense,413600
7,2020,structured_50,326400
7,2021,structured_50,317700
7,2021,dense,381200
7,2022,dense,388800
7,2022,structured_50,320600
7,2023,structured_50,337400
7,2023,dense,391900
7,2024,dense,398700
7,2024,structured_50,314000
7,2025,structured_50,316700
7,2025,dense,397800
7,2026,dense,402700
7,2026,structured_50,324100
7,2027,structured_50,311900
7,2027,dense,497500
7,2028,dense,908600
7,2028,structured_50,380200
7,2029,structured_50,338100
7,2029,dense,420700
7,2030,dense,427600
7,2030,structured_50,327700
7,2031,structured_50,316500
7,2031,dense,391100
7,2032,dense,390200
7,2032,structured_50,317700
7,2033,structured_50,352500
7,2033,dense,450900
7,2034,dense,406200
7,2034,structured_50,320500
7,2035,structured_50,321400
7,2035,dense,418700
7,2036,dense,390800
7,2036,structured_50,320800
7,2037,structured_50,319800
7,2037,dense,388000
7,2038,dense,411700
7,2038,structured_50,339200
7,2039,structured_50,321500
7,2039,dense,396400
7,2040,dense,401400
7,2040,structured_50,336800
7,2041,structured_50,368300
7,2041,dense,405200
7,2042,dense,730600
7,2042,structured_50,754300
7,2043,structured_50,371700
7,2043,dense,433000
7,2044,dense,434200
7,2044,structured_50,356300
7,2045,structured_50,365000
7,2045,dense,413300
7,2046,dense,412100
7,2046,structured_50,336300
7,2047,structured_50,328400
7,2047,dense,427300
7,2048,dense,429300
7,2048,structured_50,348100
7,2049,structured_50,338200
7,2049,dense,412000
7,2050,dense,425300
7,2050,structured_50,355700
7,2051,structured_50,339100
7,2051,dense,409400
7,2052,dense,415300
7,2052,structured_50,335800
7,2053,structured_50,371500
7,2053,dense,419800
7,2054,dense,411800
7,2054,structured_50,344400
7,2055,structured_50,341800
7,2055,dense,448200
7,2056,dense,752200
7,2056,structured_50,476000
7,2057,structured_50,405700
7,2057,dense,485900
7,2058,dense,522100
7,2058,structured_50,392500
7,2059,structured_50,364900
7,2059,dense,425600
7,2060,dense,426600
7,2060,structured_50,389000
7,2061,structured_50,526200
7,2061,dense,433200
7,2062,dense,418300
7,2062,structured_50,333900
7,2063,structured_50,363300
7,2063,dense,407900
7,2064,dense,407800
7,2064,structured_50,330900
7,2065,structured_50,327200
7,2065,dense,429200
7,2066,dense,419200
7,2066,structured_50,341000
7,2067,structured_50,339500
7,2067,dense,409700
7,2068,dense,433000
7,2068,structured_50,353700
7,2069,structured_50,341400
7,2069,dense,431500
7,2070,dense,430200
7,2070,structured_50,386100
7,2071,structured_50,358200
7,2071,dense,418200
7,2072,dense,414900
7,2072,structured_50,338100
7,2073,structured_50,355700
7,2073,dense,432200
7,2074,dense,417700
7,2074,structured_50,340700
7,2075,structured_50,333400
7,2075,dense,412200
7,2076,dense,446900
7,2076,structured_50,344500
7,2077,structured_50,338200
7,2077,dense,408300
7,2078,dense,413700
7,2078,structured_50,367800
7,2079,structured_50,338300
7,2079,dense,405600
7,2080,dense,402600
7,2080,structured_50,326600
7,2081,structured_50,403900
7,2081,dense,442800
7,2082,dense,411900
7,2082,structured_50,329100
7,2083,structured_50,324900
7,2083,dense,665700
7,2084,dense,472700
7,2084,structured_50,361000
7,2085,structured_50,340600
7,2085,dense,440600
7,2086,dense,422100
7,2086,structured_50,345200
7,2087,structured_50,337100
7,2087,dense,448400
7,2088,dense,479800
7,2088,structured_50,384800
7,2089,structured_50,379200
7,2089,dense,468200
7,2090,dense,477900
7,2090,structured_50,432400
7,2091,structured_50,398400
7,2091,dense,473300
7,2092,dense,467800
7,2092,structured_50,409600
7,2093,structured_50,397400
7,2093,dense,475700
7,2094,dense,473800
7,2094,structured_50,388500
7,2095,structured_50,412700
7,2095,dense,473900
7,2096,dense,482300
7,2096,structured_50,668700
7,2097,structured_50,420100
7,2097,dense,499400
7,2098,dense,532200
7,2098,structured_50,409300
7,2099,structured_50,443000
7,2099,dense,556400
7,2100,dense,518900
7,2100,structured_50,394400
7,2101,structured_50,371100
7,2101,dense,460100
7,2102,dense,462700
7,2102,structured_50,410100
7,2103,structured_50,383000
7,2103,dense,441500
7,2104,dense,440500
7,2104,structured_50,368400
7,2105,structured_50,390400
7,2105,dense,447200
7,2106,dense,451100
7,2106,structured_50,363500
7,2107,structured_50,364600
7,2107,dense,472300
7,2108,dense,447100
7,2108,structured_50,364200
7,2109,structured_50,362700
7,2109,dense,710200
7,2110,dense,513700
7,2110,structured_50,410900
7,2111,structured_50,395100
7,2111,dense,463400
7,2112,dense,438000
7,2112,structured_50,363300
7,2113,structured_50,354700
7,2113,dense,452500
7,2114,dense,442700
7,2114,structured_50,362300
7,2115,structured_50,351200
7,2115,dense,436800
7,2116,dense,456300
7,2116,structured_50,361800
7,2117,structured_50,359300
7,2117,dense,433900
7,2118,dense,451700
7,2118,structured_50,375100
7,2119,structured_50,359200
7,2119,dense,441300
7,2120,dense,430200
7,2120,structured_50,366600
7,2121,structured_50,366800
7,2121,dense,423700
7,2122,dense,835900
7,2122,structured_50,574200
7,2123,structured_50,447700
7,2123,dense,519400
7,2124,dense,486300
7,2124,structured_50,369800
7,2125,structured_50,355100
7,2125,dense,427500
7,2126,dense,446700
7,2126,structured_50,370400
7,2127,structured_50,352400
7,2127,dense,560900
7,2128,dense,449300
7,2128,structured_50,357900
7,2129,structured_50,448900
7,2129,dense,451500
7,2130,dense,453100
7,2130,structured_50,355500
7,2131,structured_50,354000
7,2131,dense,424500
7,2132,dense,444000
7,2132,structured_50,366700
7,2133,structured_50,351100
7,2133,dense,547500
7,2134,dense,469600
7,2134,structured_50,896800
7,2135,structured_50,523300
7,2135,dense,465400
7,2136,dense,444800
7,2136,structured_50,377700
7,2137,structured_50,343500
7,2137,dense,415600
7,2138,dense,411100
7,2138,structured_50,353100
7,2139,structured_50,375800
7,2139,dense,432800
7,2140,dense,431600
7,2140,structured_50,351200
7,2141,structured_50,352600
7,2141,dense,433900
7,2142,dense,434500
7,2142,structured_50,349100
7,2143,structured_50,351100
7,2143,dense,421800
7,2144,dense,444400
7,2144,structured_50,359400
7,2145,structured_50,346900
7,2145,dense,410900
7,2146,dense,414300
7,2146,structured_50,686500
7,2147,structured_50,730600
7,2147,dense,805100
7,2148,dense,757400
7,2148,structured_50,646600
7,2149,structured_50,484700
7,2149,dense,451500
7,2150,dense,421600
7,2150,structured_50,345700
7,2151,structured_50,345300
7,2151,dense,445000
7,2152,dense,469200
7,2152,structured_50,353200
7,2153,structured_50,360000
7,2153,dense,414300
7,2154,dense,431300
7,2154,structured_50,355400
7,2155,structured_50,346200
7,2155,dense,410500
7,2156,dense,414500
7,2156,structured_50,342900
7,2157,structured_50,366900
7,2157,dense,420300
7,2158,dense,422500
7,2158,structured_50,680400
7,2159,structured_50,552900
7,2159,dense,766000
7,2160,dense,511500
7,2160,structured_50,375400
7,2161,structured_50,360300
7,2161,dense,504800
7,2162,dense,442100
7,2162,structured_50,353600
7,2163,structured_50,344500
7,2163,dense,422100
7,2164,dense,452800
7,2164,structured_50,354100
7,2165,structured_50,344600
7,2165,dense,430100
7,2166,dense,424600
7,2166,structured_50,386700
7,2167,structured_50,359200
7,2167,dense,432700
7,2168,dense,434400
7,2168,structured_50,354700
7,2169,structured_50,386800
7,2169,dense,420700
7,2170,dense,424400
7,2170,structured_50,347600
7,2171,structured_50,424700
7,2171,dense,1281800
7,2172,dense,737400
7,2172,structured_50,419400
7,2173,structured_50,358300
7,2173,dense,418400
7,2174,dense,416700
7,2174,structured_50,378100
7,2175,structured_50,348000
7,2175,dense,415600
7,2176,dense,745300
7,2176,structured_50,349300
7,2177,structured_50,331900
7,2177,dense,402600
7,2178,dense,433900
7,2178,structured_50,342500
7,2179,structured_50,332900
7,2179,dense,405900
7,2180,dense,401300
7,2180,structured_50,358900
7,2181,structured_50,339500
7,2181,dense,400800
7,2182,dense,405800
7,2182,structured_50,324100
7,2183,structured_50,317900
7,2183,dense,506500
7,2184,dense,411200
7,2184,structured_50,609200
7,2185,structured_50,514900
7,2185,dense,483100
7,2186,dense,411100
7,2186,structured_50,363300
7,2187,structured_50,343300
7,2187,dense,393600
7,2188,dense,395400
7,2188,structured_50,320500
7,2189,structured_50,323400
7,2189,dense,427200
7,2190,dense,395000
7,2190,structured_50,326000
7,2191,structured_50,313200
7,2191,dense,402400
7,2192,dense,419900
7,2192,structured_50,326900
7,2193,structured_50,315900
7,2193,dense,399700
7,2194,dense,396900
7,2194,structured_50,334100
7,2195,structured_50,339900
7,2195,dense,391100
7,2196,dense,541600
7,2196,structured_50,346400
7,2197,structured_50,317200
7,2197,dense,481100
7,2198,dense,404700
7,2198,structured_50,587100
7,2199,structured_50,369700
7,2199,dense,416800
7,2200,dense,405700
7,2200,structured_50,330200
7,2201,structured_50,359200
7,2201,dense,407600
7,2202,dense,397900
7,2202,structured_50,331900
7,2203,structured_50,318000
7,2203,dense,415800
7,2204,dense,396500
7,2204,structured_50,321900
7,2205,structured_50,313700
7,2205,dense,379600
7,2206,dense,396500
7,2206,structured_50,339300
7,2207,structured_50,315100
7,2207,dense,389200
7,2208,dense,387700
7,2208,structured_50,319300
7,2209,structured_50,340000
7,2209,dense,388900
7,2210,dense,383900
7,2210,structured_50,317600
7,2211,structured_50,311500
7,2211,dense,384200
7,2212,dense,413300
7,2212,structured_50,331700
7,2213,structured_50,316200
7,2213,dense,396800
7,2214,dense,805200
7,2214,structured_50,387600
7,2215,structured_50,363900
7,2215,dense,408200
7,2216,dense,445800
7,2216,structured_50,339000
7,2217,structured_50,329200
7,2217,dense,398800
7,2218,dense,418800
7,2218,structured_50,361100
7,2219,structured_50,327100
7,2219,dense,397000
7,2220,dense,387200
7,2220,structured_50,326800
7,2221,structured_50,316800
7,2221,dense,419800
7,2222,dense,393700
7,2222,structured_50,326000
7,2223,structured_50,312800
7,2223,dense,389500
7,2224,dense,421600
7,2224,structured_50,333500
7,2225,structured_50,327400
7,2225,dense,399600
7,2226,dense,419400
7,2226,structured_50,379300
7,2227,structured_50,419100
7,2227,dense,436200
7,2228,dense,1078700
7,2228,structured_50,477600
7,2229,structured_50,363700
7,2229,dense,449200
7,2230,dense,437200
7,2230,structured_50,346500
7,2231,structured_50,334200
7,2231,dense,403400
7,2232,dense,406900
7,2232,structured_50,922000
7,2233,structured_50,518700
7,2233,dense,678100
7,2234,dense,628300
7,2234,structured_50,485300
7,2235,structured_50,476200
7,2235,dense,656800
7,2236,dense,618900
7,2236,structured_50,516900
7,2237,structured_50,562300
7,2237,dense,786100
7,2238,dense,813900
7,2238,structured_50,394500
7,2239,structured_50,336900
7,2239,dense,423000
7,2240,dense,433400
7,2240,structured_50,693500
7,2241,structured_50,364000
7,2241,dense,429400
7,2242,dense,427200
7,2242,structured_50,369900
7,2243,structured_50,332900
7,2243,dense,404900
7,2244,dense,396700
7,2244,structured_50,325800
7,2245,structured_50,340500
7,2245,dense,414200
7,2246,dense,395200
7,2246,structured_50,323700
7,2247,structured_50,329600
7,2247,dense,395500
7,2248,dense,422500
7,2248,structured_50,329100
7,2249,structured_50,326200
7,2249,dense,394200
7,2250,dense,399800
7,2250,structured_50,363300
7,2251,structured_50,369300
7,2251,dense,435800
7,2252,dense,403200
7,2252,structured_50,319400
7,2253,structured_50,317500
7,2253,dense,424100
7,2254,dense,397700
7,2254,structured_50,323300
7,2255,structured_50,323000
7,2255,dense,389200
7,2256,dense,421800
7,2256,structured_50,329400
7,2257,structured_50,320800
7,2257,dense,393900
7,2258,dense,390400
7,2258,structured_50,333800
7,2259,structured_50,333800
7,2259,dense,392000
7,2260,dense,395100
7,2260,structured_50,333400
7,2261,structured_50,323100
7,2261,dense,687900
7,2262,dense,460000
7,2262,structured_50,359700
7,2263,structured_50,345800
7,2263,dense,459200
7,2264,dense,424800
7,2264,structured_50,407900
7,2265,structured_50,640100
7,2265,dense,907900
7,2266,dense,470400
7,2266,structured_50,361200
7,2267,structured_50,374700
7,2267,dense,430700
7,2268,dense,413800
7,2268,structured_50,338100
7,2269,structured_50,343500
7,2269,dense,472100
7,2270,dense,441800
7,2270,structured_50,368500
7,2271,structured_50,341000
7,2271,dense,415500
7,2272,dense,446800
7,2272,structured_50,354100
7,2273,structured_50,338800
7,2273,dense,428400
7,2274,dense,423100
7,2274,structured_50,369100
7,2275,structured_50,365200
7,2275,dense,451100
7,2276,dense,422400
7,2276,structured_50,347900
7,2277,structured_50,362400
7,2277,dense,909000
7,2278,dense,892400
7,2278,structured_50,398500
7,2279,structured_50,374700
7,2279,dense,462100
7,2280,dense,456600
7,2280,structured_50,363900
7,2281,structured_50,354700
7,2281,dense,426500
7,2282,dense,442500
7,2282,structured_50,361100
7,2283,structured_50,348800
7,2283,dense,420700
7,2284,dense,417300
7,2284,structured_50,335600
7,2285,structured_50,360500
7,2285,dense,407500
7,2286,dense,404100
7,2286,structured_50,336800
7,2287,structured_50,334300
7,2287,dense,427400
7,2288,dense,421600
7,2288,structured_50,340300
7,2289,structured_50,333400
7,2289,dense,397500
7,2290,dense,425200
7,2290,structured_50,349000
7,2291,structured_50,345100
7,2291,dense,928800
7,2292,dense,486400
7,2292,structured_50,361300
7,2293,structured_50,334600
7,2293,dense,426900
7,2294,dense,417500
7,2294,structured_50,338400
7,2295,structured_50,326500
7,2295,dense,394700
7,2296,dense,503900
7,2296,structured_50,568200
7,2297,structured_50,356300
7,2297,dense,427600
7,2298,dense,429600
7,2298,structured_50,344700
7,2299,structured_50,325400
7,2299,dense,392100
7,2300,dense,391100
7,2300,structured_50,325800
7,2301,structured_50,346500
7,2301,dense,403300
7,2302,dense,396500
7,2302,structured_50,326600
7,2303,structured_50,316500
7,2303,dense,414400
7,2304,dense,420200
7,2304,structured_50,345400
7,2305,structured_50,583500
7,2305,dense,475600
7,2306,dense,432500
7,2306,structured_50,350700
7,2307,structured_50,361200
7,2307,dense,423900
7,2308,dense,407900
7,2308,structured_50,332700
7,2309,structured_50,331800
7,2309,dense,417500
7,2310,dense,423400
7,2310,structured_50,336900
7,2311,structured_50,332200
7,2311,dense,396500
7,2312,dense,403100
7,2312,structured_50,357800
7,2313,structured_50,331500
7,2313,dense,406100
7,2314,dense,410300
7,2314,structured_50,341500
7,2315,structured_50,356500
7,2315,dense,438500
7,2316,dense,422700
7,2316,structured_50,519300
7,2317,structured_50,694000
7,2317,dense,737700
7,2318,dense,1037200
7,2318,structured_50,657100
7,2319,structured_50,657900
7,2319,dense,757600
7,2320,dense,744400
7,2320,structured_50,661100
7,2321,structured_50,639500
7,2321,dense,735400
7,2322,dense,772500
7,2322,structured_50,653100
7,2323,structured_50,627800
7,2323,dense,771900
7,2324,dense,746300
7,2324,structured_50,635700
7,2325,structured_50,720000
7,2325,dense,971400
7,2326,dense,473200
7,2326,structured_50,373400
7,2327,structured_50,352700
7,2327,dense,728700
7,2328,dense,499800
7,2328,structured_50,605100
7,2329,structured_50,600400
7,2329,dense,720800
7,2330,dense,732700
7,2330,structured_50,628800
7,2331,structured_50,417600
7,2331,dense,417800
7,2332,dense,415000
7,2332,structured_50,406500
7,2333,structured_50,336600
7,2333,dense,402700
7,2334,dense,416100
7,2334,structured_50,340200
7,2335,structured_50,360600
7,2335,dense,406100
7,2336,dense,1151500
7,2336,structured_50,467100
7,2337,structured_50,349100
7,2337,dense,417000
7,2338,dense,420100
7,2338,structured_50,347100
7,2339,structured_50,329600
7,2339,dense,399800
7,2340,dense,388300
7,2340,structured_50,320300
7,2341,structured_50,348000
7,2341,dense,406000
7,2342,dense,389500
7,2342,structured_50,328100
7,2343,structured_50,311600
7,2343,dense,392000
7,2344,dense,410900
7,2344,structured_50,318500
7,2345,structured_50,317400
7,2345,dense,383000
7,2346,dense,384400
7,2346,structured_50,340900
7,2347,structured_50,316600
7,2347,dense,382600
7,2348,dense,380700
7,2348,structured_50,312700
7,2349,structured_50,310200
7,2349,dense,404400
7,2350,dense,422900
7,2350,structured_50,353300
7,2351,structured_50,484600
7,2351,dense,427600
7,2352,dense,424700
7,2352,structured_50,325900
7,2353,structured_50,318500
7,2353,dense,383100
7,2354,dense,381600
7,2354,structured_50,341300
7,2355,structured_50,327400
7,2355,dense,383500
7,2356,dense,385500
7,2356,structured_50,596300
7,2357,structured_50,396600
7,2357,dense,398000
7,2358,dense,392300
7,2358,structured_50,350900
7,2359,structured_50,334700
7,2359,dense,388500
7,2360,dense,387100
7,2360,structured_50,318700
7,2361,structured_50,317100
7,2361,dense,411900
7,2362,dense,405300
7,2362,structured_50,327700
7,2363,structured_50,313800
7,2363,dense,387900
7,2364,dense,407800
7,2364,structured_50,370700
7,2365,structured_50,329200
7,2365,dense,579500
7,2366,dense,435800
7,2366,structured_50,368600
7,2367,structured_50,333500
7,2367,dense,387300
7,2368,dense,387800
7,2368,structured_50,312300
7,2369,structured_50,308800
7,2369,dense,416300
7,2370,dense,388600
7,2370,structured_50,432700
7,2371,structured_50,319800
7,2371,dense,386800
7,2372,dense,413200
7,2372,structured_50,321700
7,2373,structured_50,313000
7,2373,dense,377200
7,2374,dense,378800
7,2374,structured_50,324700
7,2375,structured_50,344300
7,2375,dense,386100
7,2376,dense,396600
7,2376,structured_50,321500
7,2377,structured_50,310600
7,2377,dense,418100
7,2378,dense,398700
7,2378,structured_50,320800
7,2379,structured_50,316000
7,2379,dense,495100
7,2380,dense,816700
7,2380,structured_50,396700
7,2381,structured_50,359600
7,2381,dense,417300
7,2382,dense,429800
7,2382,structured_50,339200
7,2383,structured_50,322200
7,2383,dense,387200
7,2384,dense,382200
7,2384,structured_50,317700
7,2385,structured_50,347300
7,2385,dense,402300
7,2386,dense,381200
7,2386,structured_50,316000
7,2387,structured_50,312600
7,2387,dense,400200
7,2388,dense,400300
7,2388,structured_50,315900
7,2389,structured_50,310900
7,2389,dense,377500
7,2390,dense,381700
7,2390,structured_50,339600
7,2391,structured_50,316600
7,2391,dense,385400
7,2392,dense,382500
7,2392,structured_50,311600
7,2393,structured_50,310600
7,2393,dense,404700
7,2394,dense,407100
7,2394,structured_50,325600
7,2395,structured_50,455300
7,2395,dense,436500
7,2396,dense,403100
7,2396,structured_50,345600
7,2397,structured_50,324000
7,2397,dense,391400
7,2398,dense,400300
7,2398,structured_50,329600
7,2399,structured_50,313400
7,2399,dense,383200
7,2400,dense,390700
7,2400,structured_50,340600
7,2401,structured_50,660800
7,2401,dense,423500
7,2402,dense,397600
7,2402,structured_50,320700
7,2403,structured_50,359300
7,2403,dense,395800
7,2404,dense,388400
7,2404,structured_50,320100
7,2405,structured_50,317500
7,2405,dense,413400
7,2406,dense,400600
7,2406,structured_50,326000
7,2407,structured_50,358100
7,2407,dense,402200
7,2408,dense,473000
7,2408,structured_50,479200
7,2409,structured_50,666800
7,2409,dense,496100
7,2410,dense,465900
7,2410,structured_50,358600
7,2411,structured_50,326900
7,2411,dense,391700
7,2412,dense,385900
7,2412,structured_50,348400
7,2413,structured_50,319500
7,2413,dense,383500
7,2414,dense,385400
7,2414,structured_50,321200
7,2415,structured_50,322400
7,2415,dense,409500
7,2416,dense,387700
7,2416,structured_50,317900
7,2417,structured_50,303000
7,2417,dense,362800
7,2418,dense,408000
7,2418,structured_50,304400
7,2419,structured_50,311300
7,2419,dense,384100
7,2420,dense,366500
7,2420,structured_50,327700
7,2421,structured_50,333300
7,2421,dense,396100
7,2422,dense,436900
7,2422,structured_50,370200
7,2423,structured_50,373600
7,2423,dense,508600
7,2424,dense,909300
7,2424,structured_50,536600
7,2425,structured_50,445500
7,2425,dense,544100
7,2426,dense,482800
7,2426,structured_50,371100
7,2427,structured_50,373800
7,2427,dense,452800
7,2428,dense,459700
7,2428,structured_50,367100
7,2429,structured_50,351100
7,2429,dense,429200
7,2430,dense,454000
7,2430,structured_50,379100
7,2431,structured_50,357000
7,2431,dense,439000
7,2432,dense,420200
7,2432,structured_50,362800
7,2433,structured_50,364000
7,2433,dense,440100
7,2434,dense,432600
7,2434,structured_50,342000
7,2435,structured_50,340800
7,2435,dense,442500
7,2436,dense,500600
7,2436,structured_50,782900
7,2437,structured_50,465600
7,2437,dense,435600
7,2438,dense,415000
7,2438,structured_50,346000
7,2439,structured_50,329300
7,2439,dense,434400
7,2440,dense,410500
7,2440,structured_50,337800
7,2441,structured_50,333900
7,2441,dense,400400
7,2442,dense,718600
7,2442,structured_50,352300
7,2443,structured_50,327300
7,2443,dense,393800
7,2444,dense,433100
7,2444,structured_50,328900
7,2445,structured_50,322800
7,2445,dense,383900
7,2446,dense,378800
7,2446,structured_50,334900
7,2447,structured_50,318600
7,2447,dense,394000
7,2448,dense,385700
7,2448,structured_50,303800
7,2449,structured_50,330200
7,2449,dense,392100
7,2450,dense,403300
7,2450,structured_50,624900
7,2451,structured_50,541300
7,2451,dense,475200
7,2452,dense,402800
7,2452,structured_50,342900
7,2453,structured_50,312500
7,2453,dense,411300
7,2454,dense,390600
7,2454,structured_50,320300
7,2455,structured_50,311800
7,2455,dense,386400
7,2456,dense,402400
7,2456,structured_50,333900
7,2457,structured_50,315400
7,2457,dense,384500
7,2458,dense,401600
7,2458,structured_50,313900
7,2459,structured_50,332500
7,2459,dense,394000
7,2460,dense,382600
7,2460,structured_50,314200
7,2461,structured_50,313900
7,2461,dense,376300
7,2462,dense,770100
7,2462,structured_50,335200
7,2463,structured_50,317200
7,2463,dense,384900
7,2464,dense,633500
7,2464,structured_50,440200
7,2465,structured_50,330700
7,2465,dense,406500
7,2466,dense,419500
7,2466,structured_50,320400
7,2467,structured_50,308000
7,2467,dense,373600
7,2468,dense,378100
7,2468,structured_50,310200
7,2469,structured_50,336800
7,2469,dense,385500
7,2470,dense,393300
7,2470,structured_50,309000
7,2471,structured_50,305400
7,2471,dense,384900
7,2472,dense,390900
7,2472,structured_50,345700
7,2473,structured_50,338300
7,2473,dense,398800
7,2474,dense,386300
7,2474,structured_50,347500
7,2475,structured_50,321700
7,2475,dense,403600
7,2476,dense,398100
7,2476,structured_50,331400
7,2477,structured_50,358200
7,2477,dense,422600
7,2478,dense,410900
7,2478,structured_50,344300
7,2479,structured_50,735000
7,2479,dense,537400
7,2480,dense,446200
7,2480,structured_50,372400
7,2481,structured_50,359800
7,2481,dense,400800
7,2482,dense,751800
7,2482,structured_50,360700
7,2483,structured_50,325600
7,2483,dense,391200
7,2484,dense,401500
7,2484,structured_50,338900
7,2485,structured_50,319100
7,2485,dense,388100
7,2486,dense,387800
7,2486,structured_50,316000
7,2487,structured_50,342800
7,2487,dense,401100
7,2488,dense,397700
7,2488,structured_50,317100
7,2489,structured_50,312500
7,2489,dense,382800
7,2490,dense,410500
7,2490,structured_50,325000
7,2491,structured_50,318600
7,2491,dense,384500
7,2492,dense,443600
7,2492,structured_50,403000
7,2493,structured_50,619800
7,2493,dense,418600
7,2494,dense,408400
7,2494,structured_50,345600
7,2495,structured_50,341900
7,2495,dense,401500
7,2496,dense,398400
7,2496,structured_50,323000
7,2497,structured_50,325800
7,2497,dense,423600
7,2498,dense,398700
7,2498,structured_50,322300
7,2499,structured_50,314800
7,2499,dense,391700
8,0,dense,501200
8,0,structured_50,487400
8,1,structured_50,645800
8,1,dense,789700
8,2,dense,742400
8,2,structured_50,606300
8,3,structured_50,607200
8,3,dense,723700
8,4,dense,727200
8,4,structured_50,631400
8,5,structured_50,675000
8,5,dense,790900
8,6,dense,831100
8,6,structured_50,692300
8,7,structured_50,699500
8,7,dense,887500
8,8,dense,861800
8,8,structured_50,779400
8,9,structured_50,428300
8,9,dense,507400
8,10,dense,499400
8,10,structured_50,427000
8,11,structured_50,406700
8,11,dense,476900
8,12,dense,470100
8,12,structured_50,416200
8,13,structured_50,673400
8,13,dense,604800
8,14,dense,473800
8,14,structured_50,418000
8,15,structured_50,385400
8,15,dense,450600
8,16,dense,450400
8,16,structured_50,366700
8,17,structured_50,389000
8,17,dense,446000
8,18,dense,441000
8,18,structured_50,354500
8,19,structured_50,355400
8,19,dense,502100
8,20,dense,648500
8,20,structured_50,566700
8,21,structured_50,449800
8,21,dense,480700
8,22,dense,439800
8,22,structured_50,343900
8,23,structured_50,334600
8,23,dense,438400
8,24,dense,423100
8,24,structured_50,342600
8,25,structured_50,353200
8,25,dense,406600
8,26,dense,424900
8,26,structured_50,340800
8,27,structured_50,335900
8,27,dense,401000
8,28,dense,402800
8,28,structured_50,319300
8,29,structured_50,343100
8,29,dense,398800
8,30,dense,409200
8,30,structured_50,329300
8,31,structured_50,318500
8,31,dense,408500
8,32,dense,409900
8,32,structured_50,323300
8,33,structured_50,319200
8,33,dense,585300
8,34,dense,630100
8,34,structured_50,711700
8,35,structured_50,657600
8,35,dense,716200
8,36,dense,719100
8,36,structured_50,628000
8,37,structured_50,589900
8,37,dense,713300
8,38,dense,742500
8,38,structured_50,593900
8,39,structured_50,570600
8,39,dense,708600
8,40,dense,709300
8,40,structured_50,624100
8,41,structured_50,632900
8,41,dense,783100
8,42,dense,1123600
8,42,structured_50,777700
8,43,structured_50,703900
8,43,dense,815200
8,44,dense,804700
8,44,structured_50,773100
8,45,structured_50,806900
8,45,dense,959100
8,46,dense,935300
8,46,structured_50,742100
8,47,structured_50,783500
8,47,dense,914700
8,48,dense,938000
8,48,structured_50,769200
8,49,structured_50,754000
8,49,dense,592900
8,50,dense,538000
8,50,structured_50,422600
8,51,structured_50,403000
8,51,dense,522000
8,52,dense,505500
8,52,structured_50,403000
8,53,structured_50,394500
8,53,dense,481400
8,54,dense,514100
8,54,structured_50,388900
8,55,structured_50,381700
8,55,dense,467400
8,56,dense,504700
8,56,structured_50,394300
8,57,structured_50,384600
8,57,dense,461900
8,58,dense,456800
8,58,structured_50,401700
8,59,structured_50,376400
8,59,dense,454200
8,60,dense,499400
8,60,structured_50,500800
8,61,structured_50,757000
8,61,dense,518000
8,62,dense,473000
8,62,structured_50,377600
8,63,structured_50,389600
8,63,dense,442600
8,64,dense,438700
8,64,structured_50,358300
8,65,structured_50,367300
8,65,dense,474500
8,66,dense,442400
8,66,structured_50,358600
8,67,structured_50,348600
8,67,dense,423200
8,68,dense,448300
8,68,structured_50,350300
8,69,structured_50,343100
8,69,dense,428500
8,70,dense,419800
8,70,structured_50,372800
8,71,structured_50,345600
8,71,dense,411800
8,72,dense,413400
8,72,structured_50,332900
8,73,structured_50,392100
8,73,dense,534600
8,74,dense,566400
8,74,structured_50,374400
8,75,structured_50,353700
8,75,dense,426200
8,76,dense,420600
8,76,structured_50,334800
8,77,structured_50,329400
8,77,dense,407300
8,78,dense,413300
8,78,structured_50,363100
8,79,structured_50,336400
8,79,dense,443800
8,80,dense,492400
8,80,structured_50,345700
8,81,structured_50,371200
8,81,dense,427200
8,82,dense,414300
8,82,structured_50,330500
8,83,structured_50,324600
8,83,dense,420200
8,84,dense,406300
8,84,structured_50,326000
8,85,structured_50,322800
8,85,dense,394300
8,86,dense,429000
8,86,structured_50,343400
8,87,structured_50,360300
8,87,dense,426200
8,88,dense,606500
8,88,structured_50,413400
8,89,structured_50,346500
8,89,dense,414400
8,90,dense,467800
8,90,structured_50,350500
8,91,structured_50,358000
8,91,dense,402000
8,92,dense,393000
8,92,structured_50,322200
8,93,structured_50,317200
8,93,dense,398900
8,94,dense,404600
8,94,structured_50,320600
8,95,structured_50,312100
8,95,dense,384900
8,96,dense,385800
8,96,structured_50,338400
8,97,structured_50,320600
8,97,dense,389200
8,98,dense,390100
8,98,structured_50,315400
8,99,structured_50,321200
8,99,dense,417400
8,100,dense,393500
8,100,structured_50,350200
8,101,structured_50,339000
8,101,dense,715500
8,102,dense,824900
8,102,structured_50,420100
8,103,structured_50,367000
8,103,dense,428500
8,104,dense,410300
8,104,structured_50,325800
8,105,structured_50,322200
8,105,dense,388100
8,106,dense,406600
8,106,structured_50,332900
8,107,structured_50,319400
8,107,dense,386500
8,108,dense,385500
8,108,structured_50,318000
8,109,structured_50,340900
8,109,dense,396700
8,110,dense,396900
8,110,structured_50,325000
8,111,structured_50,321700
8,111,dense,393300
8,112,dense,429300
8,112,structured_50,328800
8,113,structured_50,322400
8,113,dense,398000
8,114,dense,392300
8,114,structured_50,343400
8,115,structured_50,326000
8,115,dense,427300
8,116,dense,423100
8,116,structured_50,648200
8,117,structured_50,408300
8,117,dense,459200
8,118,dense,444900
8,118,structured_50,340900
8,119,structured_50,325400
8,119,dense,404700
8,120,dense,433600
8,120,structured_50,368100
8,121,structured_50,339000
8,121,dense,410500
8,122,dense,398800
8,122,structured_50,324500
8,123,structured_50,340600
8,123,dense,402500
8,124,dense,401000
8,124,structured_50,325600
8,125,structured_50,320100
8,125,dense,395200
8,126,dense,451900
8,126,structured_50,361000
8,127,structured_50,359600
8,127,dense,443400
8,128,dense,463900
8,128,structured_50,385800
8,129,structured_50,375300
8,129,dense,479000
8,130,dense,660000
8,130,structured_50,738900
8,131,structured_50,481900
8,131,dense,482700
8,132,dense,469300
8,132,structured_50,375200
8,133,structured_50,396000
8,133,dense,457300
8,134,dense,457700
8,134,structured_50,368200
8,135,structured_50,365100
8,135,dense,477800
8,136,dense,455800
8,136,structured_50,367800
8,137,structured_50,365500
8,137,dense,446400
8,138,dense,476700
8,138,structured_50,376900
8,139,structured_50,641800
8,139,dense,563500
8,140,dense,633500
8,140,structured_50,440000
8,141,structured_50,421900
8,141,dense,1063800
8,142,dense,539400
8,142,structured_50,401700
8,143,structured_50,375800
8,143,dense,470600
8,144,dense,450900
8,144,structured_50,398900
8,145,structured_50,358300
8,145,dense,434800
8,146,dense,430400
8,146,structured_50,351300
8,147,structured_50,375000
8,147,dense,433600
8,148,dense,423900
8,148,structured_50,338700
8,149,structured_50,342200
8,149,dense,444800
8,150,dense,422800
8,150,structured_50,340100
8,151,structured_50,341600
8,151,dense,417700
8,152,dense,444300
8,152,structured_50,354100
8,153,structured_50,351700
8,153,dense,418900
8,154,dense,439300
8,154,structured_50,424700
8,155,structured_50,651600
8,155,dense,570600
8,156,dense,431100
8,156,structured_50,339400
8,157,structured_50,354900
8,157,dense,413800
8,158,dense,402300
8,158,structured_50,327300
8,159,structured_50,327600
8,159,dense,448600
8,160,dense,448200
8,160,structured_50,372500
8,161,structured_50,356600
8,161,dense,407200
8,162,dense,420900
8,162,structured_50,342100
8,163,structured_50,324700
8,163,dense,401400
8,164,dense,438500
8,164,structured_50,370200
8,165,structured_50,366700
8,165,dense,444600
8,166,dense,443600
8,166,structured_50,374000
8,167,structured_50,365700
8,167,dense,435500
8,168,dense,454800
8,168,structured_50,652200
8,169,structured_50,427900
8,169,dense,466700
8,170,dense,449900
8,170,structured_50,403300
8,171,structured_50,363100
8,171,dense,444200
8,172,dense,444900
8,172,structured_50,357400
8,173,structured_50,397900
8,173,dense,462800
8,174,dense,486600
8,174,structured_50,479200
8,175,structured_50,403500
8,175,dense,447800
8,176,dense,462000
8,176,structured_50,359800
8,177,structured_50,355600
8,177,dense,466900
8,178,dense,443000
8,178,structured_50,366500
8,179,structured_50,358700
8,179,dense,447400
8,180,dense,471700
8,180,structured_50,362800
8,181,structured_50,357000
8,181,dense,743200
8,182,dense,477400
8,182,structured_50,377500
8,183,structured_50,379200
8,183,dense,454900
8,184,dense,434200
8,184,structured_50,354700
8,185,structured_50,355000
8,185,dense,443700
8,186,dense,446500
8,186,structured_50,356700
8,187,structured_50,347000
8,187,dense,424800
8,188,dense,443700
8,188,structured_50,365900
8,189,structured_50,363700
8,189,dense,441000
8,190,dense,426800
8,190,structured_50,362800
8,191,structured_50,363300
8,191,dense,438500
8,192,dense,445700
8,192,structured_50,351200
8,193,structured_50,345100
8,193,dense,458600
8,194,dense,453600
8,194,structured_50,559400
8,195,structured_50,396700
8,195,dense,477200
8,196,dense,473400
8,196,structured_50,356600
8,197,structured_50,345100
8,197,dense,421600
8,198,dense,446400
8,198,structured_50,348500
8,199,structured_50,338300
8,199,dense,426100
8,200,dense,421200
8,200,structured_50,453900
8,201,structured_50,352700
8,201,dense,407900
8,202,dense,406700
8,202,structured_50,339300
8,203,structured_50,352500
8,203,dense,430200
8,204,dense,408300
8,204,structured_50,330900
8,205,structured_50,323600
8,205,dense,399400
8,206,dense,428300
8,206,structured_50,333900
8,207,structured_50,328000
8,207,dense,484100
8,208,dense,904300
8,208,structured_50,515400
8,209,structured_50,371700
8,209,dense,475700
8,210,dense,458900
8,210,structured_50,357800
8,211,structured_50,334800
8,211,dense,428100
8,212,dense,419400
8,212,structured_50,354700
8,213,structured_50,350500
8,213,dense,410100
8,214,dense,404100
8,214,structured_50,333900
8,215,structured_50,335600
8,215,dense,452300
8,216,dense,475400
8,216,structured_50,378800
8,217,structured_50,351800
8,217,dense,478200
8,218,dense,447800
8,218,structured_50,362300
8,219,structured_50,354800
8,219,dense,460500
8,220,dense,475000
8,220,structured_50,688400
8,221,structured_50,729700
8,221,dense,498400
8,222,dense,473900
8,222,structured_50,372600
8,223,structured_50,392000
8,223,dense,462200
8,224,dense,459500
8,224,structured_50,368900
8,225,structured_50,356800
8,225,dense,476300
8,226,dense,461600
8,226,structured_50,363500
8,227,structured_50,381600
8,227,dense,462600
8,228,dense,447300
8,228,structured_50,357200
8,229,structured_50,389500
8,229,dense,444900
8,230,dense,479200
8,230,structured_50,388200
8,231,structured_50,390300
8,231,dense,461600
8,232,dense,461700
8,232,structured_50,407100
8,233,structured_50,367000
8,233,dense,457800
8,234,dense,631200
8,234,structured_50,411700
8,235,structured_50,485800
8,235,dense,465400
8,236,dense,469000
8,236,structured_50,365100
8,237,structured_50,511900
8,237,dense,455300
8,238,dense,412900
8,238,structured_50,342500
8,239,structured_50,346300
8,239,dense,429800
8,240,dense,419100
8,240,structured_50,330400
8,241,structured_50,323000
8,241,dense,416300
8,242,dense,443700
8,242,structured_50,337400
8,243,structured_50,329600
8,243,dense,401600
8,244,dense,404600
8,244,structured_50,354900
8,245,structured_50,334400
8,245,dense,411700
8,246,dense,403000
8,246,structured_50,340500
8,247,structured_50,365200
8,247,dense,671300
8,248,dense,489000
8,248,structured_50,390700
8,249,structured_50,361400
8,249,dense,456400
8,250,dense,445300
8,250,structured_50,369900
8,251,structured_50,367600
8,251,dense,442200
8,252,dense,430400
8,252,structured_50,369400
8,253,structured_50,387300
8,253,dense,432900
8,254,dense,442100
8,254,structured_50,365500
8,255,structured_50,357000
8,255,dense,430500
8,256,dense,440300
8,256,structured_50,370500
8,257,structured_50,379800
8,257,dense,467100
8,258,dense,442300
8,258,structured_50,363300
8,259,structured_50,376700
8,259,dense,459000
8,260,dense,457200
8,260,structured_50,682600
8,261,structured_50,431200
8,261,dense,519400
8,262,dense,464000
8,262,structured_50,358900
8,263,structured_50,344200
8,263,dense,425800
8,264,dense,455100
8,264,structured_50,350300
8,265,structured_50,340000
8,265,dense,415700
8,266,dense,414300
8,266,structured_50,369000
8,267,structured_50,349100
8,267,dense,419200
8,268,dense,420700
8,268,structured_50,339000
8,269,structured_50,353800
8,269,dense,451000
8,270,dense,429700
8,270,structured_50,349200
8,271,structured_50,338100
8,271,dense,438400
8,272,dense,429200
8,272,structured_50,354400
8,273,structured_50,342400
8,273,dense,1039900
8,274,dense,563000
8,274,structured_50,378000
8,275,structured_50,583800
8,275,dense,523400
8,276,dense,470500
8,276,structured_50,374500
8,277,structured_50,359700
8,277,dense,432300
8,278,dense,454200
8,278,structured_50,355000
8,279,structured_50,372400
8,279,dense,436900
8,280,dense,442600
8,280,structured_50,373400
8,281,structured_50,343600
8,281,dense,417500
8,282,dense,447900
8,282,structured_50,373600
8,283,structured_50,367100
8,283,dense,419700
8,284,dense,420200
8,284,structured_50,347200
8,285,structured_50,343500
8,285,dense,442600
8,286,dense,843900
8,286,structured_50,695400
8,287,structured_50,388600
8,287,dense,423900
8,288,dense,435400
8,288,structured_50,358000
8,289,structured_50,323900
8,289,dense,387700
8,290,dense,399800
8,290,structured_50,328800
8,291,structured_50,333700
8,291,dense,421100
8,292,dense,394500
8,292,structured_50,315900
8,293,structured_50,312000
8,293,dense,390300
8,294,dense,467200
8,294,structured_50,341200
8,295,structured_50,328100
8,295,dense,390900
8,296,dense,386900
8,296,structured_50,328000
8,297,structured_50,328200
8,297,dense,439500
8,298,dense,445700
8,298,structured_50,353500
8,299,structured_50,356800
8,299,dense,543700
8,300,dense,1055700
8,300,structured_50,562200
8,301,structured_50,409600
8,301,dense,532300
8,302,dense,521000
8,302,structured_50,423500
8,303,structured_50,396600
8,303,dense,540400
8,304,dense,521600
8,304,structured_50,411400
8,305,structured_50,393700
8,305,dense,490000
8,306,dense,521400
8,306,structured_50,405000
8,307,structured_50,396100
8,307,dense,493000
8,308,dense,519400
8,308,structured_50,414900
8,309,structured_50,395800
8,309,dense,485700
8,310,dense,506100
8,310,structured_50,564900
8,311,structured_50,935900
8,311,dense,595600
8,312,dense,515700
8,312,structured_50,432000
8,313,structured_50,417200
8,313,dense,482300
8,314,dense,482800
8,314,structured_50,387900
8,315,structured_50,431000
8,315,dense,466500
8,316,dense,460300
8,316,structured_50,374900
8,317,structured_50,370600
8,317,dense,487400
8,318,dense,469600
8,318,structured_50,376200
8,319,structured_50,369400
8,319,dense,481200
8,320,dense,468600
8,320,structured_50,365200
8,321,structured_50,356900
8,321,dense,444800
8,322,dense,465300
8,322,structured_50,362200
8,323,structured_50,365200
8,323,dense,655900
8,324,dense,491500
8,324,structured_50,377300
8,325,structured_50,361200
8,325,dense,438900
8,326,dense,425600
8,326,structured_50,389500
8,327,structured_50,357100
8,327,dense,430200
8,328,dense,424700
8,328,structured_50,346700
8,329,structured_50,436200
8,329,dense,561600
8,330,dense,455200
8,330,structured_50,346100
8,331,structured_50,365700
8,331,dense,430600
8,332,dense,422000
8,332,structured_50,355300
8,333,structured_50,338000
8,333,dense,431700
8,334,dense,443200
8,334,structured_50,340800
8,335,structured_50,335800
8,335,dense,408900
8,336,dense,436700
8,336,structured_50,359100
8,337,structured_50,569900
8,337,dense,480700
8,338,dense,535000
8,338,structured_50,358900
8,339,structured_50,350400
8,339,dense,424800
8,340,dense,420800
8,340,structured_50,378100
8,341,structured_50,348300
8,341,dense,423600
8,342,dense,415500
8,342,structured_50,337500
8,343,structured_50,371400
8,343,dense,424700
8,344,dense,422200
8,344,structured_50,345500
8,345,structured_50,336600
8,345,dense,446000
8,346,dense,426700
8,346,structured_50,339000
8,347,structured_50,341700
8,347,dense,414100
8,348,dense,463900
8,348,structured_50,350200
8,349,structured_50,323000
8,349,dense,402700
8,350,dense,644000
8,350,structured_50,729700
8,351,structured_50,380000
8,351,dense,436800
8,352,dense,425500
8,352,structured_50,380800
8,353,structured_50,349400
8,353,dense,419300
8,354,dense,421200
8,354,structured_50,342500
8,355,structured_50,361400
8,355,dense,421400
8,356,dense,423600
8,356,structured_50,338300
8,357,structured_50,336200
8,357,dense,437700
8,358,dense,427700
8,358,structured_50,341400
8,359,structured_50,336800
8,359,dense,417300
8,360,dense,430500
8,360,structured_50,354200
8,361,structured_50,336400
8,361,dense,415600
8,362,dense,415600
8,362,structured_50,361600
8,363,structured_50,341400
8,363,dense,966800
8,364,dense,525300
8,364,structured_50,409400
8,365,structured_50,356700
8,365,dense,421900
8,366,dense,417800
8,366,structured_50,340000
8,367,structured_50,382200
8,367,dense,422200
8,368,dense,425600
8,368,structured_50,374400
8,369,structured_50,340200
8,369,dense,434300
8,370,dense,407000
8,370,structured_50,325600
8,371,structured_50,321400
8,371,dense,394400
8,372,dense,437300
8,372,structured_50,343700
8,373,structured_50,369300
8,373,dense,428400
8,374,dense,410800
8,374,structured_50,382900
8,375,structured_50,364700
8,375,dense,451400
8,376,dense,483900
8,376,structured_50,404200
8,377,structured_50,468000
8,377,dense,821200
8,378,dense,554000
8,378,structured_50,430200
8,379,structured_50,430100
8,379,dense,492600
8,380,dense,475800
8,380,structured_50,385700
8,381,structured_50,387200
8,381,dense,510500
8,382,dense,477700
8,382,structured_50,393800
8,383,structured_50,388500
8,383,dense,507800
8,384,dense,496600
8,384,structured_50,397700
8,385,structured_50,402900
8,385,dense,739000
8,386,dense,493300
8,386,structured_50,389500
8,387,structured_50,413100
8,387,dense,483300
8,388,dense,565900
8,388,structured_50,1063900
8,389,structured_50,427500
8,389,dense,509700
8,390,dense,500800
8,390,structured_50,397200
8,391,structured_50,378400
8,391,dense,467400
8,392,dense,468800
8,392,structured_50,421300
8,393,structured_50,382200
8,393,dense,449800
8,394,dense,449300
8,394,structured_50,363700
8,395,structured_50,391200
8,395,dense,446600
8,396,dense,438200
8,396,structured_50,357400
8,397,structured_50,360500
8,397,dense,467800
8,398,dense,445700
8,398,structured_50,361900
8,399,structured_50,347300
8,399,dense,434600
8,400,dense,442700
8,400,structured_50,381300
8,401,structured_50,361500
8,401,dense,637300
8,402,dense,513900
8,402,structured_50,372300
8,403,structured_50,352200
8,403,dense,425100
8,404,dense,423900
8,404,structured_50,347600
8,405,structured_50,366600
8,405,dense,418000
8,406,dense,413500
8,406,structured_50,375400
8,407,structured_50,344100
8,407,dense,447100
8,408,dense,425000
8,408,structured_50,337200
8,409,structured_50,341400
8,409,dense,414800
8,410,dense,442200
8,410,structured_50,348200
8,411,structured_50,334500
8,411,dense,422100
8,412,dense,428400
8,412,structured_50,362500
8,413,structured_50,340900
8,413,dense,419700
8,414,dense,414300
8,414,structured_50,969600
8,415,structured_50,609100
8,415,dense,530300
8,416,dense,441100
8,416,structured_50,355500
8,417,structured_50,343700
8,417,dense,443100
8,418,dense,437700
8,418,structured_50,345600
8,419,structured_50,340600
8,419,dense,416400
8,420,dense,419600
8,420,structured_50,362200
8,421,structured_50,348200
8,421,dense,417900
8,422,dense,422100
8,422,structured_50,340000
8,423,structured_50,371600
8,423,dense,423700
8,424,dense,415300
8,424,structured_50,344300
8,425,structured_50,614400
8,425,dense,553400
8,426,dense,443600
8,426,structured_50,347800
8,427,structured_50,364900
8,427,dense,697400
8,428,dense,464700
8,428,structured_50,391400
8,429,structured_50,356400
8,429,dense,427000
8,430,dense,419300
8,430,structured_50,341000
8,431,structured_50,371800
8,431,dense,425900
8,432,dense,442100
8,432,structured_50,353400
8,433,structured_50,346200
8,433,dense,440500
8,434,dense,422700
8,434,structured_50,346600
8,435,structured_50,340300
8,435,dense,411600
8,436,dense,435000
8,436,structured_50,345700
8,437,structured_50,336300
8,437,dense,414600
8,438,dense,425000
8,438,structured_50,349900
8,439,structured_50,357100
8,439,dense,413500
8,440,dense,419100
8,440,structured_50,341600
8,441,structured_50,352200
8,441,dense,628900
8,442,dense,460200
8,442,structured_50,352000
8,443,structured_50,340000
8,443,dense,483900
8,444,dense,451400
8,444,structured_50,349800
8,445,structured_50,338500
8,445,dense,441100
8,446,dense,457200
8,446,structured_50,349800
8,447,structured_50,341900
8,447,dense,416100
8,448,dense,422600
8,448,structured_50,364100
8,449,structured_50,348300
8,449,dense,418400
8,450,dense,414900
8,450,structured_50,345900
8,451,structured_50,369200
8,451,dense,435900
8,452,dense,419900
8,452,structured_50,336800
8,453,structured_50,334400
8,453,dense,443200
8,454,dense,421900
8,454,structured_50,345300
8,455,structured_50,605500
8,455,dense,493900
8,456,dense,444400
8,456,structured_50,349600
8,457,structured_50,341700
8,457,dense,416300
8,458,dense,441400
8,458,structured_50,352100
8,459,structured_50,337600
8,459,dense,419400
8,460,dense,414900
8,460,structured_50,344600
8,461,structured_50,369300
8,461,dense,419900
8,462,dense,421900
8,462,structured_50,341300
8,463,structured_50,332900
8,463,dense,630300
8,464,dense,760900
8,464,structured_50,615100
8,465,structured_50,621500
8,465,dense,688800
8,466,dense,728400
8,466,structured_50,768200
8,467,structured_50,457500
8,467,dense,474600
8,468,dense,484000
8,468,structured_50,373500
8,469,structured_50,365100
8,469,dense,462200
8,470,dense,471000
8,470,structured_50,388400
8,471,structured_50,378900
8,471,dense,449900
8,472,dense,455800
8,472,structured_50,398200
8,473,structured_50,388400
8,473,dense,451100
8,474,dense,446000
8,474,structured_50,368000
8,475,structured_50,368600
8,475,dense,467900
8,476,dense,463500
8,476,structured_50,366000
8,477,structured_50,340700
8,477,dense,468400
8,478,dense,459000
8,478,structured_50,381300
8,479,structured_50,361600
8,479,dense,708100
8,480,dense,613700
8,480,structured_50,430200
8,481,structured_50,339200
8,481,dense,407700
8,482,dense,417100
8,482,structured_50,347300
8,483,structured_50,326000
8,483,dense,401000
8,484,dense,395100
8,484,structured_50,330600
8,485,structured_50,343200
8,485,dense,400500
8,486,dense,397100
8,486,structured_50,327600
8,487,structured_50,335100
8,487,dense,427100
8,488,dense,415400
8,488,structured_50,322800
8,489,structured_50,320800
8,489,dense,404300
8,490,dense,399700
8,490,structured_50,348400
8,491,structured_50,322900
8,491,dense,400000
8,492,dense,396000
8,492,structured_50,321900
8,493,structured_50,413300
8,493,dense,1307800
8,494,dense,765900
8,494,structured_50,455700
8,495,structured_50,444300
8,495,dense,521800
8,496,dense,529400
8,496,structured_50,433600
8,497,structured_50,424300
8,497,dense,507000
8,498,dense,519800
8,498,structured_50,430700
8,499,structured_50,420900
8,499,dense,502500
8,500,dense,506300
8,500,structured_50,435000
8,501,structured_50,421800
8,501,dense,501200
8,502,dense,507700
8,502,structured_50,429500
8,503,structured_50,422400
8,503,dense,724500
8,504,dense,976000
8,504,structured_50,717200
8,505,structured_50,404400
8,505,dense,532900
8,506,dense,527700
8,506,structured_50,448500
8,507,structured_50,424700
8,507,dense,511400
8,508,dense,507300
8,508,structured_50,432300
8,509,structured_50,417400
8,509,dense,503800
8,510,dense,508600
8,510,structured_50,422400
8,511,structured_50,428900
8,511,dense,501800
8,512,dense,507800
8,512,structured_50,424600
8,513,structured_50,443200
8,513,dense,507700
8,514,dense,495000
8,514,structured_50,950300
8,515,structured_50,592300
8,515,dense,549000
8,516,dense,575100
8,516,structured_50,495200
8,517,structured_50,503700
8,517,dense,581900
8,518,dense,558100
8,518,structured_50,480700
8,519,structured_50,424000
8,519,dense,516400
8,520,dense,526500
8,520,structured_50,428600
8,521,structured_50,420400
8,521,dense,506400
8,522,dense,514800
8,522,structured_50,439100
8,523,structured_50,417000
8,523,dense,449300
8,524,dense,472500
8,524,structured_50,425500
8,525,structured_50,395600
8,525,dense,1003400
8,526,dense,584000
8,526,structured_50,454900
8,527,structured_50,454000
8,527,dense,517700
8,528,dense,502200
8,528,structured_50,422300
8,529,structured_50,434600
8,529,dense,506600
8,530,dense,509100
8,530,structured_50,376500
8,531,structured_50,374300
8,531,dense,435900
8,532,dense,418800
8,532,structured_50,338600
8,533,structured_50,339400
8,533,dense,423000
8,534,dense,431400
8,534,structured_50,339600
8,535,structured_50,337500
8,535,dense,447900
8,536,dense,435000
8,536,structured_50,353700
8,537,structured_50,344300
8,537,dense,441400
8,538,dense,543000
8,538,structured_50,466200
8,539,structured_50,362100
8,539,dense,469200
8,540,dense,429800
8,540,structured_50,346600
8,541,structured_50,339900
8,541,dense,420000
8,542,dense,447100
8,542,structured_50,352500
8,543,structured_50,344500
8,543,dense,417800
8,544,dense,419000
8,544,structured_50,377200
8,545,structured_50,347100
8,545,dense,418100
8,546,dense,415200
8,546,structured_50,337000
8,547,structured_50,362100
8,547,dense,424000
8,548,dense,421100
8,548,structured_50,346200
8,549,structured_50,344600
8,549,dense,436500
8,550,dense,422200
8,550,structured_50,340300
8,551,structured_50,335100
8,551,dense,428500
8,552,dense,629400
8,552,structured_50,434600
8,553,structured_50,383200
8,553,dense,435700
8,554,dense,425100
8,554,structured_50,346000
8,555,structured_50,336800
8,555,dense,608500
8,556,dense,432700
8,556,structured_50,356600
8,557,structured_50,348700
8,557,dense,422200
8,558,dense,449700
8,558,structured_50,347200
8,559,structured_50,345500
8,559,dense,417400
8,560,dense,424200
8,560,structured_50,369300
8,561,structured_50,339700
8,561,dense,423000
8,562,dense,418500
8,562,structured_50,338600
8,563,structured_50,366400
8,563,dense,417900
8,564,dense,417600
8,564,structured_50,338500
8,565,structured_50,359400
8,565,dense,462500
8,566,dense,624500
8,566,structured_50,387400
8,567,structured_50,338500
8,567,dense,440700
8,568,dense,406000
8,568,structured_50,329600
8,569,structured_50,327800
8,569,dense,396300
8,570,dense,421400
8,570,structured_50,338200
8,571,structured_50,325500
8,571,dense,400200
8,572,dense,409500
8,572,structured_50,321500
8,573,structured_50,348200
8,573,dense,401700
8,574,dense,404100
8,574,structured_50,324900
8,575,structured_50,318400
8,575,dense,413300
8,576,dense,502900
8,576,structured_50,390200
8,577,structured_50,339700
8,577,dense,423100
8,578,dense,437800
8,578,structured_50,330500
8,579,structured_50,335000
8,579,dense,412900
8,580,dense,425600
8,580,structured_50,513300
8,581,structured_50,365200
8,581,dense,425000
8,582,dense,425900
8,582,structured_50,433700
8,583,structured_50,384300
8,583,dense,421900
8,584,dense,414800
8,584,structured_50,339500
8,585,structured_50,335100
8,585,dense,439000
8,586,dense,422600
8,586,structured_50,340000
8,587,structured_50,336100
8,587,dense,411900
8,588,dense,440000
8,588,structured_50,348500
8,589,structured_50,337900
8,589,dense,412700
8,590,dense,418100
8,590,structured_50,351300
8,591,structured_50,352000
8,591,dense,414000
8,592,dense,415000
8,592,structured_50,342100
8,593,structured_50,347200
8,593,dense,442900
8,594,dense,646800
8,594,structured_50,402800
8,595,structured_50,351000
8,595,dense,461500
8,596,dense,483000
8,596,structured_50,355200
8,597,structured_50,343400
8,597,dense,420000
8,598,dense,422600
8,598,structured_50,363100
8,599,structured_50,363200
8,599,dense,408600
8,600,dense,407000
8,600,structured_50,336600
8,601,structured_50,335800
8,601,dense,426500
8,602,dense,409700
8,602,structured_50,332900
8,603,structured_50,328000
8,603,dense,401100
8,604,dense,440200
8,604,structured_50,351900
8,605,structured_50,334000
8,605,dense,402900
8,606,dense,402400
8,606,structured_50,361600
8,607,structured_50,336000
8,607,dense,501300
8,608,dense,645400
8,608,structured_50,472200
8,609,structured_50,382300
8,609,dense,466600
8,610,dense,422000
8,610,structured_50,342500
8,611,structured_50,368000
8,611,dense,425900
8,612,dense,417700
8,612,structured_50,342400
8,613,structured_50,336500
8,613,dense,429600
8,614,dense,447600
8,614,structured_50,355200
8,615,structured_50,336500
8,615,dense,489800
8,616,dense,457200
8,616,structured_50,351200
8,617,structured_50,337900
8,617,dense,420100
8,618,dense,419700
8,618,structured_50,359100
8,619,structured_50,360600
8,619,dense,427100
8,620,dense,414800
8,620,structured_50,336500
8,621,structured_50,344100
8,621,dense,461700
8,622,dense,755100
8,622,structured_50,426500
8,623,structured_50,365100
8,623,dense,429500
8,624,dense,423900
8,624,structured_50,347200
8,625,structured_50,374100
8,625,dense,428700
8,626,dense,424500
8,626,structured_50,343500
8,627,structured_50,353000
8,627,dense,440900
8,628,dense,427000
8,628,structured_50,341300
8,629,structured_50,342000
8,629,dense,415300
8,630,dense,437000
8,630,structured_50,347800
8,631,structured_50,340800
8,631,dense,420400
8,632,dense,412300
8,632,structured_50,350100
8,633,structured_50,358300
8,633,dense,424600
8,634,dense,414600
8,634,structured_50,360500
8,635,structured_50,369200
8,635,dense,771000
8,636,dense,493200
8,636,structured_50,367400
8,637,structured_50,351700
8,637,dense,457500
8,638,dense,428200
8,638,structured_50,373800
8,639,structured_50,351500
8,639,dense,427200
8,640,dense,456400
8,640,structured_50,382100
8,641,structured_50,350800
8,641,dense,421300
8,642,dense,423200
8,642,structured_50,367500
8,643,structured_50,349600
8,643,dense,413900
8,644,dense,415200
8,644,structured_50,339700
8,645,structured_50,363100
8,645,dense,432900
8,646,dense,415900
8,646,structured_50,340800
8,647,structured_50,339600
8,647,dense,431800
8,648,dense,528700
8,648,structured_50,964400
8,649,structured_50,636400
8,649,dense,472400
8,650,dense,457100
8,650,structured_50,367000
8,651,structured_50,345800
8,651,dense,422400
8,652,dense,426000
8,652,structured_50,342100
8,653,structured_50,406300
8,653,dense,423200
8,654,dense,418800
8,654,structured_50,344300
8,655,structured_50,338800
8,655,dense,442900
8,656,dense,429500
8,656,structured_50,693400
8,657,structured_50,388100
8,657,dense,430000
8,658,dense,429400
8,658,structured_50,378800
8,659,structured_50,346000
8,659,dense,423300
8,660,dense,414200
8,660,structured_50,341100
8,661,structured_50,377500
8,661,dense,690200
8,662,dense,443300
8,662,structured_50,354000
8,663,structured_50,345100
8,663,dense,447700
8,664,dense,423600
8,664,structured_50,342700
8,665,structured_50,343900
8,665,dense,412100
8,666,dense,442300
8,666,structured_50,359800
8,667,structured_50,337000
8,667,dense,412300
8,668,dense,412600
8,668,structured_50,359900
8,669,structured_50,351400
8,669,dense,417100
8,670,dense,440300
8,670,structured_50,344700
8,671,structured_50,366300
8,671,dense,419400
8,672,dense,435300
8,672,structured_50,345500
8,673,structured_50,338400
8,673,dense,442100
8,674,dense,423500
8,674,structured_50,951600
8,675,structured_50,454100
8,675,dense,512500
8,676,dense,429900
8,676,structured_50,373000
8,677,structured_50,351000
8,677,dense,419400
8,678,dense,417000
8,678,structured_50,338300
8,679,structured_50,349100
8,679,dense,430400
8,680,dense,419200
8,680,structured_50,337900
8,681,structured_50,362500
8,681,dense,428100
8,682,dense,437900
8,682,structured_50,341300
8,683,structured_50,335800
8,683,dense,412300
8,684,dense,418900
8,684,structured_50,369900
8,685,structured_50,342900
8,685,dense,416400
8,686,dense,436400
8,686,structured_50,336400
8,687,structured_50,359800
8,687,dense,504700
8,688,dense,883700
8,688,structured_50,627700
8,689,structured_50,363500
8,689,dense,434800
8,690,dense,502000
8,690,structured_50,360100
8,691,structured_50,347600
8,691,dense,419000
8,692,dense,417600
8,692,structured_50,368800
8,693,structured_50,343000
8,693,dense,762500
8,694,dense,513500
8,694,structured_50,358100
8,695,structured_50,340100
8,695,dense,431600
8,696,dense,436800
8,696,structured_50,344900
8,697,structured_50,345600
8,697,dense,417000
8,698,dense,415200
8,698,structured_50,369500
8,699,structured_50,340100
8,699,dense,420500
8,700,dense,421400
8,700,structured_50,371100
8,701,structured_50,722100
8,701,dense,446100
8,702,dense,434400
8,702,structured_50,346800
8,703,structured_50,374000
8,703,dense,438100
8,704,dense,425300
8,704,structured_50,338200
8,705,structured_50,341000
8,705,dense,438700
8,706,dense,429000
8,706,structured_50,346400
8,707,structured_50,336500
8,707,dense,412000
8,708,dense,437800
8,708,structured_50,350000
8,709,structured_50,337600
8,709,dense,419600
8,710,dense,419500
8,710,structured_50,350500
8,711,structured_50,352000
8,711,dense,421700
8,712,dense,421400
8,712,structured_50,339500
8,713,structured_50,457700
8,713,dense,528500
8,714,dense,850700
8,714,structured_50,630100
8,715,structured_50,398000
8,715,dense,442600
8,716,dense,427400
8,716,structured_50,343400
8,717,structured_50,336300
8,717,dense,444800
8,718,dense,432100
8,718,structured_50,341600
8,719,structured_50,341600
8,719,dense,419700
8,720,dense,443000
8,720,structured_50,343500
8,721,structured_50,343900
8,721,dense,414300
8,722,dense,415200
8,722,structured_50,358700
8,723,structured_50,354700
8,723,dense,416100
8,724,dense,419900
8,724,structured_50,339000
8,725,structured_50,335900
8,725,dense,485600
8,726,dense,423200
8,726,structured_50,341600
8,727,structured_50,619300
8,727,dense,811300
8,728,dense,491800
8,728,structured_50,347000
8,729,structured_50,334100
8,729,dense,434200
8,730,dense,413600
8,730,structured_50,330900
8,731,structured_50,335600
8,731,dense,925500
8,732,dense,453700
8,732,structured_50,384100
8,733,structured_50,349900
8,733,dense,454800
8,734,dense,428300
8,734,structured_50,341700
8,735,structured_50,338200
8,735,dense,419300
8,736,dense,512300
8,736,structured_50,368100
8,737,structured_50,347600
8,737,dense,442500
8,738,dense,430800
8,738,structured_50,380700
8,739,structured_50,349100
8,739,dense,1477300
8,740,dense,591100
8,740,structured_50,399200
8,741,structured_50,363100
8,741,dense,470800
8,742,dense,437200
8,742,structured_50,354300
8,743,structured_50,346700
8,743,dense,419300
8,744,dense,448300
8,744,structured_50,350800
8,745,structured_50,339800
8,745,dense,415500
8,746,dense,418200
8,746,structured_50,353300
8,747,structured_50,354700
8,747,dense,418900
8,748,dense,422200
8,748,structured_50,425300
8,749,structured_50,597100
8,749,dense,628600
8,750,dense,617400
8,750,structured_50,520900
8,751,structured_50,724000
8,751,dense,1032500
8,752,dense,471800
8,752,structured_50,368500
8,753,structured_50,376900
8,753,dense,434700
8,754,dense,421600
8,754,structured_50,346100
8,755,structured_50,337800
8,755,dense,439600
8,756,dense,428100
8,756,structured_50,341000
8,757,structured_50,343100
8,757,dense,416100
8,758,dense,490500
8,758,structured_50,368500
8,759,structured_50,343100
8,759,dense,415800
8,760,dense,422700
8,760,structured_50,387700
8,761,structured_50,372200
8,761,dense,436400
8,762,dense,421900
8,762,structured_50,339600
8,763,structured_50,352400
8,763,dense,1032200
8,764,dense,856900
8,764,structured_50,405100
8,765,structured_50,472400
8,765,dense,516300
8,766,dense,474900
8,766,structured_50,389000
8,767,structured_50,416300
8,767,dense,466200
8,768,dense,444600
8,768,structured_50,363200
8,769,structured_50,354100
8,769,dense,548800
8,770,dense,450000
8,770,structured_50,413800
8,771,structured_50,349600
8,771,dense,462500
8,772,dense,437100
8,772,structured_50,343700
8,773,structured_50,337100
8,773,dense,426600
8,774,dense,432300
8,774,structured_50,381200
8,775,structured_50,337900
8,775,dense,474800
8,776,dense,447600
8,776,structured_50,729700
8,777,structured_50,621300
8,777,dense,479400
8,778,dense,446100
8,778,structured_50,370700
8,779,structured_50,389700
8,779,dense,478700
8,780,dense,442800
8,780,structured_50,347000
8,781,structured_50,349300
8,781,dense,451200
8,782,dense,429600
8,782,structured_50,345300
8,783,structured_50,373100
8,783,dense,456700
8,784,dense,584200
8,784,structured_50,372400
8,785,structured_50,347800
8,785,dense,429600
8,786,dense,455400
8,786,structured_50,612800
8,787,structured_50,433300
8,787,dense,571300
8,788,dense,1224800
8,788,structured_50,528100
8,789,structured_50,422200
8,789,dense,477600
8,790,dense,544500
8,790,structured_50,370700
8,791,structured_50,344300
8,791,dense,424200
8,792,dense,416300
8,792,structured_50,743600
8,793,structured_50,668800
8,793,dense,773500
8,794,dense,798200
8,794,structured_50,685300
8,795,structured_50,742700
8,795,dense,867600
8,796,dense,876900
8,796,structured_50,721400
8,797,structured_50,725700
8,797,dense,770100
8,798,dense,519300
8,798,structured_50,422300
8,799,structured_50,402300
8,799,dense,531600
8,800,dense,489400
8,800,structured_50,392800
8,801,structured_50,384500
8,801,dense,847400
8,802,dense,925500
8,802,structured_50,1019800
8,803,structured_50,1043400
8,803,dense,596500
8,804,dense,484100
8,804,structured_50,421700
8,805,structured_50,416600
8,805,dense,504200
8,806,dense,857700
8,806,structured_50,687000
8,807,structured_50,483800
8,807,dense,505700
8,808,dense,491900
8,808,structured_50,395400
8,809,structured_50,404200
8,809,dense,478200
8,810,dense,483000
8,810,structured_50,379800
8,811,structured_50,368300
8,811,dense,438700
8,812,dense,430100
8,812,structured_50,389600
8,813,structured_50,352800
8,813,dense,431800
8,814,dense,427800
8,814,structured_50,349000
8,815,structured_50,381400
8,815,dense,436000
8,816,dense,426500
8,816,structured_50,688800
8,817,structured_50,497600
8,817,dense,1246500
8,818,dense,590400
8,818,structured_50,414200
8,819,structured_50,381100
8,819,dense,519200
8,820,dense,447100
8,820,structured_50,364900
8,821,structured_50,347300
8,821,dense,425100
8,822,dense,448500
8,822,structured_50,350900
8,823,structured_50,347000
8,823,dense,424000
8,824,dense,419600
8,824,structured_50,378100
8,825,structured_50,350700
8,825,dense,416500
8,826,dense,420100
8,826,structured_50,335700
8,827,structured_50,370200
8,827,dense,424700
8,828,dense,420500
8,828,structured_50,339900
8,829,structured_50,341900
8,829,dense,439700
8,830,dense,432800
8,830,structured_50,366900
8,831,structured_50,352600
8,831,dense,434000
8,832,dense,461800
8,832,structured_50,357400
8,833,structured_50,345000
8,833,dense,419200
8,834,dense,432400
8,834,structured_50,367800
8,835,structured_50,339900
8,835,dense,414100
8,836,dense,445400
8,836,structured_50,402800
8,837,structured_50,454400
8,837,dense,429200
8,838,dense,420100
8,838,structured_50,346400
8,839,structured_50,334700
8,839,dense,452600
8,840,dense,419200
8,840,structured_50,339300
8,841,structured_50,336000
8,841,dense,415200
8,842,dense,457900
8,842,structured_50,348300
8,843,structured_50,336600
8,843,dense,408700
8,844,dense,414300
8,844,structured_50,369100
8,845,structured_50,679800
8,845,dense,493700
8,846,dense,446200
8,846,structured_50,355500
8,847,structured_50,383000
8,847,dense,429900
8,848,dense,428600
8,848,structured_50,342800
8,849,structured_50,352100
8,849,dense,448200
8,850,dense,430700
8,850,structured_50,344100
8,851,structured_50,356800
8,851,dense,419700
8,852,dense,447300
8,852,structured_50,352000
8,853,structured_50,348500
8,853,dense,423000
8,854,dense,416600
8,854,structured_50,365300
8,855,structured_50,346500
8,855,dense,419000
8,856,dense,670400
8,856,structured_50,393000
8,857,structured_50,352600
8,857,dense,904200
8,858,dense,790000
8,858,structured_50,383300
8,859,structured_50,386700
8,859,dense,450900
8,860,dense,495200
8,860,structured_50,390200
8,861,structured_50,382000
8,861,dense,467800
8,862,dense,514900
8,862,structured_50,374700
8,863,structured_50,355400
8,863,dense,422300
8,864,dense,421400
8,864,structured_50,366900
8,865,structured_50,350500
8,865,dense,416900
8,866,dense,432000
8,866,structured_50,344500
8,867,structured_50,338900
8,867,dense,449900
8,868,dense,420600
8,868,structured_50,338400
8,869,structured_50,340400
8,869,dense,528900
8,870,dense,445700
8,870,structured_50,739100
8,871,structured_50,379900
8,871,dense,463900
8,872,dense,430000
8,872,structured_50,383600
8,873,structured_50,351800
8,873,dense,417500
8,874,dense,419100
8,874,structured_50,341300
8,875,structured_50,394800
8,875,dense,435000
8,876,dense,420700
8,876,structured_50,344100
8,877,structured_50,337200
8,877,dense,439400
8,878,dense,426700
8,878,structured_50,346700
8,879,structured_50,368300
8,879,dense,448200
8,880,dense,497900
8,880,structured_50,396400
8,881,structured_50,386700
8,881,dense,468200
8,882,dense,492200
8,882,structured_50,408200
8,883,structured_50,395500
8,883,dense,896500
8,884,dense,542600
8,884,structured_50,415000
8,885,structured_50,398700
8,885,dense,518300
8,886,dense,483600
8,886,structured_50,420000
8,887,structured_50,380400
8,887,dense,490900
8,888,dense,470200
8,888,structured_50,385900
8,889,structured_50,384900
8,889,dense,472400
8,890,dense,509600
8,890,structured_50,393000
8,891,structured_50,386800
8,891,dense,478300
8,892,dense,504600
8,892,structured_50,393900
8,893,structured_50,561100
8,893,dense,499400
8,894,dense,489000
8,894,structured_50,438800
8,895,structured_50,429700
8,895,dense,536200
8,896,dense,486100
8,896,structured_50,432100
8,897,structured_50,398200
8,897,dense,479200
8,898,dense,477300
8,898,structured_50,387700
8,899,structured_50,416700
8,899,dense,476100
8,900,dense,474600
8,900,structured_50,382000
8,901,structured_50,404300
8,901,dense,501100
8,902,dense,469000
8,902,structured_50,375600
8,903,structured_50,373500
8,903,dense,489000
8,904,dense,459600
8,904,structured_50,376300
8,905,structured_50,363100
8,905,dense,447300
8,906,dense,482800
8,906,structured_50,371900
8,907,structured_50,368700
8,907,dense,446500
8,908,dense,483500
8,908,structured_50,404400
8,909,structured_50,376300
8,909,dense,449700
8,910,dense,445500
8,910,structured_50,383100
8,911,structured_50,374000
8,911,dense,437800
8,912,dense,437600
8,912,structured_50,356400
8,913,structured_50,370100
8,913,dense,458100
8,914,dense,456400
8,914,structured_50,362500
8,915,structured_50,360400
8,915,dense,485000
8,916,dense,458300
8,916,structured_50,368300
8,917,structured_50,361300
8,917,dense,443200
8,918,dense,466200
8,918,structured_50,364200
8,919,structured_50,360300
8,919,dense,432800
8,920,dense,436300
8,920,structured_50,464200
8,921,structured_50,1139300
8,921,dense,676000
8,922,dense,463700
8,922,structured_50,391400
8,923,structured_50,375900
8,923,dense,436500
8,924,dense,433100
8,924,structured_50,354100
8,925,structured_50,370000
8,925,dense,442100
8,926,dense,420600
8,926,structured_50,341500
8,927,structured_50,344200
8,927,dense,427500
8,928,dense,462200
8,928,structured_50,346900
8,929,structured_50,347600
8,929,dense,427900
8,930,dense,432100
8,930,structured_50,373500
8,931,structured_50,350400
8,931,dense,424200
8,932,dense,423600
8,932,structured_50,344900
8,933,structured_50,536400
8,933,dense,1231600
8,934,dense,506200
8,934,structured_50,373300
8,935,structured_50,362300
8,935,dense,462000
8,936,dense,426700
8,936,structured_50,349000
8,937,structured_50,342900
8,937,dense,446800
8,938,dense,501100
8,938,structured_50,352600
8,939,structured_50,357100
8,939,dense,425400
8,940,dense,438600
8,940,structured_50,385500
8,941,structured_50,348000
8,941,dense,416800
8,942,dense,418600
8,942,structured_50,343200
8,943,structured_50,368800
8,943,dense,421100
8,944,dense,423100
8,944,structured_50,340900
8,945,structured_50,334400
8,945,dense,470000
8,946,dense,442200
8,946,structured_50,801100
8,947,structured_50,401700
8,947,dense,467800
8,948,dense,433600
8,948,structured_50,375800
8,949,structured_50,350700
8,949,dense,419600
8,950,dense,422300
8,950,structured_50,342300
8,951,structured_50,356200
8,951,dense,439600
8,952,dense,427600
8,952,structured_50,353700
8,953,structured_50,345400
8,953,dense,433600
8,954,dense,433600
8,954,structured_50,344300
8,955,structured_50,343400
8,955,dense,415000
8,956,dense,435700
8,956,structured_50,360500
8,957,structured_50,469500
8,957,dense,551500
8,958,dense,442300
8,958,structured_50,449600
8,959,structured_50,606900
8,959,dense,924700
8,960,dense,494500
8,960,structured_50,370200
8,961,structured_50,354500
8,961,dense,459500
8,962,dense,434900
8,962,structured_50,345600
8,963,structured_50,342500
8,963,dense,422500
8,964,dense,449900
8,964,structured_50,364800
8,965,structured_50,343800
8,965,dense,415400
8,966,dense,422500
8,966,structured_50,363800
8,967,structured_50,343700
8,967,dense,420400
8,968,dense,414200
8,968,structured_50,337700
8,969,structured_50,354600
8,969,dense,443200
8,970,dense,419000
8,970,structured_50,345800
8,971,structured_50,336100
8,971,dense,425000
8,972,dense,1097000
8,972,structured_50,409400
8,973,structured_50,377500
8,973,dense,428600
8,974,dense,447900
8,974,structured_50,377000
8,975,structured_50,343500
8,975,dense,421500
8,976,dense,415700
8,976,structured_50,364300
8,977,structured_50,362000
8,977,dense,423800
8,978,dense,414400
8,978,structured_50,354900
8,979,structured_50,348900
8,979,dense,448500
8,980,dense,420100
8,980,structured_50,341800
8,981,structured_50,338000
8,981,dense,413700
8,982,dense,443900
8,982,structured_50,347900
8,983,structured_50,337500
8,983,dense,426900
8,984,dense,430600
8,984,structured_50,366900
8,985,structured_50,452400
8,985,dense,1038000
8,986,dense,459500
8,986,structured_50,370300
8,987,structured_50,354700
8,987,dense,524100
8,988,dense,564400
8,988,structured_50,521600
8,989,structured_50,579800
8,989,dense,817700
8,990,dense,698100
8,990,structured_50,547100
8,991,structured_50,523400
8,991,dense,802800
8,992,dense,791200
8,992,structured_50,1907600
8,993,structured_50,2244100
8,993,dense,2196500
8,994,dense,1080800
8,994,structured_50,2864800
8,995,structured_50,595800
8,995,dense,704800
8,996,dense,1305300
8,996,structured_50,2295200
8,997,structured_50,917900
8,997,dense,559000
8,998,dense,529800
8,998,structured_50,457300
8,999,structured_50,420600
8,999,dense,498200
8,1000,dense,487200
8,1000,structured_50,392800
8,1001,structured_50,426400
8,1001,dense,480100
8,1002,dense,469500
8,1002,structured_50,393500
8,1003,structured_50,398900
8,1003,dense,486600
8,1004,dense,474800
8,1004,structured_50,382800
8,1005,structured_50,380900
8,1005,dense,497800
8,1006,dense,668200
8,1006,structured_50,1670600
8,1007,structured_50,980300
8,1007,dense,1129700
8,1008,dense,1142800
8,1008,structured_50,1592900
8,1009,structured_50,460500
8,1009,dense,491200
8,1010,dense,462600
8,1010,structured_50,420400
8,1011,structured_50,377800
8,1011,dense,452100
8,1012,dense,444900
8,1012,structured_50,360600
8,1013,structured_50,393600
8,1013,dense,471900
8,1014,dense,450500
8,1014,structured_50,391700
8,1015,structured_50,402600
8,1015,dense,465300
8,1016,dense,471800
8,1016,structured_50,364200
8,1017,structured_50,365900
8,1017,dense,511900
8,1018,dense,476500
8,1018,structured_50,368900
8,1019,structured_50,356700
8,1019,dense,441400
8,1020,dense,481100
8,1020,structured_50,392100
8,1021,structured_50,374000
8,1021,dense,497600
8,1022,dense,526100
8,1022,structured_50,431000
8,1023,structured_50,401500
8,1023,dense,492500
8,1024,dense,532200
8,1024,structured_50,448500
8,1025,structured_50,426000
8,1025,dense,519200
8,1026,dense,542400
8,1026,structured_50,500800
8,1027,structured_50,1131200
8,1027,dense,619700
8,1028,dense,542700
8,1028,structured_50,473300
8,1029,structured_50,425800
8,1029,dense,511200
8,1030,dense,507700
8,1030,structured_50,447800
8,1031,structured_50,414300
8,1031,dense,510400
8,1032,dense,513300
8,1032,structured_50,450500
8,1033,structured_50,439500
8,1033,dense,524100
8,1034,dense,516700
8,1034,structured_50,480600
8,1035,structured_50,446100
8,1035,dense,521000
8,1036,dense,522900
8,1036,structured_50,507400
8,1037,structured_50,472500
8,1037,dense,1086600
8,1038,dense,750600
8,1038,structured_50,464900
8,1039,structured_50,448900
8,1039,dense,524800
8,1040,dense,510000
8,1040,structured_50,415200
8,1041,structured_50,632900
8,1041,dense,518800
8,1042,dense,521400
8,1042,structured_50,426500
8,1043,structured_50,453200
8,1043,dense,514100
8,1044,dense,511200
8,1044,structured_50,414500
8,1045,structured_50,444900
8,1045,dense,510000
8,1046,dense,504700
8,1046,structured_50,417400
8,1047,structured_50,434800
8,1047,dense,597300
8,1048,dense,641000
8,1048,structured_50,508900
8,1049,structured_50,471800
8,1049,dense,521000
8,1050,dense,510900
8,1050,structured_50,409500
8,1051,structured_50,436400
8,1051,dense,501200
8,1052,dense,493000
8,1052,structured_50,393100
8,1053,structured_50,412500
8,1053,dense,492700
8,1054,dense,481900
8,1054,structured_50,402600
8,1055,structured_50,383600
8,1055,dense,506900
8,1056,dense,487500
8,1056,structured_50,402100
8,1057,structured_50,398600
8,1057,dense,490900
8,1058,dense,504900
8,1058,structured_50,399100
8,1059,structured_50,386700
8,1059,dense,466200
8,1060,dense,532000
8,1060,structured_50,409300
8,1061,structured_50,394200
8,1061,dense,488500
8,1062,dense,498700
8,1062,structured_50,398800
8,1063,structured_50,386500
8,1063,dense,470000
8,1064,dense,477300
8,1064,structured_50,417300
8,1065,structured_50,386500
8,1065,dense,481500
8,1066,dense,466900
8,1066,structured_50,399100
8,1067,structured_50,399600
8,1067,dense,472000
8,1068,dense,479300
8,1068,structured_50,386600
8,1069,structured_50,416600
8,1069,dense,469900
8,1070,dense,474800
8,1070,structured_50,388900
8,1071,structured_50,370500
8,1071,dense,490200
8,1072,dense,467500
8,1072,structured_50,497100
8,1073,structured_50,802700
8,1073,dense,590900
8,1074,dense,592900
8,1074,structured_50,433000
8,1075,structured_50,396500
8,1075,dense,496800
8,1076,dense,494200
8,1076,structured_50,432000
8,1077,structured_50,399200
8,1077,dense,490200
8,1078,dense,508800
8,1078,structured_50,440100
8,1079,structured_50,395100
8,1079,dense,479600
8,1080,dense,471200
8,1080,structured_50,397200
8,1081,structured_50,421300
8,1081,dense,484300
8,1082,dense,457600
8,1082,structured_50,372400
8,1083,structured_50,392600
8,1083,dense,624000
8,1084,dense,519700
8,1084,structured_50,843900
8,1085,structured_50,483700
8,1085,dense,461100
8,1086,dense,443500
8,1086,structured_50,404600
8,1087,structured_50,365000
8,1087,dense,422900
8,1088,dense,421900
8,1088,structured_50,345700
8,1089,structured_50,364900
8,1089,dense,442100
8,1090,dense,424000
8,1090,structured_50,347700
8,1091,structured_50,337700
8,1091,dense,443900
8,1092,dense,436800
8,1092,structured_50,346600
8,1093,structured_50,343100
8,1093,dense,419400
8,1094,dense,453100
8,1094,structured_50,367500
8,1095,structured_50,348800
8,1095,dense,419100
8,1096,dense,439400
8,1096,structured_50,370300
8,1097,structured_50,365800
8,1097,dense,535700
8,1098,dense,483700
8,1098,structured_50,398300
8,1099,structured_50,416800
8,1099,dense,462600
8,1100,dense,445600
8,1100,structured_50,354800
8,1101,structured_50,347900
8,1101,dense,452100
8,1102,dense,421900
8,1102,structured_50,351200
8,1103,structured_50,344100
8,1103,dense,412500
8,1104,dense,458600
8,1104,structured_50,351400
8,1105,structured_50,337400
8,1105,dense,418600
8,1106,dense,442800
8,1106,structured_50,350300
8,1107,structured_50,343900
8,1107,dense,413600
8,1108,dense,414200
8,1108,structured_50,356500
8,1109,structured_50,367100
8,1109,dense,425500
8,1110,dense,436100
8,1110,structured_50,344800
8,1111,structured_50,356000
8,1111,dense,513600
8,1112,dense,448700
8,1112,structured_50,351000
8,1113,structured_50,344900
8,1113,dense,445700
8,1114,dense,447100
8,1114,structured_50,355700
8,1115,structured_50,347200
8,1115,dense,415700
8,1116,dense,431700
8,1116,structured_50,354900
8,1117,structured_50,341200
8,1117,dense,530100
8,1118,dense,432400
8,1118,structured_50,370400
8,1119,structured_50,352800
8,1119,dense,422000
8,1120,dense,423100
8,1120,structured_50,338600
8,1121,structured_50,335400
8,1121,dense,448900
8,1122,dense,422400
8,1122,structured_50,341400
8,1123,structured_50,345600
8,1123,dense,413600
8,1124,dense,480600
8,1124,structured_50,351300
8,1125,structured_50,633300
8,1125,dense,539800
8,1126,dense,451100
8,1126,structured_50,379700
8,1127,structured_50,376800
8,1127,dense,434400
8,1128,dense,425100
8,1128,structured_50,347500
8,1129,structured_50,343600
8,1129,dense,452400
8,1130,dense,430900
8,1130,structured_50,342800
8,1131,structured_50,338500
8,1131,dense,416000
8,1132,dense,445500
8,1132,structured_50,346100
8,1133,structured_50,336900
8,1133,dense,416200
8,1134,dense,414800
8,1134,structured_50,369200
8,1135,structured_50,340900
8,1135,dense,432200
8,1136,dense,451700
8,1136,structured_50,370500
8,1137,structured_50,532200
8,1137,dense,1544400
8,1138,dense,791100
8,1138,structured_50,435100
8,1139,structured_50,391300
8,1139,dense,506300
8,1140,dense,479200
8,1140,structured_50,419100
8,1141,structured_50,387100
8,1141,dense,499000
8,1142,dense,492900
8,1142,structured_50,433500
8,1143,structured_50,482800
8,1143,dense,555800
8,1144,dense,515300
8,1144,structured_50,470200
8,1145,structured_50,460800
8,1145,dense,756500
8,1146,dense,657300
8,1146,structured_50,567100
8,1147,structured_50,643000
8,1147,dense,741800
8,1148,dense,1100400
8,1148,structured_50,545000
8,1149,structured_50,505600
8,1149,dense,656800
8,1150,dense,625900
8,1150,structured_50,509500
8,1151,structured_50,544200
8,1151,dense,645300
8,1152,dense,637300
8,1152,structured_50,532000
8,1153,structured_50,534200
8,1153,dense,626900
8,1154,dense,622900
8,1154,structured_50,531800
8,1155,structured_50,499100
8,1155,dense,604600
8,1156,dense,625800
8,1156,structured_50,547300
8,1157,structured_50,751900
8,1157,dense,739700
8,1158,dense,633000
8,1158,structured_50,501700
8,1159,structured_50,474800
8,1159,dense,569300
8,1160,dense,590900
8,1160,structured_50,471500
8,1161,structured_50,449400
8,1161,dense,532900
8,1162,dense,557800
8,1162,structured_50,429600
8,1163,structured_50,417400
8,1163,dense,507300
8,1164,dense,531300
8,1164,structured_50,446600
8,1165,structured_50,413100
8,1165,dense,491900
8,1166,dense,487700
8,1166,structured_50,450000
8,1167,structured_50,436400
8,1167,dense,718500
8,1168,dense,570600
8,1168,structured_50,430000
8,1169,structured_50,399900
8,1169,dense,478600
8,1170,dense,483200
8,1170,structured_50,392500
8,1171,structured_50,359600
8,1171,dense,446600
8,1172,dense,452700
8,1172,structured_50,382400
8,1173,structured_50,354700
8,1173,dense,433400
8,1174,dense,428200
8,1174,structured_50,350300
8,1175,structured_50,368600
8,1175,dense,437000
8,1176,dense,435100
8,1176,structured_50,338900
8,1177,structured_50,344500
8,1177,dense,432500
8,1178,dense,436500
8,1178,structured_50,344800
8,1179,structured_50,336500
8,1179,dense,426900
8,1180,dense,445100
8,1180,structured_50,413300
8,1181,structured_50,379700
8,1181,dense,496300
8,1182,dense,453600
8,1182,structured_50,382900
8,1183,structured_50,348800
8,1183,dense,431500
8,1184,dense,423800
8,1184,structured_50,341400
8,1185,structured_50,357100
8,1185,dense,425700
8,1186,dense,417000
8,1186,structured_50,340300
8,1187,structured_50,337100
8,1187,dense,424600
8,1188,dense,432600
8,1188,structured_50,342500
8,1189,structured_50,336900
8,1189,dense,415700
8,1190,dense,413500
8,1190,structured_50,382100
8,1191,structured_50,370000
8,1191,dense,421300
8,1192,dense,426000
8,1192,structured_50,344400
8,1193,structured_50,360900
8,1193,dense,420800
8,1194,dense,415800
8,1194,structured_50,864700
8,1195,structured_50,580400
8,1195,dense,694400
8,1196,dense,698300
8,1196,structured_50,619700
8,1197,structured_50,776400
8,1197,dense,532100
8,1198,dense,516400
8,1198,structured_50,432700
8,1199,structured_50,433900
8,1199,dense,497900
8,1200,dense,481500
8,1200,structured_50,372900
8,1201,structured_50,401900
8,1201,dense,465800
8,1202,dense,456300
8,1202,structured_50,370600
8,1203,structured_50,367600
8,1203,dense,471300
8,1204,dense,443500
8,1204,structured_50,362900
8,1205,structured_50,533600
8,1205,dense,517200
8,1206,dense,455800
8,1206,structured_50,367600
8,1207,structured_50,372700
8,1207,dense,451100
8,1208,dense,432800
8,1208,structured_50,343700
8,1209,structured_50,333800
8,1209,dense,424000
8,1210,dense,435000
8,1210,structured_50,344300
8,1211,structured_50,345800
8,1211,dense,423000
8,1212,dense,432900
8,1212,structured_50,354200
8,1213,structured_50,338200
8,1213,dense,413900
8,1214,dense,416900
8,1214,structured_50,342300
8,1215,structured_50,361100
8,1215,dense,425400
8,1216,dense,517600
8,1216,structured_50,371400
8,1217,structured_50,339900
8,1217,dense,442600
8,1218,dense,450900
8,1218,structured_50,633500
8,1219,structured_50,444100
8,1219,dense,446100
8,1220,dense,438900
8,1220,structured_50,376100
8,1221,structured_50,352200
8,1221,dense,418200
8,1222,dense,416400
8,1222,structured_50,341300
8,1223,structured_50,339800
8,1223,dense,442200
8,1224,dense,425800
8,1224,structured_50,339900
8,1225,structured_50,334100
8,1225,dense,417100
8,1226,dense,441900
8,1226,structured_50,350200
8,1227,structured_50,339300
8,1227,dense,412400
8,1228,dense,419300
8,1228,structured_50,372200
8,1229,structured_50,349500
8,1229,dense,411300
8,1230,dense,417600
8,1230,structured_50,335200
8,1231,structured_50,359300
8,1231,dense,419600
8,1232,dense,431900
8,1232,structured_50,686100
8,1233,structured_50,404900
8,1233,dense,439700
8,1234,dense,431200
8,1234,structured_50,375600
8,1235,structured_50,345300
8,1235,dense,483300
8,1236,dense,426400
8,1236,structured_50,340400
8,1237,structured_50,367800
8,1237,dense,435800
8,1238,dense,424500
8,1238,structured_50,343000
8,1239,structured_50,335400
8,1239,dense,437300
8,1240,dense,425800
8,1240,structured_50,342000
8,1241,structured_50,335100
8,1241,dense,419000
8,1242,dense,437100
8,1242,structured_50,348400
8,1243,structured_50,338300
8,1243,dense,414400
8,1244,dense,418700
8,1244,structured_50,338200
8,1245,structured_50,365000
8,1245,dense,427800
8,1246,dense,445300
8,1246,structured_50,616400
8,1247,structured_50,379200
8,1247,dense,463400
8,1248,dense,427200
8,1248,structured_50,347300
8,1249,structured_50,339100
8,1249,dense,420700
8,1250,dense,448200
8,1250,structured_50,346000
8,1251,structured_50,338600
8,1251,dense,412800
8,1252,dense,428400
8,1252,structured_50,371500
8,1253,structured_50,341300
8,1253,dense,417800
8,1254,dense,412700
8,1254,structured_50,336100
8,1255,structured_50,354100
8,1255,dense,721900
8,1256,dense,453100
8,1256,structured_50,350200
8,1257,structured_50,370400
8,1257,dense,424900
8,1258,dense,416800
8,1258,structured_50,339200
8,1259,structured_50,564700
8,1259,dense,1082600
8,1260,dense,591700
8,1260,structured_50,379900
8,1261,structured_50,357500
8,1261,dense,425100
8,1262,dense,434200
8,1262,structured_50,363500
8,1263,structured_50,343000
8,1263,dense,421000
8,1264,dense,417900
8,1264,structured_50,341600
8,1265,structured_50,365600
8,1265,dense,426000
8,1266,dense,417700
8,1266,structured_50,341000
8,1267,structured_50,342200
8,1267,dense,489000
8,1268,dense,432400
8,1268,structured_50,339900
8,1269,structured_50,332900
8,1269,dense,421500
8,1270,dense,443100
8,1270,structured_50,353200
8,1271,structured_50,343400
8,1271,dense,568800
8,1272,dense,833200
8,1272,structured_50,397500
8,1273,structured_50,351800
8,1273,dense,427300
8,1274,dense,739300
8,1274,structured_50,383500
8,1275,structured_50,426800
8,1275,dense,496200
8,1276,dense,436000
8,1276,structured_50,353300
8,1277,structured_50,370700
8,1277,dense,441200
8,1278,dense,422100
8,1278,structured_50,346100
8,1279,structured_50,369300
8,1279,dense,440700
8,1280,dense,439000
8,1280,structured_50,344100
8,1281,structured_50,341500
8,1281,dense,439900
8,1282,dense,436100
8,1282,structured_50,356600
8,1283,structured_50,340400
8,1283,dense,418300
8,1284,dense,421000
8,1284,structured_50,472700
8,1285,structured_50,817200
8,1285,dense,490300
8,1286,dense,430900
8,1286,structured_50,348400
8,1287,structured_50,338500
8,1287,dense,447000
8,1288,dense,428300
8,1288,structured_50,353600
8,1289,structured_50,347300
8,1289,dense,419600
8,1290,dense,441900
8,1290,structured_50,364100
8,1291,structured_50,361700
8,1291,dense,423400
8,1292,dense,417300
8,1292,structured_50,387000
8,1293,structured_50,662100
8,1293,dense,500900
8,1294,dense,436100
8,1294,structured_50,359500
8,1295,structured_50,395100
8,1295,dense,450100
8,1296,dense,457900
8,1296,structured_50,380600
8,1297,structured_50,570700
8,1297,dense,830200
8,1298,dense,517800
8,1298,structured_50,387800
8,1299,structured_50,358400
8,1299,dense,459300
8,1300,dense,455100
8,1300,structured_50,351200
8,1301,structured_50,341100
8,1301,dense,418400
8,1302,dense,446200
8,1302,structured_50,356300
8,1303,structured_50,341200
8,1303,dense,420000
8,1304,dense,413000
8,1304,structured_50,360000
8,1305,structured_50,344800
8,1305,dense,419800
8,1306,dense,417100
8,1306,structured_50,339400
8,1307,structured_50,359300
8,1307,dense,461800
8,1308,dense,507900
8,1308,structured_50,356200
8,1309,structured_50,343900
8,1309,dense,444600
8,1310,dense,561200
8,1310,structured_50,503600
8,1311,structured_50,967100
8,1311,dense,524900
8,1312,dense,474300
8,1312,structured_50,364200
8,1313,structured_50,380100
8,1313,dense,435900
8,1314,dense,449400
8,1314,structured_50,380700
8,1315,structured_50,346200
8,1315,dense,454400
8,1316,dense,432200
8,1316,structured_50,342400
8,1317,structured_50,337100
8,1317,dense,441200
8,1318,dense,462500
8,1318,structured_50,379200
8,1319,structured_50,359300
8,1319,dense,433200
8,1320,dense,437000
8,1320,structured_50,358100
8,1321,structured_50,341600
8,1321,dense,424200
8,1322,dense,423200
8,1322,structured_50,363700
8,1323,structured_50,580200
8,1323,dense,823800
8,1324,dense,660600
8,1324,structured_50,501800
8,1325,structured_50,375300
8,1325,dense,463900
8,1326,dense,455400
8,1326,structured_50,368800
8,1327,structured_50,348500
8,1327,dense,424000
8,1328,dense,422200
8,1328,structured_50,734800
8,1329,structured_50,378100
8,1329,dense,460400
8,1330,dense,434400
8,1330,structured_50,378500
8,1331,structured_50,350000
8,1331,dense,415700
8,1332,dense,414700
8,1332,structured_50,347800
8,1333,structured_50,374900
8,1333,dense,433500
8,1334,dense,423700
8,1334,structured_50,347500
8,1335,structured_50,362300
8,1335,dense,445600
8,1336,dense,692700
8,1336,structured_50,500400
8,1337,structured_50,456200
8,1337,dense,555000
8,1338,dense,458100
8,1338,structured_50,358800
8,1339,structured_50,344100
8,1339,dense,464400
8,1340,dense,462100
8,1340,structured_50,385300
8,1341,structured_50,363500
8,1341,dense,429000
8,1342,dense,453700
8,1342,structured_50,354400
8,1343,structured_50,372200
8,1343,dense,454900
8,1344,dense,456700
8,1344,structured_50,369500
8,1345,structured_50,348400
8,1345,dense,425100
8,1346,dense,458000
8,1346,structured_50,451200
8,1347,structured_50,393500
8,1347,dense,693000
8,1348,dense,1190800
8,1348,structured_50,586700
8,1349,structured_50,392700
8,1349,dense,463700
8,1350,dense,474400
8,1350,structured_50,390200
8,1351,structured_50,375500
8,1351,dense,426400
8,1352,dense,445600
8,1352,structured_50,372600
8,1353,structured_50,345100
8,1353,dense,419200
8,1354,dense,416000
8,1354,structured_50,336600
8,1355,structured_50,367600
8,1355,dense,426300
8,1356,dense,423000
8,1356,structured_50,337100
8,1357,structured_50,335700
8,1357,dense,446600
8,1358,dense,420400
8,1358,structured_50,341600
8,1359,structured_50,334200
8,1359,dense,413400
8,1360,dense,492600
8,1360,structured_50,363200
8,1361,structured_50,669700
8,1361,dense,457900
8,1362,dense,472800
8,1362,structured_50,402700
8,1363,structured_50,364900
8,1363,dense,457100
8,1364,dense,427400
8,1364,structured_50,418100
8,1365,structured_50,378500
8,1365,dense,446500
8,1366,dense,436300
8,1366,structured_50,342400
8,1367,structured_50,337900
8,1367,dense,438900
8,1368,dense,454500
8,1368,structured_50,377100
8,1369,structured_50,350500
8,1369,dense,415900
8,1370,dense,454400
8,1370,structured_50,354800
8,1371,structured_50,339800
8,1371,dense,419800
8,1372,dense,431600
8,1372,structured_50,376300
8,1373,structured_50,350900
8,1373,dense,416500
8,1374,dense,456600
8,1374,structured_50,531300
8,1375,structured_50,529900
8,1375,dense,483500
8,1376,dense,437500
8,1376,structured_50,348300
8,1377,structured_50,344400
8,1377,dense,417300
8,1378,dense,448800
8,1378,structured_50,346400
8,1379,structured_50,338600
8,1379,dense,414200
8,1380,dense,418600
8,1380,structured_50,363600
8,1381,structured_50,341700
8,1381,dense,420400
8,1382,dense,416100
8,1382,structured_50,335000
8,1383,structured_50,365900
8,1383,dense,416900
8,1384,dense,419700
8,1384,structured_50,340100
8,1385,structured_50,337500
8,1385,dense,440000
8,1386,dense,429000
8,1386,structured_50,339000
8,1387,structured_50,332600
8,1387,dense,427400
8,1388,dense,765400
8,1388,structured_50,394000
8,1389,structured_50,375100
8,1389,dense,408600
8,1390,dense,431600
8,1390,structured_50,340400
8,1391,structured_50,329500
8,1391,dense,400600
8,1392,dense,396100
8,1392,structured_50,344400
8,1393,structured_50,355800
8,1393,dense,423300
8,1394,dense,409100
8,1394,structured_50,726600
8,1395,structured_50,671800
8,1395,dense,782800
8,1396,dense,1202600
8,1396,structured_50,1130300
8,1397,structured_50,1660300
8,1397,dense,1238200
8,1398,dense,776300
8,1398,structured_50,634800
8,1399,structured_50,543700
8,1399,dense,680400
8,1400,dense,685900
8,1400,structured_50,490700
8,1401,structured_50,471400
8,1401,dense,572200
8,1402,dense,619300
8,1402,structured_50,461700
8,1403,structured_50,428600
8,1403,dense,542800
8,1404,dense,531300
8,1404,structured_50,423700
8,1405,structured_50,451000
8,1405,dense,528500
8,1406,dense,526600
8,1406,structured_50,616800
8,1407,structured_50,471500
8,1407,dense,517500
8,1408,dense,462600
8,1408,structured_50,373000
8,1409,structured_50,363800
8,1409,dense,479000
8,1410,dense,472500
8,1410,structured_50,362100
8,1411,structured_50,346600
8,1411,dense,521800
8,1412,dense,459500
8,1412,structured_50,360000
8,1413,structured_50,345100
8,1413,dense,422400
8,1414,dense,416700
8,1414,structured_50,364900
8,1415,structured_50,338100
8,1415,dense,412900
8,1416,dense,427600
8,1416,structured_50,338700
8,1417,structured_50,356800
8,1417,dense,413400
8,1418,dense,412600
8,1418,structured_50,333500
8,1419,structured_50,332100
8,1419,dense,450800
8,1420,dense,759200
8,1420,structured_50,396000
8,1421,structured_50,349900
8,1421,dense,454200
8,1422,dense,456400
8,1422,structured_50,353300
8,1423,structured_50,340300
8,1423,dense,414200
8,1424,dense,442900
8,1424,structured_50,377400
8,1425,structured_50,357300
8,1425,dense,454500
8,1426,dense,424200
8,1426,structured_50,342300
8,1427,structured_50,371100
8,1427,dense,425700
8,1428,dense,418300
8,1428,structured_50,340300
8,1429,structured_50,337100
8,1429,dense,442600
8,1430,dense,433700
8,1430,structured_50,345600
8,1431,structured_50,363800
8,1431,dense,437500
8,1432,dense,445800
8,1432,structured_50,371600
8,1433,structured_50,364600
8,1433,dense,681300
8,1434,dense,483000
8,1434,structured_50,391500
8,1435,structured_50,393800
8,1435,dense,448400
8,1436,dense,460700
8,1436,structured_50,359800
8,1437,structured_50,348300
8,1437,dense,459500
8,1438,dense,431200
8,1438,structured_50,386000
8,1439,structured_50,360800
8,1439,dense,443600
8,1440,dense,435600
8,1440,structured_50,347100
8,1441,structured_50,359800
8,1441,dense,442600
8,1442,dense,435900
8,1442,structured_50,353600
8,1443,structured_50,337000
8,1443,dense,418800
8,1444,dense,445500
8,1444,structured_50,351900
8,1445,structured_50,337000
8,1445,dense,414300
8,1446,dense,421400
8,1446,structured_50,378300
8,1447,structured_50,729200
8,1447,dense,458500
8,1448,dense,433600
8,1448,structured_50,348600
8,1449,structured_50,377600
8,1449,dense,424800
8,1450,dense,517600
8,1450,structured_50,354400
8,1451,structured_50,340700
8,1451,dense,460300
8,1452,dense,428000
8,1452,structured_50,343700
8,1453,structured_50,338900
8,1453,dense,413900
8,1454,dense,451500
8,1454,structured_50,353600
8,1455,structured_50,337800
8,1455,dense,418500
8,1456,dense,421200
8,1456,structured_50,371500
8,1457,structured_50,348100
8,1457,dense,420000
8,1458,dense,413400
8,1458,structured_50,338900
8,1459,structured_50,361300
8,1459,dense,501300
8,1460,dense,909600
8,1460,structured_50,422500
8,1461,structured_50,380100
8,1461,dense,455500
8,1462,dense,412800
8,1462,structured_50,332700
8,1463,structured_50,320600
8,1463,dense,397500
8,1464,dense,419700
8,1464,structured_50,333800
8,1465,structured_50,330600
8,1465,dense,413400
8,1466,dense,400000
8,1466,structured_50,321900
8,1467,structured_50,352500
8,1467,dense,397200
8,1468,dense,400400
8,1468,structured_50,330700
8,1469,structured_50,328800
8,1469,dense,429800
8,1470,dense,465900
8,1470,structured_50,384900
8,1471,structured_50,352200
8,1471,dense,491000
8,1472,dense,535100
8,1472,structured_50,402400
8,1473,structured_50,393400
8,1473,dense,472500
8,1474,dense,851900
8,1474,structured_50,481400
8,1475,structured_50,449800
8,1475,dense,504100
8,1476,dense,501600
8,1476,structured_50,411600
8,1477,structured_50,405200
8,1477,dense,508800
8,1478,dense,505800
8,1478,structured_50,407000
8,1479,structured_50,430500
8,1479,dense,504700
8,1480,dense,521000
8,1480,structured_50,402400
8,1481,structured_50,390400
8,1481,dense,487500
8,1482,dense,515700
8,1482,structured_50,405300
8,1483,structured_50,404100
8,1483,dense,479900
8,1484,dense,484600
8,1484,structured_50,428000
8,1485,structured_50,413800
8,1485,dense,642900
8,1486,dense,505600
8,1486,structured_50,437200
8,1487,structured_50,539400
8,1487,dense,492500
8,1488,dense,479500
8,1488,structured_50,420400
8,1489,structured_50,396100
8,1489,dense,474800
8,1490,dense,476400
8,1490,structured_50,413300
8,1491,structured_50,391200
8,1491,dense,478800
8,1492,dense,472400
8,1492,structured_50,381200
8,1493,structured_50,404400
8,1493,dense,457100
8,1494,dense,449000
8,1494,structured_50,364900
8,1495,structured_50,368600
8,1495,dense,470000
8,1496,dense,466300
8,1496,structured_50,374800
8,1497,structured_50,357400
8,1497,dense,438000
8,1498,dense,759000
8,1498,structured_50,400900
8,1499,structured_50,366600
8,1499,dense,458400
8,1500,dense,454500
8,1500,structured_50,356700
8,1501,structured_50,343000
8,1501,dense,416800
8,1502,dense,429400
8,1502,structured_50,360800
8,1503,structured_50,348500
8,1503,dense,425600
8,1504,dense,418700
8,1504,structured_50,344500
8,1505,structured_50,367500
8,1505,dense,583900
8,1506,dense,815300
8,1506,structured_50,725300
8,1507,structured_50,681400
8,1507,dense,764200
8,1508,dense,774700
8,1508,structured_50,735500
8,1509,structured_50,733300
8,1509,dense,516400
8,1510,dense,453900
8,1510,structured_50,386700
8,1511,structured_50,402900
8,1511,dense,441400
8,1512,dense,453600
8,1512,structured_50,351900
8,1513,structured_50,366500
8,1513,dense,456300
8,1514,dense,456700
8,1514,structured_50,371300
8,1515,structured_50,348100
8,1515,dense,454100
8,1516,dense,462800
8,1516,structured_50,379600
8,1517,structured_50,354000
8,1517,dense,424700
8,1518,dense,467900
8,1518,structured_50,394500
8,1519,structured_50,360800
8,1519,dense,418600
8,1520,dense,457600
8,1520,structured_50,397800
8,1521,structured_50,371800
8,1521,dense,828100
8,1522,dense,552100
8,1522,structured_50,368200
8,1523,structured_50,381000
8,1523,dense,424400
8,1524,dense,425600
8,1524,structured_50,341400
8,1525,structured_50,344400
8,1525,dense,451600
8,1526,dense,420600
8,1526,structured_50,342300
8,1527,structured_50,336200
8,1527,dense,414800
8,1528,dense,445600
8,1528,structured_50,347200
8,1529,structured_50,342300
8,1529,dense,419900
8,1530,dense,415200
8,1530,structured_50,360900
8,1531,structured_50,345000
8,1531,dense,443500
8,1532,dense,422100
8,1532,structured_50,341500
8,1533,structured_50,365400
8,1533,dense,419300
8,1534,dense,669200
8,1534,structured_50,715100
8,1535,structured_50,418900
8,1535,dense,443500
8,1536,dense,428300
8,1536,structured_50,374800
8,1537,structured_50,351000
8,1537,dense,421300
8,1538,dense,417500
8,1538,structured_50,338600
8,1539,structured_50,349500
8,1539,dense,433500
8,1540,dense,466800
8,1540,structured_50,346400
8,1541,structured_50,337100
8,1541,dense,429600
8,1542,dense,434100
8,1542,structured_50,346700
8,1543,structured_50,340500
8,1543,dense,414100
8,1544,dense,434300
8,1544,structured_50,357600
8,1545,structured_50,340000
8,1545,dense,417000
8,1546,dense,416800
8,1546,structured_50,336900
8,1547,structured_50,373100
8,1547,dense,504800
8,1548,dense,807200
8,1548,structured_50,413500
8,1549,structured_50,352800
8,1549,dense,427000
8,1550,dense,447100
8,1550,structured_50,361700
8,1551,structured_50,347900
8,1551,dense,420600
8,1552,dense,419700
8,1552,structured_50,347300
8,1553,structured_50,366400
8,1553,dense,419800
8,1554,dense,419800
8,1554,structured_50,336700
8,1555,structured_50,337100
8,1555,dense,438700
8,1556,dense,417700
8,1556,structured_50,337600
8,1557,structured_50,341600
8,1557,dense,436100
8,1558,dense,434800
8,1558,structured_50,350600
8,1559,structured_50,336000
8,1559,dense,639200
8,1560,dense,443500
8,1560,structured_50,353700
8,1561,structured_50,726000
8,1561,dense,885800
8,1562,dense,462000
8,1562,structured_50,360500
8,1563,structured_50,375100
8,1563,dense,438600
8,1564,dense,419200
8,1564,structured_50,351700
8,1565,structured_50,336700
8,1565,dense,437800
8,1566,dense,423500
8,1566,structured_50,356000
8,1567,structured_50,351800
8,1567,dense,412800
8,1568,dense,448900
8,1568,structured_50,348500
8,1569,structured_50,342100
8,1569,dense,412100
8,1570,dense,479700
8,1570,structured_50,371300
8,1571,structured_50,347800
8,1571,dense,430400
8,1572,dense,423300
8,1572,structured_50,337900
8,1573,structured_50,333900
8,1573,dense,493300
8,1574,dense,899900
8,1574,structured_50,448700
8,1575,structured_50,383800
8,1575,dense,433200
8,1576,dense,444200
8,1576,structured_50,363600
8,1577,structured_50,344900
8,1577,dense,417100
8,1578,dense,422700
8,1578,structured_50,345300
8,1579,structured_50,372700
8,1579,dense,832800
8,1580,dense,445700
8,1580,structured_50,352800
8,1581,structured_50,340300
8,1581,dense,454700
8,1582,dense,424200
8,1582,structured_50,344100
8,1583,structured_50,339100
8,1583,dense,414300
8,1584,dense,450500
8,1584,structured_50,345400
8,1585,structured_50,338900
8,1585,dense,412700
8,1586,dense,415500
8,1586,structured_50,533100
8,1587,structured_50,729600
8,1587,dense,474700
8,1588,dense,455700
8,1588,structured_50,349500
8,1589,structured_50,361100
8,1589,dense,437300
8,1590,dense,419100
8,1590,structured_50,346200
8,1591,structured_50,337600
8,1591,dense,433800
8,1592,dense,437800
8,1592,structured_50,344000
8,1593,structured_50,345400
8,1593,dense,419100
8,1594,dense,433600
8,1594,structured_50,356900
8,1595,structured_50,339600
8,1595,dense,413500
8,1596,dense,415000
8,1596,structured_50,343600
8,1597,structured_50,387700
8,1597,dense,416700
8,1598,dense,420600
8,1598,structured_50,337800
8,1599,structured_50,416700
8,1599,dense,447100
8,1600,dense,448300
8,1600,structured_50,350300
8,1601,structured_50,522100
8,1601,dense,500800
8,1602,dense,440900
8,1602,structured_50,358000
8,1603,structured_50,366200
8,1603,dense,417400
8,1604,dense,443800
8,1604,structured_50,350600
8,1605,structured_50,340800
8,1605,dense,421400
8,1606,dense,414700
8,1606,structured_50,353500
8,1607,structured_50,350500
8,1607,dense,415000
8,1608,dense,414800
8,1608,structured_50,338700
8,1609,structured_50,340000
8,1609,dense,442800
8,1610,dense,422700
8,1610,structured_50,340100
8,1611,structured_50,335300
8,1611,dense,418300
8,1612,dense,456000
8,1612,structured_50,342400
8,1613,structured_50,339900
8,1613,dense,410900
8,1614,dense,461100
8,1614,structured_50,885700
8,1615,structured_50,407100
8,1615,dense,454800
8,1616,dense,443300
8,1616,structured_50,443500
8,1617,structured_50,351000
8,1617,dense,450700
8,1618,dense,439600
8,1618,structured_50,346500
8,1619,structured_50,367900
8,1619,dense,437700
8,1620,dense,422000
8,1620,structured_50,338200
8,1621,structured_50,336700
8,1621,dense,439700
8,1622,dense,426200
8,1622,structured_50,349100
8,1623,structured_50,339600
8,1623,dense,416200
8,1624,dense,440200
8,1624,structured_50,349900
8,1625,structured_50,340500
8,1625,dense,419200
8,1626,dense,419800
8,1626,structured_50,351200
8,1627,structured_50,356600
8,1627,dense,435600
8,1628,dense,743900
8,1628,structured_50,452900
8,1629,structured_50,377500
8,1629,dense,455400
8,1630,dense,449000
8,1630,structured_50,366900
8,1631,structured_50,343700
8,1631,dense,422200
8,1632,dense,417700
8,1632,structured_50,342800
8,1633,structured_50,370800
8,1633,dense,420000
8,1634,dense,422700
8,1634,structured_50,340400
8,1635,structured_50,336600
8,1635,dense,440200
8,1636,dense,427400
8,1636,structured_50,346400
8,1637,structured_50,334700
8,1637,dense,704100
8,1638,dense,761000
8,1638,structured_50,662400
8,1639,structured_50,628900
8,1639,dense,1004600
8,1640,dense,628600
8,1640,structured_50,388700
8,1641,structured_50,370500
8,1641,dense,430200
8,1642,dense,401400
8,1642,structured_50,359500
8,1643,structured_50,331700
8,1643,dense,401800
8,1644,dense,404200
8,1644,structured_50,333700
8,1645,structured_50,345400
8,1645,dense,414800
8,1646,dense,404800
8,1646,structured_50,327300
8,1647,structured_50,329500
8,1647,dense,399000
8,1648,dense,426000
8,1648,structured_50,327600
8,1649,structured_50,321600
8,1649,dense,404100
8,1650,dense,403400
8,1650,structured_50,346100
8,1651,structured_50,340200
8,1651,dense,413400
8,1652,dense,399300
8,1652,structured_50,323300
8,1653,structured_50,383400
8,1653,dense,755600
8,1654,dense,696100
8,1654,structured_50,403100
8,1655,structured_50,344600
8,1655,dense,410800
8,1656,dense,400800
8,1656,structured_50,326500
8,1657,structured_50,338500
8,1657,dense,413300
8,1658,dense,399200
8,1658,structured_50,326500
8,1659,structured_50,326200
8,1659,dense,398300
8,1660,dense,430100
8,1660,structured_50,334100
8,1661,structured_50,332700
8,1661,dense,397500
8,1662,dense,394700
8,1662,structured_50,342100
8,1663,structured_50,334600
8,1663,dense,395800
8,1664,dense,395700
8,1664,structured_50,320300
8,1665,structured_50,325200
8,1665,dense,417000
8,1666,dense,405000
8,1666,structured_50,329200
8,1667,structured_50,352600
8,1667,dense,424200
8,1668,dense,781700
8,1668,structured_50,390000
8,1669,structured_50,359000
8,1669,dense,433100
8,1670,dense,457100
8,1670,structured_50,350000
8,1671,structured_50,342300
8,1671,dense,414100
8,1672,dense,416800
8,1672,structured_50,579200
8,1673,structured_50,371900
8,1673,dense,426200
8,1674,dense,423000
8,1674,structured_50,375700
8,1675,structured_50,353300
8,1675,dense,422100
8,1676,dense,417600
8,1676,structured_50,342000
8,1677,structured_50,353500
8,1677,dense,433300
8,1678,dense,419300
8,1678,structured_50,347100
8,1679,structured_50,342100
8,1679,dense,427600
8,1680,dense,431900
8,1680,structured_50,424300
8,1681,structured_50,932500
8,1681,dense,559000
8,1682,dense,486100
8,1682,structured_50,368500
8,1683,structured_50,346800
8,1683,dense,424300
8,1684,dense,435200
8,1684,structured_50,370000
8,1685,structured_50,346600
8,1685,dense,425100
8,1686,dense,421200
8,1686,structured_50,353100
8,1687,structured_50,332300
8,1687,dense,396900
8,1688,dense,397000
8,1688,structured_50,322000
8,1689,structured_50,319000
8,1689,dense,422900
8,1690,dense,399200
8,1690,structured_50,329400
8,1691,structured_50,327500
8,1691,dense,394800
8,1692,dense,424800
8,1692,structured_50,328600
8,1693,structured_50,327700
8,1693,dense,399300
8,1694,dense,438800
8,1694,structured_50,455500
8,1695,structured_50,509800
8,1695,dense,497800
8,1696,dense,475000
8,1696,structured_50,382700
8,1697,structured_50,379800
8,1697,dense,464400
8,1698,dense,449300
8,1698,structured_50,340000
8,1699,structured_50,379900
8,1699,dense,415100
8,1700,dense,439700
8,1700,structured_50,375800
8,1701,structured_50,343400
8,1701,dense,445600
8,1702,dense,426600
8,1702,structured_50,340900
8,1703,structured_50,337700
8,1703,dense,412900
8,1704,dense,633000
8,1704,structured_50,408000
8,1705,structured_50,394300
8,1705,dense,486800
8,1706,dense,495000
8,1706,structured_50,414200
8,1707,structured_50,1532800
8,1707,dense,1285200
8,1708,dense,1178700
8,1708,structured_50,890900
8,1709,structured_50,1241000
8,1709,dense,1385300
8,1710,dense,1286600
8,1710,structured_50,1218900
8,1711,structured_50,1218600
8,1711,dense,1329700
8,1712,dense,548500
8,1712,structured_50,1173000
8,1713,structured_50,465400
8,1713,dense,466100
8,1714,dense,458500
8,1714,structured_50,482800
8,1715,structured_50,415200
8,1715,dense,486600
8,1716,dense,456400
8,1716,structured_50,379400
8,1717,structured_50,401700
8,1717,dense,455500
8,1718,dense,439800
8,1718,structured_50,351200
8,1719,structured_50,347000
8,1719,dense,463500
8,1720,dense,432000
8,1720,structured_50,355800
8,1721,structured_50,353800
8,1721,dense,433900
8,1722,dense,1902200
8,1722,structured_50,1552500
8,1723,structured_50,1338900
8,1723,dense,498800
8,1724,dense,450800
8,1724,structured_50,396300
8,1725,structured_50,351800
8,1725,dense,426900
8,1726,dense,419300
8,1726,structured_50,344300
8,1727,structured_50,361500
8,1727,dense,427300
8,1728,dense,426500
8,1728,structured_50,344300
8,1729,structured_50,342800
8,1729,dense,774600
8,1730,dense,434500
8,1730,structured_50,354100
8,1731,structured_50,443000
8,1731,dense,1050800
8,1732,dense,467200
8,1732,structured_50,375400
8,1733,structured_50,353100
8,1733,dense,463300
8,1734,dense,433500
8,1734,structured_50,551600
8,1735,structured_50,378100
8,1735,dense,530200
8,1736,dense,436300
8,1736,structured_50,347200
8,1737,structured_50,341600
8,1737,dense,450500
8,1738,dense,430700
8,1738,structured_50,344100
8,1739,structured_50,338400
8,1739,dense,413500
8,1740,dense,448300
8,1740,structured_50,353800
8,1741,structured_50,343800
8,1741,dense,413300
8,1742,dense,418900
8,1742,structured_50,357600
8,1743,structured_50,343600
8,1743,dense,414100
8,1744,dense,423700
8,1744,structured_50,507400
8,1745,structured_50,563000
8,1745,dense,472300
8,1746,dense,451100
8,1746,structured_50,358000
8,1747,structured_50,350100
8,1747,dense,424700
8,1748,dense,441300
8,1748,structured_50,364700
8,1749,structured_50,343600
8,1749,dense,420700
8,1750,dense,421700
8,1750,structured_50,338800
8,1751,structured_50,363500
8,1751,dense,424200
8,1752,dense,420100
8,1752,structured_50,344200
8,1753,structured_50,335600
8,1753,dense,440400
8,1754,dense,493300
8,1754,structured_50,464000
8,1755,structured_50,360800
8,1755,dense,441900
8,1756,dense,438900
8,1756,structured_50,348600
8,1757,structured_50,343900
8,1757,dense,433400
8,1758,dense,645100
8,1758,structured_50,475900
8,1759,structured_50,366200
8,1759,dense,427100
8,1760,dense,450300
8,1760,structured_50,355100
8,1761,structured_50,342800
8,1761,dense,419900
8,1762,dense,416300
8,1762,structured_50,356600
8,1763,structured_50,362900
8,1763,dense,422900
8,1764,dense,417700
8,1764,structured_50,343900
8,1765,structured_50,343900
8,1765,dense,442600
8,1766,dense,421800
8,1766,structured_50,341700
8,1767,structured_50,341300
8,1767,dense,418600
8,1768,dense,439300
8,1768,structured_50,349200
8,1769,structured_50,335800
8,1769,dense,412700
8,1770,dense,413100
8,1770,structured_50,362300
8,1771,structured_50,340800
8,1771,dense,437700
8,1772,dense,604100
8,1772,structured_50,388900
8,1773,structured_50,393900
8,1773,dense,738500
8,1774,dense,493200
8,1774,structured_50,366500
8,1775,structured_50,360200
8,1775,dense,437700
8,1776,dense,431100
8,1776,structured_50,389700
8,1777,structured_50,425100
8,1777,dense,427900
8,1778,dense,424200
8,1778,structured_50,341700
8,1779,structured_50,370900
8,1779,dense,417500
8,1780,dense,419400
8,1780,structured_50,340500
8,1781,structured_50,332800
8,1781,dense,463100
8,1782,dense,420600
8,1782,structured_50,338600
8,1783,structured_50,342900
8,1783,dense,418500
8,1784,dense,442700
8,1784,structured_50,1321300
8,1785,structured_50,639200
8,1785,dense,478500
8,1786,dense,476100
8,1786,structured_50,378600
8,1787,structured_50,350300
8,1787,dense,439500
8,1788,dense,423700
8,1788,structured_50,384600
8,1789,structured_50,353200
8,1789,dense,430200
8,1790,dense,434300
8,1790,structured_50,343600
8,1791,structured_50,733200
8,1791,dense,510300
8,1792,dense,440400
8,1792,structured_50,353200
8,1793,structured_50,380800
8,1793,dense,422700
8,1794,dense,424500
8,1794,structured_50,345100
8,1795,structured_50,341800
8,1795,dense,447500
8,1796,dense,458600
8,1796,structured_50,376500
8,1797,structured_50,566500
8,1797,dense,470600
8,1798,dense,451100
8,1798,structured_50,351400
8,1799,structured_50,343300
8,1799,dense,424300
8,1800,dense,439900
8,1800,structured_50,356600
8,1801,structured_50,345200
8,1801,dense,420200
8,1802,dense,419200
8,1802,structured_50,344400
8,1803,structured_50,365600
8,1803,dense,421100
8,1804,dense,416800
8,1804,structured_50,339900
8,1805,structured_50,335000
8,1805,dense,440100
8,1806,dense,438600
8,1806,structured_50,342300
8,1807,structured_50,337700
8,1807,dense,413600
8,1808,dense,448200
8,1808,structured_50,345400
8,1809,structured_50,337100
8,1809,dense,418900
8,1810,dense,426300
8,1810,structured_50,697300
8,1811,structured_50,471900
8,1811,dense,462200
8,1812,dense,437000
8,1812,structured_50,378100
8,1813,structured_50,360900
8,1813,dense,424100
8,1814,dense,419100
8,1814,structured_50,341600
8,1815,structured_50,356200
8,1815,dense,434800
8,1816,dense,422900
8,1816,structured_50,346500
8,1817,structured_50,333500
8,1817,dense,431400
8,1818,dense,433300
8,1818,structured_50,340400
8,1819,structured_50,337900
8,1819,dense,417500
8,1820,dense,415000
8,1820,structured_50,366600
8,1821,structured_50,342700
8,1821,dense,415900
8,1822,dense,415600
8,1822,structured_50,345000
8,1823,structured_50,366200
8,1823,dense,425200
8,1824,dense,436400
8,1824,structured_50,651100
8,1825,structured_50,359200
8,1825,dense,428700
8,1826,dense,422000
8,1826,structured_50,371900
8,1827,structured_50,352800
8,1827,dense,412800
8,1828,dense,421000
8,1828,structured_50,344800
8,1829,structured_50,352800
8,1829,dense,599900
8,1830,dense,831400
8,1830,structured_50,630300
8,1831,structured_50,630500
8,1831,dense,770700
8,1832,dense,740000
8,1832,structured_50,627300
8,1833,structured_50,662800
8,1833,dense,724900
8,1834,dense,815400
8,1834,structured_50,591800
8,1835,structured_50,432600
8,1835,dense,506800
8,1836,dense,437000
8,1836,structured_50,372200
8,1837,structured_50,355100
8,1837,dense,420000
8,1838,dense,418300
8,1838,structured_50,341600
8,1839,structured_50,368500
8,1839,dense,431200
8,1840,dense,419800
8,1840,structured_50,347500
8,1841,structured_50,342200
8,1841,dense,425900
8,1842,dense,431600
8,1842,structured_50,342000
8,1843,structured_50,334300
8,1843,dense,411900
8,1844,dense,421200
8,1844,structured_50,373700
8,1845,structured_50,340500
8,1845,dense,555100
8,1846,dense,495900
8,1846,structured_50,362300
8,1847,structured_50,502600
8,1847,dense,827700
8,1848,dense,474500
8,1848,structured_50,362700
8,1849,structured_50,349400
8,1849,dense,451900
8,1850,dense,429100
8,1850,structured_50,343100
8,1851,structured_50,335100
8,1851,dense,419200
8,1852,dense,436900
8,1852,structured_50,367900
8,1853,structured_50,336800
8,1853,dense,411500
8,1854,dense,419000
8,1854,structured_50,370400
8,1855,structured_50,347100
8,1855,dense,414200
8,1856,dense,412300
8,1856,structured_50,343700
8,1857,structured_50,361200
8,1857,dense,435700
8,1858,dense,419800
8,1858,structured_50,337800
8,1859,structured_50,343400
8,1859,dense,428500
8,1860,dense,420000
8,1860,structured_50,353200
8,1861,structured_50,353000
8,1861,dense,723600
8,1862,dense,480600
8,1862,structured_50,361700
8,1863,structured_50,344700
8,1863,dense,418500
8,1864,dense,425200
8,1864,structured_50,369200
8,1865,structured_50,396200
8,1865,dense,424200
8,1866,dense,423400
8,1866,structured_50,373300
8,1867,structured_50,354300
8,1867,dense,413100
8,1868,dense,423000
8,1868,structured_50,340400
8,1869,structured_50,337100
8,1869,dense,447800
8,1870,dense,426900
8,1870,structured_50,341100
8,1871,structured_50,337600
8,1871,dense,439600
8,1872,dense,423700
8,1872,structured_50,338800
8,1873,structured_50,338200
8,1873,dense,413500
8,1874,dense,436300
8,1874,structured_50,355800
8,1875,structured_50,359000
8,1875,dense,844500
8,1876,dense,602200
8,1876,structured_50,451000
8,1877,structured_50,381600
8,1877,dense,457200
8,1878,dense,426500
8,1878,structured_50,346300
8,1879,structured_50,344900
8,1879,dense,435300
8,1880,dense,435000
8,1880,structured_50,348100
8,1881,structured_50,336400
8,1881,dense,418600
8,1882,dense,450000
8,1882,structured_50,347600
8,1883,structured_50,342800
8,1883,dense,414200
8,1884,dense,414000
8,1884,structured_50,372100
8,1885,structured_50,341600
8,1885,dense,418800
8,1886,dense,425600
8,1886,structured_50,342000
8,1887,structured_50,367100
8,1887,dense,442000
8,1888,dense,450000
8,1888,structured_50,584100
8,1889,structured_50,399000
8,1889,dense,512900
8,1890,dense,487800
8,1890,structured_50,362400
8,1891,structured_50,350400
8,1891,dense,450000
8,1892,dense,425800
8,1892,structured_50,342700
8,1893,structured_50,343700
8,1893,dense,418900
8,1894,dense,445800
8,1894,structured_50,354100
8,1895,structured_50,345100
8,1895,dense,417200
8,1896,dense,421900
8,1896,structured_50,338300
8,1897,structured_50,362900
8,1897,dense,422700
8,1898,dense,416600
8,1898,structured_50,340200
8,1899,structured_50,335900
8,1899,dense,441700
8,1900,dense,445600
8,1900,structured_50,351400
8,1901,structured_50,420600
8,1901,dense,543700
8,1902,dense,637100
8,1902,structured_50,447600
8,1903,structured_50,385600
8,1903,dense,480300
8,1904,dense,438200
8,1904,structured_50,349700
8,1905,structured_50,357900
8,1905,dense,438700
8,1906,dense,423000
8,1906,structured_50,340500
8,1907,structured_50,351100
8,1907,dense,433500
8,1908,dense,437300
8,1908,structured_50,339700
8,1909,structured_50,337900
8,1909,dense,412500
8,1910,dense,418700
8,1910,structured_50,367200
8,1911,structured_50,342900
8,1911,dense,416100
8,1912,dense,413800
8,1912,structured_50,363700
8,1913,structured_50,338700
8,1913,dense,417500
8,1914,dense,416500
8,1914,structured_50,336200
8,1915,structured_50,418700
8,1915,dense,430300
8,1916,dense,457100
8,1916,structured_50,380100
8,1917,structured_50,349800
8,1917,dense,457000
8,1918,dense,432500
8,1918,structured_50,338400
8,1919,structured_50,334900
8,1919,dense,410200
8,1920,dense,437300
8,1920,structured_50,345300
8,1921,structured_50,334800
8,1921,dense,407000
8,1922,dense,411700
8,1922,structured_50,333900
8,1923,structured_50,359800
8,1923,dense,416500
8,1924,dense,418500
8,1924,structured_50,336200
8,1925,structured_50,331100
8,1925,dense,438800
8,1926,dense,415200
8,1926,structured_50,335200
8,1927,structured_50,335400
8,1927,dense,412100
8,1928,dense,432900
8,1928,structured_50,345700
8,1929,structured_50,358400
8,1929,dense,421900
8,1930,dense,717000
8,1930,structured_50,418100
8,1931,structured_50,364500
8,1931,dense,424900
8,1932,dense,421800
8,1932,structured_50,344200
8,1933,structured_50,363800
8,1933,dense,425900
8,1934,dense,416500
8,1934,structured_50,342200
8,1935,structured_50,348000
8,1935,dense,455800
8,1936,dense,432900
8,1936,structured_50,343400
8,1937,structured_50,338500
8,1937,dense,418800
8,1938,dense,441800
8,1938,structured_50,348800
8,1939,structured_50,339000
8,1939,dense,411200
8,1940,dense,413200
8,1940,structured_50,340200
8,1941,structured_50,366400
8,1941,dense,416700
8,1942,dense,416300
8,1942,structured_50,339300
8,1943,structured_50,494900
8,1943,dense,650900
8,1944,dense,480900
8,1944,structured_50,373200
8,1945,structured_50,386600
8,1945,dense,435600
8,1946,dense,426700
8,1946,structured_50,343900
8,1947,structured_50,352400
8,1947,dense,441900
8,1948,dense,425400
8,1948,structured_50,352700
8,1949,structured_50,368700
8,1949,dense,501500
8,1950,dense,483000
8,1950,structured_50,367800
8,1951,structured_50,355200
8,1951,dense,428600
8,1952,dense,460800
8,1952,structured_50,349600
8,1953,structured_50,344700
8,1953,dense,424400
8,1954,dense,423100
8,1954,structured_50,369900
8,1955,structured_50,340800
8,1955,dense,414600
8,1956,dense,420700
8,1956,structured_50,344600
8,1957,structured_50,603100
8,1957,dense,523400
8,1958,dense,514100
8,1958,structured_50,676700
8,1959,structured_50,396600
8,1959,dense,468500
8,1960,dense,514300
8,1960,structured_50,390000
8,1961,structured_50,358900
8,1961,dense,520400
8,1962,dense,469700
8,1962,structured_50,356100
8,1963,structured_50,351300
8,1963,dense,434500
8,1964,dense,425700
8,1964,structured_50,370700
8,1965,structured_50,347100
8,1965,dense,416400
8,1966,dense,419500
8,1966,structured_50,345600
8,1967,structured_50,358300
8,1967,dense,431000
8,1968,dense,431200
8,1968,structured_50,337400
8,1969,structured_50,444800
8,1969,dense,1086600
8,1970,dense,522900
8,1970,structured_50,543700
8,1971,structured_50,368600
8,1971,dense,438700
8,1972,dense,456000
8,1972,structured_50,365700
8,1973,structured_50,349300
8,1973,dense,420900
8,1974,dense,417800
8,1974,structured_50,338600
8,1975,structured_50,367400
8,1975,dense,432200
8,1976,dense,422400
8,1976,structured_50,340900
8,1977,structured_50,336900
8,1977,dense,444800
8,1978,dense,421900
8,1978,structured_50,342900
8,1979,structured_50,339800
8,1979,dense,412000
8,1980,dense,445400
8,1980,structured_50,350600
8,1981,structured_50,337800
8,1981,dense,417100
8,1982,dense,428600
8,1982,structured_50,380100
8,1983,structured_50,693100
8,1983,dense,598900
8,1984,dense,582200
8,1984,structured_50,368600
8,1985,structured_50,346200
8,1985,dense,423200
8,1986,dense,456200
8,1986,structured_50,352000
8,1987,structured_50,344600
8,1987,dense,423500
8,1988,dense,427200
8,1988,structured_50,490400
8,1989,structured_50,353200
8,1989,dense,421200
8,1990,dense,422300
8,1990,structured_50,359300
8,1991,structured_50,356000
8,1991,dense,416600
8,1992,dense,417000
8,1992,structured_50,347800
8,1993,structured_50,353900
8,1993,dense,444400
8,1994,dense,422700
8,1994,structured_50,341800
8,1995,structured_50,589400
8,1995,dense,837700
8,1996,dense,524000
8,1996,structured_50,369600
8,1997,structured_50,372600
8,1997,dense,451400
8,1998,dense,429700
8,1998,structured_50,346100
8,1999,structured_50,337800
8,1999,dense,419200
8,2000,dense,438100
8,2000,structured_50,366100
8,2001,structured_50,347200
8,2001,dense,420000
8,2002,dense,414000
8,2002,structured_50,358400
8,2003,structured_50,354700
8,2003,dense,422400
8,2004,dense,417100
8,2004,structured_50,342500
8,2005,structured_50,334200
8,2005,dense,441600
8,2006,dense,425800
8,2006,structured_50,339800
8,2007,structured_50,343400
8,2007,dense,606600
8,2008,dense,598500
8,2008,structured_50,761700
8,2009,structured_50,514300
8,2009,dense,592400
8,2010,dense,472400
8,2010,structured_50,373500
8,2011,structured_50,344800
8,2011,dense,424700
8,2012,dense,421200
8,2012,structured_50,341300
8,2013,structured_50,368700
8,2013,dense,424900
8,2014,dense,424000
8,2014,structured_50,340300
8,2015,structured_50,337100
8,2015,dense,448500
8,2016,dense,426300
8,2016,structured_50,340700
8,2017,structured_50,341800
8,2017,dense,416100
8,2018,dense,444800
8,2018,structured_50,344300
8,2019,structured_50,338200
8,2019,dense,416800
8,2020,dense,431500
8,2020,structured_50,355200
8,2021,structured_50,781700
8,2021,dense,1096400
8,2022,dense,960700
8,2022,structured_50,475900
8,2023,structured_50,452200
8,2023,dense,520500
8,2024,dense,509900
8,2024,structured_50,428300
8,2025,structured_50,433400
8,2025,dense,507500
8,2026,dense,507900
8,2026,structured_50,424300
8,2027,structured_50,425400
8,2027,dense,506900
8,2028,dense,495600
8,2028,structured_50,424200
8,2029,structured_50,416300
8,2029,dense,516600
8,2030,dense,523600
8,2030,structured_50,439100
8,2031,structured_50,414700
8,2031,dense,1234800
8,2032,dense,943900
8,2032,structured_50,529900
8,2033,structured_50,490600
8,2033,dense,505900
8,2034,dense,530000
8,2034,structured_50,450900
8,2035,structured_50,438900
8,2035,dense,529900
8,2036,dense,526600
8,2036,structured_50,438700
8,2037,structured_50,454800
8,2037,dense,491500
8,2038,dense,493600
8,2038,structured_50,436800
8,2039,structured_50,434900
8,2039,dense,514100
8,2040,dense,491900
8,2040,structured_50,350500
8,2041,structured_50,340500
8,2041,dense,461100
8,2042,dense,468800
8,2042,structured_50,547900
8,2043,structured_50,499700
8,2043,dense,535400
8,2044,dense,450100
8,2044,structured_50,389700
8,2045,structured_50,354400
8,2045,dense,430100
8,2046,dense,426200
8,2046,structured_50,343000
8,2047,structured_50,354400
8,2047,dense,438100
8,2048,dense,426200
8,2048,structured_50,338500
8,2049,structured_50,336600
8,2049,dense,427500
8,2050,dense,437200
8,2050,structured_50,341200
8,2051,structured_50,340500
8,2051,dense,413000
8,2052,dense,413100
8,2052,structured_50,369800
8,2053,structured_50,339900
8,2053,dense,411100
8,2054,dense,419000
8,2054,structured_50,337600
8,2055,structured_50,366000
8,2055,dense,432400
8,2056,dense,447800
8,2056,structured_50,625200
8,2057,structured_50,404100
8,2057,dense,483500
8,2058,dense,454000
8,2058,structured_50,373900
8,2059,structured_50,353900
8,2059,dense,425400
8,2060,dense,421300
8,2060,structured_50,350900
8,2061,structured_50,369700
8,2061,dense,432400
8,2062,dense,424100
8,2062,structured_50,346200
8,2063,structured_50,337300
8,2063,dense,446300
8,2064,dense,419100
8,2064,structured_50,342300
8,2065,structured_50,343600
8,2065,dense,413000
8,2066,dense,445000
8,2066,structured_50,362200
8,2067,structured_50,353200
8,2067,dense,415100
8,2068,dense,413000
8,2068,structured_50,364500
8,2069,structured_50,342300
8,2069,dense,451200
8,2070,dense,563600
8,2070,structured_50,388600
8,2071,structured_50,626400
8,2071,dense,489600
8,2072,dense,435900
8,2072,structured_50,348900
8,2073,structured_50,372500
8,2073,dense,428100
8,2074,dense,416300
8,2074,structured_50,346400
8,2075,structured_50,340600
8,2075,dense,434800
8,2076,dense,439000
8,2076,structured_50,346300
8,2077,structured_50,338200
8,2077,dense,417100
8,2078,dense,428900
8,2078,structured_50,357700
8,2079,structured_50,341300
8,2079,dense,415100
8,2080,dense,412200
8,2080,structured_50,340900
8,2081,structured_50,364700
8,2081,dense,434300
8,2082,dense,412500
8,2082,structured_50,335500
8,2083,structured_50,345000
8,2083,dense,662900
8,2084,dense,496100
8,2084,structured_50,373700
8,2085,structured_50,358100
8,2085,dense,433100
8,2086,dense,459500
8,2086,structured_50,351400
8,2087,structured_50,346600
8,2087,dense,421900
8,2088,dense,419600
8,2088,structured_50,371200
8,2089,structured_50,344600
8,2089,dense,417200
8,2090,dense,543800
8,2090,structured_50,438800
8,2091,structured_50,358700
8,2091,dense,440400
8,2092,dense,445100
8,2092,structured_50,357700
8,2093,structured_50,339600
8,2093,dense,418900
8,2094,dense,419900
8,2094,structured_50,338100
8,2095,structured_50,370000
8,2095,dense,435700
8,2096,dense,422800
8,2096,structured_50,341500
8,2097,structured_50,496500
8,2097,dense,571200
8,2098,dense,463200
8,2098,structured_50,360900
8,2099,structured_50,353300
8,2099,dense,466000
8,2100,dense,451000
8,2100,structured_50,355200
8,2101,structured_50,341300
8,2101,dense,414300
8,2102,dense,415900
8,2102,structured_50,365700
8,2103,structured_50,358300
8,2103,dense,417200
8,2104,dense,422000
8,2104,structured_50,338400
8,2105,structured_50,341000
8,2105,dense,439900
8,2106,dense,418900
8,2106,structured_50,341000
8,2107,structured_50,335700
8,2107,dense,412300
8,2108,dense,453500
8,2108,structured_50,350500
8,2109,structured_50,350800
8,2109,dense,422500
8,2110,dense,529800
8,2110,structured_50,375900
8,2111,structured_50,788400
8,2111,dense,546700
8,2112,dense,511200
8,2112,structured_50,391500
8,2113,structured_50,354000
8,2113,dense,421500
8,2114,dense,422300
8,2114,structured_50,342100
8,2115,structured_50,356400
8,2115,dense,456600
8,2116,dense,428800
8,2116,structured_50,340900
8,2117,structured_50,342300
8,2117,dense,433900
8,2118,dense,435000
8,2118,structured_50,342200
8,2119,structured_50,339800
8,2119,dense,424600
8,2120,dense,518100
8,2120,structured_50,380600
8,2121,structured_50,357800
8,2121,dense,421500
8,2122,dense,421200
8,2122,structured_50,364900
8,2123,structured_50,942800
8,2123,dense,926700
8,2124,dense,894700
8,2124,structured_50,491700
8,2125,structured_50,371000
8,2125,dense,438900
8,2126,dense,447000
8,2126,structured_50,375600
8,2127,structured_50,618800
8,2127,dense,603400
8,2128,dense,524300
8,2128,structured_50,425800
8,2129,structured_50,359300
8,2129,dense,608600
8,2130,dense,485700
8,2130,structured_50,380800
8,2131,structured_50,366000
8,2131,dense,436600
8,2132,dense,517900
8,2132,structured_50,397900
8,2133,structured_50,360900
8,2133,dense,552100
8,2134,dense,1190200
8,2134,structured_50,409400
8,2135,structured_50,404700
8,2135,dense,449200
8,2136,dense,427500
8,2136,structured_50,355400
8,2137,structured_50,342600
8,2137,dense,447500
8,2138,dense,424300
8,2138,structured_50,341600
8,2139,structured_50,350400
8,2139,dense,430600
8,2140,dense,445200
8,2140,structured_50,352400
8,2141,structured_50,335700
8,2141,dense,417300
8,2142,dense,415700
8,2142,structured_50,364300
8,2143,structured_50,352600
8,2143,dense,429500
8,2144,dense,436600
8,2144,structured_50,371400
8,2145,structured_50,364900
8,2145,dense,428800
8,2146,dense,419100
8,2146,structured_50,726300
8,2147,structured_50,806000
8,2147,dense,469600
8,2148,dense,462100
8,2148,structured_50,399700
8,2149,structured_50,363000
8,2149,dense,426600
8,2150,dense,419000
8,2150,structured_50,344400
8,2151,structured_50,358300
8,2151,dense,435400
8,2152,dense,426800
8,2152,structured_50,349400
8,2153,structured_50,345400
8,2153,dense,417900
8,2154,dense,446100
8,2154,structured_50,346800
8,2155,structured_50,342400
8,2155,dense,413300
8,2156,dense,429000
8,2156,structured_50,376000
8,2157,structured_50,351500
8,2157,dense,432800
8,2158,dense,441700
8,2158,structured_50,348100
8,2159,structured_50,371500
8,2159,dense,432900
8,2160,dense,439700
8,2160,structured_50,677100
8,2161,structured_50,640500
8,2161,dense,466800
8,2162,dense,481500
8,2162,structured_50,358000
8,2163,structured_50,346800
8,2163,dense,420100
8,2164,dense,422900
8,2164,structured_50,361400
8,2165,structured_50,373300
8,2165,dense,421400
8,2166,dense,413600
8,2166,structured_50,337600
8,2167,structured_50,342200
8,2167,dense,445900
8,2168,dense,420400
8,2168,structured_50,339600
8,2169,structured_50,339200
8,2169,dense,411000
8,2170,dense,447300
8,2170,structured_50,359300
8,2171,structured_50,335800
8,2171,dense,417400
8,2172,dense,413700
8,2172,structured_50,384300
8,2173,structured_50,382500
8,2173,dense,452900
8,2174,dense,514600
8,2174,structured_50,389400
8,2175,structured_50,406000
8,2175,dense,470700
8,2176,dense,441600
8,2176,structured_50,361600
8,2177,structured_50,377600
8,2177,dense,451200
8,2178,dense,423300
8,2178,structured_50,404200
8,2179,structured_50,346600
8,2179,dense,571800
8,2180,dense,446100
8,2180,structured_50,346300
8,2181,structured_50,343500
8,2181,dense,415200
8,2182,dense,449800
8,2182,structured_50,351000
8,2183,structured_50,336400
8,2183,dense,411800
8,2184,dense,419300
8,2184,structured_50,361900
8,2185,structured_50,350900
8,2185,dense,420100
8,2186,dense,445000
8,2186,structured_50,374800
8,2187,structured_50,364400
8,2187,dense,771100
8,2188,dense,446900
8,2188,structured_50,354700
8,2189,structured_50,468600
8,2189,dense,517700
8,2190,dense,478200
8,2190,structured_50,364600
8,2191,structured_50,341200
8,2191,dense,444100
8,2192,dense,426100
8,2192,structured_50,338600
8,2193,structured_50,333500
8,2193,dense,413800
8,2194,dense,474100
8,2194,structured_50,356300
8,2195,structured_50,336000
8,2195,dense,413500
8,2196,dense,413800
8,2196,structured_50,348900
8,2197,structured_50,356100
8,2197,dense,423400
8,2198,dense,413200
8,2198,structured_50,420200
8,2199,structured_50,378100
8,2199,dense,496700
8,2200,dense,439100
8,2200,structured_50,377200
8,2201,structured_50,383500
8,2201,dense,549700
8,2202,dense,445100
8,2202,structured_50,433900
8,2203,structured_50,355900
8,2203,dense,475700
8,2204,dense,444000
8,2204,structured_50,353400
8,2205,structured_50,346500
8,2205,dense,517200
8,2206,dense,438700
8,2206,structured_50,352900
8,2207,structured_50,338100
8,2207,dense,422300
8,2208,dense,438100
8,2208,structured_50,358100
8,2209,structured_50,340000
8,2209,dense,420600
8,2210,dense,420600
8,2210,structured_50,343300
8,2211,structured_50,368000
8,2211,dense,420300
8,2212,dense,413000
8,2212,structured_50,343300
8,2213,structured_50,416200
8,2213,dense,466100
8,2214,dense,718200
8,2214,structured_50,415400
8,2215,structured_50,389800
8,2215,dense,433000
8,2216,dense,424500
8,2216,structured_50,343500
8,2217,structured_50,338900
8,2217,dense,450600
8,2218,dense,431800
8,2218,structured_50,350300
8,2219,structured_50,347200
8,2219,dense,425000
8,2220,dense,459200
8,2220,structured_50,346900
8,2221,structured_50,341000
8,2221,dense,419400
8,2222,dense,415100
8,2222,structured_50,363300
8,2223,structured_50,340900
8,2223,dense,414900
8,2224,dense,432300
8,2224,structured_50,348200
8,2225,structured_50,357600
8,2225,dense,430500
8,2226,dense,421400
8,2226,structured_50,340500
8,2227,structured_50,358800
8,2227,dense,458100
8,2228,dense,484800
8,2228,structured_50,358100
8,2229,structured_50,351900
8,2229,dense,431700
8,2230,dense,449600
8,2230,structured_50,350900
8,2231,structured_50,339700
8,2231,dense,413800
8,2232,dense,419800
8,2232,structured_50,360600
8,2233,structured_50,346800
8,2233,dense,413900
8,2234,dense,433000
8,2234,structured_50,343200
8,2235,structured_50,334400
8,2235,dense,446500
8,2236,dense,419200
8,2236,structured_50,341500
8,2237,structured_50,333900
8,2237,dense,421600
8,2238,dense,441800
8,2238,structured_50,474900
8,2239,structured_50,362200
8,2239,dense,412900
8,2240,dense,436800
8,2240,structured_50,354600
8,2241,structured_50,358300
8,2241,dense,422700
8,2242,dense,756400
8,2242,structured_50,383700
8,2243,structured_50,350300
8,2243,dense,434400
8,2244,dense,451000
8,2244,structured_50,348200
8,2245,structured_50,337800
8,2245,dense,418900
8,2246,dense,419800
8,2246,structured_50,369600
8,2247,structured_50,345500
8,2247,dense,416700
8,2248,dense,420600
8,2248,structured_50,339500
8,2249,structured_50,363200
8,2249,dense,423800
8,2250,dense,419700
8,2250,structured_50,339200
8,2251,structured_50,351300
8,2251,dense,432800
8,2252,dense,433800
8,2252,structured_50,345900
8,2253,structured_50,336600
8,2253,dense,425500
8,2254,dense,435900
8,2254,structured_50,364500
8,2255,structured_50,345400
8,2255,dense,638100
8,2256,dense,460100
8,2256,structured_50,365500
8,2257,structured_50,359400
8,2257,dense,451100
8,2258,dense,558400
8,2258,structured_50,354600
8,2259,structured_50,342000
8,2259,dense,416100
8,2260,dense,447100
8,2260,structured_50,351900
8,2261,structured_50,337300
8,2261,dense,419300
8,2262,dense,421100
8,2262,structured_50,362000
8,2263,structured_50,346200
8,2263,dense,415100
8,2264,dense,415300
8,2264,structured_50,338700
8,2265,structured_50,349200
8,2265,dense,433100
8,2266,dense,418600
8,2266,structured_50,338400
8,2267,structured_50,338700
8,2267,dense,412000
8,2268,dense,442900
8,2268,structured_50,361200
8,2269,structured_50,344900
8,2269,dense,666400
8,2270,dense,442100
8,2270,structured_50,353000
8,2271,structured_50,342900
8,2271,dense,445100
8,2272,dense,441600
8,2272,structured_50,346100
8,2273,structured_50,336700
8,2273,dense,415300
8,2274,dense,444500
8,2274,structured_50,346200
8,2275,structured_50,342900
8,2275,dense,418500
8,2276,dense,413400
8,2276,structured_50,366900
8,2277,structured_50,352200
8,2277,dense,415300
8,2278,dense,505600
8,2278,structured_50,352600
8,2279,structured_50,347200
8,2279,dense,405300
8,2280,dense,402600
8,2280,structured_50,323100
8,2281,structured_50,319500
8,2281,dense,423000
8,2282,dense,410500
8,2282,structured_50,363500
8,2283,structured_50,358100
8,2283,dense,619500
8,2284,dense,443100
8,2284,structured_50,588000
8,2285,structured_50,671700
8,2285,dense,733300
8,2286,dense,757500
8,2286,structured_50,606300
8,2287,structured_50,606300
8,2287,dense,803800
8,2288,dense,834800
8,2288,structured_50,775300
8,2289,structured_50,811400
8,2289,dense,901100
8,2290,dense,974600
8,2290,structured_50,802100
8,2291,structured_50,941600
8,2291,dense,970200
8,2292,dense,826800
8,2292,structured_50,590900
8,2293,structured_50,459000
8,2293,dense,497300
8,2294,dense,499300
8,2294,structured_50,396400
8,2295,structured_50,395500
8,2295,dense,454000
8,2296,dense,451100
8,2296,structured_50,393200
8,2297,structured_50,368300
8,2297,dense,456200
8,2298,dense,450900
8,2298,structured_50,366500
8,2299,structured_50,384900
8,2299,dense,446400
8,2300,dense,443500
8,2300,structured_50,355900
8,2301,structured_50,345000
8,2301,dense,1110700
8,2302,dense,799400
8,2302,structured_50,458300
8,2303,structured_50,391600
8,2303,dense,527900
8,2304,dense,464100
8,2304,structured_50,361000
8,2305,structured_50,355700
8,2305,dense,420200
8,2306,dense,452000
8,2306,structured_50,357100
8,2307,structured_50,351300
8,2307,dense,414100
8,2308,dense,414400
8,2308,structured_50,371100
8,2309,structured_50,341600
8,2309,dense,413400
8,2310,dense,418500
8,2310,structured_50,333700
8,2311,structured_50,354800
8,2311,dense,440200
8,2312,dense,427700
8,2312,structured_50,343000
8,2313,structured_50,342200
8,2313,dense,427800
8,2314,dense,432000
8,2314,structured_50,342300
8,2315,structured_50,415800
8,2315,dense,461800
8,2316,dense,457400
8,2316,structured_50,390200
8,2317,structured_50,352100
8,2317,dense,423800
8,2318,dense,415000
8,2318,structured_50,364100
8,2319,structured_50,345200
8,2319,dense,413900
8,2320,dense,412300
8,2320,structured_50,339200
8,2321,structured_50,337800
8,2321,dense,451200
8,2322,dense,426500
8,2322,structured_50,345000
8,2323,structured_50,346800
8,2323,dense,437700
8,2324,dense,455600
8,2324,structured_50,355200
8,2325,structured_50,343800
8,2325,dense,420600
8,2326,dense,426900
8,2326,structured_50,373100
8,2327,structured_50,352100
8,2327,dense,421400
8,2328,dense,423900
8,2328,structured_50,387300
8,2329,structured_50,639500
8,2329,dense,513600
8,2330,dense,670400
8,2330,structured_50,418600
8,2331,structured_50,370200
8,2331,dense,481100
8,2332,dense,450300
8,2332,structured_50,352100
8,2333,structured_50,366000
8,2333,dense,436400
8,2334,dense,455900
8,2334,structured_50,360100
8,2335,structured_50,355900
8,2335,dense,428600
8,2336,dense,430500
8,2336,structured_50,367000
8,2337,structured_50,366400
8,2337,dense,426800
8,2338,dense,426300
8,2338,structured_50,346200
8,2339,structured_50,340900
8,2339,dense,462700
8,2340,dense,447900
8,2340,structured_50,367800
8,2341,structured_50,348800
8,2341,dense,626100
8,2342,dense,616800
8,2342,structured_50,379000
8,2343,structured_50,354400
8,2343,dense,515200
8,2344,dense,464100
8,2344,structured_50,360700
8,2345,structured_50,341500
8,2345,dense,417400
8,2346,dense,443500
8,2346,structured_50,352600
8,2347,structured_50,340200
8,2347,dense,412600
8,2348,dense,420200
8,2348,structured_50,450200
8,2349,structured_50,363500
8,2349,dense,421400
8,2350,dense,417500
8,2350,structured_50,339600
8,2351,structured_50,366500
8,2351,dense,423600
8,2352,dense,417600
8,2352,structured_50,339400
8,2353,structured_50,333600
8,2353,dense,438500
8,2354,dense,424800
8,2354,structured_50,349400
8,2355,structured_50,411300
8,2355,dense,751000
8,2356,dense,452500
8,2356,structured_50,359000
8,2357,structured_50,341500
8,2357,dense,420700
8,2358,dense,446800
8,2358,structured_50,346300
8,2359,structured_50,337400
8,2359,dense,414400
8,2360,dense,414600
8,2360,structured_50,377800
8,2361,structured_50,343000
8,2361,dense,421200
8,2362,dense,416800
8,2362,structured_50,337900
8,2363,structured_50,365600
8,2363,dense,418900
8,2364,dense,422900
8,2364,structured_50,337600
8,2365,structured_50,338200
8,2365,dense,435600
8,2366,dense,443500
8,2366,structured_50,345000
8,2367,structured_50,335500
8,2367,dense,409200
8,2368,dense,762700
8,2368,structured_50,749500
8,2369,structured_50,377100
8,2369,dense,445700
8,2370,dense,456600
8,2370,structured_50,384500
8,2371,structured_50,345800
8,2371,dense,419500
8,2372,dense,418200
8,2372,structured_50,337200
8,2373,structured_50,364800
8,2373,dense,426400
8,2374,dense,421500
8,2374,structured_50,349800
8,2375,structured_50,344600
8,2375,dense,444300
8,2376,dense,420000
8,2376,structured_50,338900
8,2377,structured_50,341800
8,2377,dense,420200
8,2378,dense,448700
8,2378,structured_50,342900
8,2379,structured_50,335400
8,2379,dense,414300
8,2380,dense,418500
8,2380,structured_50,365400
8,2381,structured_50,347300
8,2381,dense,423300
8,2382,dense,630300
8,2382,structured_50,457800
8,2383,structured_50,360000
8,2383,dense,463900
8,2384,dense,433200
8,2384,structured_50,350700
8,2385,structured_50,342000
8,2385,dense,431100
8,2386,dense,437300
8,2386,structured_50,344100
8,2387,structured_50,336900
8,2387,dense,667400
8,2388,dense,448800
8,2388,structured_50,357200
8,2389,structured_50,365900
8,2389,dense,432600
8,2390,dense,418900
8,2390,structured_50,338800
8,2391,structured_50,335200
8,2391,dense,432300
8,2392,dense,429700
8,2392,structured_50,353300
8,2393,structured_50,349200
8,2393,dense,413200
8,2394,dense,425600
8,2394,structured_50,355800
8,2395,structured_50,341300
8,2395,dense,472200
8,2396,dense,557400
8,2396,structured_50,398600
8,2397,structured_50,384400
8,2397,dense,432600
8,2398,dense,419900
8,2398,structured_50,341100
8,2399,structured_50,361300
8,2399,dense,423700
8,2400,dense,418000
8,2400,structured_50,338200
8,2401,structured_50,344000
8,2401,dense,441700
8,2402,dense,430800
8,2402,structured_50,350900
8,2403,structured_50,349500
8,2403,dense,412400
8,2404,dense,429400
8,2404,structured_50,352600
8,2405,structured_50,336600
8,2405,dense,411500
8,2406,dense,416400
8,2406,structured_50,335000
8,2407,structured_50,362200
8,2407,dense,466100
8,2408,dense,436300
8,2408,structured_50,338300
8,2409,structured_50,373000
8,2409,dense,740300
8,2410,dense,500700
8,2410,structured_50,377200
8,2411,structured_50,352800
8,2411,dense,454200
8,2412,dense,436000
8,2412,structured_50,345200
8,2413,structured_50,343100
8,2413,dense,416700
8,2414,dense,448300
8,2414,structured_50,356400
8,2415,structured_50,344400
8,2415,dense,419500
8,2416,dense,420300
8,2416,structured_50,366300
8,2417,structured_50,346300
8,2417,dense,413900
8,2418,dense,419500
8,2418,structured_50,339100
8,2419,structured_50,339800
8,2419,dense,450600
8,2420,dense,426200
8,2420,structured_50,337900
8,2421,structured_50,333800
8,2421,dense,418800
8,2422,dense,438500
8,2422,structured_50,352600
8,2423,structured_50,355100
8,2423,dense,594500
8,2424,dense,495400
8,2424,structured_50,366000
8,2425,structured_50,363800
8,2425,dense,456800
8,2426,dense,435300
8,2426,structured_50,347000
8,2427,structured_50,582300
8,2427,dense,450300
8,2428,dense,427100
8,2428,structured_50,349700
8,2429,structured_50,376200
8,2429,dense,421200
8,2430,dense,418900
8,2430,structured_50,346500
8,2431,structured_50,340900
8,2431,dense,441900
8,2432,dense,423600
8,2432,structured_50,352900
8,2433,structured_50,337000
8,2433,dense,436400
8,2434,dense,428300
8,2434,structured_50,342200
8,2435,structured_50,336000
8,2435,dense,416100
8,2436,dense,496700
8,2436,structured_50,505700
8,2437,structured_50,525300
8,2437,dense,642200
8,2438,dense,454700
8,2438,structured_50,352700
8,2439,structured_50,347500
8,2439,dense,457500
8,2440,dense,425600
8,2440,structured_50,348600
8,2441,structured_50,341500
8,2441,dense,419400
8,2442,dense,449100
8,2442,structured_50,344600
8,2443,structured_50,341800
8,2443,dense,413000
8,2444,dense,414000
8,2444,structured_50,365800
8,2445,structured_50,340300
8,2445,dense,418700
8,2446,dense,413500
8,2446,structured_50,338700
8,2447,structured_50,366800
8,2447,dense,426200
8,2448,dense,433200
8,2448,structured_50,344700
8,2449,structured_50,337600
8,2449,dense,458300
8,2450,dense,442900
8,2450,structured_50,511400
8,2451,structured_50,393800
8,2451,dense,481000
8,2452,dense,441900
8,2452,structured_50,355100
8,2453,structured_50,340000
8,2453,dense,416000
8,2454,dense,446300
8,2454,structured_50,354500
8,2455,structured_50,338200
8,2455,dense,428200
8,2456,dense,416900
8,2456,structured_50,678300
8,2457,structured_50,390400
8,2457,dense,433900
8,2458,dense,450300
8,2458,structured_50,347300
8,2459,structured_50,368500
8,2459,dense,420600
8,2460,dense,416800
8,2460,structured_50,344500
8,2461,structured_50,341900
8,2461,dense,454200
8,2462,dense,429100
8,2462,structured_50,341100
8,2463,structured_50,364100
8,2463,dense,439600
8,2464,dense,641300
8,2464,structured_50,369200
8,2465,structured_50,356200
8,2465,dense,434700
8,2466,dense,436500
8,2466,structured_50,365400
8,2467,structured_50,348000
8,2467,dense,417300
8,2468,dense,420800
8,2468,structured_50,355100
8,2469,structured_50,394200
8,2469,dense,452000
8,2470,dense,448900
8,2470,structured_50,386600
8,2471,structured_50,401500
8,2471,dense,496300
8,2472,dense,466300
8,2472,structured_50,380400
8,2473,structured_50,373000
8,2473,dense,481100
8,2474,dense,468100
8,2474,structured_50,381700
8,2475,structured_50,376000
8,2475,dense,468800
8,2476,dense,815800
8,2476,structured_50,708800
8,2477,structured_50,568600
8,2477,dense,574500
8,2478,dense,531100
8,2478,structured_50,418700
8,2479,structured_50,516900
8,2479,dense,475700
8,2480,dense,513900
8,2480,structured_50,371500
8,2481,structured_50,343600
8,2481,dense,450200
8,2482,dense,425200
8,2482,structured_50,344900
8,2483,structured_50,336500
8,2483,dense,410400
8,2484,dense,446100
8,2484,structured_50,344100
8,2485,structured_50,338100
8,2485,dense,412200
8,2486,dense,417500
8,2486,structured_50,365100
8,2487,structured_50,340800
8,2487,dense,418600
8,2488,dense,500800
8,2488,structured_50,620600
8,2489,structured_50,620200
8,2489,dense,460800
8,2490,dense,431400
8,2490,structured_50,346300
8,2491,structured_50,382600
8,2491,dense,432300
8,2492,dense,421900
8,2492,structured_50,347600
8,2493,structured_50,357100
8,2493,dense,465300
8,2494,dense,432600
8,2494,structured_50,351500
8,2495,structured_50,341900
8,2495,dense,410800
8,2496,dense,443600
8,2496,structured_50,348000
8,2497,structured_50,341200
8,2497,dense,411200
8,2498,dense,413700
8,2498,structured_50,369100
8,2499,structured_50,344700
8,2499,dense,433800
9,0,dense,547400
9,0,structured_50,382300
9,1,structured_50,373400
9,1,dense,474900
9,2,dense,490900
9,2,structured_50,376000
9,3,structured_50,364000
9,3,dense,465800
9,4,dense,458300
9,4,structured_50,388200
9,5,structured_50,391800
9,5,dense,801300
9,6,dense,592800
9,6,structured_50,432300
9,7,structured_50,399500
9,7,dense,515800
9,8,dense,532500
9,8,structured_50,420300
9,9,structured_50,401700
9,9,dense,475800
9,10,dense,496000
9,10,structured_50,388900
9,11,structured_50,375600
9,11,dense,452800
9,12,dense,450500
9,12,structured_50,395000
9,13,structured_50,373800
9,13,dense,447800
9,14,dense,445300
9,14,structured_50,397100
9,15,structured_50,387100
9,15,dense,456400
9,16,dense,452000
9,16,structured_50,369800
9,17,structured_50,383000
9,17,dense,491900
9,18,dense,453500
9,18,structured_50,485100
9,19,structured_50,418900
9,19,dense,496100
9,20,dense,463300
9,20,structured_50,377200
9,21,structured_50,363600
9,21,dense,465400
9,22,dense,464800
9,22,structured_50,364000
9,23,structured_50,359600
9,23,dense,463400
9,24,dense,470800
9,24,structured_50,374100
9,25,structured_50,360600
9,25,dense,452000
9,26,dense,442500
9,26,structured_50,391800
9,27,structured_50,369700
9,27,dense,444400
9,28,dense,447000
9,28,structured_50,359100
9,29,structured_50,388200
9,29,dense,449500
9,30,dense,468600
9,30,structured_50,365300
9,31,structured_50,363300
9,31,dense,1051400
9,32,dense,509200
9,32,structured_50,402500
9,33,structured_50,410800
9,33,dense,471800
9,34,dense,462600
9,34,structured_50,371000
9,35,structured_50,364000
9,35,dense,478800
9,36,dense,467800
9,36,structured_50,376400
9,37,structured_50,369500
9,37,dense,448700
9,38,dense,477300
9,38,structured_50,375400
9,39,structured_50,359900
9,39,dense,453400
9,40,dense,463200
9,40,structured_50,381600
9,41,structured_50,377900
9,41,dense,445600
9,42,dense,482900
9,42,structured_50,428600
9,43,structured_50,432100
9,43,dense,877800
9,44,dense,578400
9,44,structured_50,420900
9,45,structured_50,426100
9,45,dense,497300
9,46,dense,477100
9,46,structured_50,386500
9,47,structured_50,390000
9,47,dense,501500
9,48,dense,490800
9,48,structured_50,461800
9,49,structured_50,392900
9,49,dense,500300
9,50,dense,482700
9,50,structured_50,391600
9,51,structured_50,375500
9,51,dense,459200
9,52,dense,486900
9,52,structured_50,387700
9,53,structured_50,374500
9,53,dense,457900
9,54,dense,474200
9,54,structured_50,528200
9,55,structured_50,1223700
9,55,dense,515900
9,56,dense,479800
9,56,structured_50,416600
9,57,structured_50,375100
9,57,dense,454100
9,58,dense,452700
9,58,structured_50,366400
9,59,structured_50,401500
9,59,dense,469700
9,60,dense,458800
9,60,structured_50,372500
9,61,structured_50,371600
9,61,dense,476800
9,62,dense,452500
9,62,structured_50,366200
9,63,structured_50,368600
9,63,dense,475200
9,64,dense,455900
9,64,structured_50,372300
9,65,structured_50,358400
9,65,dense,453600
9,66,dense,501600
9,66,structured_50,755200
9,67,structured_50,778700
9,67,dense,524100
9,68,dense,520600
9,68,structured_50,430100
9,69,structured_50,376100
9,69,dense,486700
9,70,dense,462200
9,70,structured_50,368500
9,71,structured_50,364600
9,71,dense,451400
9,72,dense,486100
9,72,structured_50,377900
9,73,structured_50,363800
9,73,dense,447100
9,74,dense,469500
9,74,structured_50,384100
9,75,structured_50,388000
9,75,dense,452400
9,76,dense,457000
9,76,structured_50,397700
9,77,structured_50,365900
9,77,dense,460100
9,78,dense,450200
9,78,structured_50,442100
9,79,structured_50,475200
9,79,dense,714700
9,80,dense,536600
9,80,structured_50,410500
9,81,structured_50,384900
9,81,dense,497500
9,82,dense,466100
9,82,structured_50,374800
9,83,structured_50,365900
9,83,dense,467800
9,84,dense,475200
9,84,structured_50,377900
9,85,structured_50,360700
9,85,dense,446200
9,86,dense,474600
9,86,structured_50,378900
9,87,structured_50,364700
9,87,dense,447800
9,88,dense,446900
9,88,structured_50,393800
9,89,structured_50,366500
9,89,dense,446400
9,90,dense,448500
9,90,structured_50,362800
9,91,structured_50,415300
9,91,dense,462300
9,92,dense,770500
9,92,structured_50,453400
9,93,structured_50,415100
9,93,dense,473500
9,94,dense,486500
9,94,structured_50,382700
9,95,structured_50,364500
9,95,dense,449200
9,96,dense,448700
9,96,structured_50,396400
9,97,structured_50,369000
9,97,dense,454800
9,98,dense,451200
9,98,structured_50,384800
9,99,structured_50,386300
9,99,dense,458900
9,100,dense,446900
9,100,structured_50,369300
9,101,structured_50,375700
9,101,dense,465500
9,102,dense,450700
9,102,structured_50,378500
9,103,structured_50,377700
9,103,dense,486000
9,104,dense,461800
9,104,structured_50,602000
9,105,structured_50,518000
9,105,dense,544900
9,106,dense,502200
9,106,structured_50,379500
9,107,structured_50,375200
9,107,dense,457200
9,108,dense,478600
9,108,structured_50,377000
9,109,structured_50,364200
9,109,dense,743900
9,110,dense,842800
9,110,structured_50,551600
9,111,structured_50,399300
9,111,dense,463400
9,112,dense,458200
9,112,structured_50,367900
9,113,structured_50,385300
9,113,dense,485700
9,114,dense,463600
9,114,structured_50,369200
9,115,structured_50,362900
9,115,dense,656200
9,116,dense,914900
9,116,structured_50,480900
9,117,structured_50,390700
9,117,dense,481400
9,118,dense,504300
9,118,structured_50,384800
9,119,structured_50,482600
9,119,dense,574700
9,120,dense,505900
9,120,structured_50,497300
9,121,structured_50,392500
9,121,dense,470900
9,122,dense,457200
9,122,structured_50,414200
9,123,structured_50,369500
9,123,dense,449200
9,124,dense,450700
9,124,structured_50,381600
9,125,structured_50,382500
9,125,dense,454000
9,126,dense,457900
9,126,structured_50,371000
9,127,structured_50,394600
9,127,dense,472400
9,128,dense,691100
9,128,structured_50,441200
9,129,structured_50,432300
9,129,dense,496200
9,130,dense,465000
9,130,structured_50,379900
9,131,structured_50,367100
9,131,dense,486400
9,132,dense,461000
9,132,structured_50,391700
9,133,structured_50,375600
9,133,dense,467300
9,134,dense,462900
9,134,structured_50,370000
9,135,structured_50,363200
9,135,dense,443600
9,136,dense,468400
9,136,structured_50,373600
9,137,structured_50,369000
9,137,dense,447800
9,138,dense,447300
9,138,structured_50,397000
9,139,structured_50,372500
9,139,dense,448700
9,140,dense,482900
9,140,structured_50,375100
9,141,structured_50,420200
9,141,dense,603000
9,142,dense,501600
9,142,structured_50,396900
9,143,structured_50,409200
9,143,dense,537200
9,144,dense,467400
9,144,structured_50,373200
9,145,structured_50,370400
9,145,dense,487200
9,146,dense,455000
9,146,structured_50,375600
9,147,structured_50,374300
9,147,dense,474500
9,148,dense,467200
9,148,structured_50,366800
9,149,structured_50,362300
9,149,dense,445900
9,150,dense,482800
9,150,structured_50,368700
9,151,structured_50,366300
9,151,dense,465400
9,152,dense,453500
9,152,structured_50,403400
9,153,structured_50,373100
9,153,dense,457100
9,154,dense,787800
9,154,structured_50,551100
9,155,structured_50,478800
9,155,dense,553100
9,156,dense,474900
9,156,structured_50,382400
9,157,structured_50,370600
9,157,dense,472600
9,158,dense,471500
9,158,structured_50,374700
9,159,structured_50,367600
9,159,dense,478900
9,160,dense,477000
9,160,structured_50,372500
9,161,structured_50,369200
9,161,dense,450900
9,162,dense,480300
9,162,structured_50,414000
9,163,structured_50,414900
9,163,dense,486800
9,164,dense,472700
9,164,structured_50,451200
9,165,structured_50,379300
9,165,dense,733500
9,166,dense,532200
9,166,structured_50,403800
9,167,structured_50,387200
9,167,dense,469300
9,168,dense,492900
9,168,structured_50,384000
9,169,structured_50,367200
9,169,dense,452600
9,170,dense,473300
9,170,structured_50,395700
9,171,structured_50,527500
9,171,dense,846500
9,172,dense,480500
9,172,structured_50,417300
9,173,structured_50,394900
9,173,dense,468300
9,174,dense,465100
9,174,structured_50,381600
9,175,structured_50,400800
9,175,dense,464600
9,176,dense,467700
9,176,structured_50,443000
9,177,structured_50,913200
9,177,dense,648800
9,178,dense,509000
9,178,structured_50,391000
9,179,structured_50,404900
9,179,dense,463400
9,180,dense,481900
9,180,structured_50,387100
9,181,structured_50,374700
9,181,dense,467400
9,182,dense,457400
9,182,structured_50,389100
9,183,structured_50,370100
9,183,dense,449900
9,184,dense,449600
9,184,structured_50,364200
9,185,structured_50,389600
9,185,dense,452500
9,186,dense,455600
9,186,structured_50,382900
9,187,structured_50,367900
9,187,dense,472700
9,188,dense,638000
9,188,structured_50,1085100
9,189,structured_50,502800
9,189,dense,523800
9,190,dense,501100
9,190,structured_50,420200
9,191,structured_50,380100
9,191,dense,462100
9,192,dense,454400
9,192,structured_50,369300
9,193,structured_50,401600
9,193,dense,465000
9,194,dense,454600
9,194,structured_50,372800
9,195,structured_50,368700
9,195,dense,485900
9,196,dense,456200
9,196,structured_50,363300
9,197,structured_50,362600
9,197,dense,464500
9,198,dense,464700
9,198,structured_50,368600
9,199,structured_50,372100
9,199,dense,460300
9,200,dense,520300
9,200,structured_50,400900
9,201,structured_50,403100
9,201,dense,1061100
9,202,dense,539500
9,202,structured_50,425900
9,203,structured_50,437600
9,203,dense,494800
9,204,dense,467400
9,204,structured_50,378500
9,205,structured_50,381500
9,205,dense,516000
9,206,dense,499800
9,206,structured_50,395200
9,207,structured_50,399300
9,207,dense,516300
9,208,dense,513400
9,208,structured_50,408200
9,209,structured_50,399200
9,209,dense,493500
9,210,dense,530100
9,210,structured_50,412700
9,211,structured_50,398500
9,211,dense,492100
9,212,dense,548800
9,212,structured_50,434000
9,213,structured_50,560300
9,213,dense,592300
9,214,dense,599300
9,214,structured_50,440800
9,215,structured_50,411300
9,215,dense,502900
9,216,dense,535200
9,216,structured_50,412700
9,217,structured_50,401800
9,217,dense,498700
9,218,dense,529800
9,218,structured_50,410900
9,219,structured_50,408900
9,219,dense,889400
9,220,dense,537500
9,220,structured_50,422200
9,221,structured_50,417800
9,221,dense,506500
9,222,dense,496900
9,222,structured_50,393200
9,223,structured_50,651300
9,223,dense,1253500
9,224,dense,681100
9,224,structured_50,423700
9,225,structured_50,434900
9,225,dense,481600
9,226,dense,475200
9,226,structured_50,390400
9,227,structured_50,404700
9,227,dense,471600
9,228,dense,553700
9,228,structured_50,454100
9,229,structured_50,380100
9,229,dense,461000
9,230,dense,465300
9,230,structured_50,404700
9,231,structured_50,376800
9,231,dense,464900
9,232,dense,468200
9,232,structured_50,361300
9,233,structured_50,395900
9,233,dense,459700
9,234,dense,505200
9,234,structured_50,467000
9,235,structured_50,667100
9,235,dense,541100
9,236,dense,479600
9,236,structured_50,379700
9,237,structured_50,372200
9,237,dense,457700
9,238,dense,500800
9,238,structured_50,376200
9,239,structured_50,372900
9,239,dense,501200
9,240,dense,496600
9,240,structured_50,378000
9,241,structured_50,369200
9,241,dense,461000
9,242,dense,451400
9,242,structured_50,394200
9,243,structured_50,367900
9,243,dense,457100
9,244,dense,459000
9,244,structured_50,364200
9,245,structured_50,393300
9,245,dense,457800
9,246,dense,452900
9,246,structured_50,461200
9,247,structured_50,1030700
9,247,dense,820200
9,248,dense,547300
9,248,structured_50,402700
9,249,structured_50,656300
9,249,dense,571800
9,250,dense,483200
9,250,structured_50,382500
9,251,structured_50,431400
9,251,dense,485800
9,252,dense,463000
9,252,structured_50,377300
9,253,structured_50,395800
9,253,dense,505700
9,254,dense,499600
9,254,structured_50,377800
9,255,structured_50,392900
9,255,dense,512400
9,256,dense,460800
9,256,structured_50,376100
9,257,structured_50,366800
9,257,dense,544000
9,258,dense,1402000
9,258,structured_50,872200
9,259,structured_50,411700
9,259,dense,538800
9,260,dense,527800
9,260,structured_50,411400
9,261,structured_50,390800
9,261,dense,458800
9,262,dense,464400
9,262,structured_50,430300
9,263,structured_50,385100
9,263,dense,459200
9,264,dense,481200
9,264,structured_50,391400
9,265,structured_50,381500
9,265,dense,453400
9,266,dense,449700
9,266,structured_50,371500
9,267,structured_50,385400
9,267,dense,456700
9,268,dense,447000
9,268,structured_50,368300
9,269,structured_50,368500
9,269,dense,508000
9,270,dense,957300
9,270,structured_50,491200
9,271,structured_50,429200
9,271,dense,541700
9,272,dense,481800
9,272,structured_50,381100
9,273,structured_50,366000
9,273,dense,469300
9,274,dense,485400
9,274,structured_50,384700
9,275,structured_50,371200
9,275,dense,461600
9,276,dense,480100
9,276,structured_50,381100
9,277,structured_50,370900
9,277,dense,447300
9,278,dense,457100
9,278,structured_50,391300
9,279,structured_50,382900
9,279,dense,454800
9,280,dense,452400
9,280,structured_50,372600
9,281,structured_50,471900
9,281,dense,1190500
9,282,dense,558600
9,282,structured_50,409900
9,283,structured_50,393200
9,283,dense,509400
9,284,dense,497500
9,284,structured_50,382900
9,285,structured_50,428300
9,285,dense,553800
9,286,dense,538300
9,286,structured_50,382200
9,287,structured_50,373700
9,287,dense,467900
9,288,dense,461500
9,288,structured_50,373400
9,289,structured_50,363000
9,289,dense,443500
9,290,dense,471100
9,290,structured_50,373100
9,291,structured_50,364000
9,291,dense,442300
9,292,dense,445500
9,292,structured_50,387900
9,293,structured_50,860900
9,293,dense,954200
9,294,dense,550700
9,294,structured_50,395600
9,295,structured_50,410700
9,295,dense,478000
9,296,dense,457800
9,296,structured_50,368700
9,297,structured_50,368700
9,297,dense,483700
9,298,dense,455800
9,298,structured_50,365800
9,299,structured_50,367200
9,299,dense,452000
9,300,dense,477200
9,300,structured_50,371100
9,301,structured_50,360800
9,301,dense,444800
9,302,dense,459600
9,302,structured_50,377500
9,303,structured_50,378600
9,303,dense,509000
9,304,dense,466200
9,304,structured_50,413600
9,305,structured_50,380200
9,305,dense,635000
9,306,dense,627800
9,306,structured_50,407200
9,307,structured_50,377700
9,307,dense,510100
9,308,dense,458800
9,308,structured_50,367600
9,309,structured_50,374200
9,309,dense,497300
9,310,dense,766900
9,310,structured_50,508400
9,311,structured_50,377700
9,311,dense,490100
9,312,dense,469100
9,312,structured_50,370300
9,313,structured_50,367000
9,313,dense,445700
9,314,dense,479200
9,314,structured_50,388900
9,315,structured_50,366000
9,315,dense,454300
9,316,dense,452200
9,316,structured_50,441900
9,317,structured_50,589100
9,317,dense,602700
9,318,dense,567700
9,318,structured_50,451400
9,319,structured_50,433200
9,319,dense,572800
9,320,dense,492500
9,320,structured_50,388200
9,321,structured_50,370200
9,321,dense,492100
9,322,dense,482500
9,322,structured_50,371600
9,323,structured_50,360900
9,323,dense,447300
9,324,dense,475900
9,324,structured_50,374900
9,325,structured_50,368500
9,325,dense,447100
9,326,dense,469800
9,326,structured_50,414000
9,327,structured_50,403500
9,327,dense,487500
9,328,dense,462800
9,328,structured_50,421700
9,329,structured_50,446700
9,329,dense,719100
9,330,dense,710400
9,330,structured_50,445800
9,331,structured_50,425300
9,331,dense,502700
9,332,dense,509000
9,332,structured_50,420200
9,333,structured_50,402700
9,333,dense,485000
9,334,dense,488300
9,334,structured_50,426200
9,335,structured_50,649900
9,335,dense,511100
9,336,dense,485300
9,336,structured_50,409100
9,337,structured_50,405800
9,337,dense,472000
9,338,dense,464400
9,338,structured_50,366500
9,339,structured_50,391800
9,339,dense,478200
9,340,dense,460700
9,340,structured_50,439100
9,341,structured_50,386700
9,341,dense,814100
9,342,dense,487600
9,342,structured_50,390100
9,343,structured_50,394500
9,343,dense,468700
9,344,dense,451000
9,344,structured_50,366600
9,345,structured_50,372700
9,345,dense,477900
9,346,dense,460100
9,346,structured_50,367600
9,347,structured_50,361300
9,347,dense,446300
9,348,dense,472700
9,348,structured_50,376200
9,349,structured_50,368600
9,349,dense,454100
9,350,dense,457300
9,350,structured_50,381400
9,351,structured_50,374100
9,351,dense,445500
9,352,dense,454200
9,352,structured_50,384300
9,353,structured_50,398100
9,353,dense,476500
9,354,dense,679800
9,354,structured_50,429700
9,355,structured_50,385100
9,355,dense,463800
9,356,dense,481900
9,356,structured_50,378100
9,357,structured_50,372500
9,357,dense,449200
9,358,dense,447100
9,358,structured_50,394200
9,359,structured_50,376200
9,359,dense,449800
9,360,dense,448600
9,360,structured_50,364200
9,361,structured_50,388400
9,361,dense,452500
9,362,dense,447000
9,362,structured_50,371400
9,363,structured_50,360600
9,363,dense,492400
9,364,dense,464000
9,364,structured_50,373600
9,365,structured_50,368500
9,365,dense,460500
9,366,dense,485000
9,366,structured_50,396600
9,367,structured_50,737500
9,367,dense,515200
9,368,dense,469800
9,368,structured_50,399200
9,369,structured_50,383100
9,369,dense,459100
9,370,dense,450600
9,370,structured_50,363100
9,371,structured_50,639400
9,371,dense,502400
9,372,dense,582000
9,372,structured_50,423600
9,373,structured_50,376600
9,373,dense,458500
9,374,dense,448800
9,374,structured_50,371000
9,375,structured_50,399400
9,375,dense,461700
9,376,dense,451500
9,376,structured_50,369000
9,377,structured_50,361700
9,377,dense,480400
9,378,dense,589600
9,378,structured_50,819500
9,379,structured_50,526500
9,379,dense,480600
9,380,dense,474300
9,380,structured_50,403600
9,381,structured_50,378000
9,381,dense,453400
9,382,dense,452100
9,382,structured_50,368000
9,383,structured_50,389700
9,383,dense,454900
9,384,dense,464300
9,384,structured_50,370300
9,385,structured_50,358400
9,385,dense,478100
9,386,dense,454500
9,386,structured_50,373600
9,387,structured_50,359000
9,387,dense,461600
9,388,dense,469200
9,388,structured_50,884400
9,389,structured_50,471600
9,389,dense,667300
9,390,dense,1654300
9,390,structured_50,517200
9,391,structured_50,416000
9,391,dense,478800
9,392,dense,495600
9,392,structured_50,380100
9,393,structured_50,366100
9,393,dense,450900
9,394,dense,448200
9,394,structured_50,411400
9,395,structured_50,376600
9,395,dense,449600
9,396,dense,455300
9,396,structured_50,382900
9,397,structured_50,384900
9,397,dense,451100
9,398,dense,447800
9,398,structured_50,363400
9,399,structured_50,372600
9,399,dense,481200
9,400,dense,453300
9,400,structured_50,363700
9,401,structured_50,655700
9,401,dense,1013800
9,402,dense,554900
9,402,structured_50,403400
9,403,structured_50,382900
9,403,dense,494200
9,404,dense,458400
9,404,structured_50,372500
9,405,structured_50,369000
9,405,dense,462400
9,406,dense,511800
9,406,structured_50,387800
9,407,structured_50,376100
9,407,dense,455800
9,408,dense,478300
9,408,structured_50,380600
9,409,structured_50,369900
9,409,dense,448000
9,410,dense,446700
9,410,structured_50,399400
9,411,structured_50,367600
9,411,dense,447000
9,412,dense,448900
9,412,structured_50,367700
9,413,structured_50,418800
9,413,dense,467600
9,414,dense,766300
9,414,structured_50,472100
9,415,structured_50,389000
9,415,dense,464700
9,416,dense,458000
9,416,structured_50,376200
9,417,structured_50,393800
9,417,dense,458400
9,418,dense,449200
9,418,structured_50,364100
9,419,structured_50,361200
9,419,dense,477900
9,420,dense,454500
9,420,structured_50,374900
9,421,structured_50,369100
9,421,dense,447600
9,422,dense,479500
9,422,structured_50,368500
9,423,structured_50,367500
9,423,dense,458600
9,424,dense,481900
9,424,structured_50,388100
9,425,structured_50,373600
9,425,dense,473000
9,426,dense,542300
9,426,structured_50,730400
9,427,structured_50,613400
9,427,dense,489500
9,428,dense,469300
9,428,structured_50,411400
9,429,structured_50,370900
9,429,dense,455000
9,430,dense,453700
9,430,structured_50,368600
9,431,structured_50,407500
9,431,dense,463400
9,432,dense,461500
9,432,structured_50,372700
9,433,structured_50,369200
9,433,dense,519100
9,434,dense,458100
9,434,structured_50,374900
9,435,structured_50,372300
9,435,dense,473200
9,436,dense,462500
9,436,structured_50,373600
9,437,structured_50,363100
9,437,dense,453700
9,438,dense,1069700
9,438,structured_50,694900
9,439,structured_50,405800
9,439,dense,481700
9,440,dense,500900
9,440,structured_50,383600
9,441,structured_50,373400
9,441,dense,455400
9,442,dense,457200
9,442,structured_50,399200
9,443,structured_50,376000
9,443,dense,453200
9,444,dense,449800
9,444,structured_50,371100
9,445,structured_50,398300
9,445,dense,460400
9,446,dense,459000
9,446,structured_50,373500
9,447,structured_50,386200
9,447,dense,487000
9,448,dense,841800
9,448,structured_50,421400
9,449,structured_50,388900
9,449,dense,1217900
9,450,dense,612800
9,450,structured_50,417900
9,451,structured_50,397200
9,451,dense,514400
9,452,dense,472300
9,452,structured_50,377200
9,453,structured_50,368200
9,453,dense,471600
9,454,dense,504900
9,454,structured_50,563500
9,455,structured_50,399800
9,455,dense,467500
9,456,dense,575700
9,456,structured_50,430600
9,457,structured_50,374100
9,457,dense,459800
9,458,dense,490500
9,458,structured_50,381700
9,459,structured_50,435700
9,459,dense,520200
9,460,dense,588100
9,460,structured_50,415700
9,461,structured_50,980200
9,461,dense,548500
9,462,dense,479400
9,462,structured_50,394000
9,463,structured_50,412500
9,463,dense,479000
9,464,dense,471200
9,464,structured_50,372900
9,465,structured_50,370800
9,465,dense,479400
9,466,dense,462000
9,466,structured_50,365800
9,467,structured_50,374000
9,467,dense,488000
9,468,dense,501100
9,468,structured_50,402500
9,469,structured_50,390100
9,469,dense,466900
9,470,dense,500400
9,470,structured_50,386600
9,471,structured_50,381100
9,471,dense,480500
9,472,dense,512600
9,472,structured_50,609600
9,473,structured_50,918000
9,473,dense,588100
9,474,dense,520200
9,474,structured_50,411200
9,475,structured_50,403600
9,475,dense,513200
9,476,dense,511800
9,476,structured_50,397400
9,477,structured_50,463600
9,477,dense,515300
9,478,dense,523500
9,478,structured_50,400300
9,479,structured_50,392200
9,479,dense,481400
9,480,dense,506300
9,480,structured_50,398200
9,481,structured_50,388800
9,481,dense,476400
9,482,dense,512300
9,482,structured_50,413200
9,483,structured_50,395400
9,483,dense,485400
9,484,dense,500200
9,484,structured_50,843200
9,485,structured_50,467600
9,485,dense,516700
9,486,dense,532400
9,486,structured_50,422200
9,487,structured_50,399600
9,487,dense,486500
9,488,dense,487600
9,488,structured_50,422300
9,489,structured_50,397900
9,489,dense,481300
9,490,dense,502700
9,490,structured_50,410600
9,491,structured_50,410400
9,491,dense,495500
9,492,dense,500700
9,492,structured_50,401800
9,493,structured_50,434300
9,493,dense,533200
9,494,dense,664800
9,494,structured_50,406600
9,495,structured_50,435500
9,495,dense,1247900
9,496,dense,573500
9,496,structured_50,421600
9,497,structured_50,406800
9,497,dense,523200
9,498,dense,488000
9,498,structured_50,394400
9,499,structured_50,605900
9,499,dense,561000
9,500,dense,473200
9,500,structured_50,379600
9,501,structured_50,373300
9,501,dense,494100
9,502,dense,475600
9,502,structured_50,384600
9,503,structured_50,381200
9,503,dense,488100
9,504,dense,482300
9,504,structured_50,384400
9,505,structured_50,376700
9,505,dense,462900
9,506,dense,504100
9,506,structured_50,569300
9,507,structured_50,670200
9,507,dense,707100
9,508,dense,523600
9,508,structured_50,408000
9,509,structured_50,425700
9,509,dense,495800
9,510,dense,477200
9,510,structured_50,394000
9,511,structured_50,545300
9,511,dense,515800
9,512,dense,485600
9,512,structured_50,388400
9,513,structured_50,411600
9,513,dense,478700
9,514,dense,480300
9,514,structured_50,380200
9,515,structured_50,402900
9,515,dense,486700
9,516,dense,471700
9,516,structured_50,384600
9,517,structured_50,378200
9,517,dense,533300
9,518,dense,1056600
9,518,structured_50,994200
9,519,structured_50,511100
9,519,dense,620100
9,520,dense,497900
9,520,structured_50,390900
9,521,structured_50,383200
9,521,dense,471000
9,522,dense,497900
9,522,structured_50,393600
9,523,structured_50,376800
9,523,dense,458600
9,524,dense,473900
9,524,structured_50,387900
9,525,structured_50,377400
9,525,dense,456400
9,526,dense,459100
9,526,structured_50,446000
9,527,structured_50,390900
9,527,dense,470400
9,528,dense,465900
9,528,structured_50,369000
9,529,structured_50,550100
9,529,dense,756000
9,530,dense,640500
9,530,structured_50,431200
9,531,structured_50,417900
9,531,dense,507100
9,532,dense,505900
9,532,structured_50,391600
9,533,structured_50,384700
9,533,dense,481800
9,534,dense,536000
9,534,structured_50,394100
9,535,structured_50,386700
9,535,dense,480300
9,536,dense,497700
9,536,structured_50,393700
9,537,structured_50,393100
9,537,dense,481800
9,538,dense,496400
9,538,structured_50,422100
9,539,structured_50,396200
9,539,dense,482000
9,540,dense,483000
9,540,structured_50,410500
9,541,structured_50,484200
9,541,dense,802700
9,542,dense,625900
9,542,structured_50,476400
9,543,structured_50,416300
9,543,dense,498500
9,544,dense,474600
9,544,structured_50,399300
9,545,structured_50,402400
9,545,dense,479500
9,546,dense,467400
9,546,structured_50,372100
9,547,structured_50,393600
9,547,dense,467800
9,548,dense,457100
9,548,structured_50,374800
9,549,structured_50,401500
9,549,dense,481700
9,550,dense,472100
9,550,structured_50,382800
9,551,structured_50,372600
9,551,dense,486400
9,552,dense,467300
9,552,structured_50,377500
9,553,structured_50,455900
9,553,dense,730900
9,554,dense,602900
9,554,structured_50,462300
9,555,structured_50,397300
9,555,dense,480400
9,556,dense,476900
9,556,structured_50,427600
9,557,structured_50,403600
9,557,dense,486600
9,558,dense,494900
9,558,structured_50,410300
9,559,structured_50,411800
9,559,dense,485400
9,560,dense,487900
9,560,structured_50,394100
9,561,structured_50,435600
9,561,dense,525100
9,562,dense,526800
9,562,structured_50,441100
9,563,structured_50,461700
9,563,dense,529800
9,564,dense,520500
9,564,structured_50,423600
9,565,structured_50,450500
9,565,dense,657300
9,566,dense,556700
9,566,structured_50,438400
9,567,structured_50,455700
9,567,dense,518300
9,568,dense,505100
9,568,structured_50,406300
9,569,structured_50,418500
9,569,dense,501700
9,570,dense,486800
9,570,structured_50,400200
9,571,structured_50,391500
9,571,dense,501600
9,572,dense,475700
9,572,structured_50,388100
9,573,structured_50,372000
9,573,dense,488000
9,574,dense,478100
9,574,structured_50,381900
9,575,structured_50,371000
9,575,dense,445300
9,576,dense,482600
9,576,structured_50,398300
9,577,structured_50,366100
9,577,dense,702100
9,578,dense,509600
9,578,structured_50,392500
9,579,structured_50,401800
9,579,dense,484400
9,580,dense,485900
9,580,structured_50,384400
9,581,structured_50,375300
9,581,dense,447800
9,582,dense,486800
9,582,structured_50,372800
9,583,structured_50,391000
9,583,dense,450300
9,584,dense,448900
9,584,structured_50,397900
9,585,structured_50,370500
9,585,dense,454700
9,586,dense,456100
9,586,structured_50,375300
9,587,structured_50,385500
9,587,dense,453400
9,588,dense,455500
9,588,structured_50,370500
9,589,structured_50,371700
9,589,dense,490700
9,590,dense,457400
9,590,structured_50,624900
9,591,structured_50,745400
9,591,dense,553400
9,592,dense,484200
9,592,structured_50,392300
9,593,structured_50,381900
9,593,dense,500700
9,594,dense,468800
9,594,structured_50,385200
9,595,structured_50,373300
9,595,dense,452500
9,596,dense,490900
9,596,structured_50,381900
9,597,structured_50,379600
9,597,dense,462700
9,598,dense,491400
9,598,structured_50,397200
9,599,structured_50,387000
9,599,dense,477000
9,600,dense,491700
9,600,structured_50,432700
9,601,structured_50,419200
9,601,dense,517800
9,602,dense,647200
9,602,structured_50,520400
9,603,structured_50,409600
9,603,dense,500000
9,604,dense,486800
9,604,structured_50,426500
9,605,structured_50,406000
9,605,dense,488000
9,606,dense,487200
9,606,structured_50,420200
9,607,structured_50,425000
9,607,dense,494200
9,608,dense,493400
9,608,structured_50,399300
9,609,structured_50,425500
9,609,dense,497000
9,610,dense,482500
9,610,structured_50,398900
9,611,structured_50,405000
9,611,dense,507500
9,612,dense,495500
9,612,structured_50,393700
9,613,structured_50,396800
9,613,dense,706600
9,614,dense,875400
9,614,structured_50,597900
9,615,structured_50,445500
9,615,dense,498200
9,616,dense,515600
9,616,structured_50,395100
9,617,structured_50,397100
9,617,dense,479500
9,618,dense,495300
9,618,structured_50,409300
9,619,structured_50,385100
9,619,dense,472300
9,620,dense,480000
9,620,structured_50,409300
9,621,structured_50,394200
9,621,dense,471200
9,622,dense,473300
9,622,structured_50,397300
9,623,structured_50,424400
9,623,dense,492000
9,624,dense,486300
9,624,structured_50,393900
9,625,structured_50,867800
9,625,dense,1089400
9,626,dense,540000
9,626,structured_50,421400
9,627,structured_50,432000
9,627,dense,489400
9,628,dense,478900
9,628,structured_50,395100
9,629,structured_50,411500
9,629,dense,483500
9,630,dense,473700
9,630,structured_50,392900
9,631,structured_50,386900
9,631,dense,498100
9,632,dense,484100
9,632,structured_50,383100
9,633,structured_50,379200
9,633,dense,488000
9,634,dense,507800
9,634,structured_50,388600
9,635,structured_50,372200
9,635,dense,459000
9,636,dense,749500
9,636,structured_50,479100
9,637,structured_50,980000
9,637,dense,1082300
9,638,dense,917800
9,638,structured_50,438000
9,639,structured_50,410000
9,639,dense,561600
9,640,dense,518600
9,640,structured_50,404000
9,641,structured_50,388300
9,641,dense,521800
9,642,dense,486600
9,642,structured_50,391800
9,643,structured_50,404400
9,643,dense,497800
9,644,dense,493700
9,644,structured_50,393400
9,645,structured_50,400500
9,645,dense,509900
9,646,dense,1066200
9,646,structured_50,1109200
9,647,structured_50,546300
9,647,dense,551700
9,648,dense,550100
9,648,structured_50,421700
9,649,structured_50,401700
9,649,dense,499100
9,650,dense,516000
9,650,structured_50,442100
9,651,structured_50,427700
9,651,dense,488400
9,652,dense,496000
9,652,structured_50,416100
9,653,structured_50,401900
9,653,dense,491000
9,654,dense,493200
9,654,structured_50,436900
9,655,structured_50,430100
9,655,dense,512500
9,656,dense,504100
9,656,structured_50,427300
9,657,structured_50,448400
9,657,dense,1092300
9,658,dense,560400
9,658,structured_50,427600
9,659,structured_50,422900
9,659,dense,536500
9,660,dense,494100
9,660,structured_50,415400
9,661,structured_50,429100
9,661,dense,536000
9,662,dense,504600
9,662,structured_50,421700
9,663,structured_50,443000
9,663,dense,526300
9,664,dense,493300
9,664,structured_50,397300
9,665,structured_50,430900
9,665,dense,526600
9,666,dense,521000
9,666,structured_50,417200
9,667,structured_50,444800
9,667,dense,503000
9,668,dense,497900
9,668,structured_50,519300
9,669,structured_50,514600
9,669,dense,548300
9,670,dense,516900
9,670,structured_50,409500
9,671,structured_50,389900
9,671,dense,509800
9,672,dense,489500
9,672,structured_50,440700
9,673,structured_50,415400
9,673,dense,523100
9,674,dense,503300
9,674,structured_50,443500
9,675,structured_50,404900
9,675,dense,511400
9,676,dense,494400
9,676,structured_50,437600
9,677,structured_50,417300
9,677,dense,540500
9,678,dense,536100
9,678,structured_50,415300
9,679,structured_50,410900
9,679,dense,530100
9,680,dense,571700
9,680,structured_50,481200
9,681,structured_50,455200
9,681,dense,506700
9,682,dense,529600
9,682,structured_50,404500
9,683,structured_50,388000
9,683,dense,473500
9,684,dense,513300
9,684,structured_50,415900
9,685,structured_50,392900
9,685,dense,470200
9,686,dense,484200
9,686,structured_50,417900
9,687,structured_50,413100
9,687,dense,486100
9,688,dense,496200
9,688,structured_50,417100
9,689,structured_50,415300
9,689,dense,492000
9,690,dense,487200
9,690,structured_50,404400
9,691,structured_50,408700
9,691,dense,515600
9,692,dense,501900
9,692,structured_50,411100
9,693,structured_50,466000
9,693,dense,498400
9,694,dense,499400
9,694,structured_50,393600
9,695,structured_50,407300
9,695,dense,486500
9,696,dense,479300
9,696,structured_50,387100
9,697,structured_50,386500
9,697,dense,503200
9,698,dense,474800
9,698,structured_50,391200
9,699,structured_50,380300
9,699,dense,490400
9,700,dense,479700
9,700,structured_50,388400
9,701,structured_50,383500
9,701,dense,501400
9,702,dense,504300
9,702,structured_50,396600
9,703,structured_50,413100
9,703,dense,481200
9,704,dense,497500
9,704,structured_50,606300
9,705,structured_50,422400
9,705,dense,560400
9,706,dense,561900
9,706,structured_50,440800
9,707,structured_50,408700
9,707,dense,508300
9,708,dense,519000
9,708,structured_50,404400
9,709,structured_50,389500
9,709,dense,473200
9,710,dense,474100
9,710,structured_50,427800
9,711,structured_50,408300
9,711,dense,511300
9,712,dense,491300
9,712,structured_50,423600
9,713,structured_50,393000
9,713,dense,473500
9,714,dense,474800
9,714,structured_50,410300
9,715,structured_50,428100
9,715,dense,516800
9,716,dense,525900
9,716,structured_50,435900
9,717,structured_50,437800
9,717,dense,481700
9,718,dense,494300
9,718,structured_50,387700
9,719,structured_50,397400
9,719,dense,471700
9,720,dense,469800
9,720,structured_50,389000
9,721,structured_50,385000
9,721,dense,490500
9,722,dense,498100
9,722,structured_50,415600
9,723,structured_50,395000
9,723,dense,523500
9,724,dense,479200
9,724,structured_50,419600
9,725,structured_50,395600
9,725,dense,487500
9,726,dense,554900
9,726,structured_50,414000
9,727,structured_50,430000
9,727,dense,523600
9,728,dense,532600
9,728,structured_50,463100
9,729,structured_50,432600
9,729,dense,553300
9,730,dense,552700
9,730,structured_50,440100
9,731,structured_50,439100
9,731,dense,506100
9,732,dense,528700
9,732,structured_50,442600
9,733,structured_50,462500
9,733,dense,526400
9,734,dense,572600
9,734,structured_50,467700
9,735,structured_50,468100
9,735,dense,564900
9,736,dense,543800
9,736,structured_50,427000
9,737,structured_50,413300
9,737,dense,507500
9,738,dense,539000
9,738,structured_50,1347300
9,739,structured_50,894100
9,739,dense,696100
9,740,dense,568900
9,740,structured_50,492700
9,741,structured_50,461200
9,741,dense,569300
9,742,dense,576000
9,742,structured_50,422700
9,743,structured_50,400000
9,743,dense,493200
9,744,dense,491600
9,744,structured_50,432500
9,745,structured_50,419400
9,745,dense,488300
9,746,dense,498100
9,746,structured_50,433500
9,747,structured_50,401800
9,747,dense,486000
9,748,dense,488500
9,748,structured_50,400300
9,749,structured_50,992500
9,749,dense,1275000
9,750,dense,521500
9,750,structured_50,407900
9,751,structured_50,393500
9,751,dense,554900
9,752,dense,498100
9,752,structured_50,433000
9,753,structured_50,1162300
9,753,dense,658200
9,754,dense,595700
9,754,structured_50,504500
9,755,structured_50,479000
9,755,dense,563000
9,756,dense,543600
9,756,structured_50,470000
9,757,structured_50,445300
9,757,dense,541600
9,758,dense,1174000
9,758,structured_50,1122700
9,759,structured_50,928800
9,759,dense,1445500
9,760,dense,921400
9,760,structured_50,494200
9,761,structured_50,478600
9,761,dense,588500
9,762,dense,568200
9,762,structured_50,469800
9,763,structured_50,456900
9,763,dense,559500
9,764,dense,552900
9,764,structured_50,458600
9,765,structured_50,804900
9,765,dense,919900
9,766,dense,724700
9,766,structured_50,500800
9,767,structured_50,507600
9,767,dense,574900
9,768,dense,556400
9,768,structured_50,463700
9,769,structured_50,453500
9,769,dense,560200
9,770,dense,552500
9,770,structured_50,430500
9,771,structured_50,401500
9,771,dense,532000
9,772,dense,565200
9,772,structured_50,468600
9,773,structured_50,459100
9,773,dense,604300
9,774,dense,557100
9,774,structured_50,465800
9,775,structured_50,460300
9,775,dense,789000
9,776,dense,1205400
9,776,structured_50,660500
9,777,structured_50,581800
9,777,dense,584300
9,778,dense,574400
9,778,structured_50,462200
9,779,structured_50,470000
9,779,dense,562600
9,780,dense,552400
9,780,structured_50,453900
9,781,structured_50,456900
9,781,dense,548900
9,782,dense,544800
9,782,structured_50,446300
9,783,structured_50,458000
9,783,dense,549900
9,784,dense,576400
9,784,structured_50,458500
9,785,structured_50,456800
9,785,dense,595000
9,786,dense,909400
9,786,structured_50,589500
9,787,structured_50,482900
9,787,dense,585200
9,788,dense,569500
9,788,structured_50,457700
9,789,structured_50,457200
9,789,dense,612500
9,790,dense,574700
9,790,structured_50,471000
9,791,structured_50,462100
9,791,dense,559100
9,792,dense,552500
9,792,structured_50,456400
9,793,structured_50,452300
9,793,dense,553800
9,794,dense,561200
9,794,structured_50,454000
9,795,structured_50,450900
9,795,dense,527700
9,796,dense,523900
9,796,structured_50,848000
9,797,structured_50,485100
9,797,dense,518900
9,798,dense,568900
9,798,structured_50,492700
9,799,structured_50,481100
9,799,dense,612300
9,800,dense,588600
9,800,structured_50,490800
9,801,structured_50,418100
9,801,dense,501300
9,802,dense,495100
9,802,structured_50,419500
9,803,structured_50,431400
9,803,dense,500800
9,804,dense,519600
9,804,structured_50,417000
9,805,structured_50,396300
9,805,dense,498900
9,806,dense,519500
9,806,structured_50,409800
9,807,structured_50,401500
9,807,dense,498000
9,808,dense,521100
9,808,structured_50,458600
9,809,structured_50,416700
9,809,dense,507800
9,810,dense,535000
9,810,structured_50,461900
9,811,structured_50,429000
9,811,dense,522700
9,812,dense,545200
9,812,structured_50,452000
9,813,structured_50,435600
9,813,dense,527300
9,814,dense,529800
9,814,structured_50,457800
9,815,structured_50,426800
9,815,dense,528600
9,816,dense,520000
9,816,structured_50,459200
9,817,structured_50,433800
9,817,dense,524700
9,818,dense,531800
9,818,structured_50,450200
9,819,structured_50,490200
9,819,dense,804400
9,820,dense,649100
9,820,structured_50,451900
9,821,structured_50,453900
9,821,dense,564200
9,822,dense,544200
9,822,structured_50,418900
9,823,structured_50,426800
9,823,dense,528800
9,824,dense,503400
9,824,structured_50,403100
9,825,structured_50,406100
9,825,dense,535200
9,826,dense,506400
9,826,structured_50,399900
9,827,structured_50,393500
9,827,dense,549300
9,828,dense,498100
9,828,structured_50,385200
9,829,structured_50,375700
9,829,dense,588200
9,830,dense,502700
9,830,structured_50,567500
9,831,structured_50,515000
9,831,dense,497000
9,832,dense,485700
9,832,structured_50,381700
9,833,structured_50,363700
9,833,dense,452800
9,834,dense,480500
9,834,structured_50,379700
9,835,structured_50,366600
9,835,dense,535700
9,836,dense,478900
9,836,structured_50,366400
9,837,structured_50,370800
9,837,dense,452600
9,838,dense,481600
9,838,structured_50,371800
9,839,structured_50,363600
9,839,dense,445200
9,840,dense,446600
9,840,structured_50,399800
9,841,structured_50,372200
9,841,dense,459000
9,842,dense,542900
9,842,structured_50,412400
9,843,structured_50,607400
9,843,dense,526000
9,844,dense,500700
9,844,structured_50,405600
9,845,structured_50,381100
9,845,dense,463000
9,846,dense,456700
9,846,structured_50,396600
9,847,structured_50,376100
9,847,dense,473200
9,848,dense,462000
9,848,structured_50,371900
9,849,structured_50,395800
9,849,dense,470600
9,850,dense,459600
9,850,structured_50,378700
9,851,structured_50,368900
9,851,dense,482900
9,852,dense,465300
9,852,structured_50,372500
9,853,structured_50,364200
9,853,dense,464500
9,854,dense,486900
9,854,structured_50,402500
9,855,structured_50,375000
9,855,dense,503900
9,856,dense,507100
9,856,structured_50,409700
9,857,structured_50,373000
9,857,dense,459300
9,858,dense,469900
9,858,structured_50,389900
9,859,structured_50,377000
9,859,dense,481800
9,860,dense,502000
9,860,structured_50,451200
9,861,structured_50,429800
9,861,dense,498300
9,862,dense,497500
9,862,structured_50,427600
9,863,structured_50,421900
9,863,dense,512800
9,864,dense,505100
9,864,structured_50,409200
9,865,structured_50,432200
9,865,dense,508000
9,866,dense,496000
9,866,structured_50,401100
9,867,structured_50,421200
9,867,dense,508800
9,868,dense,936700
9,868,structured_50,479200
9,869,structured_50,414800
9,869,dense,507000
9,870,dense,532200
9,870,structured_50,411000
9,871,structured_50,403300
9,871,dense,502200
9,872,dense,537400
9,872,structured_50,411400
9,873,structured_50,395400
9,873,dense,493600
9,874,dense,514000
9,874,structured_50,409000
9,875,structured_50,397100
9,875,dense,478200
9,876,dense,478900
9,876,structured_50,428700
9,877,structured_50,400000
9,877,dense,480300
9,878,dense,486100
9,878,structured_50,413200
9,879,structured_50,434100
9,879,dense,1095000
9,880,dense,541600
9,880,structured_50,452500
9,881,structured_50,414000
9,881,dense,503600
9,882,dense,493800
9,882,structured_50,392200
9,883,structured_50,419000
9,883,dense,478600
9,884,dense,482100
9,884,structured_50,385800
9,885,structured_50,403600
9,885,dense,482900
9,886,dense,476800
9,886,structured_50,392700
9,887,structured_50,387800
9,887,dense,503100
9,888,dense,487200
9,888,structured_50,393600
9,889,structured_50,387600
9,889,dense,500700
9,890,dense,535000
9,890,structured_50,604900
9,891,structured_50,723700
9,891,dense,895800
9,892,dense,881500
9,892,structured_50,740100
9,893,structured_50,712200
9,893,dense,880500
9,894,dense,671300
9,894,structured_50,428200
9,895,structured_50,411400
9,895,dense,519600
9,896,dense,510200
9,896,structured_50,404400
9,897,structured_50,400900
9,897,dense,484500
9,898,dense,528600
9,898,structured_50,418000
9,899,structured_50,399200
9,899,dense,517300
9,900,dense,735900
9,900,structured_50,711300
9,901,structured_50,673400
9,901,dense,832200
9,902,dense,812100
9,902,structured_50,708500
9,903,structured_50,682800
9,903,dense,808200
9,904,dense,566700
9,904,structured_50,403200
9,905,structured_50,389000
9,905,dense,462900
9,906,dense,465900
9,906,structured_50,383100
9,907,structured_50,365000
9,907,dense,454900
9,908,dense,456100
9,908,structured_50,569600
9,909,structured_50,827400
9,909,dense,1042800
9,910,dense,777300
9,910,structured_50,409900
9,911,structured_50,389400
9,911,dense,465000
9,912,dense,497100
9,912,structured_50,377500
9,913,structured_50,372800
9,913,dense,451400
9,914,dense,451600
9,914,structured_50,396400
9,915,structured_50,374200
9,915,dense,456200
9,916,dense,504600
9,916,structured_50,452500
9,917,structured_50,435200
9,917,dense,541100
9,918,dense,584200
9,918,structured_50,585300
9,919,structured_50,552100
9,919,dense,660000
9,920,dense,846300
9,920,structured_50,550400
9,921,structured_50,475400
9,921,dense,622800
9,922,dense,609900
9,922,structured_50,497600
9,923,structured_50,517900
9,923,dense,654400
9,924,dense,604200
9,924,structured_50,484300
9,925,structured_50,518000
9,925,dense,597000
9,926,dense,592600
9,926,structured_50,499400
9,927,structured_50,507000
9,927,dense,593900
9,928,dense,598200
9,928,structured_50,521400
9,929,structured_50,691900
9,929,dense,1100200
9,930,dense,930200
9,930,structured_50,555300
9,931,structured_50,503200
9,931,dense,602100
9,932,dense,597900
9,932,structured_50,538500
9,933,structured_50,490200
9,933,dense,595400
9,934,dense,617300
9,934,structured_50,498700
9,935,structured_50,471300
9,935,dense,572400
9,936,dense,584700
9,936,structured_50,459800
9,937,structured_50,684300
9,937,dense,590100
9,938,dense,542400
9,938,structured_50,770400
9,939,structured_50,668600
9,939,dense,557100
9,940,dense,531100
9,940,structured_50,448200
9,941,structured_50,412500
9,941,dense,499200
9,942,dense,489600
9,942,structured_50,406000
9,943,structured_50,416500
9,943,dense,527400
9,944,dense,482500
9,944,structured_50,391400
9,945,structured_50,410700
9,945,dense,481700
9,946,dense,481300
9,946,structured_50,373300
9,947,structured_50,373900
9,947,dense,497200
9,948,dense,472400
9,948,structured_50,378400
9,949,structured_50,364700
9,949,dense,463100
9,950,dense,1433700
9,950,structured_50,501500
9,951,structured_50,396700
9,951,dense,523400
9,952,dense,499600
9,952,structured_50,379100
9,953,structured_50,373900
9,953,dense,456700
9,954,dense,454700
9,954,structured_50,396800
9,955,structured_50,381200
9,955,dense,455200
9,956,dense,446900
9,956,structured_50,374500
9,957,structured_50,384100
9,957,dense,451700
9,958,dense,455600
9,958,structured_50,366800
9,959,structured_50,375200
9,959,dense,468800
9,960,dense,460500
9,960,structured_50,372400
9,961,structured_50,362000
9,961,dense,475300
9,962,dense,479400
9,962,structured_50,742600
9,963,structured_50,409600
9,963,dense,475000
9,964,dense,479800
9,964,structured_50,393200
9,965,structured_50,366400
9,965,dense,452100
9,966,dense,451100
9,966,structured_50,387400
9,967,structured_50,379300
9,967,dense,466600
9,968,dense,456500
9,968,structured_50,371100
9,969,structured_50,390500
9,969,dense,458900
9,970,dense,451700
9,970,structured_50,381800
9,971,structured_50,365100
9,971,dense,494700
9,972,dense,630600
9,972,structured_50,393500
9,973,structured_50,374600
9,973,dense,498500
9,974,dense,495400
9,974,structured_50,394400
9,975,structured_50,423600
9,975,dense,474700
9,976,dense,519700
9,976,structured_50,377900
9,977,structured_50,466800
9,977,dense,461400
9,978,dense,484600
9,978,structured_50,373100
9,979,structured_50,371500
9,979,dense,447500
9,980,dense,450500
9,980,structured_50,396700
9,981,structured_50,372000
9,981,dense,448600
9,982,dense,448600
9,982,structured_50,363000
9,983,structured_50,390500
9,983,dense,454000
9,984,dense,445900
9,984,structured_50,365200
9,985,structured_50,361200
9,985,dense,475600
9,986,dense,452400
9,986,structured_50,373900
9,987,structured_50,379700
9,987,dense,646400
9,988,dense,551600
9,988,structured_50,445100
9,989,structured_50,383100
9,989,dense,485400
9,990,dense,457700
9,990,structured_50,366700
9,991,structured_50,390500
9,991,dense,456300
9,992,dense,463400
9,992,structured_50,364600
9,993,structured_50,366200
9,993,dense,474400
9,994,dense,453700
9,994,structured_50,366900
9,995,structured_50,361500
9,995,dense,445500
9,996,dense,481400
9,996,structured_50,368200
9,997,structured_50,372400
9,997,dense,451400
9,998,dense,461400
9,998,structured_50,385200
9,999,structured_50,361400
9,999,dense,446600
9,1000,dense,463800
9,1000,structured_50,653100
9,1001,structured_50,401200
9,1001,dense,469500
9,1002,dense,453300
9,1002,structured_50,395400
9,1003,structured_50,371700
9,1003,dense,452500
9,1004,dense,450400
9,1004,structured_50,361500
9,1005,structured_50,391800
9,1005,dense,451600
9,1006,dense,448900
9,1006,structured_50,363900
9,1007,structured_50,392800
9,1007,dense,458900
9,1008,dense,445500
9,1008,structured_50,583500
9,1009,structured_50,431800
9,1009,dense,467600
9,1010,dense,484500
9,1010,structured_50,391100
9,1011,structured_50,370500
9,1011,dense,459300
9,1012,dense,451100
9,1012,structured_50,403400
9,1013,structured_50,575900
9,1013,dense,617400
9,1014,dense,477400
9,1014,structured_50,379200
9,1015,structured_50,394200
9,1015,dense,471800
9,1016,dense,453600
9,1016,structured_50,365300
9,1017,structured_50,368600
9,1017,dense,484300
9,1018,dense,462000
9,1018,structured_50,369900
9,1019,structured_50,360900
9,1019,dense,446600
9,1020,dense,475400
9,1020,structured_50,375600
9,1021,structured_50,361500
9,1021,dense,454500
9,1022,dense,462600
9,1022,structured_50,389000
9,1023,structured_50,368700
9,1023,dense,454700
9,1024,dense,453500
9,1024,structured_50,381100
9,1025,structured_50,384000
9,1025,dense,480400
9,1026,dense,669700
9,1026,structured_50,497800
9,1027,structured_50,406300
9,1027,dense,498100
9,1028,dense,476800
9,1028,structured_50,375700
9,1029,structured_50,364100
9,1029,dense,459100
9,1030,dense,484500
9,1030,structured_50,378700
9,1031,structured_50,371400
9,1031,dense,456000
9,1032,dense,455800
9,1032,structured_50,391100
9,1033,structured_50,373600
9,1033,dense,446100
9,1034,dense,449800
9,1034,structured_50,371000
9,1035,structured_50,388300
9,1035,dense,453000
9,1036,dense,450300
9,1036,structured_50,376700
9,1037,structured_50,372200
9,1037,dense,462600
9,1038,dense,494800
9,1038,structured_50,500800
9,1039,structured_50,458600
9,1039,dense,505500
9,1040,dense,483500
9,1040,structured_50,377500
9,1041,structured_50,364800
9,1041,dense,473800
9,1042,dense,461700
9,1042,structured_50,366600
9,1043,structured_50,368700
9,1043,dense,458400
9,1044,dense,478500
9,1044,structured_50,378100
9,1045,structured_50,423700
9,1045,dense,486300
9,1046,dense,469200
9,1046,structured_50,387400
9,1047,structured_50,370700
9,1047,dense,452700
9,1048,dense,442400
9,1048,structured_50,378200
9,1049,structured_50,382300
9,1049,dense,466700
9,1050,dense,449200
9,1050,structured_50,470500
9,1051,structured_50,863700
9,1051,dense,623800
9,1052,dense,650200
9,1052,structured_50,395100
9,1053,structured_50,371000
9,1053,dense,456700
9,1054,dense,481600
9,1054,structured_50,374800
9,1055,structured_50,366900
9,1055,dense,455500
9,1056,dense,451500
9,1056,structured_50,403700
9,1057,structured_50,376500
9,1057,dense,454200
9,1058,dense,456200
9,1058,structured_50,378700
9,1059,structured_50,384800
9,1059,dense,453300
9,1060,dense,460800
9,1060,structured_50,377800
9,1061,structured_50,380500
9,1061,dense,467700
9,1062,dense,459900
9,1062,structured_50,661800
9,1063,structured_50,755000
9,1063,dense,514300
9,1064,dense,500800
9,1064,structured_50,395400
9,1065,structured_50,368200
9,1065,dense,453900
9,1066,dense,452200
9,1066,structured_50,401100
9,1067,structured_50,368400
9,1067,dense,472900
9,1068,dense,456400
9,1068,structured_50,366100
9,1069,structured_50,395900
9,1069,dense,459300
9,1070,dense,451400
9,1070,structured_50,372400
9,1071,structured_50,361900
9,1071,dense,481700
9,1072,dense,474200
9,1072,structured_50,378600
9,1073,structured_50,362300
9,1073,dense,464600
9,1074,dense,468600
9,1074,structured_50,369400
9,1075,structured_50,368900
9,1075,dense,821700
9,1076,dense,658900
9,1076,structured_50,395200
9,1077,structured_50,369400
9,1077,dense,455000
9,1078,dense,483600
9,1078,structured_50,370600
9,1079,structured_50,445000
9,1079,dense,460700
9,1080,dense,571700
9,1080,structured_50,396800
9,1081,structured_50,376600
9,1081,dense,453000
9,1082,dense,466900
9,1082,structured_50,391000
9,1083,structured_50,374700
9,1083,dense,450200
9,1084,dense,454700
9,1084,structured_50,378100
9,1085,structured_50,382700
9,1085,dense,453000
9,1086,dense,451100
9,1086,structured_50,367900
9,1087,structured_50,388200
9,1087,dense,567400
9,1088,dense,784700
9,1088,structured_50,432600
9,1089,structured_50,382900
9,1089,dense,472200
9,1090,dense,482000
9,1090,structured_50,370900
9,1091,structured_50,376500
9,1091,dense,448400
9,1092,dense,475800
9,1092,structured_50,385000
9,1093,structured_50,368800
9,1093,dense,450000
9,1094,dense,447300
9,1094,structured_50,390700
9,1095,structured_50,373100
9,1095,dense,466800
9,1096,dense,453900
9,1096,structured_50,364000
9,1097,structured_50,392600
9,1097,dense,470500
9,1098,dense,456700
9,1098,structured_50,368400
9,1099,structured_50,359600
9,1099,dense,477700
9,1100,dense,870000
9,1100,structured_50,680200
9,1101,structured_50,392500
9,1101,dense,486700
9,1102,dense,497700
9,1102,structured_50,372900
9,1103,structured_50,370900
9,1103,dense,455800
9,1104,dense,454100
9,1104,structured_50,396500
9,1105,structured_50,393900
9,1105,dense,503300
9,1106,dense,451200
9,1106,structured_50,364500
9,1107,structured_50,394800
9,1107,dense,453200
9,1108,dense,450100
9,1108,structured_50,364100
9,1109,structured_50,372900
9,1109,dense,469100
9,1110,dense,451600
9,1110,structured_50,364100
9,1111,structured_50,371500
9,1111,dense,464100
9,1112,dense,459000
9,1112,structured_50,431500
9,1113,structured_50,625600
9,1113,dense,483800
9,1114,dense,460900
9,1114,structured_50,372400
9,1115,structured_50,393900
9,1115,dense,471900
9,1116,dense,461300
9,1116,structured_50,371200
9,1117,structured_50,360800
9,1117,dense,474400
9,1118,dense,459100
9,1118,structured_50,365100
9,1119,structured_50,361300
9,1119,dense,461700
9,1120,dense,470000
9,1120,structured_50,380900
9,1121,structured_50,367600
9,1121,dense,451100
9,1122,dense,471800
9,1122,structured_50,378700
9,1123,structured_50,364100
9,1123,dense,446700
9,1124,dense,447900
9,1124,structured_50,388300
9,1125,structured_50,390800
9,1125,dense,501000
9,1126,dense,583500
9,1126,structured_50,407000
9,1127,structured_50,388400
9,1127,dense,456700
9,1128,dense,460100
9,1128,structured_50,364500
9,1129,structured_50,385200
9,1129,dense,466300
9,1130,dense,449700
9,1130,structured_50,364400
9,1131,structured_50,367100
9,1131,dense,478800
9,1132,dense,454000
9,1132,structured_50,367200
9,1133,structured_50,360500
9,1133,dense,444500
9,1134,dense,480600
9,1134,structured_50,374700
9,1135,structured_50,363500
9,1135,dense,444800
9,1136,dense,447000
9,1136,structured_50,398700
9,1137,structured_50,364200
9,1137,dense,425100
9,1138,dense,432100
9,1138,structured_50,1056800
9,1139,structured_50,587800
9,1139,dense,469600
9,1140,dense,458200
9,1140,structured_50,396900
9,1141,structured_50,363100
9,1141,dense,435600
9,1142,dense,433100
9,1142,structured_50,348200
9,1143,structured_50,829800
9,1143,dense,496100
9,1144,dense,487300
9,1144,structured_50,406200
9,1145,structured_50,393700
9,1145,dense,459500
9,1146,dense,452100
9,1146,structured_50,368300
9,1147,structured_50,382100
9,1147,dense,487800
9,1148,dense,462300
9,1148,structured_50,372800
9,1149,structured_50,361000
9,1149,dense,479300
9,1150,dense,703900
9,1150,structured_50,944100
9,1151,structured_50,516000
9,1151,dense,464300
9,1152,dense,520500
9,1152,structured_50,366000
9,1153,structured_50,351900
9,1153,dense,442500
9,1154,dense,434000
9,1154,structured_50,390900
9,1155,structured_50,361900
9,1155,dense,432700
9,1156,dense,427200
9,1156,structured_50,346300
9,1157,structured_50,380400
9,1157,dense,433700
9,1158,dense,436700
9,1158,structured_50,361800
9,1159,structured_50,357000
9,1159,dense,854700
9,1160,dense,484900
9,1160,structured_50,383000
9,1161,structured_50,360900
9,1161,dense,483900
9,1162,dense,587700
9,1162,structured_50,777600
9,1163,structured_50,387600
9,1163,dense,464500
9,1164,dense,470900
9,1164,structured_50,417400
9,1165,structured_50,380800
9,1165,dense,458500
9,1166,dense,511300
9,1166,structured_50,412600
9,1167,structured_50,392700
9,1167,dense,631900
9,1168,dense,472900
9,1168,structured_50,362100
9,1169,structured_50,348100
9,1169,dense,461600
9,1170,dense,434600
9,1170,structured_50,352400
9,1171,structured_50,351600
9,1171,dense,426600
9,1172,dense,459200
9,1172,structured_50,359600
9,1173,structured_50,350900
9,1173,dense,426000
9,1174,dense,535400
9,1174,structured_50,984500
9,1175,structured_50,410700
9,1175,dense,475400
9,1176,dense,464300
9,1176,structured_50,406900
9,1177,structured_50,378900
9,1177,dense,464600
9,1178,dense,452100
9,1178,structured_50,378800
9,1179,structured_50,397200
9,1179,dense,468300
9,1180,dense,487800
9,1180,structured_50,373000
9,1181,structured_50,382800
9,1181,dense,455500
9,1182,dense,452000
9,1182,structured_50,369300
9,1183,structured_50,366100
9,1183,dense,498500
9,1184,dense,459000
9,1184,structured_50,372300
9,1185,structured_50,361400
9,1185,dense,447100
9,1186,dense,481800
9,1186,structured_50,407200
9,1187,structured_50,651500
9,1187,dense,552900
9,1188,dense,492000
9,1188,structured_50,381300
9,1189,structured_50,370200
9,1189,dense,464300
9,1190,dense,491600
9,1190,structured_50,373300
9,1191,structured_50,365000
9,1191,dense,455100
9,1192,dense,456400
9,1192,structured_50,392000
9,1193,structured_50,370500
9,1193,dense,448700
9,1194,dense,452300
9,1194,structured_50,364300
9,1195,structured_50,394800
9,1195,dense,454700
9,1196,dense,458300
9,1196,structured_50,380600
9,1197,structured_50,394200
9,1197,dense,454000
9,1198,dense,453000
9,1198,structured_50,370300
9,1199,structured_50,361800
9,1199,dense,1008900
9,1200,dense,573700
9,1200,structured_50,385600
9,1201,structured_50,368900
9,1201,dense,532600
9,1202,dense,483100
9,1202,structured_50,382600
9,1203,structured_50,362000
9,1203,dense,447000
9,1204,dense,482500
9,1204,structured_50,395100
9,1205,structured_50,392300
9,1205,dense,501700
9,1206,dense,539100
9,1206,structured_50,430100
9,1207,structured_50,429400
9,1207,dense,529300
9,1208,dense,547700
9,1208,structured_50,461600
9,1209,structured_50,459300
9,1209,dense,570500
9,1210,dense,576100
9,1210,structured_50,445400
9,1211,structured_50,439900
9,1211,dense,1076300
9,1212,dense,591100
9,1212,structured_50,490500
9,1213,structured_50,448000
9,1213,dense,504700
9,1214,dense,488100
9,1214,structured_50,392400
9,1215,structured_50,418900
9,1215,dense,478300
9,1216,dense,464900
9,1216,structured_50,365200
9,1217,structured_50,594500
9,1217,dense,562300
9,1218,dense,464400
9,1218,structured_50,369800
9,1219,structured_50,369000
9,1219,dense,444800
9,1220,dense,476100
9,1220,structured_50,368400
9,1221,structured_50,361300
9,1221,dense,445600
9,1222,dense,472600
9,1222,structured_50,427700
9,1223,structured_50,530300
9,1223,dense,561200
9,1224,dense,477400
9,1224,structured_50,374100
9,1225,structured_50,369600
9,1225,dense,486900
9,1226,dense,451400
9,1226,structured_50,379400
9,1227,structured_50,370900
9,1227,dense,475600
9,1228,dense,465500
9,1228,structured_50,372200
9,1229,structured_50,364000
9,1229,dense,448400
9,1230,dense,483300
9,1230,structured_50,372400
9,1231,structured_50,359800
9,1231,dense,452900
9,1232,dense,452700
9,1232,structured_50,389700
9,1233,structured_50,361300
9,1233,dense,435400
9,1234,dense,439400
9,1234,structured_50,359100
9,1235,structured_50,414200
9,1235,dense,481800
9,1236,dense,494900
9,1236,structured_50,427300
9,1237,structured_50,444100
9,1237,dense,497800
9,1238,dense,471400
9,1238,structured_50,402200
9,1239,structured_50,373900
9,1239,dense,487200
9,1240,dense,455600
9,1240,structured_50,374900
9,1241,structured_50,366000
9,1241,dense,462400
9,1242,dense,465300
9,1242,structured_50,367800
9,1243,structured_50,366400
9,1243,dense,451900
9,1244,dense,475300
9,1244,structured_50,373400
9,1245,structured_50,365100
9,1245,dense,455800
9,1246,dense,446400
9,1246,structured_50,419600
9,1247,structured_50,397800
9,1247,dense,496300
9,1248,dense,492300
9,1248,structured_50,680100
9,1249,structured_50,474700
9,1249,dense,543500
9,1250,dense,562800
9,1250,structured_50,450700
9,1251,structured_50,407000
9,1251,dense,488500
9,1252,dense,477900
9,1252,structured_50,432800
9,1253,structured_50,396500
9,1253,dense,782200
9,1254,dense,512500
9,1254,structured_50,402200
9,1255,structured_50,371600
9,1255,dense,486100
9,1256,dense,455500
9,1256,structured_50,371100
9,1257,structured_50,360900
9,1257,dense,464600
9,1258,dense,476600
9,1258,structured_50,365300
9,1259,structured_50,360300
9,1259,dense,611600
9,1260,dense,790300
9,1260,structured_50,716600
9,1261,structured_50,701000
9,1261,dense,792600
9,1262,dense,796400
9,1262,structured_50,694400
9,1263,structured_50,686900
9,1263,dense,774500
9,1264,dense,838200
9,1264,structured_50,673700
9,1265,structured_50,680200
9,1265,dense,786300
9,1266,dense,792800
9,1266,structured_50,683100
9,1267,structured_50,696800
9,1267,dense,803900
9,1268,dense,829300
9,1268,structured_50,705100
9,1269,structured_50,678900
9,1269,dense,808800
9,1270,dense,788400
9,1270,structured_50,697700
9,1271,structured_50,656500
9,1271,dense,817600
9,1272,dense,831000
9,1272,structured_50,689200
9,1273,structured_50,705800
9,1273,dense,841600
9,1274,dense,835700
9,1274,structured_50,934900
9,1275,structured_50,621100
9,1275,dense,624300
9,1276,dense,526800
9,1276,structured_50,399900
9,1277,structured_50,369900
9,1277,dense,460400
9,1278,dense,457300
9,1278,structured_50,404400
9,1279,structured_50,371000
9,1279,dense,453700
9,1280,dense,451700
9,1280,structured_50,372300
9,1281,structured_50,392700
9,1281,dense,459700
9,1282,dense,453700
9,1282,structured_50,372300
9,1283,structured_50,370900
9,1283,dense,468900
9,1284,dense,460100
9,1284,structured_50,367800
9,1285,structured_50,370200
9,1285,dense,473900
9,1286,dense,604500
9,1286,structured_50,715200
9,1287,structured_50,486000
9,1287,dense,525700
9,1288,dense,476800
9,1288,structured_50,372300
9,1289,structured_50,368800
9,1289,dense,448100
9,1290,dense,489300
9,1290,structured_50,372900
9,1291,structured_50,369600
9,1291,dense,516500
9,1292,dense,481200
9,1292,structured_50,378900
9,1293,structured_50,370400
9,1293,dense,444800
9,1294,dense,433000
9,1294,structured_50,368100
9,1295,structured_50,355900
9,1295,dense,433500
9,1296,dense,442800
9,1296,structured_50,354000
9,1297,structured_50,371900
9,1297,dense,435000
9,1298,dense,430900
9,1298,structured_50,353800
9,1299,structured_50,449100
9,1299,dense,1032600
9,1300,dense,537500
9,1300,structured_50,441700
9,1301,structured_50,443200
9,1301,dense,465400
9,1302,dense,464600
9,1302,structured_50,426700
9,1303,structured_50,385000
9,1303,dense,443900
9,1304,dense,434600
9,1304,structured_50,366700
9,1305,structured_50,360500
9,1305,dense,453200
9,1306,dense,432700
9,1306,structured_50,348100
9,1307,structured_50,350400
9,1307,dense,427300
9,1308,dense,453800
9,1308,structured_50,355400
9,1309,structured_50,357500
9,1309,dense,436200
9,1310,dense,458300
9,1310,structured_50,387400
9,1311,structured_50,354600
9,1311,dense,467000
9,1312,dense,621600
9,1312,structured_50,439700
9,1313,structured_50,385300
9,1313,dense,461500
9,1314,dense,494500
9,1314,structured_50,376600
9,1315,structured_50,362500
9,1315,dense,449000
9,1316,dense,447500
9,1316,structured_50,396300
9,1317,structured_50,368000
9,1317,dense,445300
9,1318,dense,448400
9,1318,structured_50,368700
9,1319,structured_50,421600
9,1319,dense,479800
9,1320,dense,482200
9,1320,structured_50,389800
9,1321,structured_50,415600
9,1321,dense,472100
9,1322,dense,471900
9,1322,structured_50,389600
9,1323,structured_50,411000
9,1323,dense,509500
9,1324,dense,497200
9,1324,structured_50,389700
9,1325,structured_50,516000
9,1325,dense,672300
9,1326,dense,531200
9,1326,structured_50,459500
9,1327,structured_50,406200
9,1327,dense,481300
9,1328,dense,483900
9,1328,structured_50,412500
9,1329,structured_50,433700
9,1329,dense,584700
9,1330,dense,531800
9,1330,structured_50,400400
9,1331,structured_50,373500
9,1331,dense,448900
9,1332,dense,447500
9,1332,structured_50,364000
9,1333,structured_50,387000
9,1333,dense,457500
9,1334,dense,454600
9,1334,structured_50,362200
9,1335,structured_50,404800
9,1335,dense,474300
9,1336,dense,464500
9,1336,structured_50,371300
9,1337,structured_50,363400
9,1337,dense,573300
9,1338,dense,587000
9,1338,structured_50,368300
9,1339,structured_50,357200
9,1339,dense,428300
9,1340,dense,459200
9,1340,structured_50,356000
9,1341,structured_50,353200
9,1341,dense,424900
9,1342,dense,433100
9,1342,structured_50,371400
9,1343,structured_50,358900
9,1343,dense,444200
9,1344,dense,429500
9,1344,structured_50,347300
9,1345,structured_50,364600
9,1345,dense,433500
9,1346,dense,426500
9,1346,structured_50,352100
9,1347,structured_50,340100
9,1347,dense,443700
9,1348,dense,434300
9,1348,structured_50,360200
9,1349,structured_50,359700
9,1349,dense,465400
9,1350,dense,748100
9,1350,structured_50,436500
9,1351,structured_50,377700
9,1351,dense,445000
9,1352,dense,462000
9,1352,structured_50,363800
9,1353,structured_50,353600
9,1353,dense,429800
9,1354,dense,430200
9,1354,structured_50,374900
9,1355,structured_50,352700
9,1355,dense,427800
9,1356,dense,477600
9,1356,structured_50,380200
9,1357,structured_50,375900
9,1357,dense,441200
9,1358,dense,439700
9,1358,structured_50,358600
9,1359,structured_50,342700
9,1359,dense,455500
9,1360,dense,432000
9,1360,structured_50,354000
9,1361,structured_50,347200
9,1361,dense,423700
9,1362,dense,453800
9,1362,structured_50,352800
9,1363,structured_50,445100
9,1363,dense,879300
9,1364,dense,532800
9,1364,structured_50,434400
9,1365,structured_50,391100
9,1365,dense,461700
9,1366,dense,458300
9,1366,structured_50,376800
9,1367,structured_50,401900
9,1367,dense,458100
9,1368,dense,471400
9,1368,structured_50,375000
9,1369,structured_50,374600
9,1369,dense,474100
9,1370,dense,460000
9,1370,structured_50,365900
9,1371,structured_50,365800
9,1371,dense,474400
9,1372,dense,460600
9,1372,structured_50,372200
9,1373,structured_50,360500
9,1373,dense,445100
9,1374,dense,476900
9,1374,structured_50,368700
9,1375,structured_50,708100
9,1375,dense,487600
9,1376,dense,511100
9,1376,structured_50,426200
9,1377,structured_50,381200
9,1377,dense,443300
9,1378,dense,430900
9,1378,structured_50,360100
9,1379,structured_50,383300
9,1379,dense,448300
9,1380,dense,435300
9,1380,structured_50,355500
9,1381,structured_50,348900
9,1381,dense,463700
9,1382,dense,436200
9,1382,structured_50,354700
9,1383,structured_50,347900
9,1383,dense,427100
9,1384,dense,455400
9,1384,structured_50,361300
9,1385,structured_50,353400
9,1385,dense,426000
9,1386,dense,426900
9,1386,structured_50,373400
9,1387,structured_50,355200
9,1387,dense,429500
9,1388,dense,428100
9,1388,structured_50,375900
9,1389,structured_50,375500
9,1389,dense,760900
9,1390,dense,509200
9,1390,structured_50,390000
9,1391,structured_50,374500
9,1391,dense,493500
9,1392,dense,460700
9,1392,structured_50,371500
9,1393,structured_50,397800
9,1393,dense,517800
9,1394,dense,471200
9,1394,structured_50,375900
9,1395,structured_50,369600
9,1395,dense,455700
9,1396,dense,474800
9,1396,structured_50,376700
9,1397,structured_50,361100
9,1397,dense,447200
9,1398,dense,453100
9,1398,structured_50,396300
9,1399,structured_50,373600
9,1399,dense,458500
9,1400,dense,452400
9,1400,structured_50,361000
9,1401,structured_50,390200
9,1401,dense,667100
9,1402,dense,934200
9,1402,structured_50,543500
9,1403,structured_50,391000
9,1403,dense,469800
9,1404,dense,456200
9,1404,structured_50,425700
9,1405,structured_50,396700
9,1405,dense,456100
9,1406,dense,453000
9,1406,structured_50,385600
9,1407,structured_50,397900
9,1407,dense,458400
9,1408,dense,450000
9,1408,structured_50,373500
9,1409,structured_50,369600
9,1409,dense,482400
9,1410,dense,460800
9,1410,structured_50,691300
9,1411,structured_50,415000
9,1411,dense,468900
9,1412,dense,458400
9,1412,structured_50,401500
9,1413,structured_50,662100
9,1413,dense,830600
9,1414,dense,704400
9,1414,structured_50,401500
9,1415,structured_50,377900
9,1415,dense,464600
9,1416,dense,483200
9,1416,structured_50,388700
9,1417,structured_50,369700
9,1417,dense,453000
9,1418,dense,457600
9,1418,structured_50,390100
9,1419,structured_50,378600
9,1419,dense,457700
9,1420,dense,457000
9,1420,structured_50,369300
9,1421,structured_50,390200
9,1421,dense,460900
9,1422,dense,452800
9,1422,structured_50,372400
9,1423,structured_50,368300
9,1423,dense,482600
9,1424,dense,468700
9,1424,structured_50,374200
9,1425,structured_50,629200
9,1425,dense,1121800
9,1426,dense,737300
9,1426,structured_50,416700
9,1427,structured_50,367500
9,1427,dense,442100
9,1428,dense,464200
9,1428,structured_50,363400
9,1429,structured_50,363100
9,1429,dense,439700
9,1430,dense,445400
9,1430,structured_50,398700
9,1431,structured_50,375000
9,1431,dense,436500
9,1432,dense,437400
9,1432,structured_50,354500
9,1433,structured_50,382700
9,1433,dense,447000
9,1434,dense,440300
9,1434,structured_50,354800
9,1435,structured_50,357200
9,1435,dense,466800
9,1436,dense,444000
9,1436,structured_50,361300
9,1437,structured_50,359100
9,1437,dense,682700
9,1438,dense,521400
9,1438,structured_50,417300
9,1439,structured_50,376500
9,1439,dense,447100
9,1440,dense,489600
9,1440,structured_50,375600
9,1441,structured_50,359700
9,1441,dense,442600
9,1442,dense,464000
9,1442,structured_50,375600
9,1443,structured_50,362800
9,1443,dense,436400
9,1444,dense,441100
9,1444,structured_50,378700
9,1445,structured_50,371200
9,1445,dense,465400
9,1446,dense,457800
9,1446,structured_50,369100
9,1447,structured_50,395600
9,1447,dense,476100
9,1448,dense,463600
9,1448,structured_50,374500
9,1449,structured_50,369100
9,1449,dense,485500
9,1450,dense,476700
9,1450,structured_50,799200
9,1451,structured_50,451100
9,1451,dense,546700
9,1452,dense,494400
9,1452,structured_50,419600
9,1453,structured_50,382900
9,1453,dense,479500
9,1454,dense,473100
9,1454,structured_50,391300
9,1455,structured_50,390500
9,1455,dense,470800
9,1456,dense,465200
9,1456,structured_50,381100
9,1457,structured_50,404400
9,1457,dense,470800
9,1458,dense,464000
9,1458,structured_50,375200
9,1459,structured_50,378200
9,1459,dense,485900
9,1460,dense,466100
9,1460,structured_50,372900
9,1461,structured_50,370000
9,1461,dense,470700
9,1462,dense,490800
9,1462,structured_50,568300
9,1463,structured_50,654900
9,1463,dense,650200
9,1464,dense,580900
9,1464,structured_50,396900
9,1465,structured_50,376500
9,1465,dense,478500
9,1466,dense,463300
9,1466,structured_50,368700
9,1467,structured_50,368800
9,1467,dense,452000
9,1468,dense,486200
9,1468,structured_50,367500
9,1469,structured_50,367600
9,1469,dense,446700
9,1470,dense,448300
9,1470,structured_50,432100
9,1471,structured_50,363800
9,1471,dense,447400
9,1472,dense,448000
9,1472,structured_50,369700
9,1473,structured_50,392700
9,1473,dense,458100
9,1474,dense,447700
9,1474,structured_50,507400
9,1475,structured_50,661900
9,1475,dense,695500
9,1476,dense,603400
9,1476,structured_50,392500
9,1477,structured_50,372600
9,1477,dense,476800
9,1478,dense,478900
9,1478,structured_50,370800
9,1479,structured_50,360600
9,1479,dense,444900
9,1480,dense,470500
9,1480,structured_50,381500
9,1481,structured_50,368500
9,1481,dense,453800
9,1482,dense,449100
9,1482,structured_50,389200
9,1483,structured_50,373200
9,1483,dense,447800
9,1484,dense,450400
9,1484,structured_50,361900
9,1485,structured_50,397000
9,1485,dense,453000
9,1486,dense,449500
9,1486,structured_50,419500
9,1487,structured_50,819900
9,1487,dense,609100
9,1488,dense,480300
9,1488,structured_50,388400
9,1489,structured_50,402700
9,1489,dense,457200
9,1490,dense,453400
9,1490,structured_50,369700
9,1491,structured_50,380800
9,1491,dense,469100
9,1492,dense,454000
9,1492,structured_50,372600
9,1493,structured_50,356800
9,1493,dense,469900
9,1494,dense,462100
9,1494,structured_50,348900
9,1495,structured_50,357600
9,1495,dense,477800
9,1496,dense,469300
9,1496,structured_50,363400
9,1497,structured_50,373600
9,1497,dense,453900
9,1498,dense,471900
9,1498,structured_50,368900
9,1499,structured_50,367300
9,1499,dense,573600
9,1500,dense,718000
9,1500,structured_50,395700
9,1501,structured_50,366000
9,1501,dense,462800
9,1502,dense,492600
9,1502,structured_50,372500
9,1503,structured_50,368600
9,1503,dense,448500
9,1504,dense,468100
9,1504,structured_50,490100
9,1505,structured_50,400000
9,1505,dense,457100
9,1506,dense,460200
9,1506,structured_50,395500
9,1507,structured_50,367700
9,1507,dense,447600
9,1508,dense,446500
9,1508,structured_50,360600
9,1509,structured_50,392600
9,1509,dense,455600
9,1510,dense,448100
9,1510,structured_50,367500
9,1511,structured_50,394000
9,1511,dense,455300
9,1512,dense,482500
9,1512,structured_50,368600
9,1513,structured_50,525700
9,1513,dense,514600
9,1514,dense,458300
9,1514,structured_50,367700
9,1515,structured_50,366600
9,1515,dense,469300
9,1516,dense,458800
9,1516,structured_50,366200
9,1517,structured_50,361400
9,1517,dense,451700
9,1518,dense,470500
9,1518,structured_50,375600
9,1519,structured_50,376000
9,1519,dense,450600
9,1520,dense,456400
9,1520,structured_50,400300
9,1521,structured_50,366100
9,1521,dense,448500
9,1522,dense,445200
9,1522,structured_50,359300
9,1523,structured_50,388900
9,1523,dense,582100
9,1524,dense,552000
9,1524,structured_50,384600
9,1525,structured_50,368200
9,1525,dense,770300
9,1526,dense,517200
9,1526,structured_50,385600
9,1527,structured_50,374700
9,1527,dense,453900
9,1528,dense,487100
9,1528,structured_50,381600
9,1529,structured_50,371900
9,1529,dense,449700
9,1530,dense,461300
9,1530,structured_50,396700
9,1531,structured_50,374100
9,1531,dense,455900
9,1532,dense,451600
9,1532,structured_50,384800
9,1533,structured_50,379700
9,1533,dense,456300
9,1534,dense,450400
9,1534,structured_50,384800
9,1535,structured_50,390000
9,1535,dense,458700
9,1536,dense,451600
9,1536,structured_50,364600
9,1537,structured_50,367300
9,1537,dense,508900
9,1538,dense,566500
9,1538,structured_50,413000
9,1539,structured_50,377000
9,1539,dense,478800
9,1540,dense,472000
9,1540,structured_50,371900
9,1541,structured_50,361300
9,1541,dense,652700
9,1542,dense,491400
9,1542,structured_50,378800
9,1543,structured_50,373300
9,1543,dense,479800
9,1544,dense,454700
9,1544,structured_50,369300
9,1545,structured_50,363500
9,1545,dense,463900
9,1546,dense,470000
9,1546,structured_50,367700
9,1547,structured_50,366700
9,1547,dense,451000
9,1548,dense,469600
9,1548,structured_50,378900
9,1549,structured_50,370100
9,1549,dense,446500
9,1550,dense,468100
9,1550,structured_50,644800
9,1551,structured_50,769700
9,1551,dense,499200
9,1552,dense,470500
9,1552,structured_50,374900
9,1553,structured_50,407600
9,1553,dense,466700
9,1554,dense,457200
9,1554,structured_50,376100
9,1555,structured_50,377300
9,1555,dense,486500
9,1556,dense,456100
9,1556,structured_50,374700
9,1557,structured_50,367400
9,1557,dense,472200
9,1558,dense,491900
9,1558,structured_50,373600
9,1559,structured_50,370100
9,1559,dense,646600
9,1560,dense,452300
9,1560,structured_50,354400
9,1561,structured_50,348400
9,1561,dense,460000
9,1562,dense,441500
9,1562,structured_50,548600
9,1563,structured_50,585200
9,1563,dense,635000
9,1564,dense,456300
9,1564,structured_50,360400
9,1565,structured_50,347000
9,1565,dense,448000
9,1566,dense,445100
9,1566,structured_50,357500
9,1567,structured_50,351400
9,1567,dense,429100
9,1568,dense,451000
9,1568,structured_50,357300
9,1569,structured_50,352300
9,1569,dense,433800
9,1570,dense,428500
9,1570,structured_50,367600
9,1571,structured_50,365200
9,1571,dense,426400
9,1572,dense,436400
9,1572,structured_50,348700
9,1573,structured_50,342300
9,1573,dense,460200
9,1574,dense,431400
9,1574,structured_50,367600
9,1575,structured_50,343500
9,1575,dense,525800
9,1576,dense,1231200
9,1576,structured_50,619900
9,1577,structured_50,464500
9,1577,dense,512500
9,1578,dense,479400
9,1578,structured_50,384200
9,1579,structured_50,361200
9,1579,dense,458100
9,1580,dense,487400
9,1580,structured_50,371500
9,1581,structured_50,368800
9,1581,dense,447300
9,1582,dense,450200
9,1582,structured_50,405400
9,1583,structured_50,374500
9,1583,dense,447700
9,1584,dense,446000
9,1584,structured_50,377500
9,1585,structured_50,386400
9,1585,dense,456300
9,1586,dense,447300
9,1586,structured_50,363700
9,1587,structured_50,391800
9,1587,dense,804700
9,1588,dense,886100
9,1588,structured_50,617500
9,1589,structured_50,484700
9,1589,dense,473600
9,1590,dense,457700
9,1590,structured_50,384200
9,1591,structured_50,395400
9,1591,dense,461400
9,1592,dense,453200
9,1592,structured_50,371300
9,1593,structured_50,359100
9,1593,dense,476900
9,1594,dense,459800
9,1594,structured_50,373200
9,1595,structured_50,367600
9,1595,dense,452500
9,1596,dense,485000
9,1596,structured_50,366900
9,1597,structured_50,367400
9,1597,dense,447300
9,1598,dense,460100
9,1598,structured_50,379300
9,1599,structured_50,466500
9,1599,dense,774900
9,1600,dense,613600
9,1600,structured_50,436800
9,1601,structured_50,401800
9,1601,dense,462700
9,1602,dense,458600
9,1602,structured_50,373300
9,1603,structured_50,392800
9,1603,dense,462400
9,1604,dense,449500
9,1604,structured_50,394100
9,1605,structured_50,443800
9,1605,dense,469700
9,1606,dense,453200
9,1606,structured_50,371500
9,1607,structured_50,360500
9,1607,dense,468700
9,1608,dense,458500
9,1608,structured_50,372200
9,1609,structured_50,360500
9,1609,dense,445100
9,1610,dense,474000
9,1610,structured_50,371700
9,1611,structured_50,361600
9,1611,dense,538100
9,1612,dense,1038100
9,1612,structured_50,414800
9,1613,structured_50,464800
9,1613,dense,503000
9,1614,dense,459600
9,1614,structured_50,384200
9,1615,structured_50,362300
9,1615,dense,446600
9,1616,dense,487600
9,1616,structured_50,378900
9,1617,structured_50,362600
9,1617,dense,447500
9,1618,dense,462700
9,1618,structured_50,380100
9,1619,structured_50,365300
9,1619,dense,445500
9,1620,dense,448400
9,1620,structured_50,385800
9,1621,structured_50,375000
9,1621,dense,458600
9,1622,dense,449800
9,1622,structured_50,376600
9,1623,structured_50,367500
9,1623,dense,436500
9,1624,dense,438100
9,1624,structured_50,419200
9,1625,structured_50,604300
9,1625,dense,502400
9,1626,dense,500100
9,1626,structured_50,375400
9,1627,structured_50,365800
9,1627,dense,452000
9,1628,dense,461300
9,1628,structured_50,407500
9,1629,structured_50,362800
9,1629,dense,447700
9,1630,dense,447700
9,1630,structured_50,374600
9,1631,structured_50,379100
9,1631,dense,449700
9,1632,dense,452300
9,1632,structured_50,368200
9,1633,structured_50,379200
9,1633,dense,459300
9,1634,dense,452000
9,1634,structured_50,386100
9,1635,structured_50,366900
9,1635,dense,474700
9,1636,dense,450400
9,1636,structured_50,370500
9,1637,structured_50,369600
9,1637,dense,630500
9,1638,dense,829500
9,1638,structured_50,411300
9,1639,structured_50,375700
9,1639,dense,523600
9,1640,dense,463500
9,1640,structured_50,370200
9,1641,structured_50,372900
9,1641,dense,531100
9,1642,dense,747100
9,1642,structured_50,395800
9,1643,structured_50,374100
9,1643,dense,469600
9,1644,dense,469300
9,1644,structured_50,366400
9,1645,structured_50,362200
9,1645,dense,446900
9,1646,dense,471700
9,1646,structured_50,375700
9,1647,structured_50,361900
9,1647,dense,445700
9,1648,dense,446200
9,1648,structured_50,393400
9,1649,structured_50,372600
9,1649,dense,474200
9,1650,dense,708600
9,1650,structured_50,443800
9,1651,structured_50,400900
9,1651,dense,463900
9,1652,dense,454200
9,1652,structured_50,375600
9,1653,structured_50,393500
9,1653,dense,466700
9,1654,dense,458200
9,1654,structured_50,365200
9,1655,structured_50,364600
9,1655,dense,476300
9,1656,dense,453300
9,1656,structured_50,372400
9,1657,structured_50,369000
9,1657,dense,455200
9,1658,dense,477500
9,1658,structured_50,370000
9,1659,structured_50,368000
9,1659,dense,462000
9,1660,dense,686200
9,1660,structured_50,383500
9,1661,structured_50,371800
9,1661,dense,472000
9,1662,dense,464800
9,1662,structured_50,794200
9,1663,structured_50,423400
9,1663,dense,472700
9,1664,dense,492000
9,1664,structured_50,399300
9,1665,structured_50,376600
9,1665,dense,454100
9,1666,dense,452200
9,1666,structured_50,391500
9,1667,structured_50,373500
9,1667,dense,448700
9,1668,dense,457800
9,1668,structured_50,370400
9,1669,structured_50,393900
9,1669,dense,452800
9,1670,dense,451100
9,1670,structured_50,364000
9,1671,structured_50,362400
9,1671,dense,474800
9,1672,dense,458600
9,1672,structured_50,366100
9,1673,structured_50,359900
9,1673,dense,455300
9,1674,dense,583300
9,1674,structured_50,475300
9,1675,structured_50,658800
9,1675,dense,718300
9,1676,dense,498100
9,1676,structured_50,381600
9,1677,structured_50,387900
9,1677,dense,474600
9,1678,dense,468800
9,1678,structured_50,376500
9,1679,structured_50,367900
9,1679,dense,479900
9,1680,dense,474600
9,1680,structured_50,379200
9,1681,structured_50,360500
9,1681,dense,453300
9,1682,dense,480100
9,1682,structured_50,376600
9,1683,structured_50,361500
9,1683,dense,445900
9,1684,dense,464900
9,1684,structured_50,386500
9,1685,structured_50,376900
9,1685,dense,448700
9,1686,dense,447200
9,1686,structured_50,407600
9,1687,structured_50,401600
9,1687,dense,747700
9,1688,dense,535100
9,1688,structured_50,385500
9,1689,structured_50,362700
9,1689,dense,472400
9,1690,dense,443100
9,1690,structured_50,352900
9,1691,structured_50,350700
9,1691,dense,441200
9,1692,dense,464400
9,1692,structured_50,391600
9,1693,structured_50,356300
9,1693,dense,440000
9,1694,dense,459600
9,1694,structured_50,388900
9,1695,structured_50,391300
9,1695,dense,476100
9,1696,dense,467500
9,1696,structured_50,410000
9,1697,structured_50,401900
9,1697,dense,474600
9,1698,dense,475600
9,1698,structured_50,411200
9,1699,structured_50,406800
9,1699,dense,824300
9,1700,dense,813700
9,1700,structured_50,645800
9,1701,structured_50,462500
9,1701,dense,510100
9,1702,dense,524700
9,1702,structured_50,430100
9,1703,structured_50,395800
9,1703,dense,486600
9,1704,dense,487600
9,1704,structured_50,426900
9,1705,structured_50,394900
9,1705,dense,487400
9,1706,dense,492400
9,1706,structured_50,439300
9,1707,structured_50,415500
9,1707,dense,487900
9,1708,dense,484400
9,1708,structured_50,392400
9,1709,structured_50,428400
9,1709,dense,496400
9,1710,dense,542100
9,1710,structured_50,490500
9,1711,structured_50,1136100
9,1711,dense,541400
9,1712,dense,494600
9,1712,structured_50,419700
9,1713,structured_50,394300
9,1713,dense,474200
9,1714,dense,462700
9,1714,structured_50,405200
9,1715,structured_50,385000
9,1715,dense,475700
9,1716,dense,464200
9,1716,structured_50,371300
9,1717,structured_50,399100
9,1717,dense,460300
9,1718,dense,464400
9,1718,structured_50,373000
9,1719,structured_50,369300
9,1719,dense,481500
9,1720,dense,450400
9,1720,structured_50,361300
9,1721,structured_50,356500
9,1721,dense,458200
9,1722,dense,487800
9,1722,structured_50,377800
9,1723,structured_50,401200
9,1723,dense,480000
9,1724,dense,511300
9,1724,structured_50,378400
9,1725,structured_50,373700
9,1725,dense,471000
9,1726,dense,477500
9,1726,structured_50,390700
9,1727,structured_50,381200
9,1727,dense,457000
9,1728,dense,460700
9,1728,structured_50,401700
9,1729,structured_50,385600
9,1729,dense,477100
9,1730,dense,472000
9,1730,structured_50,378100
9,1731,structured_50,415500
9,1731,dense,486900
9,1732,dense,485900
9,1732,structured_50,401500
9,1733,structured_50,419100
9,1733,dense,510300
9,1734,dense,512300
9,1734,structured_50,388000
9,1735,structured_50,385100
9,1735,dense,808900
9,1736,dense,567800
9,1736,structured_50,419200
9,1737,structured_50,401600
9,1737,dense,523100
9,1738,dense,490100
9,1738,structured_50,389500
9,1739,structured_50,383100
9,1739,dense,493100
9,1740,dense,467100
9,1740,structured_50,367800
9,1741,structured_50,499100
9,1741,dense,475800
9,1742,dense,455700
9,1742,structured_50,367800
9,1743,structured_50,399400
9,1743,dense,453400
9,1744,dense,448900
9,1744,structured_50,368100
9,1745,structured_50,356800
9,1745,dense,477400
9,1746,dense,454500
9,1746,structured_50,369100
9,1747,structured_50,381800
9,1747,dense,560100
9,1748,dense,760100
9,1748,structured_50,438400
9,1749,structured_50,385300
9,1749,dense,458900
9,1750,dense,459600
9,1750,structured_50,399400
9,1751,structured_50,374100
9,1751,dense,448800
9,1752,dense,450200
9,1752,structured_50,365200
9,1753,structured_50,384400
9,1753,dense,465600
9,1754,dense,451700
9,1754,structured_50,364600
9,1755,structured_50,384400
9,1755,dense,482400
9,1756,dense,453500
9,1756,structured_50,372000
9,1757,structured_50,362200
9,1757,dense,464100
9,1758,dense,484700
9,1758,structured_50,373800
9,1759,structured_50,366900
9,1759,dense,706600
9,1760,dense,1068300
9,1760,structured_50,451600
9,1761,structured_50,426600
9,1761,dense,582500
9,1762,dense,496000
9,1762,structured_50,407700
9,1763,structured_50,408300
9,1763,dense,482600
9,1764,dense,456000
9,1764,structured_50,367200
9,1765,structured_50,360000
9,1765,dense,503000
9,1766,dense,486200
9,1766,structured_50,374800
9,1767,structured_50,367300
9,1767,dense,476600
9,1768,dense,463900
9,1768,structured_50,370800
9,1769,structured_50,372400
9,1769,dense,447200
9,1770,dense,480300
9,1770,structured_50,375600
9,1771,structured_50,359100
9,1771,dense,1111200
9,1772,dense,882300
9,1772,structured_50,439200
9,1773,structured_50,398400
9,1773,dense,469600
9,1774,dense,460600
9,1774,structured_50,409100
9,1775,structured_50,379700
9,1775,dense,541400
9,1776,dense,470400
9,1776,structured_50,375800
9,1777,structured_50,396900
9,1777,dense,454700
9,1778,dense,455800
9,1778,structured_50,363100
9,1779,structured_50,381000
9,1779,dense,463900
9,1780,dense,448800
9,1780,structured_50,369700
9,1781,structured_50,366900
9,1781,dense,473600
9,1782,dense,462700
9,1782,structured_50,362300
9,1783,structured_50,357900
9,1783,dense,572200
9,1784,dense,747300
9,1784,structured_50,414000
9,1785,structured_50,412700
9,1785,dense,463100
9,1786,dense,451500
9,1786,structured_50,373000
9,1787,structured_50,377300
9,1787,dense,465300
9,1788,dense,448000
9,1788,structured_50,375800
9,1789,structured_50,371300
9,1789,dense,472100
9,1790,dense,465200
9,1790,structured_50,371600
9,1791,structured_50,367300
9,1791,dense,440700
9,1792,dense,472300
9,1792,structured_50,369300
9,1793,structured_50,359200
9,1793,dense,455500
9,1794,dense,449700
9,1794,structured_50,394900
9,1795,structured_50,366800
9,1795,dense,452700
9,1796,dense,465300
9,1796,structured_50,781100
9,1797,structured_50,697500
9,1797,dense,483800
9,1798,dense,464100
9,1798,structured_50,391900
9,1799,structured_50,347400
9,1799,dense,429500
9,1800,dense,423800
9,1800,structured_50,362600
9,1801,structured_50,359000
9,1801,dense,426500
9,1802,dense,420900
9,1802,structured_50,348200
9,1803,structured_50,336500
9,1803,dense,447700
9,1804,dense,426400
9,1804,structured_50,345300
9,1805,structured_50,341600
9,1805,dense,419000
9,1806,dense,488000
9,1806,structured_50,345100
9,1807,structured_50,346700
9,1807,dense,418200
9,1808,dense,425100
9,1808,structured_50,370200
9,1809,structured_50,757800
9,1809,dense,840400
9,1810,dense,519300
9,1810,structured_50,389800
9,1811,structured_50,392500
9,1811,dense,749100
9,1812,dense,522000
9,1812,structured_50,381700
9,1813,structured_50,365600
9,1813,dense,483900
9,1814,dense,460600
9,1814,structured_50,373400
9,1815,structured_50,363300
9,1815,dense,469500
9,1816,dense,455800
9,1816,structured_50,371500
9,1817,structured_50,367300
9,1817,dense,452300
9,1818,dense,476700
9,1818,structured_50,369300
9,1819,structured_50,365800
9,1819,dense,450900
9,1820,dense,447800
9,1820,structured_50,395200
9,1821,structured_50,393600
9,1821,dense,751400
9,1822,dense,761500
9,1822,structured_50,432500
9,1823,structured_50,391700
9,1823,dense,459900
9,1824,dense,486800
9,1824,structured_50,376300
9,1825,structured_50,361200
9,1825,dense,449800
9,1826,dense,474900
9,1826,structured_50,403400
9,1827,structured_50,372000
9,1827,dense,443800
9,1828,dense,462100
9,1828,structured_50,416200
9,1829,structured_50,412800
9,1829,dense,500000
9,1830,dense,510600
9,1830,structured_50,437800
9,1831,structured_50,447900
9,1831,dense,526300
9,1832,dense,514700
9,1832,structured_50,437200
9,1833,structured_50,499400
9,1833,dense,919100
9,1834,dense,685700
9,1834,structured_50,515000
9,1835,structured_50,471600
9,1835,dense,582700
9,1836,dense,607600
9,1836,structured_50,438200
9,1837,structured_50,401900
9,1837,dense,851600
9,1838,dense,833500
9,1838,structured_50,744800
9,1839,structured_50,686200
9,1839,dense,789100
9,1840,dense,800300
9,1840,structured_50,651100
9,1841,structured_50,774700
9,1841,dense,735200
9,1842,dense,526600
9,1842,structured_50,376300
9,1843,structured_50,472100
9,1843,dense,522900
9,1844,dense,444900
9,1844,structured_50,434700
9,1845,structured_50,353000
9,1845,dense,452500
9,1846,dense,435400
9,1846,structured_50,351500
9,1847,structured_50,346500
9,1847,dense,420600
9,1848,dense,455300
9,1848,structured_50,348700
9,1849,structured_50,348200
9,1849,dense,418000
9,1850,dense,423100
9,1850,structured_50,363300
9,1851,structured_50,355700
9,1851,dense,447300
9,1852,dense,423200
9,1852,structured_50,340100
9,1853,structured_50,354500
9,1853,dense,433500
9,1854,dense,539900
9,1854,structured_50,516500
9,1855,structured_50,507100
9,1855,dense,491000
9,1856,dense,462600
9,1856,structured_50,376600
9,1857,structured_50,374300
9,1857,dense,445000
9,1858,dense,469500
9,1858,structured_50,354600
9,1859,structured_50,347300
9,1859,dense,459500
9,1860,dense,508000
9,1860,structured_50,382300
9,1861,structured_50,354700
9,1861,dense,438800
9,1862,dense,438500
9,1862,structured_50,365700
9,1863,structured_50,369300
9,1863,dense,431800
9,1864,dense,449200
9,1864,structured_50,364400
9,1865,structured_50,378800
9,1865,dense,470800
9,1866,dense,462200
9,1866,structured_50,372300
9,1867,structured_50,377400
9,1867,dense,636900
9,1868,dense,700000
9,1868,structured_50,445400
9,1869,structured_50,403000
9,1869,dense,560600
9,1870,dense,468900
9,1870,structured_50,390400
9,1871,structured_50,383800
9,1871,dense,452500
9,1872,dense,457700
9,1872,structured_50,370200
9,1873,structured_50,382500
9,1873,dense,475700
9,1874,dense,457100
9,1874,structured_50,366700
9,1875,structured_50,359200
9,1875,dense,469900
9,1876,dense,456100
9,1876,structured_50,366800
9,1877,structured_50,368800
9,1877,dense,454100
9,1878,dense,504200
9,1878,structured_50,375300
9,1879,structured_50,362000
9,1879,dense,450100
9,1880,dense,473700
9,1880,structured_50,559100
9,1881,structured_50,387000
9,1881,dense,461200
9,1882,dense,461000
9,1882,structured_50,401800
9,1883,structured_50,400800
9,1883,dense,450000
9,1884,dense,454500
9,1884,structured_50,364800
9,1885,structured_50,395400
9,1885,dense,453700
9,1886,dense,457400
9,1886,structured_50,369800
9,1887,structured_50,359200
9,1887,dense,495500
9,1888,dense,455300
9,1888,structured_50,360400
9,1889,structured_50,359600
9,1889,dense,463800
9,1890,dense,465800
9,1890,structured_50,362000
9,1891,structured_50,359000
9,1891,dense,450900
9,1892,dense,481900
9,1892,structured_50,396900
9,1893,structured_50,364700
9,1893,dense,914900
9,1894,dense,475800
9,1894,structured_50,368100
9,1895,structured_50,377800
9,1895,dense,436900
9,1896,dense,835100
9,1896,structured_50,433900
9,1897,structured_50,427000
9,1897,dense,518400
9,1898,dense,480500
9,1898,structured_50,386100
9,1899,structured_50,383800
9,1899,dense,456500
9,1900,dense,488500
9,1900,structured_50,400900
9,1901,structured_50,400400
9,1901,dense,555400
9,1902,dense,534000
9,1902,structured_50,416700
9,1903,structured_50,440000
9,1903,dense,545300
9,1904,dense,609600
9,1904,structured_50,853700
9,1905,structured_50,649100
9,1905,dense,585800
9,1906,dense,631800
9,1906,structured_50,432200
9,1907,structured_50,417900
9,1907,dense,516300
9,1908,dense,542700
9,1908,structured_50,414000
9,1909,structured_50,401300
9,1909,dense,487800
9,1910,dense,520800
9,1910,structured_50,394800
9,1911,structured_50,388900
9,1911,dense,475200
9,1912,dense,923900
9,1912,structured_50,402400
9,1913,structured_50,383300
9,1913,dense,481600
9,1914,dense,467000
9,1914,structured_50,390200
9,1915,structured_50,510100
9,1915,dense,644600
9,1916,dense,692400
9,1916,structured_50,389000
9,1917,structured_50,372300
9,1917,dense,457000
9,1918,dense,468200
9,1918,structured_50,392400
9,1919,structured_50,369000
9,1919,dense,450100
9,1920,dense,457000
9,1920,structured_50,389800
9,1921,structured_50,373100
9,1921,dense,447600
9,1922,dense,457100
9,1922,structured_50,369800
9,1923,structured_50,387300
9,1923,dense,460400
9,1924,dense,458200
9,1924,structured_50,372300
9,1925,structured_50,364000
9,1925,dense,474500
9,1926,dense,457000
9,1926,structured_50,366800
9,1927,structured_50,716800
9,1927,dense,1002700
9,1928,dense,547000
9,1928,structured_50,419200
9,1929,structured_50,384100
9,1929,dense,459800
9,1930,dense,468800
9,1930,structured_50,396900
9,1931,structured_50,371800
9,1931,dense,449700
9,1932,dense,465700
9,1932,structured_50,402800
9,1933,structured_50,372500
9,1933,dense,446800
9,1934,dense,448300
9,1934,structured_50,366200
9,1935,structured_50,388200
9,1935,dense,455600
9,1936,dense,452600
9,1936,structured_50,365000
9,1937,structured_50,372600
9,1937,dense,482700
9,1938,dense,457900
9,1938,structured_50,365900
9,1939,structured_50,374200
9,1939,dense,465000
9,1940,dense,614300
9,1940,structured_50,425600
9,1941,structured_50,446000
9,1941,dense,454100
9,1942,dense,458800
9,1942,structured_50,354300
9,1943,structured_50,352100
9,1943,dense,423900
9,1944,dense,423900
9,1944,structured_50,383800
9,1945,structured_50,383400
9,1945,dense,458500
9,1946,dense,447100
9,1946,structured_50,368800
9,1947,structured_50,434600
9,1947,dense,512400
9,1948,dense,497200
9,1948,structured_50,408400
9,1949,structured_50,430400
9,1949,dense,479100
9,1950,dense,472400
9,1950,structured_50,391500
9,1951,structured_50,404500
9,1951,dense,556600
9,1952,dense,1089800
9,1952,structured_50,554600
9,1953,structured_50,433800
9,1953,dense,524100
9,1954,dense,553800
9,1954,structured_50,415500
9,1955,structured_50,408900
9,1955,dense,496100
9,1956,dense,523600
9,1956,structured_50,406300
9,1957,structured_50,391700
9,1957,dense,466200
9,1958,dense,489900
9,1958,structured_50,396900
9,1959,structured_50,376000
9,1959,dense,457200
9,1960,dense,459800
9,1960,structured_50,381600
9,1961,structured_50,376000
9,1961,dense,454900
9,1962,dense,654000
9,1962,structured_50,434500
9,1963,structured_50,375600
9,1963,dense,935800
9,1964,dense,711500
9,1964,structured_50,399300
9,1965,structured_50,388900
9,1965,dense,523000
9,1966,dense,467200
9,1966,structured_50,371300
9,1967,structured_50,373900
9,1967,dense,476900
9,1968,dense,464500
9,1968,structured_50,366100
9,1969,structured_50,363900
9,1969,dense,449600
9,1970,dense,492400
9,1970,structured_50,372300
9,1971,structured_50,363900
9,1971,dense,456800
9,1972,dense,455900
9,1972,structured_50,398700
9,1973,structured_50,373800
9,1973,dense,458900
9,1974,dense,450100
9,1974,structured_50,396700
9,1975,structured_50,373100
9,1975,dense,761500
9,1976,dense,829800
9,1976,structured_50,408100
9,1977,structured_50,375500
9,1977,dense,471000
9,1978,dense,470300
9,1978,structured_50,371200
9,1979,structured_50,408000
9,1979,dense,458100
9,1980,dense,501100
9,1980,structured_50,374900
9,1981,structured_50,370700
9,1981,dense,449000
9,1982,dense,454800
9,1982,structured_50,399600
9,1983,structured_50,371900
9,1983,dense,443700
9,1984,dense,445400
9,1984,structured_50,368300
9,1985,structured_50,388100
9,1985,dense,467000
9,1986,dense,435800
9,1986,structured_50,351300
9,1987,structured_50,371900
9,1987,dense,450000
9,1988,dense,658500
9,1988,structured_50,947300
9,1989,structured_50,482700
9,1989,dense,493600
9,1990,dense,502600
9,1990,structured_50,386000
9,1991,structured_50,373400
9,1991,dense,451500
9,1992,dense,465600
9,1992,structured_50,385600
9,1993,structured_50,382300
9,1993,dense,453300
9,1994,dense,452000
9,1994,structured_50,384600
9,1995,structured_50,410300
9,1995,dense,487900
9,1996,dense,469500
9,1996,structured_50,764500
9,1997,structured_50,455800
9,1997,dense,467600
9,1998,dense,452600
9,1998,structured_50,390200
9,1999,structured_50,361400
9,1999,dense,587500
9,2000,dense,1000700
9,2000,structured_50,434700
9,2001,structured_50,384000
9,2001,dense,524400
9,2002,dense,475900
9,2002,structured_50,371800
9,2003,structured_50,372300
9,2003,dense,450800
9,2004,dense,504300
9,2004,structured_50,386700
9,2005,structured_50,370100
9,2005,dense,455700
9,2006,dense,464400
9,2006,structured_50,390700
9,2007,structured_50,364900
9,2007,dense,449700
9,2008,dense,446200
9,2008,structured_50,378000
9,2009,structured_50,379900
9,2009,dense,452000
9,2010,dense,447200
9,2010,structured_50,371000
9,2011,structured_50,389600
9,2011,dense,707400
9,2012,dense,737700
9,2012,structured_50,479500
9,2013,structured_50,361500
9,2013,dense,687600
9,2014,dense,559000
9,2014,structured_50,396600
9,2015,structured_50,367200
9,2015,dense,487900
9,2016,dense,463300
9,2016,structured_50,369100
9,2017,structured_50,393000
9,2017,dense,444900
9,2018,dense,480000
9,2018,structured_50,367400
9,2019,structured_50,371000
9,2019,dense,443700
9,2020,dense,464100
9,2020,structured_50,383400
9,2021,structured_50,360300
9,2021,dense,445200
9,2022,dense,448600
9,2022,structured_50,400600
9,2023,structured_50,369100
9,2023,dense,690500
9,2024,dense,812900
9,2024,structured_50,511600
9,2025,structured_50,371500
9,2025,dense,443600
9,2026,dense,464500
9,2026,structured_50,363700
9,2027,structured_50,350600
9,2027,dense,432000
9,2028,dense,430700
9,2028,structured_50,374200
9,2029,structured_50,370400
9,2029,dense,438300
9,2030,dense,429300
9,2030,structured_50,353500
9,2031,structured_50,390500
9,2031,dense,735100
9,2032,dense,685700
9,2032,structured_50,422200
9,2033,structured_50,407900
9,2033,dense,504700
9,2034,dense,466100
9,2034,structured_50,383200
9,2035,structured_50,380300
9,2035,dense,651200
9,2036,dense,1021900
9,2036,structured_50,663300
9,2037,structured_50,440900
9,2037,dense,599800
9,2038,dense,577800
9,2038,structured_50,425600
9,2039,structured_50,789400
9,2039,dense,560100
9,2040,dense,497800
9,2040,structured_50,404400
9,2041,structured_50,432900
9,2041,dense,492600
9,2042,dense,493000
9,2042,structured_50,379400
9,2043,structured_50,393900
9,2043,dense,480500
9,2044,dense,465100
9,2044,structured_50,367900
9,2045,structured_50,369200
9,2045,dense,476400
9,2046,dense,710100
9,2046,structured_50,546500
9,2047,structured_50,466500
9,2047,dense,513300
9,2048,dense,475300
9,2048,structured_50,383800
9,2049,structured_50,686100
9,2049,dense,554800
9,2050,dense,479600
9,2050,structured_50,379600
9,2051,structured_50,420900
9,2051,dense,472100
9,2052,dense,470600
9,2052,structured_50,370800
9,2053,structured_50,559500
9,2053,dense,525100
9,2054,dense,471800
9,2054,structured_50,528600
9,2055,structured_50,458100
9,2055,dense,655000
9,2056,dense,491700
9,2056,structured_50,386400
9,2057,structured_50,1193700
9,2057,dense,915000
9,2058,dense,537200
9,2058,structured_50,442400
9,2059,structured_50,395900
9,2059,dense,467100
9,2060,dense,458700
9,2060,structured_50,383900
9,2061,structured_50,669000
9,2061,dense,488800
9,2062,dense,463600
9,2062,structured_50,373500
9,2063,structured_50,397200
9,2063,dense,461600
9,2064,dense,452100
9,2064,structured_50,371000
9,2065,structured_50,359800
9,2065,dense,491500
9,2066,dense,460300
9,2066,structured_50,364700
9,2067,structured_50,368500
9,2067,dense,461400
9,2068,dense,466300
9,2068,structured_50,374800
9,2069,structured_50,609700
9,2069,dense,606300
9,2070,dense,481500
9,2070,structured_50,388500
9,2071,structured_50,396600
9,2071,dense,466900
9,2072,dense,456500
9,2072,structured_50,373800
9,2073,structured_50,385100
9,2073,dense,491900
9,2074,dense,458200
9,2074,structured_50,401000
9,2075,structured_50,363700
9,2075,dense,450000
9,2076,dense,488000
9,2076,structured_50,372400
9,2077,structured_50,369600
9,2077,dense,468200
9,2078,dense,474600
9,2078,structured_50,377600
9,2079,structured_50,391300
9,2079,dense,469000
9,2080,dense,478400
9,2080,structured_50,562000
9,2081,structured_50,522500
9,2081,dense,1069700
9,2082,dense,540600
9,2082,structured_50,403600
9,2083,structured_50,411200
9,2083,dense,471400
9,2084,dense,459600
9,2084,structured_50,382200
9,2085,structured_50,366000
9,2085,dense,493100
9,2086,dense,464700
9,2086,structured_50,373200
9,2087,structured_50,374000
9,2087,dense,459800
9,2088,dense,517800
9,2088,structured_50,388000
9,2089,structured_50,574900
9,2089,dense,470700
9,2090,dense,626400
9,2090,structured_50,447700
9,2091,structured_50,457100
9,2091,dense,557800
9,2092,dense,705100
9,2092,structured_50,1202300
9,2093,structured_50,539900
9,2093,dense,501000
9,2094,dense,518200
9,2094,structured_50,401300
9,2095,structured_50,370700
9,2095,dense,466400
9,2096,dense,492300
9,2096,structured_50,397500
9,2097,structured_50,379900
9,2097,dense,451900
9,2098,dense,455800
9,2098,structured_50,400100
9,2099,structured_50,381900
9,2099,dense,452900
9,2100,dense,454000
9,2100,structured_50,375100
9,2101,structured_50,400700
9,2101,dense,452000
9,2102,dense,449800
9,2102,structured_50,365600
9,2103,structured_50,368700
9,2103,dense,1185700
9,2104,dense,776300
9,2104,structured_50,419200
9,2105,structured_50,383300
9,2105,dense,495300
9,2106,dense,477300
9,2106,structured_50,400000
9,2107,structured_50,375400
9,2107,dense,482100
9,2108,dense,478100
9,2108,structured_50,392800
9,2109,structured_50,379500
9,2109,dense,907500
9,2110,dense,550100
9,2110,structured_50,389300
9,2111,structured_50,391100
9,2111,dense,488000
9,2112,dense,460100
9,2112,structured_50,374900
9,2113,structured_50,363100
9,2113,dense,471100
9,2114,dense,532200
9,2114,structured_50,444700
9,2115,structured_50,815400
9,2115,dense,641200
9,2116,dense,490300
9,2116,structured_50,398000
9,2117,structured_50,444800
9,2117,dense,473700
9,2118,dense,471200
9,2118,structured_50,379200
9,2119,structured_50,599300
9,2119,dense,608600
9,2120,dense,483400
9,2120,structured_50,394200
9,2121,structured_50,418900
9,2121,dense,470300
9,2122,dense,461300
9,2122,structured_50,462500
9,2123,structured_50,494700
9,2123,dense,499100
9,2124,dense,481800
9,2124,structured_50,421700
9,2125,structured_50,508800
9,2125,dense,580400
9,2126,dense,1031400
9,2126,structured_50,534200
9,2127,structured_50,443400
9,2127,dense,545700
9,2128,dense,530500
9,2128,structured_50,388200
9,2129,structured_50,371100
9,2129,dense,462600
9,2130,dense,475500
9,2130,structured_50,377900
9,2131,structured_50,382600
9,2131,dense,469500
9,2132,dense,449900
9,2132,structured_50,419700
9,2133,structured_50,368700
9,2133,dense,446000
9,2134,dense,447600
9,2134,structured_50,366900
9,2135,structured_50,399400
9,2135,dense,457600
9,2136,dense,451900
9,2136,structured_50,365700
9,2137,structured_50,362100
9,2137,dense,478200
9,2138,dense,710300
9,2138,structured_50,619100
9,2139,structured_50,575400
9,2139,dense,602700
9,2140,dense,479800
9,2140,structured_50,379500
9,2141,structured_50,402400
9,2141,dense,466000
9,2142,dense,563500
9,2142,structured_50,399700
9,2143,structured_50,381300
9,2143,dense,458500
9,2144,dense,491100
9,2144,structured_50,394800
9,2145,structured_50,371100
9,2145,dense,466500
9,2146,dense,470700
9,2146,structured_50,412400
9,2147,structured_50,386300
9,2147,dense,457500
9,2148,dense,527200
9,2148,structured_50,390800
9,2149,structured_50,477500
9,2149,dense,1128400
9,2150,dense,536700
9,2150,structured_50,412500
9,2151,structured_50,409100
9,2151,dense,499100
9,2152,dense,475400
9,2152,structured_50,383300
9,2153,structured_50,363900
9,2153,dense,483400
9,2154,dense,466200
9,2154,structured_50,368000
9,2155,structured_50,365400
9,2155,dense,455000
9,2156,dense,483900
9,2156,structured_50,393800
9,2157,structured_50,361700
9,2157,dense,447600
9,2158,dense,471000
9,2158,structured_50,379000
9,2159,structured_50,390800
9,2159,dense,445500
9,2160,dense,453600
9,2160,structured_50,393700
9,2161,structured_50,373200
9,2161,dense,529100
9,2162,dense,610700
9,2162,structured_50,441500
9,2163,structured_50,382800
9,2163,dense,458300
9,2164,dense,486500
9,2164,structured_50,378500
9,2165,structured_50,368600
9,2165,dense,446600
9,2166,dense,454600
9,2166,structured_50,392100
9,2167,structured_50,370000
9,2167,dense,454400
9,2168,dense,444200
9,2168,structured_50,359500
9,2169,structured_50,387700
9,2169,dense,451200
9,2170,dense,446900
9,2170,structured_50,377500
9,2171,structured_50,383300
9,2171,dense,498800
9,2172,dense,458300
9,2172,structured_50,402300
9,2173,structured_50,378200
9,2173,dense,479700
9,2174,dense,551200
9,2174,structured_50,1060600
9,2175,structured_50,720000
9,2175,dense,582300
9,2176,dense,508300
9,2176,structured_50,399000
9,2177,structured_50,376900
9,2177,dense,462500
9,2178,dense,543800
9,2178,structured_50,399600
9,2179,structured_50,371000
9,2179,dense,453700
9,2180,dense,483100
9,2180,structured_50,457900
9,2181,structured_50,440900
9,2181,dense,647800
9,2182,dense,590800
9,2182,structured_50,497200
9,2183,structured_50,484200
9,2183,dense,601200
9,2184,dense,642900
9,2184,structured_50,618600
9,2185,structured_50,539400
9,2185,dense,916500
9,2186,dense,647200
9,2186,structured_50,489000
9,2187,structured_50,493900
9,2187,dense,651700
9,2188,dense,614000
9,2188,structured_50,486100
9,2189,structured_50,492600
9,2189,dense,601800
9,2190,dense,577400
9,2190,structured_50,474600
9,2191,structured_50,495900
9,2191,dense,579100
9,2192,dense,574300
9,2192,structured_50,549800
9,2193,structured_50,475500
9,2193,dense,589000
9,2194,dense,655400
9,2194,structured_50,511600
9,2195,structured_50,730200
9,2195,dense,802900
9,2196,dense,610400
9,2196,structured_50,481000
9,2197,structured_50,470600
9,2197,dense,610000
9,2198,dense,585900
9,2198,structured_50,466100
9,2199,structured_50,467300
9,2199,dense,609600
9,2200,dense,599000
9,2200,structured_50,476700
9,2201,structured_50,466900
9,2201,dense,613800
9,2202,dense,578900
9,2202,structured_50,465700
9,2203,structured_50,481500
9,2203,dense,599700
9,2204,dense,1456100
9,2204,structured_50,620900
9,2205,structured_50,534700
9,2205,dense,717900
9,2206,dense,660000
9,2206,structured_50,549100
9,2207,structured_50,545800
9,2207,dense,642400
9,2208,dense,662100
9,2208,structured_50,523100
9,2209,structured_50,515400
9,2209,dense,592300
9,2210,dense,566500
9,2210,structured_50,514800
9,2211,structured_50,507800
9,2211,dense,586800
9,2212,dense,596400
9,2212,structured_50,475700
9,2213,structured_50,451200
9,2213,dense,602300
9,2214,dense,604700
9,2214,structured_50,514600
9,2215,structured_50,495600
9,2215,dense,577200
9,2216,dense,580100
9,2216,structured_50,479500
9,2217,structured_50,437500
9,2217,dense,524800
9,2218,dense,551600
9,2218,structured_50,464300
9,2219,structured_50,439300
9,2219,dense,526700
9,2220,dense,542500
9,2220,structured_50,444600
9,2221,structured_50,437400
9,2221,dense,520800
9,2222,dense,523700
9,2222,structured_50,618500
9,2223,structured_50,573500
9,2223,dense,780900
9,2224,dense,876000
9,2224,structured_50,516300
9,2225,structured_50,512600
9,2225,dense,625000
9,2226,dense,604900
9,2226,structured_50,507300
9,2227,structured_50,436500
9,2227,dense,490300
9,2228,dense,485100
9,2228,structured_50,396800
9,2229,structured_50,400500
9,2229,dense,516600
9,2230,dense,499100
9,2230,structured_50,394900
9,2231,structured_50,397700
9,2231,dense,506800
9,2232,dense,514800
9,2232,structured_50,402000
9,2233,structured_50,401700
9,2233,dense,505300
9,2234,dense,501200
9,2234,structured_50,398600
9,2235,structured_50,401600
9,2235,dense,534700
9,2236,dense,555300
9,2236,structured_50,454100
9,2237,structured_50,427300
9,2237,dense,567400
9,2238,dense,620300
9,2238,structured_50,482900
9,2239,structured_50,477000
9,2239,dense,573700
9,2240,dense,628000
9,2240,structured_50,465100
9,2241,structured_50,455600
9,2241,dense,576000
9,2242,dense,568000
9,2242,structured_50,452300
9,2243,structured_50,444300
9,2243,dense,578300
9,2244,dense,581900
9,2244,structured_50,451900
9,2245,structured_50,453000
9,2245,dense,918200
9,2246,dense,658800
9,2246,structured_50,505700
9,2247,structured_50,478000
9,2247,dense,574400
9,2248,dense,605200
9,2248,structured_50,467000
9,2249,structured_50,453400
9,2249,dense,564700
9,2250,dense,582600
9,2250,structured_50,447900
9,2251,structured_50,445100
9,2251,dense,539400
9,2252,dense,578700
9,2252,structured_50,441600
9,2253,structured_50,435900
9,2253,dense,522000
9,2254,dense,555300
9,2254,structured_50,445000
9,2255,structured_50,421900
9,2255,dense,510000
9,2256,dense,1085300
9,2256,structured_50,544400
9,2257,structured_50,414000
9,2257,dense,507700
9,2258,dense,517600
9,2258,structured_50,396800
9,2259,structured_50,384200
9,2259,dense,476200
9,2260,dense,523200
9,2260,structured_50,392600
9,2261,structured_50,387400
9,2261,dense,460800
9,2262,dense,467700
9,2262,structured_50,412200
9,2263,structured_50,382000
9,2263,dense,458200
9,2264,dense,447100
9,2264,structured_50,374000
9,2265,structured_50,379000
9,2265,dense,453800
9,2266,dense,451500
9,2266,structured_50,358900
9,2267,structured_50,375400
9,2267,dense,489100
9,2268,dense,458800
9,2268,structured_50,395400
9,2269,structured_50,409100
9,2269,dense,525000
9,2270,dense,472500
9,2270,structured_50,378000
9,2271,structured_50,372400
9,2271,dense,466400
9,2272,dense,468400
9,2272,structured_50,368200
9,2273,structured_50,367800
9,2273,dense,452600
9,2274,dense,468700
9,2274,structured_50,377400
9,2275,structured_50,370600
9,2275,dense,459100
9,2276,dense,470700
9,2276,structured_50,406300
9,2277,structured_50,391000
9,2277,dense,470400
9,2278,dense,470100
9,2278,structured_50,395300
9,2279,structured_50,438100
9,2279,dense,491500
9,2280,dense,490200
9,2280,structured_50,404400
9,2281,structured_50,486300
9,2281,dense,922600
9,2282,dense,527300
9,2282,structured_50,512600
9,2283,structured_50,487600
9,2283,dense,624700
9,2284,dense,651200
9,2284,structured_50,563300
9,2285,structured_50,521600
9,2285,dense,744800
9,2286,dense,628900
9,2286,structured_50,491800
9,2287,structured_50,512400
9,2287,dense,597700
9,2288,dense,602400
9,2288,structured_50,522900
9,2289,structured_50,510700
9,2289,dense,594900
9,2290,dense,990700
9,2290,structured_50,610900
9,2291,structured_50,514500
9,2291,dense,609000
9,2292,dense,582500
9,2292,structured_50,501300
9,2293,structured_50,478400
9,2293,dense,576200
9,2294,dense,559000
9,2294,structured_50,484400
9,2295,structured_50,459000
9,2295,dense,547400
9,2296,dense,557100
9,2296,structured_50,457300
9,2297,structured_50,443200
9,2297,dense,543100
9,2298,dense,536000
9,2298,structured_50,452800
9,2299,structured_50,425400
9,2299,dense,509100
9,2300,dense,1283600
9,2300,structured_50,848000
9,2301,structured_50,684100
9,2301,dense,561300
9,2302,dense,505200
9,2302,structured_50,406300
9,2303,structured_50,381300
9,2303,dense,497800
9,2304,dense,483200
9,2304,structured_50,383700
9,2305,structured_50,380600
9,2305,dense,469400
9,2306,dense,502100
9,2306,structured_50,377000
9,2307,structured_50,376000
9,2307,dense,455800
9,2308,dense,467100
9,2308,structured_50,395300
9,2309,structured_50,378100
9,2309,dense,464000
9,2310,dense,466100
9,2310,structured_50,393900
9,2311,structured_50,431300
9,2311,dense,523900
9,2312,dense,612200
9,2312,structured_50,550300
9,2313,structured_50,410400
9,2313,dense,467500
9,2314,dense,472700
9,2314,structured_50,426100
9,2315,structured_50,385500
9,2315,dense,507900
9,2316,dense,523100
9,2316,structured_50,525100
9,2317,structured_50,508500
9,2317,dense,760500
9,2318,dense,770900
9,2318,structured_50,636200
9,2319,structured_50,587400
9,2319,dense,804600
9,2320,dense,783500
9,2320,structured_50,617700
9,2321,structured_50,1395200
9,2321,dense,915600
9,2322,dense,790700
9,2322,structured_50,647500
9,2323,structured_50,611600
9,2323,dense,753700
9,2324,dense,759600
9,2324,structured_50,613900
9,2325,structured_50,604900
9,2325,dense,748600
9,2326,dense,741900
9,2326,structured_50,628900
9,2327,structured_50,606500
9,2327,dense,749300
9,2328,dense,745300
9,2328,structured_50,607500
9,2329,structured_50,1035200
9,2329,dense,755400
9,2330,dense,747100
9,2330,structured_50,580900
9,2331,structured_50,556800
9,2331,dense,726300
9,2332,dense,925000
9,2332,structured_50,560300
9,2333,structured_50,566000
9,2333,dense,663900
9,2334,dense,652200
9,2334,structured_50,536500
9,2335,structured_50,545200
9,2335,dense,640500
9,2336,dense,627100
9,2336,structured_50,536300
9,2337,structured_50,755300
9,2337,dense,850800
9,2338,dense,640900
9,2338,structured_50,556100
9,2339,structured_50,517900
9,2339,dense,610600
9,2340,dense,606700
9,2340,structured_50,512300
9,2341,structured_50,483600
9,2341,dense,569400
9,2342,dense,600800
9,2342,structured_50,471600
9,2343,structured_50,447800
9,2343,dense,538600
9,2344,dense,565600
9,2344,structured_50,445900
9,2345,structured_50,739500
9,2345,dense,626200
9,2346,dense,810300
9,2346,structured_50,514100
9,2347,structured_50,501200
9,2347,dense,649600
9,2348,dense,564300
9,2348,structured_50,438900
9,2349,structured_50,427900
9,2349,dense,552500
9,2350,dense,523700
9,2350,structured_50,425300
9,2351,structured_50,412400
9,2351,dense,547200
9,2352,dense,511600
9,2352,structured_50,407300
9,2353,structured_50,405500
9,2353,dense,525400
9,2354,dense,525900
9,2354,structured_50,411800
9,2355,structured_50,403900
9,2355,dense,494000
9,2356,dense,542700
9,2356,structured_50,412400
9,2357,structured_50,400800
9,2357,dense,897700
9,2358,dense,645300
9,2358,structured_50,477700
9,2359,structured_50,500500
9,2359,dense,613300
9,2360,dense,583100
9,2360,structured_50,501100
9,2361,structured_50,459200
9,2361,dense,527900
9,2362,dense,519100
9,2362,structured_50,453800
9,2363,structured_50,433800
9,2363,dense,531900
9,2364,dense,559400
9,2364,structured_50,503400
9,2365,structured_50,475200
9,2365,dense,543700
9,2366,dense,543300
9,2366,structured_50,470900
9,2367,structured_50,447200
9,2367,dense,580200
9,2368,dense,1121000
9,2368,structured_50,1026300
9,2369,structured_50,711400
9,2369,dense,655200
9,2370,dense,720700
9,2370,structured_50,546500
9,2371,structured_50,474600
9,2371,dense,596800
9,2372,dense,561700
9,2372,structured_50,443500
9,2373,structured_50,439000
9,2373,dense,561600
9,2374,dense,531400
9,2374,structured_50,425800
9,2375,structured_50,422200
9,2375,dense,551300
9,2376,dense,524500
9,2376,structured_50,485100
9,2377,structured_50,630800
9,2377,dense,644700
9,2378,dense,545000
9,2378,structured_50,463300
9,2379,structured_50,425100
9,2379,dense,525000
9,2380,dense,514200
9,2380,structured_50,443900
9,2381,structured_50,482400
9,2381,dense,614800
9,2382,dense,587400
9,2382,structured_50,448100
9,2383,structured_50,409300
9,2383,dense,501000
9,2384,dense,495400
9,2384,structured_50,428300
9,2385,structured_50,436200
9,2385,dense,517100
9,2386,dense,516800
9,2386,structured_50,433000
9,2387,structured_50,436200
9,2387,dense,510000
9,2388,dense,517300
9,2388,structured_50,421500
9,2389,structured_50,702700
9,2389,dense,772200
9,2390,dense,593600
9,2390,structured_50,439600
9,2391,structured_50,421500
9,2391,dense,517100
9,2392,dense,548000
9,2392,structured_50,435000
9,2393,structured_50,434800
9,2393,dense,527200
9,2394,dense,547600
9,2394,structured_50,452400
9,2395,structured_50,444800
9,2395,dense,536500
9,2396,dense,556100
9,2396,structured_50,465000
9,2397,structured_50,438900
9,2397,dense,532700
9,2398,dense,551300
9,2398,structured_50,453000
9,2399,structured_50,432900
9,2399,dense,576000
9,2400,dense,580900
9,2400,structured_50,466200
9,2401,structured_50,443000
9,2401,dense,540200
9,2402,dense,569400
9,2402,structured_50,451800
9,2403,structured_50,435900
9,2403,dense,522300
9,2404,dense,534300
9,2404,structured_50,441000
9,2405,structured_50,419800
9,2405,dense,510200
9,2406,dense,519100
9,2406,structured_50,428000
9,2407,structured_50,406300
9,2407,dense,495900
9,2408,dense,506900
9,2408,structured_50,445100
9,2409,structured_50,409900
9,2409,dense,478900
9,2410,dense,483100
9,2410,structured_50,406400
9,2411,structured_50,411900
9,2411,dense,864600
9,2412,dense,657200
9,2412,structured_50,466800
9,2413,structured_50,405400
9,2413,dense,482300
9,2414,dense,472100
9,2414,structured_50,391800
9,2415,structured_50,410500
9,2415,dense,492600
9,2416,dense,467500
9,2416,structured_50,377600
9,2417,structured_50,405400
9,2417,dense,464100
9,2418,dense,455100
9,2418,structured_50,373100
9,2419,structured_50,368200
9,2419,dense,482600
9,2420,dense,459200
9,2420,structured_50,364000
9,2421,structured_50,362500
9,2421,dense,447400
9,2422,dense,511500
9,2422,structured_50,439600
9,2423,structured_50,428900
9,2423,dense,517100
9,2424,dense,533800
9,2424,structured_50,435400
9,2425,structured_50,399700
9,2425,dense,480500
9,2426,dense,519400
9,2426,structured_50,394300
9,2427,structured_50,377900
9,2427,dense,504700
9,2428,dense,471500
9,2428,structured_50,398300
9,2429,structured_50,393000
9,2429,dense,452200
9,2430,dense,450400
9,2430,structured_50,400400
9,2431,structured_50,388100
9,2431,dense,454500
9,2432,dense,458600
9,2432,structured_50,366000
9,2433,structured_50,396100
9,2433,dense,460200
9,2434,dense,452000
9,2434,structured_50,389100
9,2435,structured_50,392900
9,2435,dense,549300
9,2436,dense,715800
9,2436,structured_50,498200
9,2437,structured_50,439600
9,2437,dense,492600
9,2438,dense,496600
9,2438,structured_50,379500
9,2439,structured_50,409100
9,2439,dense,501600
9,2440,dense,540100
9,2440,structured_50,425100
9,2441,structured_50,412600
9,2441,dense,499000
9,2442,dense,496000
9,2442,structured_50,397000
9,2443,structured_50,404900
9,2443,dense,505200
9,2444,dense,479000
9,2444,structured_50,401300
9,2445,structured_50,394700
9,2445,dense,487300
9,2446,dense,485500
9,2446,structured_50,417000
9,2447,structured_50,408100
9,2447,dense,764800
9,2448,dense,540800
9,2448,structured_50,393400
9,2449,structured_50,377900
9,2449,dense,486800
9,2450,dense,461200
9,2450,structured_50,375800
9,2451,structured_50,367600
9,2451,dense,448600
9,2452,dense,494000
9,2452,structured_50,370500
9,2453,structured_50,363800
9,2453,dense,455100
9,2454,dense,470300
9,2454,structured_50,386300
9,2455,structured_50,360600
9,2455,dense,487400
9,2456,dense,484700
9,2456,structured_50,428500
9,2457,structured_50,419500
9,2457,dense,547300
9,2458,dense,511200
9,2458,structured_50,420200
9,2459,structured_50,404000
9,2459,dense,849400
9,2460,dense,649500
9,2460,structured_50,443100
9,2461,structured_50,586000
9,2461,dense,738400
9,2462,dense,729000
9,2462,structured_50,637200
9,2463,structured_50,602500
9,2463,dense,729900
9,2464,dense,806800
9,2464,structured_50,671600
9,2465,structured_50,703000
9,2465,dense,920600
9,2466,dense,769800
9,2466,structured_50,694500
9,2467,structured_50,1318100
9,2467,dense,1179900
9,2468,dense,914400
9,2468,structured_50,724200
9,2469,structured_50,641100
9,2469,dense,814400
9,2470,dense,746900
9,2470,structured_50,596400
9,2471,structured_50,634500
9,2471,dense,783900
9,2472,dense,797800
9,2472,structured_50,578400
9,2473,structured_50,616000
9,2473,dense,718900
9,2474,dense,1550200
9,2474,structured_50,691000
9,2475,structured_50,615000
9,2475,dense,711300
9,2476,dense,635400
9,2476,structured_50,489700
9,2477,structured_50,485200
9,2477,dense,609000
9,2478,dense,574500
9,2478,structured_50,456200
9,2479,structured_50,467100
9,2479,dense,557900
9,2480,dense,526100
9,2480,structured_50,431500
9,2481,structured_50,471800
9,2481,dense,565700
9,2482,dense,511800
9,2482,structured_50,406000
9,2483,structured_50,428700
9,2483,dense,784300
9,2484,dense,915700
9,2484,structured_50,767400
9,2485,structured_50,707600
9,2485,dense,813300
9,2486,dense,856700
9,2486,structured_50,675800
9,2487,structured_50,680500
9,2487,dense,806300
9,2488,dense,777500
9,2488,structured_50,698000
9,2489,structured_50,660300
9,2489,dense,796400
9,2490,dense,822300
9,2490,structured_50,690900
9,2491,structured_50,845100
9,2491,dense,604200
9,2492,dense,486900
9,2492,structured_50,388800
9,2493,structured_50,400200
9,2493,dense,474600
9,2494,dense,489600
9,2494,structured_50,380200
9,2495,structured_50,379100
9,2495,dense,608700
9,2496,dense,557300
9,2496,structured_50,420900
9,2497,structured_50,384000
9,2497,dense,490000
9,2498,dense,484900
9,2498,structured_50,397900
9,2499,structured_50,393400
9,2499,dense,495800
10,0,dense,777700
10,0,structured_50,500400
10,1,structured_50,454400
10,1,dense,579000
10,2,dense,613900
10,2,structured_50,485800
10,3,structured_50,473300
10,3,dense,606400
10,4,dense,628200
10,4,structured_50,1121600
10,5,structured_50,637800
10,5,dense,613600
10,6,dense,620700
10,6,structured_50,491200
10,7,structured_50,471100
10,7,dense,580500
10,8,dense,613700
10,8,structured_50,479700
10,9,structured_50,466200
10,9,dense,580400
10,10,dense,615800
10,10,structured_50,473400
10,11,structured_50,466800
10,11,dense,576600
10,12,dense,616500
10,12,structured_50,473500
10,13,structured_50,465800
10,13,dense,589500
10,14,dense,1306300
10,14,structured_50,596600
10,15,structured_50,493200
10,15,dense,627300
10,16,dense,580800
10,16,structured_50,447700
10,17,structured_50,440200
10,17,dense,581600
10,18,dense,569200
10,18,structured_50,443200
10,19,structured_50,437600
10,19,dense,575400
10,20,dense,549300
10,20,structured_50,431900
10,21,structured_50,419800
10,21,dense,555300
10,22,dense,609100
10,22,structured_50,423200
10,23,structured_50,427600
10,23,dense,545800
10,24,dense,518400
10,24,structured_50,520300
10,25,structured_50,453200
10,25,dense,551200
10,26,dense,527200
10,26,structured_50,409500
10,27,structured_50,404000
10,27,dense,535000
10,28,dense,511500
10,28,structured_50,401700
10,29,structured_50,404500
10,29,dense,522100
10,30,dense,507400
10,30,structured_50,412100
10,31,structured_50,455100
10,31,dense,529300
10,32,dense,504900
10,32,structured_50,401700
10,33,structured_50,404300
10,33,dense,522400
10,34,dense,532600
10,34,structured_50,415400
10,35,structured_50,425900
10,35,dense,513600
10,36,dense,547400
10,36,structured_50,480700
10,37,structured_50,441900
10,37,dense,535400
10,38,dense,565700
10,38,structured_50,420900
10,39,structured_50,406100
10,39,dense,563800
10,40,dense,549100
10,40,structured_50,415800
10,41,structured_50,454500
10,41,dense,513500
10,42,dense,553300
10,42,structured_50,457800
10,43,structured_50,433800
10,43,dense,517600
10,44,dense,543300
10,44,structured_50,418700
10,45,structured_50,409900
10,45,dense,508700
10,46,dense,527500
10,46,structured_50,418900
10,47,structured_50,439500
10,47,dense,548100
10,48,dense,828400
10,48,structured_50,628900
10,49,structured_50,440100
10,49,dense,533700
10,50,dense,552300
10,50,structured_50,426100
10,51,structured_50,420500
10,51,dense,521100
10,52,dense,544500
10,52,structured_50,420300
10,53,structured_50,417100
10,53,dense,513500
10,54,dense,542700
10,54,structured_50,431200
10,55,structured_50,428000
10,55,dense,521900
10,56,dense,549300
10,56,structured_50,444700
10,57,structured_50,435000
10,57,dense,536200
10,58,dense,581900
10,58,structured_50,523800
10,59,structured_50,486800
10,59,dense,577600
10,60,dense,573000
10,60,structured_50,457300
10,61,structured_50,427600
10,61,dense,526300
10,62,dense,545000
10,62,structured_50,459600
10,63,structured_50,420200
10,63,dense,517000
10,64,dense,540400
10,64,structured_50,422400
10,65,structured_50,407500
10,65,dense,536900
10,66,dense,556200
10,66,structured_50,426500
10,67,structured_50,412500
10,67,dense,507700
10,68,dense,504600
10,68,structured_50,430900
10,69,structured_50,398400
10,69,dense,506400
10,70,dense,811400
10,70,structured_50,555200
10,71,structured_50,464900
10,71,dense,509600
10,72,dense,537400
10,72,structured_50,417500
10,73,structured_50,392500
10,73,dense,493700
10,74,dense,530800
10,74,structured_50,495300
10,75,structured_50,398700
10,75,dense,513300
10,76,dense,509100
10,76,structured_50,424700
10,77,structured_50,420300
10,77,dense,630200
10,78,dense,530900
10,78,structured_50,423600
10,79,structured_50,392300
10,79,dense,486900
10,80,dense,495800
10,80,structured_50,469000
10,81,structured_50,410100
10,81,dense,932300
10,82,dense,556000
10,82,structured_50,431000
10,83,structured_50,456000
10,83,dense,537700
10,84,dense,536800
10,84,structured_50,428500
10,85,structured_50,463100
10,85,dense,549700
10,86,dense,537600
10,86,structured_50,432400
10,87,structured_50,435700
10,87,dense,533700
10,88,dense,524200
10,88,structured_50,419400
10,89,structured_50,477800
10,89,dense,559000
10,90,dense,693800
10,90,structured_50,514900
10,91,structured_50,485700
10,91,dense,578100
10,92,dense,561200
10,92,structured_50,928400
10,93,structured_50,589200
10,93,dense,620300
10,94,dense,627000
10,94,structured_50,478100
10,95,structured_50,455800
10,95,dense,588800
10,96,dense,593500
10,96,structured_50,458100
10,97,structured_50,447800
10,97,dense,572400
10,98,dense,584500
10,98,structured_50,451700
10,99,structured_50,442400
10,99,dense,575800
10,100,dense,566800
10,100,structured_50,446900
10,101,structured_50,513700
10,101,dense,1347200
10,102,dense,621000
10,102,structured_50,463200
10,103,structured_50,478000
10,103,dense,549700
10,104,dense,548300
10,104,structured_50,439400
10,105,structured_50,463800
10,105,dense,547000
10,106,dense,542300
10,106,structured_50,424000
10,107,structured_50,446800
10,107,dense,533600
10,108,dense,523600
10,108,structured_50,427200
10,109,structured_50,453300
10,109,dense,549500
10,110,dense,519500
10,110,structured_50,416800
10,111,structured_50,419000
10,111,dense,536500
10,112,dense,534000
10,112,structured_50,829500
10,113,structured_50,482300
10,113,dense,595100
10,114,dense,585900
10,114,structured_50,443600
10,115,structured_50,426000
10,115,dense,531700
10,116,dense,562300
10,116,structured_50,444700
10,117,structured_50,424100
10,117,dense,526100
10,118,dense,551200
10,118,structured_50,449600
10,119,structured_50,430400
10,119,dense,537600
10,120,dense,576900
10,120,structured_50,454600
10,121,structured_50,443300
10,121,dense,549300
10,122,dense,569100
10,122,structured_50,741200
10,123,structured_50,552500
10,123,dense,641600
10,124,dense,686500
10,124,structured_50,525300
10,125,structured_50,475300
10,125,dense,577100
10,126,dense,615800
10,126,structured_50,455300
10,127,structured_50,444700
10,127,dense,556400
10,128,dense,586700
10,128,structured_50,449600
10,129,structured_50,441100
10,129,dense,556600
10,130,dense,603600
10,130,structured_50,451600
10,131,structured_50,447900
10,131,dense,563900
10,132,dense,569800
10,132,structured_50,448000
10,133,structured_50,723800
10,133,dense,610100
10,134,dense,569300
10,134,structured_50,489400
10,135,structured_50,459500
10,135,dense,554000
10,136,dense,553200
10,136,structured_50,474200
10,137,structured_50,446500
10,137,dense,559400
10,138,dense,557200
10,138,structured_50,471700
10,139,structured_50,447400
10,139,dense,549200
10,140,dense,548100
10,140,structured_50,470200
10,141,structured_50,443500
10,141,dense,553100
10,142,dense,545800
10,142,structured_50,465600
10,143,structured_50,440900
10,143,dense,545500
10,144,dense,925200
10,144,structured_50,580600
10,145,structured_50,463400
10,145,dense,549300
10,146,dense,589700
10,146,structured_50,454100
10,147,structured_50,463200
10,147,dense,566700
10,148,dense,603900
10,148,structured_50,466300
10,149,structured_50,470900
10,149,dense,574400
10,150,dense,604900
10,150,structured_50,472800
10,151,structured_50,467200
10,151,dense,699800
10,152,dense,691800
10,152,structured_50,554100
10,153,structured_50,510400
10,153,dense,952500
10,154,dense,684000
10,154,structured_50,521900
10,155,structured_50,492300
10,155,dense,604500
10,156,dense,641400
10,156,structured_50,489600
10,157,structured_50,476100
10,157,dense,608700
10,158,dense,607000
10,158,structured_50,472300
10,159,structured_50,469300
10,159,dense,620100
10,160,dense,593200
10,160,structured_50,469700
10,161,structured_50,454300
10,161,dense,601900
10,162,dense,575100
10,162,structured_50,466300
10,163,structured_50,826700
10,163,dense,723000
10,164,dense,596200
10,164,structured_50,508100
10,165,structured_50,500300
10,165,dense,605400
10,166,dense,575500
10,166,structured_50,497400
10,167,structured_50,461700
10,167,dense,568900
10,168,dense,573100
10,168,structured_50,490100
10,169,structured_50,453700
10,169,dense,571500
10,170,dense,595000
10,170,structured_50,459700
10,171,structured_50,460700
10,171,dense,569400
10,172,dense,605500
10,172,structured_50,458900
10,173,structured_50,468300
10,173,dense,1088100
10,174,dense,608400
10,174,structured_50,478500
10,175,structured_50,487700
10,175,dense,565200
10,176,dense,570400
10,176,structured_50,448100
10,177,structured_50,475400
10,177,dense,558000
10,178,dense,560400
10,178,structured_50,422300
10,179,structured_50,439000
10,179,dense,715200
10,180,dense,624300
10,180,structured_50,703500
10,181,structured_50,469900
10,181,dense,519100
10,182,dense,507500
10,182,structured_50,769000
10,183,structured_50,599400
10,183,dense,528400
10,184,dense,501800
10,184,structured_50,438600
10,185,structured_50,403800
10,185,dense,493900
10,186,dense,489500
10,186,structured_50,393200
10,187,structured_50,418500
10,187,dense,492500
10,188,dense,490900
10,188,structured_50,395100
10,189,structured_50,412300
10,189,dense,495600
10,190,dense,487200
10,190,structured_50,398600
10,191,structured_50,384800
10,191,dense,514100
10,192,dense,500600
10,192,structured_50,393200
10,193,structured_50,387700
10,193,dense,514600
10,194,dense,501600
10,194,structured_50,640500
10,195,structured_50,788300
10,195,dense,682300
10,196,dense,519300
10,196,structured_50,405000
10,197,structured_50,436300
10,197,dense,498600
10,198,dense,488100
10,198,structured_50,392800
10,199,structured_50,385500
10,199,dense,518000
10,200,dense,499500
10,200,structured_50,392800
10,201,structured_50,395100
10,201,dense,512900
10,202,dense,494600
10,202,structured_50,391400
10,203,structured_50,389400
10,203,dense,495500
10,204,dense,505200
10,204,structured_50,395200
10,205,structured_50,388700
10,205,dense,487300
10,206,dense,821800
10,206,structured_50,489700
10,207,structured_50,414400
10,207,dense,496400
10,208,dense,527100
10,208,structured_50,409400
10,209,structured_50,394800
10,209,dense,491100
10,210,dense,512500
10,210,structured_50,406700
10,211,structured_50,389400
10,211,dense,475100
10,212,dense,510400
10,212,structured_50,460400
10,213,structured_50,403600
10,213,dense,481000
10,214,dense,503000
10,214,structured_50,398300
10,215,structured_50,399800
10,215,dense,490500
10,216,dense,481800
10,216,structured_50,415000
10,217,structured_50,389600
10,217,dense,511800
10,218,dense,906700
10,218,structured_50,554100
10,219,structured_50,418500
10,219,dense,504100
10,220,dense,490100
10,220,structured_50,427500
10,221,structured_50,398200
10,221,dense,488100
10,222,dense,499200
10,222,structured_50,417100
10,223,structured_50,403900
10,223,dense,487900
10,224,dense,486800
10,224,structured_50,390400
10,225,structured_50,460500
10,225,dense,495700
10,226,dense,490200
10,226,structured_50,398400
10,227,structured_50,418600
10,227,dense,491900
10,228,dense,489400
10,228,structured_50,435400
10,229,structured_50,806700
10,229,dense,684500
10,230,dense,587600
10,230,structured_50,433600
10,231,structured_50,396900
10,231,dense,488900
10,232,dense,487900
10,232,structured_50,417400
10,233,structured_50,394700
10,233,dense,483000
10,234,dense,483300
10,234,structured_50,400800
10,235,structured_50,401900
10,235,dense,480300
10,236,dense,490500
10,236,structured_50,387600
10,237,structured_50,407800
10,237,dense,482800
10,238,dense,480200
10,238,structured_50,387600
10,239,structured_50,395400
10,239,dense,514800
10,240,dense,492300
10,240,structured_50,434000
10,241,structured_50,674800
10,241,dense,717100
10,242,dense,510400
10,242,structured_50,490600
10,243,structured_50,401700
10,243,dense,486200
10,244,dense,483400
10,244,structured_50,646200
10,245,structured_50,490700
10,245,dense,506700
10,246,dense,494900
10,246,structured_50,396900
10,247,structured_50,415800
10,247,dense,509300
10,248,dense,489600
10,248,structured_50,395600
10,249,structured_50,394000
10,249,dense,527000
10,250,dense,501700
10,250,structured_50,396300
10,251,structured_50,691700
10,251,dense,848900
10,252,dense,587200
10,252,structured_50,412400
10,253,structured_50,448200
10,253,dense,475100
10,254,dense,469600
10,254,structured_50,382100
10,255,structured_50,384400
10,255,dense,474200
10,256,dense,550500
10,256,structured_50,385200
10,257,structured_50,375300
10,257,dense,487900
10,258,dense,464600
10,258,structured_50,373900
10,259,structured_50,372000
10,259,dense,487700
10,260,dense,510800
10,260,structured_50,407200
10,261,structured_50,402900
10,261,dense,494800
10,262,dense,586400
10,262,structured_50,444200
10,263,structured_50,426200
10,263,dense,523100
10,264,dense,796700
10,264,structured_50,497600
10,265,structured_50,452300
10,265,dense,528100
10,266,dense,502200
10,266,structured_50,403400
10,267,structured_50,432200
10,267,dense,526100
10,268,dense,537600
10,268,structured_50,408400
10,269,structured_50,414600
10,269,dense,491900
10,270,dense,483700
10,270,structured_50,386200
10,271,structured_50,381500
10,271,dense,510200
10,272,dense,489800
10,272,structured_50,398400
10,273,structured_50,395600
10,273,dense,508500
10,274,dense,486600
10,274,structured_50,390900
10,275,structured_50,409800
10,275,dense,643400
10,276,dense,554200
10,276,structured_50,406500
10,277,structured_50,414200
10,277,dense,505500
10,278,dense,507100
10,278,structured_50,400500
10,279,structured_50,397200
10,279,dense,481000
10,280,dense,518400
10,280,structured_50,391600
10,281,structured_50,387400
10,281,dense,481000
10,282,dense,505600
10,282,structured_50,401000
10,283,structured_50,387600
10,283,dense,479500
10,284,dense,485500
10,284,structured_50,418200
10,285,structured_50,389800
10,285,dense,722200
10,286,dense,545200
10,286,structured_50,453400
10,287,structured_50,426100
10,287,dense,822900
10,288,dense,569900
10,288,structured_50,407000
10,289,structured_50,382000
10,289,dense,465900
10,290,dense,462800
10,290,structured_50,401700
10,291,structured_50,374900
10,291,dense,466300
10,292,dense,473600
10,292,structured_50,381600
10,293,structured_50,390500
10,293,dense,460600
10,294,dense,478400
10,294,structured_50,377500
10,295,structured_50,393000
10,295,dense,465000
10,296,dense,462600
10,296,structured_50,367300
10,297,structured_50,367900
10,297,dense,489100
10,298,dense,472800
10,298,structured_50,377600
10,299,structured_50,403200
10,299,dense,502700
10,300,dense,729400
10,300,structured_50,417600
10,301,structured_50,403700
10,301,dense,486500
10,302,dense,488100
10,302,structured_50,535500
10,303,structured_50,439500
10,303,dense,553900
10,304,dense,490900
10,304,structured_50,396200
10,305,structured_50,394300
10,305,dense,468400
10,306,dense,499000
10,306,structured_50,420300
10,307,structured_50,410700
10,307,dense,514700
10,308,dense,557300
10,308,structured_50,454200
10,309,structured_50,473900
10,309,dense,546600
10,310,dense,560500
10,310,structured_50,432700
10,311,structured_50,448200
10,311,dense,1171100
10,312,dense,603500
10,312,structured_50,458000
10,313,structured_50,424500
10,313,dense,509900
10,314,dense,522300
10,314,structured_50,421000
10,315,structured_50,407900
10,315,dense,482000
10,316,dense,488100
10,316,structured_50,424400
10,317,structured_50,390400
10,317,dense,482300
10,318,dense,490200
10,318,structured_50,406100
10,319,structured_50,402400
10,319,dense,492500
10,320,dense,483400
10,320,structured_50,447000
10,321,structured_50,401900
10,321,dense,606000
10,322,dense,810700
10,322,structured_50,562400
10,323,structured_50,466100
10,323,dense,494000
10,324,dense,474700
10,324,structured_50,386500
10,325,structured_50,381800
10,325,dense,474100
10,326,dense,461200
10,326,structured_50,496200
10,327,structured_50,385400
10,327,dense,492100
10,328,dense,470400
10,328,structured_50,374700
10,329,structured_50,367000
10,329,dense,465300
10,330,dense,497600
10,330,structured_50,381800
10,331,structured_50,380500
10,331,dense,495500
10,332,dense,516100
10,332,structured_50,417300
10,333,structured_50,410000
10,333,dense,581300
10,334,dense,1068600
10,334,structured_50,726300
10,335,structured_50,530300
10,335,dense,604400
10,336,dense,558400
10,336,structured_50,450500
10,337,structured_50,446200
10,337,dense,585000
10,338,dense,555800
10,338,structured_50,449000
10,339,structured_50,440000
10,339,dense,603000
10,340,dense,566700
10,340,structured_50,446500
10,341,structured_50,434900
10,341,dense,995200
10,342,dense,577300
10,342,structured_50,455200
10,343,structured_50,479500
10,343,dense,1059200
10,344,dense,638600
10,344,structured_50,504500
10,345,structured_50,481000
10,345,dense,567300
10,346,dense,554200
10,346,structured_50,471100
10,347,structured_50,457800
10,347,dense,554000
10,348,dense,559200
10,348,structured_50,467100
10,349,structured_50,534600
10,349,dense,562300
10,350,dense,533700
10,350,structured_50,467200
10,351,structured_50,443400
10,351,dense,554000
10,352,dense,534800
10,352,structured_50,465400
10,353,structured_50,424200
10,353,dense,526900
10,354,dense,789000
10,354,structured_50,441100
10,355,structured_50,426300
10,355,dense,520800
10,356,dense,541000
10,356,structured_50,423200
10,357,structured_50,410500
10,357,dense,489900
10,358,dense,527500
10,358,structured_50,411500
10,359,structured_50,406400
10,359,dense,506600
10,360,dense,561400
10,360,structured_50,414300
10,361,structured_50,412700
10,361,dense,503700
10,362,dense,521600
10,362,structured_50,421200
10,363,structured_50,404400
10,363,dense,500200
10,364,dense,518900
10,364,structured_50,433900
10,365,structured_50,410500
10,365,dense,521800
10,366,dense,523400
10,366,structured_50,438800
10,367,structured_50,408100
10,367,dense,495400
10,368,dense,498300
10,368,structured_50,424300
10,369,structured_50,412800
10,369,dense,499600
10,370,dense,505500
10,370,structured_50,405300
10,371,structured_50,439500
10,371,dense,509800
10,372,dense,495400
10,372,structured_50,405200
10,373,structured_50,423200
10,373,dense,521500
10,374,dense,502800
10,374,structured_50,419100
10,375,structured_50,411900
10,375,dense,510400
10,376,dense,496200
10,376,structured_50,394800
10,377,structured_50,430000
10,377,dense,865100
10,378,dense,574000
10,378,structured_50,439800
10,379,structured_50,403000
10,379,dense,490100
10,380,dense,489700
10,380,structured_50,435900
10,381,structured_50,395800
10,381,dense,489900
10,382,dense,491600
10,382,structured_50,406000
10,383,structured_50,404000
10,383,dense,488300
10,384,dense,486400
10,384,structured_50,401200
10,385,structured_50,422000
10,385,dense,488200
10,386,dense,487700
10,386,structured_50,385500
10,387,structured_50,397200
10,387,dense,495900
10,388,dense,484300
10,388,structured_50,511700
10,389,structured_50,949800
10,389,dense,552000
10,390,dense,838400
10,390,structured_50,428200
10,391,structured_50,478900
10,391,dense,546400
10,392,dense,494400
10,392,structured_50,390900
10,393,structured_50,392100
10,393,dense,499400
10,394,dense,494800
10,394,structured_50,397400
10,395,structured_50,389600
10,395,dense,479200
10,396,dense,513800
10,396,structured_50,391300
10,397,structured_50,391100
10,397,dense,475600
10,398,dense,508500
10,398,structured_50,399500
10,399,structured_50,381900
10,399,dense,479000
10,400,dense,764200
10,400,structured_50,767300
10,401,structured_50,715100
10,401,dense,813600
10,402,dense,800200
10,402,structured_50,687800
10,403,structured_50,661900
10,403,dense,879900
10,404,dense,920700
10,404,structured_50,800600
10,405,structured_50,814000
10,405,dense,904600
10,406,dense,989000
10,406,structured_50,819100
10,407,structured_50,915200
10,407,dense,667400
10,408,dense,597500
10,408,structured_50,481000
10,409,structured_50,443200
10,409,dense,548600
10,410,dense,549100
10,410,structured_50,456300
10,411,structured_50,455100
10,411,dense,573600
10,412,dense,555300
10,412,structured_50,463500
10,413,structured_50,427000
10,413,dense,519700
10,414,dense,524400
10,414,structured_50,444000
10,415,structured_50,406900
10,415,dense,507900
10,416,dense,502100
10,416,structured_50,421300
10,417,structured_50,400000
10,417,dense,516500
10,418,dense,738500
10,418,structured_50,462500
10,419,structured_50,407900
10,419,dense,495300
10,420,dense,491700
10,420,structured_50,417800
10,421,structured_50,392300
10,421,dense,468600
10,422,dense,465200
10,422,structured_50,410400
10,423,structured_50,391600
10,423,dense,467100
10,424,dense,473600
10,424,structured_50,373600
10,425,structured_50,402700
10,425,dense,462200
10,426,dense,470100
10,426,structured_50,367100
10,427,structured_50,373100
10,427,dense,481600
10,428,dense,653600
10,428,structured_50,477800
10,429,structured_50,566600
10,429,dense,602200
10,430,dense,530900
10,430,structured_50,453100
10,431,structured_50,442500
10,431,dense,513000
10,432,dense,524500
10,432,structured_50,405600
10,433,structured_50,459900
10,433,dense,505000
10,434,dense,506300
10,434,structured_50,585800
10,435,structured_50,388800
10,435,dense,469400
10,436,dense,473200
10,436,structured_50,414800
10,437,structured_50,375400
10,437,dense,469900
10,438,dense,466200
10,438,structured_50,390300
10,439,structured_50,398600
10,439,dense,469000
10,440,dense,464900
10,440,structured_50,371000
10,441,structured_50,488500
10,441,dense,886400
10,442,dense,544500
10,442,structured_50,403200
10,443,structured_50,394900
10,443,dense,517600
10,444,dense,498900
10,444,structured_50,393400
10,445,structured_50,395000
10,445,dense,522000
10,446,dense,510900
10,446,structured_50,401600
10,447,structured_50,385700
10,447,dense,494700
10,448,dense,496900
10,448,structured_50,391300
10,449,structured_50,381000
10,449,dense,480200
10,450,dense,824800
10,450,structured_50,436900
10,451,structured_50,437300
10,451,dense,526900
10,452,dense,657800
10,452,structured_50,765300
10,453,structured_50,885400
10,453,dense,936000
10,454,dense,896700
10,454,structured_50,779700
10,455,structured_50,840100
10,455,dense,1070900
10,456,dense,1043700
10,456,structured_50,583400
10,457,structured_50,510600
10,457,dense,611900
10,458,dense,599600
10,458,structured_50,506700
10,459,structured_50,471100
10,459,dense,665500
10,460,dense,866900
10,460,structured_50,545500
10,461,structured_50,490100
10,461,dense,622600
10,462,dense,598200
10,462,structured_50,465200
10,463,structured_50,453900
10,463,dense,591200
10,464,dense,592000
10,464,structured_50,458000
10,465,structured_50,452700
10,465,dense,590500
10,466,dense,552600
10,466,structured_50,437800
10,467,structured_50,425100
10,467,dense,565500
10,468,dense,544200
10,468,structured_50,431400
10,469,structured_50,429800
10,469,dense,558900
10,470,dense,616800
10,470,structured_50,758300
10,471,structured_50,721400
10,471,dense,566700
10,472,dense,602600
10,472,structured_50,429500
10,473,structured_50,420600
10,473,dense,516900
10,474,dense,545000
10,474,structured_50,423600
10,475,structured_50,413800
10,475,dense,508200
10,476,dense,808900
10,476,structured_50,473600
10,477,structured_50,396700
10,477,dense,488700
10,478,dense,514700
10,478,structured_50,405500
10,479,structured_50,387200
10,479,dense,487300
10,480,dense,491900
10,480,structured_50,412800
10,481,structured_50,403300
10,481,dense,931000
10,482,dense,791100
10,482,structured_50,434600
10,483,structured_50,411200
10,483,dense,498200
10,484,dense,477400
10,484,structured_50,383700
10,485,structured_50,374200
10,485,dense,492200
10,486,dense,470200
10,486,structured_50,377600
10,487,structured_50,367600
10,487,dense,459400
10,488,dense,488800
10,488,structured_50,377800
10,489,structured_50,372000
10,489,dense,461500
10,490,dense,487800
10,490,structured_50,381000
10,491,structured_50,370300
10,491,dense,462500
10,492,dense,480000
10,492,structured_50,521000
10,493,structured_50,750900
10,493,dense,658700
10,494,dense,505800
10,494,structured_50,427800
10,495,structured_50,402400
10,495,dense,494900
10,496,dense,486000
10,496,structured_50,398100
10,497,structured_50,420100
10,497,dense,489400
10,498,dense,561400
10,498,structured_50,404000
10,499,structured_50,389400
10,499,dense,485000
10,500,dense,532900
10,500,structured_50,402500
10,501,structured_50,387400
10,501,dense,480400
10,502,dense,484400
10,502,structured_50,428000
10,503,structured_50,392900
10,503,dense,482600
10,504,dense,1209100
10,504,structured_50,538500
10,505,structured_50,385000
10,505,dense,474600
10,506,dense,496200
10,506,structured_50,382200
10,507,structured_50,366900
10,507,dense,450800
10,508,dense,474200
10,508,structured_50,383600
10,509,structured_50,364800
10,509,dense,452000
10,510,dense,450700
10,510,structured_50,380600
10,511,structured_50,381100
10,511,dense,453900
10,512,dense,459200
10,512,structured_50,363500
10,513,structured_50,377800
10,513,dense,456200
10,514,dense,456700
10,514,structured_50,362900
10,515,structured_50,372900
10,515,dense,462300
10,516,dense,502800
10,516,structured_50,400900
10,517,structured_50,705400
10,517,dense,527800
10,518,dense,527300
10,518,structured_50,378000
10,519,structured_50,373500
10,519,dense,486700
10,520,dense,459000
10,520,structured_50,367200
10,521,structured_50,361000
10,521,dense,704300
10,522,dense,547400
10,522,structured_50,428500
10,523,structured_50,422400
10,523,dense,488300
10,524,dense,464900
10,524,structured_50,369300
10,525,structured_50,370800
10,525,dense,496800
10,526,dense,555700
10,526,structured_50,380600
10,527,structured_50,376900
10,527,dense,493900
10,528,dense,510800
10,528,structured_50,397900
10,529,structured_50,436600
10,529,dense,563800
10,530,dense,480400
10,530,structured_50,389500
10,531,structured_50,373000
10,531,dense,476400
10,532,dense,501400
10,532,structured_50,383100
10,533,structured_50,393600
10,533,dense,480800
10,534,dense,510600
10,534,structured_50,429600
10,535,structured_50,448300
10,535,dense,546800
10,536,dense,549700
10,536,structured_50,429200
10,537,structured_50,415500
10,537,dense,517200
10,538,dense,540400
10,538,structured_50,431600
10,539,structured_50,470100
10,539,dense,516600
10,540,dense,512000
10,540,structured_50,854000
10,541,structured_50,675100
10,541,dense,536100
10,542,dense,522900
10,542,structured_50,404900
10,543,structured_50,432400
10,543,dense,506400
10,544,dense,496100
10,544,structured_50,402300
10,545,structured_50,386000
10,545,dense,518600
10,546,dense,488100
10,546,structured_50,396100
10,547,structured_50,387900
10,547,dense,508400
10,548,dense,504300
10,548,structured_50,389700
10,549,structured_50,396200
10,549,dense,516700
10,550,dense,489500
10,550,structured_50,395700
10,551,structured_50,431900
10,551,dense,547300
10,552,dense,764700
10,552,structured_50,486400
10,553,structured_50,392000
10,553,dense,470200
10,554,dense,463500
10,554,structured_50,373300
10,555,structured_50,396900
10,555,dense,627200
10,556,dense,553000
10,556,structured_50,380200
10,557,structured_50,374800
10,557,dense,493000
10,558,dense,467300
10,558,structured_50,369800
10,559,structured_50,369000
10,559,dense,459400
10,560,dense,486700
10,560,structured_50,375100
10,561,structured_50,366000
10,561,dense,457700
10,562,dense,480000
10,562,structured_50,377200
10,563,structured_50,367700
10,563,dense,490000
10,564,dense,677300
10,564,structured_50,602600
10,565,structured_50,433400
10,565,dense,499900
10,566,dense,472800
10,566,structured_50,387400
10,567,structured_50,395500
10,567,dense,476400
10,568,dense,480100
10,568,structured_50,397300
10,569,structured_50,407900
10,569,dense,515900
10,570,dense,531000
10,570,structured_50,476700
10,571,structured_50,517400
10,571,dense,660600
10,572,dense,621000
10,572,structured_50,739600
10,573,structured_50,489600
10,573,dense,590100
10,574,dense,723300
10,574,structured_50,976200
10,575,structured_50,672900
10,575,dense,758800
10,576,dense,655000
10,576,structured_50,488300
10,577,structured_50,472200
10,577,dense,627700
10,578,dense,607600
10,578,structured_50,470200
10,579,structured_50,467100
10,579,dense,624600
10,580,dense,593700
10,580,structured_50,458200
10,581,structured_50,457000
10,581,dense,613700
10,582,dense,578500
10,582,structured_50,457000
10,583,structured_50,448600
10,583,dense,873200
10,584,dense,888700
10,584,structured_50,495500
10,585,structured_50,468100
10,585,dense,599300
10,586,dense,577300
10,586,structured_50,439200
10,587,structured_50,432800
10,587,dense,575900
10,588,dense,543900
10,588,structured_50,433900
10,589,structured_50,423500
10,589,dense,550100
10,590,dense,526300
10,590,structured_50,411000
10,591,structured_50,412800
10,591,dense,532700
10,592,dense,512900
10,592,structured_50,396800
10,593,structured_50,402300
10,593,dense,509900
10,594,dense,532500
10,594,structured_50,625900
10,595,structured_50,524100
10,595,dense,545800
10,596,dense,508300
10,596,structured_50,394300
10,597,structured_50,396300
10,597,dense,501000
10,598,dense,504100
10,598,structured_50,387800
10,599,structured_50,387000
10,599,dense,489900
10,600,dense,508300
10,600,structured_50,394400
10,601,structured_50,475200
10,601,dense,480700
10,602,dense,531000
10,602,structured_50,408100
10,603,structured_50,411800
10,603,dense,510400
10,604,dense,524200
10,604,structured_50,411900
10,605,structured_50,386300
10,605,dense,481000
10,606,dense,609600
10,606,structured_50,651800
10,607,structured_50,420600
10,607,dense,506900
10,608,dense,527300
10,608,structured_50,417100
10,609,structured_50,390100
10,609,dense,485700
10,610,dense,481600
10,610,structured_50,419300
10,611,structured_50,395000
10,611,dense,489900
10,612,dense,489900
10,612,structured_50,426900
10,613,structured_50,402900
10,613,dense,480300
10,614,dense,476200
10,614,structured_50,386700
10,615,structured_50,412900
10,615,dense,484400
10,616,dense,483300
10,616,structured_50,387400
10,617,structured_50,398900
10,617,dense,498600
10,618,dense,486200
10,618,structured_50,470300
10,619,structured_50,791200
10,619,dense,769900
10,620,dense,753700
10,620,structured_50,663100
10,621,structured_50,618700
10,621,dense,534700
10,622,dense,527400
10,622,structured_50,490300
10,623,structured_50,474800
10,623,dense,629500
10,624,dense,510000
10,624,structured_50,404400
10,625,structured_50,404900
10,625,dense,521000
10,626,dense,513100
10,626,structured_50,408100
10,627,structured_50,403900
10,627,dense,536200
10,628,dense,600300
10,628,structured_50,966600
10,629,structured_50,850600
10,629,dense,991300
10,630,dense,1050600
10,630,structured_50,826600
10,631,structured_50,919400
10,631,dense,1091200
10,632,dense,1029700
10,632,structured_50,925600
10,633,structured_50,1054800
10,633,dense,1103000
10,634,dense,1168100
10,634,structured_50,992100
10,635,structured_50,958000
10,635,dense,1117100
10,636,dense,1120300
10,636,structured_50,908700
10,637,structured_50,928500
10,637,dense,1072700
10,638,dense,1067400
10,638,structured_50,881200
10,639,structured_50,905200
10,639,dense,1140400
10,640,dense,1086000
10,640,structured_50,932300
10,641,structured_50,901200
10,641,dense,1018500
10,642,dense,1013300
10,642,structured_50,839700
10,643,structured_50,837600
10,643,dense,975400
10,644,dense,1002700
10,644,structured_50,791700
10,645,structured_50,806600
10,645,dense,943100
10,646,dense,606900
10,646,structured_50,479600
10,647,structured_50,450700
10,647,dense,538200
10,648,dense,513600
10,648,structured_50,432300
10,649,structured_50,423800
10,649,dense,521700
10,650,dense,516100
10,650,structured_50,404900
10,651,structured_50,426100
10,651,dense,496200
10,652,dense,502800
10,652,structured_50,395100
10,653,structured_50,420400
10,653,dense,504200
10,654,dense,497900
10,654,structured_50,388600
10,655,structured_50,384000
10,655,dense,508200
10,656,dense,511600
10,656,structured_50,429200
10,657,structured_50,721500
10,657,dense,526400
10,658,dense,538600
10,658,structured_50,399600
10,659,structured_50,391000
10,659,dense,487400
10,660,dense,521100
10,660,structured_50,392600
10,661,structured_50,394300
10,661,dense,482100
10,662,dense,510300
10,662,structured_50,409200
10,663,structured_50,385000
10,663,dense,480000
10,664,dense,487500
10,664,structured_50,409100
10,665,structured_50,392500
10,665,dense,488200
10,666,dense,489700
10,666,structured_50,395100
10,667,structured_50,424200
10,667,dense,496900
10,668,dense,491500
10,668,structured_50,591200
10,669,structured_50,733900
10,669,dense,645100
10,670,dense,529800
10,670,structured_50,437800
10,671,structured_50,400100
10,671,dense,489400
10,672,dense,484700
10,672,structured_50,410800
10,673,structured_50,397800
10,673,dense,485000
10,674,dense,490600
10,674,structured_50,392300
10,675,structured_50,416200
10,675,dense,494200
10,676,dense,492600
10,676,structured_50,396900
10,677,structured_50,411600
10,677,dense,501500
10,678,dense,493100
10,678,structured_50,405600
10,679,structured_50,417200
10,679,dense,521700
10,680,dense,520600
10,680,structured_50,540600
10,681,structured_50,538500
10,681,dense,557300
10,682,dense,510800
10,682,structured_50,414100
10,683,structured_50,438900
10,683,dense,509000
10,684,dense,493800
10,684,structured_50,401100
10,685,structured_50,400800
10,685,dense,526900
10,686,dense,499000
10,686,structured_50,395800
10,687,structured_50,434100
10,687,dense,508900
10,688,dense,494200
10,688,structured_50,405800
10,689,structured_50,399100
10,689,dense,539900
10,690,dense,530800
10,690,structured_50,401200
10,691,structured_50,402700
10,691,dense,535800
10,692,dense,683800
10,692,structured_50,453800
10,693,structured_50,419400
10,693,dense,545000
10,694,dense,515700
10,694,structured_50,409300
10,695,structured_50,405700
10,695,dense,540800
10,696,dense,497200
10,696,structured_50,397400
10,697,structured_50,392100
10,697,dense,501100
10,698,dense,503900
10,698,structured_50,393900
10,699,structured_50,390300
10,699,dense,498800
10,700,dense,536400
10,700,structured_50,409600
10,701,structured_50,400200
10,701,dense,500400
10,702,dense,528800
10,702,structured_50,408100
10,703,structured_50,400600
10,703,dense,503600
10,704,dense,665000
10,704,structured_50,472400
10,705,structured_50,423900
10,705,dense,514800
10,706,dense,535600
10,706,structured_50,420900
10,707,structured_50,410100
10,707,dense,507300
10,708,dense,517800
10,708,structured_50,435300
10,709,structured_50,406200
10,709,dense,502500
10,710,dense,516000
10,710,structured_50,456400
10,711,structured_50,429600
10,711,dense,520900
10,712,dense,518500
10,712,structured_50,444000
10,713,structured_50,436700
10,713,dense,515700
10,714,dense,515300
10,714,structured_50,436700
10,715,structured_50,425000
10,715,dense,563300
10,716,dense,534200
10,716,structured_50,488900
10,717,structured_50,517600
10,717,dense,549600
10,718,dense,534200
10,718,structured_50,451400
10,719,structured_50,424900
10,719,dense,531800
10,720,dense,527500
10,720,structured_50,451400
10,721,structured_50,431300
10,721,dense,519000
10,722,dense,520400
10,722,structured_50,439700
10,723,structured_50,432100
10,723,dense,516300
10,724,dense,516500
10,724,structured_50,412900
10,725,structured_50,439100
10,725,dense,519600
10,726,dense,512600
10,726,structured_50,695900
10,727,structured_50,501000
10,727,dense,547100
10,728,dense,527800
10,728,structured_50,445000
10,729,structured_50,408100
10,729,dense,505100
10,730,dense,494400
10,730,structured_50,430500
10,731,structured_50,397600
10,731,dense,498000
10,732,dense,480600
10,732,structured_50,413200
10,733,structured_50,417200
10,733,dense,549400
10,734,dense,497000
10,734,structured_50,403200
10,735,structured_50,401800
10,735,dense,479800
10,736,dense,487000
10,736,structured_50,387100
10,737,structured_50,405800
10,737,dense,481200
10,738,dense,579100
10,738,structured_50,659800
10,739,structured_50,410800
10,739,dense,587100
10,740,dense,504300
10,740,structured_50,387900
10,741,structured_50,382600
10,741,dense,497200
10,742,dense,481200
10,742,structured_50,381500
10,743,structured_50,387100
10,743,dense,473800
10,744,dense,507300
10,744,structured_50,383000
10,745,structured_50,375900
10,745,dense,469000
10,746,dense,514800
10,746,structured_50,411100
10,747,structured_50,387500
10,747,dense,484800
10,748,dense,478200
10,748,structured_50,397400
10,749,structured_50,391100
10,749,dense,516200
10,750,dense,619100
10,750,structured_50,794000
10,751,structured_50,426300
10,751,dense,528000
10,752,dense,552200
10,752,structured_50,415000
10,753,structured_50,394800
10,753,dense,489900
10,754,dense,519300
10,754,structured_50,426700
10,755,structured_50,403900
10,755,dense,495500
10,756,dense,498500
10,756,structured_50,426800
10,757,structured_50,403800
10,757,dense,496800
10,758,dense,498100
10,758,structured_50,421400
10,759,structured_50,415400
10,759,dense,495300
10,760,dense,500800
10,760,structured_50,401100
10,761,structured_50,487000
10,761,dense,1008200
10,762,dense,601800
10,762,structured_50,449500
10,763,structured_50,409600
10,763,dense,500800
10,764,dense,499300
10,764,structured_50,440700
10,765,structured_50,407000
10,765,dense,494900
10,766,dense,501100
10,766,structured_50,456400
10,767,structured_50,398100
10,767,dense,498300
10,768,dense,485900
10,768,structured_50,406500
10,769,structured_50,439000
10,769,dense,502900
10,770,dense,523700
10,770,structured_50,405500
10,771,structured_50,432700
10,771,dense,502500
10,772,dense,499500
10,772,structured_50,405300
10,773,structured_50,432400
10,773,dense,684200
10,774,dense,525300
10,774,structured_50,416600
10,775,structured_50,429300
10,775,dense,497000
10,776,dense,499400
10,776,structured_50,395900
10,777,structured_50,398700
10,777,dense,515100
10,778,dense,495600
10,778,structured_50,409300
10,779,structured_50,408200
10,779,dense,517600
10,780,dense,498900
10,780,structured_50,397700
10,781,structured_50,391100
10,781,dense,510700
10,782,dense,508100
10,782,structured_50,408700
10,783,structured_50,421500
10,783,dense,518100
10,784,dense,525000
10,784,structured_50,411900
10,785,structured_50,539000
10,785,dense,669400
10,786,dense,603000
10,786,structured_50,444300
10,787,structured_50,426100
10,787,dense,505000
10,788,dense,526900
10,788,structured_50,399800
10,789,structured_50,399800
10,789,dense,487700
10,790,dense,523100
10,790,structured_50,398500
10,791,structured_50,396700
10,791,dense,491700
10,792,dense,501600
10,792,structured_50,406800
10,793,structured_50,398400
10,793,dense,492300
10,794,dense,486700
10,794,structured_50,426000
10,795,structured_50,392800
10,795,dense,486100
10,796,dense,510800
10,796,structured_50,594600
10,797,structured_50,524200
10,797,dense,510100
10,798,dense,502600
10,798,structured_50,407000
10,799,structured_50,384800
10,799,dense,472300
10,800,dense,473800
10,800,structured_50,391100
10,801,structured_50,421100
10,801,dense,509000
10,802,dense,488900
10,802,structured_50,377500
10,803,structured_50,396300
10,803,dense,471700
10,804,dense,463400
10,804,structured_50,371200
10,805,structured_50,373800
10,805,dense,500400
10,806,dense,513400
10,806,structured_50,410600
10,807,structured_50,403900
10,807,dense,585600
10,808,dense,599300
10,808,structured_50,490200
10,809,structured_50,963300
10,809,dense,641300
10,810,dense,775300
10,810,structured_50,526100
10,811,structured_50,469700
10,811,dense,553000
10,812,dense,661400
10,812,structured_50,441800
10,813,structured_50,415300
10,813,dense,512200
10,814,dense,546400
10,814,structured_50,409500
10,815,structured_50,398800
10,815,dense,503800
10,816,dense,680300
10,816,structured_50,423000
10,817,structured_50,403000
10,817,dense,495800
10,818,dense,570000
10,818,structured_50,478600
10,819,structured_50,650100
10,819,dense,530100
10,820,dense,597600
10,820,structured_50,462700
10,821,structured_50,398000
10,821,dense,560600
10,822,dense,496000
10,822,structured_50,380900
10,823,structured_50,377900
10,823,dense,463800
10,824,dense,490000
10,824,structured_50,379900
10,825,structured_50,369500
10,825,dense,460400
10,826,dense,462300
10,826,structured_50,400900
10,827,structured_50,382400
10,827,dense,461700
10,828,dense,470600
10,828,structured_50,386300
10,829,structured_50,385800
10,829,dense,464900
10,830,dense,540800
10,830,structured_50,406600
10,831,structured_50,712800
10,831,dense,588000
10,832,dense,553800
10,832,structured_50,738600
10,833,structured_50,491700
10,833,dense,575500
10,834,dense,517600
10,834,structured_50,426700
10,835,structured_50,399100
10,835,dense,519600
10,836,dense,499800
10,836,structured_50,390300
10,837,structured_50,386400
10,837,dense,500500
10,838,dense,521200
10,838,structured_50,408600
10,839,structured_50,432500
10,839,dense,530300
10,840,dense,624600
10,840,structured_50,466200
10,841,structured_50,532100
10,841,dense,938600
10,842,dense,688200
10,842,structured_50,537000
10,843,structured_50,549600
10,843,dense,606400
10,844,dense,592200
10,844,structured_50,488000
10,845,structured_50,489100
10,845,dense,586000
10,846,dense,584200
10,846,structured_50,504800
10,847,structured_50,471400
10,847,dense,590400
10,848,dense,581100
10,848,structured_50,510000
10,849,structured_50,474200
10,849,dense,598800
10,850,dense,617900
10,850,structured_50,501000
10,851,structured_50,496500
10,851,dense,925300
10,852,dense,701400
10,852,structured_50,520800
10,853,structured_50,477100
10,853,dense,617500
10,854,dense,582700
10,854,structured_50,458700
10,855,structured_50,450900
10,855,dense,580900
10,856,dense,557100
10,856,structured_50,432800
10,857,structured_50,420400
10,857,dense,558800
10,858,dense,530800
10,858,structured_50,413000
10,859,structured_50,417900
10,859,dense,602000
10,860,dense,531500
10,860,structured_50,403100
10,861,structured_50,402900
10,861,dense,682600
10,862,dense,639800
10,862,structured_50,420400
10,863,structured_50,393500
10,863,dense,527500
10,864,dense,498100
10,864,structured_50,394700
10,865,structured_50,392500
10,865,dense,501900
10,866,dense,498700
10,866,structured_50,403000
10,867,structured_50,394500
10,867,dense,474900
10,868,dense,507000
10,868,structured_50,387600
10,869,structured_50,392000
10,869,dense,479600
10,870,dense,501500
10,870,structured_50,394700
10,871,structured_50,390400
10,871,dense,476000
10,872,dense,475600
10,872,structured_50,413800
10,873,structured_50,401800
10,873,dense,649800
10,874,dense,610700
10,874,structured_50,417400
10,875,structured_50,409600
10,875,dense,497700
10,876,dense,499900
10,876,structured_50,407300
10,877,structured_50,389500
10,877,dense,478100
10,878,dense,482800
10,878,structured_50,409800
10,879,structured_50,389200
10,879,dense,480500
10,880,dense,487500
10,880,structured_50,397900
10,881,structured_50,400600
10,881,dense,479300
10,882,dense,480600
10,882,structured_50,384800
10,883,structured_50,403400
10,883,dense,492900
10,884,dense,495300
10,884,structured_50,383700
10,885,structured_50,382100
10,885,dense,991700
10,886,dense,612100
10,886,structured_50,452700
10,887,structured_50,428900
10,887,dense,497500
10,888,dense,489800
10,888,structured_50,396700
10,889,structured_50,430000
10,889,dense,489900
10,890,dense,489400
10,890,structured_50,392500
10,891,structured_50,402400
10,891,dense,500200
10,892,dense,602100
10,892,structured_50,402400
10,893,structured_50,397500
10,893,dense,515600
10,894,dense,497700
10,894,structured_50,392000
10,895,structured_50,384600
10,895,dense,509400
10,896,dense,491900
10,896,structured_50,418300
10,897,structured_50,702900
10,897,dense,602200
10,898,dense,510900
10,898,structured_50,460600
10,899,structured_50,397200
10,899,dense,494300
10,900,dense,480000
10,900,structured_50,404500
10,901,structured_50,410000
10,901,dense,491900
10,902,dense,489500
10,902,structured_50,395100
10,903,structured_50,408500
10,903,dense,485300
10,904,dense,480100
10,904,structured_50,388500
10,905,structured_50,395200
10,905,dense,493200
10,906,dense,480400
10,906,structured_50,385300
10,907,structured_50,389100
10,907,dense,512000
10,908,dense,484900
10,908,structured_50,620000
10,909,structured_50,713500
10,909,dense,574100
10,910,dense,644200
10,910,structured_50,434600
10,911,structured_50,401300
10,911,dense,483400
10,912,dense,496400
10,912,structured_50,394100
10,913,structured_50,380200
10,913,dense,470200
10,914,dense,462700
10,914,structured_50,400900
10,915,structured_50,376600
10,915,dense,461900
10,916,dense,463900
10,916,structured_50,370000
10,917,structured_50,403100
10,917,dense,463700
10,918,dense,472200
10,918,structured_50,371300
10,919,structured_50,376100
10,919,dense,490500
10,920,dense,466600
10,920,structured_50,449800
10,921,structured_50,621100
10,921,dense,886900
10,922,dense,792800
10,922,structured_50,459300
10,923,structured_50,427700
10,923,dense,509800
10,924,dense,510400
10,924,structured_50,432900
10,925,structured_50,434300
10,925,dense,535200
10,926,dense,559000
10,926,structured_50,465600
10,927,structured_50,488800
10,927,dense,582000
10,928,dense,593400
10,928,structured_50,518100
10,929,structured_50,516300
10,929,dense,634800
10,930,dense,628800
10,930,structured_50,608200
10,931,structured_50,707600
10,931,dense,1005600
10,932,dense,649800
10,932,structured_50,505200
10,933,structured_50,480800
10,933,dense,635600
10,934,dense,598500
10,934,structured_50,484700
10,935,structured_50,498800
10,935,dense,614500
10,936,dense,591300
10,936,structured_50,477100
10,937,structured_50,514900
10,937,dense,594300
10,938,dense,588200
10,938,structured_50,471600
10,939,structured_50,484300
10,939,dense,579100
10,940,dense,656900
10,940,structured_50,813400
10,941,structured_50,570600
10,941,dense,688500
10,942,dense,617100
10,942,structured_50,468100
10,943,structured_50,452700
10,943,dense,579200
10,944,dense,582200
10,944,structured_50,455400
10,945,structured_50,440400
10,945,dense,542500
10,946,dense,569600
10,946,structured_50,432800
10,947,structured_50,425600
10,947,dense,526900
10,948,dense,562900
10,948,structured_50,436100
10,949,structured_50,415500
10,949,dense,512100
10,950,dense,546300
10,950,structured_50,411100
10,951,structured_50,674400
10,951,dense,617400
10,952,dense,537200
10,952,structured_50,443000
10,953,structured_50,421900
10,953,dense,508000
10,954,dense,498700
10,954,structured_50,409100
10,955,structured_50,436400
10,955,dense,502400
10,956,dense,516500
10,956,structured_50,462900
10,957,structured_50,428500
10,957,dense,496200
10,958,dense,490600
10,958,structured_50,389000
10,959,structured_50,404900
10,959,dense,499400
10,960,dense,507600
10,960,structured_50,393800
10,961,structured_50,385600
10,961,dense,511500
10,962,dense,511000
10,962,structured_50,502800
10,963,structured_50,700500
10,963,dense,638200
10,964,dense,510100
10,964,structured_50,403900
10,965,structured_50,399200
10,965,dense,533300
10,966,dense,513500
10,966,structured_50,412100
10,967,structured_50,408600
10,967,dense,535000
10,968,dense,511900
10,968,structured_50,399700
10,969,structured_50,395100
10,969,dense,498600
10,970,dense,510800
10,970,structured_50,399500
10,971,structured_50,393300
10,971,dense,496700
10,972,dense,515500
10,972,structured_50,395200
10,973,structured_50,759900
10,973,dense,760300
10,974,dense,561400
10,974,structured_50,432100
10,975,structured_50,406000
10,975,dense,525600
10,976,dense,501700
10,976,structured_50,395700
10,977,structured_50,387800
10,977,dense,508300
10,978,dense,507500
10,978,structured_50,391300
10,979,structured_50,392100
10,979,dense,482700
10,980,dense,517000
10,980,structured_50,393300
10,981,structured_50,386800
10,981,dense,485600
10,982,dense,502200
10,982,structured_50,405100
10,983,structured_50,399200
10,983,dense,477700
10,984,dense,480800
10,984,structured_50,414800
10,985,structured_50,389500
10,985,dense,650200
10,986,dense,654900
10,986,structured_50,457400
10,987,structured_50,416300
10,987,dense,551100
10,988,dense,479400
10,988,structured_50,372900
10,989,structured_50,402400
10,989,dense,502600
10,990,dense,493300
10,990,structured_50,404000
10,991,structured_50,419400
10,991,dense,471400
10,992,dense,466600
10,992,structured_50,370400
10,993,structured_50,376000
10,993,dense,492500
10,994,dense,478400
10,994,structured_50,371000
10,995,structured_50,374600
10,995,dense,475700
10,996,dense,478000
10,996,structured_50,380500
10,997,structured_50,378800
10,997,dense,492600
10,998,dense,840900
10,998,structured_50,527800
10,999,structured_50,493000
10,999,dense,520500
10,1000,dense,517100
10,1000,structured_50,417000
10,1001,structured_50,392300
10,1001,dense,494000
10,1002,dense,505900
10,1002,structured_50,425200
10,1003,structured_50,392900
10,1003,dense,488900
10,1004,dense,485100
10,1004,structured_50,413900
10,1005,structured_50,406400
10,1005,dense,483300
10,1006,dense,488300
10,1006,structured_50,487600
10,1007,structured_50,402200
10,1007,dense,501800
10,1008,dense,499200
10,1008,structured_50,466000
10,1009,structured_50,960300
10,1009,dense,565700
10,1010,dense,495800
10,1010,structured_50,394500
10,1011,structured_50,399800
10,1011,dense,480600
10,1012,dense,459800
10,1012,structured_50,368500
10,1013,structured_50,369800
10,1013,dense,486700
10,1014,dense,462800
10,1014,structured_50,374500
10,1015,structured_50,412000
10,1015,dense,507400
10,1016,dense,554600
10,1016,structured_50,431300
10,1017,structured_50,432100
10,1017,dense,548400
10,1018,dense,617400
10,1018,structured_50,498800
10,1019,structured_50,480600
10,1019,dense,621600
10,1020,dense,586600
10,1020,structured_50,705400
10,1021,structured_50,558200
10,1021,dense,642000
10,1022,dense,678400
10,1022,structured_50,461500
10,1023,structured_50,480600
10,1023,dense,552600
10,1024,dense,703100
10,1024,structured_50,480000
10,1025,structured_50,441600
10,1025,dense,536200
10,1026,dense,528000
10,1026,structured_50,433900
10,1027,structured_50,424500
10,1027,dense,505700
10,1028,dense,519800
10,1028,structured_50,405300
10,1029,structured_50,422500
10,1029,dense,496500
10,1030,dense,492200
10,1030,structured_50,388900
10,1031,structured_50,413500
10,1031,dense,849400
10,1032,dense,561500
10,1032,structured_50,424300
10,1033,structured_50,395600
10,1033,dense,483000
10,1034,dense,498700
10,1034,structured_50,387600
10,1035,structured_50,378600
10,1035,dense,460100
10,1036,dense,465300
10,1036,structured_50,398700
10,1037,structured_50,374700
10,1037,dense,466900
10,1038,dense,459200
10,1038,structured_50,374800
10,1039,structured_50,398900
10,1039,dense,466100
10,1040,dense,469900
10,1040,structured_50,377600
10,1041,structured_50,407200
10,1041,dense,486200
10,1042,dense,470500
10,1042,structured_50,383400
10,1043,structured_50,389900
10,1043,dense,865100
10,1044,dense,743400
10,1044,structured_50,494500
10,1045,structured_50,430500
10,1045,dense,499200
10,1046,dense,525000
10,1046,structured_50,403700
10,1047,structured_50,393000
10,1047,dense,493400
10,1048,dense,509700
10,1048,structured_50,409500
10,1049,structured_50,392300
10,1049,dense,487500
10,1050,dense,486100
10,1050,structured_50,420700
10,1051,structured_50,395300
10,1051,dense,482100
10,1052,dense,491900
10,1052,structured_50,412700
10,1053,structured_50,404100
10,1053,dense,485800
10,1054,dense,669300
10,1054,structured_50,845200
10,1055,structured_50,475700
10,1055,dense,568800
10,1056,dense,514800
10,1056,structured_50,379300
10,1057,structured_50,594100
10,1057,dense,532700
10,1058,dense,487700
10,1058,structured_50,384700
10,1059,structured_50,410200
10,1059,dense,467500
10,1060,dense,462600
10,1060,structured_50,370300
10,1061,structured_50,385600
10,1061,dense,473100
10,1062,dense,472000
10,1062,structured_50,372000
10,1063,structured_50,366100
10,1063,dense,488800
10,1064,dense,466300
10,1064,structured_50,369200
10,1065,structured_50,368200
10,1065,dense,458800
10,1066,dense,745300
10,1066,structured_50,696200
10,1067,structured_50,498800
10,1067,dense,571400
10,1068,dense,555700
10,1068,structured_50,442600
10,1069,structured_50,421300
10,1069,dense,568700
10,1070,dense,533000
10,1070,structured_50,410900
10,1071,structured_50,391100
10,1071,dense,521700
10,1072,dense,490700
10,1072,structured_50,398000
10,1073,structured_50,386200
10,1073,dense,498800
10,1074,dense,511500
10,1074,structured_50,415800
10,1075,structured_50,386100
10,1075,dense,480000
10,1076,dense,507200
10,1076,structured_50,391000
10,1077,structured_50,419200
10,1077,dense,1061200
10,1078,dense,569300
10,1078,structured_50,404600
10,1079,structured_50,415200
10,1079,dense,611700
10,1080,dense,535500
10,1080,structured_50,454100
10,1081,structured_50,414300
10,1081,dense,475400
10,1082,dense,466900
10,1082,structured_50,371500
10,1083,structured_50,366200
10,1083,dense,488200
10,1084,dense,465000
10,1084,structured_50,371100
10,1085,structured_50,369500
10,1085,dense,460500
10,1086,dense,492400
10,1086,structured_50,377000
10,1087,structured_50,367700
10,1087,dense,458600
10,1088,dense,489500
10,1088,structured_50,372800
10,1089,structured_50,709400
10,1089,dense,946800
10,1090,dense,533000
10,1090,structured_50,440300
10,1091,structured_50,429500
10,1091,dense,491600
10,1092,dense,477800
10,1092,structured_50,373800
10,1093,structured_50,366600
10,1093,dense,675800
10,1094,dense,560100
10,1094,structured_50,420600
10,1095,structured_50,391400
10,1095,dense,514700
10,1096,dense,502700
10,1096,structured_50,392900
10,1097,structured_50,395900
10,1097,dense,498200
10,1098,dense,511800
10,1098,structured_50,403000
10,1099,structured_50,398900
10,1099,dense,481500
10,1100,dense,656100
10,1100,structured_50,679800
10,1101,structured_50,437300
10,1101,dense,537000
10,1102,dense,502000
10,1102,structured_50,400000
10,1103,structured_50,374200
10,1103,dense,494000
10,1104,dense,485500
10,1104,structured_50,383900
10,1105,structured_50,379500
10,1105,dense,460600
10,1106,dense,489700
10,1106,structured_50,375500
10,1107,structured_50,368900
10,1107,dense,459600
10,1108,dense,461300
10,1108,structured_50,397000
10,1109,structured_50,372200
10,1109,dense,460000
10,1110,dense,475900
10,1110,structured_50,394400
10,1111,structured_50,458800
10,1111,dense,470600
10,1112,dense,554900
10,1112,structured_50,1096400
10,1113,structured_50,442500
10,1113,dense,540100
10,1114,dense,528000
10,1114,structured_50,398500
10,1115,structured_50,377000
10,1115,dense,467500
10,1116,dense,464600
10,1116,structured_50,401100
10,1117,structured_50,378500
10,1117,dense,465800
10,1118,dense,463200
10,1118,structured_50,371200
10,1119,structured_50,395500
10,1119,dense,466200
10,1120,dense,470600
10,1120,structured_50,372700
10,1121,structured_50,399700
10,1121,dense,471500
10,1122,dense,464000
10,1122,structured_50,372400
10,1123,structured_50,367600
10,1123,dense,491300
10,1124,dense,493600
10,1124,structured_50,679300
10,1125,structured_50,638000
10,1125,dense,617500
10,1126,dense,579800
10,1126,structured_50,408700
10,1127,structured_50,727200
10,1127,dense,544400
10,1128,dense,490600
10,1128,structured_50,412500
10,1129,structured_50,407800
10,1129,dense,485600
10,1130,dense,481200
10,1130,structured_50,396000
10,1131,structured_50,411900
10,1131,dense,494800
10,1132,dense,500400
10,1132,structured_50,393400
10,1133,structured_50,404700
10,1133,dense,494600
10,1134,dense,482700
10,1134,structured_50,387200
10,1135,structured_50,380600
10,1135,dense,801400
10,1136,dense,815800
10,1136,structured_50,597800
10,1137,structured_50,536400
10,1137,dense,502400
10,1138,dense,498700
10,1138,structured_50,396600
10,1139,structured_50,410700
10,1139,dense,504100
10,1140,dense,487000
10,1140,structured_50,391200
10,1141,structured_50,389000
10,1141,dense,510500
10,1142,dense,492800
10,1142,structured_50,399700
10,1143,structured_50,383100
10,1143,dense,507100
10,1144,dense,507300
10,1144,structured_50,393400
10,1145,structured_50,390800
10,1145,dense,507900
10,1146,dense,497900
10,1146,structured_50,659800
10,1147,structured_50,695200
10,1147,dense,521800
10,1148,dense,546000
10,1148,structured_50,396700
10,1149,structured_50,394300
10,1149,dense,476500
10,1150,dense,497100
10,1150,structured_50,379300
10,1151,structured_50,367200
10,1151,dense,470400
10,1152,dense,468900
10,1152,structured_50,405800
10,1153,structured_50,372500
10,1153,dense,468900
10,1154,dense,465500
10,1154,structured_50,383900
10,1155,structured_50,381900
10,1155,dense,465400
10,1156,dense,463600
10,1156,structured_50,377900
10,1157,structured_50,393400
10,1157,dense,464600
10,1158,dense,457800
10,1158,structured_50,399800
10,1159,structured_50,393800
10,1159,dense,828000
10,1160,dense,574000
10,1160,structured_50,448500
10,1161,structured_50,430400
10,1161,dense,493800
10,1162,dense,474300
10,1162,structured_50,379600
10,1163,structured_50,374900
10,1163,dense,492800
10,1164,dense,467400
10,1164,structured_50,376700
10,1165,structured_50,365700
10,1165,dense,454100
10,1166,dense,489200
10,1166,structured_50,374600
10,1167,structured_50,368200
10,1167,dense,458500
10,1168,dense,481200
10,1168,structured_50,378900
10,1169,structured_50,367800
10,1169,dense,464400
10,1170,dense,459700
10,1170,structured_50,391100
10,1171,structured_50,421300
10,1171,dense,510000
10,1172,dense,668900
10,1172,structured_50,479400
10,1173,structured_50,420100
10,1173,dense,606100
10,1174,dense,555500
10,1174,structured_50,427200
10,1175,structured_50,398200
10,1175,dense,498400
10,1176,dense,488600
10,1176,structured_50,418400
10,1177,structured_50,495900
10,1177,dense,557000
10,1178,dense,496100
10,1178,structured_50,432300
10,1179,structured_50,391100
10,1179,dense,486600
10,1180,dense,481900
10,1180,structured_50,420200
10,1181,structured_50,398100
10,1181,dense,582800
10,1182,dense,508000
10,1182,structured_50,508000
10,1183,structured_50,993300
10,1183,dense,657400
10,1184,dense,1234700
10,1184,structured_50,467800
10,1185,structured_50,420600
10,1185,dense,580100
10,1186,dense,523700
10,1186,structured_50,415100
10,1187,structured_50,397600
10,1187,dense,527300
10,1188,dense,497800
10,1188,structured_50,376600
10,1189,structured_50,370700
10,1189,dense,494900
10,1190,dense,492700
10,1190,structured_50,401400
10,1191,structured_50,389600
10,1191,dense,489100
10,1192,dense,524200
10,1192,structured_50,524300
10,1193,structured_50,1126200
10,1193,dense,609000
10,1194,dense,566900
10,1194,structured_50,450100
10,1195,structured_50,419900
10,1195,dense,533900
10,1196,dense,570300
10,1196,structured_50,415700
10,1197,structured_50,453700
10,1197,dense,523600
10,1198,dense,526100
10,1198,structured_50,410200
10,1199,structured_50,397400
10,1199,dense,501900
10,1200,dense,503500
10,1200,structured_50,412900
10,1201,structured_50,436200
10,1201,dense,501600
10,1202,dense,492100
10,1202,structured_50,425600
10,1203,structured_50,400200
10,1203,dense,493900
10,1204,dense,502900
10,1204,structured_50,451400
10,1205,structured_50,432800
10,1205,dense,503500
10,1206,dense,493400
10,1206,structured_50,397500
10,1207,structured_50,422300
10,1207,dense,489600
10,1208,dense,482100
10,1208,structured_50,389900
10,1209,structured_50,410900
10,1209,dense,489200
10,1210,dense,489200
10,1210,structured_50,398000
10,1211,structured_50,389900
10,1211,dense,515400
10,1212,dense,485500
10,1212,structured_50,386100
10,1213,structured_50,385300
10,1213,dense,502900
10,1214,dense,498100
10,1214,structured_50,396100
10,1215,structured_50,387000
10,1215,dense,479700
10,1216,dense,511200
10,1216,structured_50,401800
10,1217,structured_50,428200
10,1217,dense,508300
10,1218,dense,537600
10,1218,structured_50,405400
10,1219,structured_50,386300
10,1219,dense,485400
10,1220,dense,513800
10,1220,structured_50,400000
10,1221,structured_50,387300
10,1221,dense,483700
10,1222,dense,484200
10,1222,structured_50,417800
10,1223,structured_50,396900
10,1223,dense,481900
10,1224,dense,495500
10,1224,structured_50,443600
10,1225,structured_50,411200
10,1225,dense,486500
10,1226,dense,480700
10,1226,structured_50,387500
10,1227,structured_50,428800
10,1227,dense,487100
10,1228,dense,533000
10,1228,structured_50,620800
10,1229,structured_50,536200
10,1229,dense,770800
10,1230,dense,533100
10,1230,structured_50,411600
10,1231,structured_50,471200
10,1231,dense,521100
10,1232,dense,514500
10,1232,structured_50,403100
10,1233,structured_50,487600
10,1233,dense,954400
10,1234,dense,524300
10,1234,structured_50,411500
10,1235,structured_50,398600
10,1235,dense,525900
10,1236,dense,500000
10,1236,structured_50,402900
10,1237,structured_50,400300
10,1237,dense,509300
10,1238,dense,504600
10,1238,structured_50,394900
10,1239,structured_50,1273200
10,1239,dense,636400
10,1240,dense,527300
10,1240,structured_50,421100
10,1241,structured_50,436500
10,1241,dense,506100
10,1242,dense,499400
10,1242,structured_50,393300
10,1243,structured_50,419400
10,1243,dense,492700
10,1244,dense,494900
10,1244,structured_50,394600
10,1245,structured_50,420600
10,1245,dense,491100
10,1246,dense,500100
10,1246,structured_50,406200
10,1247,structured_50,414500
10,1247,dense,511900
10,1248,dense,495100
10,1248,structured_50,395100
10,1249,structured_50,416100
10,1249,dense,520500
10,1250,dense,589900
10,1250,structured_50,708800
10,1251,structured_50,745000
10,1251,dense,587800
10,1252,dense,520500
10,1252,structured_50,440000
10,1253,structured_50,397400
10,1253,dense,492100
10,1254,dense,483800
10,1254,structured_50,492900
10,1255,structured_50,435000
10,1255,dense,488000
10,1256,dense,487400
10,1256,structured_50,396900
10,1257,structured_50,425400
10,1257,dense,487500
10,1258,dense,490700
10,1258,structured_50,386400
10,1259,structured_50,407300
10,1259,dense,502600
10,1260,dense,519500
10,1260,structured_50,415000
10,1261,structured_50,422600
10,1261,dense,831900
10,1262,dense,602600
10,1262,structured_50,449900
10,1263,structured_50,476300
10,1263,dense,553700
10,1264,dense,516900
10,1264,structured_50,412100
10,1265,structured_50,443500
10,1265,dense,518800
10,1266,dense,515700
10,1266,structured_50,412700
10,1267,structured_50,630000
10,1267,dense,693800
10,1268,dense,564900
10,1268,structured_50,431000
10,1269,structured_50,413300
10,1269,dense,517600
10,1270,dense,550900
10,1270,structured_50,418100
10,1271,structured_50,398900
10,1271,dense,695300
10,1272,dense,552500
10,1272,structured_50,682800
10,1273,structured_50,426700
10,1273,dense,516300
10,1274,dense,505000
10,1274,structured_50,432800
10,1275,structured_50,396800
10,1275,dense,509200
10,1276,dense,491800
10,1276,structured_50,416900
10,1277,structured_50,410300
10,1277,dense,497900
10,1278,dense,507300
10,1278,structured_50,407300
10,1279,structured_50,459900
10,1279,dense,547800
10,1280,dense,532300
10,1280,structured_50,420000
10,1281,structured_50,447800
10,1281,dense,521400
10,1282,dense,527700
10,1282,structured_50,418600
10,1283,structured_50,435700
10,1283,dense,537400
10,1284,dense,548300
10,1284,structured_50,439700
10,1285,structured_50,456200
10,1285,dense,538300
10,1286,dense,524100
10,1286,structured_50,422400
10,1287,structured_50,439400
10,1287,dense,534600
10,1288,dense,533400
10,1288,structured_50,429300
10,1289,structured_50,412400
10,1289,dense,547500
10,1290,dense,578400
10,1290,structured_50,500400
10,1291,structured_50,452300
10,1291,dense,544000
10,1292,dense,529800
10,1292,structured_50,420200
10,1293,structured_50,410900
10,1293,dense,574500
10,1294,dense,516800
10,1294,structured_50,421400
10,1295,structured_50,425200
10,1295,dense,833600
10,1296,dense,543200
10,1296,structured_50,423700
10,1297,structured_50,439000
10,1297,dense,517900
10,1298,dense,509900
10,1298,structured_50,412200
10,1299,structured_50,427400
10,1299,dense,516500
10,1300,dense,506600
10,1300,structured_50,404300
10,1301,structured_50,401100
10,1301,dense,533600
10,1302,dense,518400
10,1302,structured_50,419100
10,1303,structured_50,426300
10,1303,dense,546400
10,1304,dense,548300
10,1304,structured_50,420800
10,1305,structured_50,416500
10,1305,dense,599100
10,1306,dense,570900
10,1306,structured_50,615500
10,1307,structured_50,454700
10,1307,dense,585700
10,1308,dense,539100
10,1308,structured_50,422000
10,1309,structured_50,417200
10,1309,dense,550300
10,1310,dense,538100
10,1310,structured_50,436200
10,1311,structured_50,415500
10,1311,dense,567900
10,1312,dense,526800
10,1312,structured_50,422300
10,1313,structured_50,496300
10,1313,dense,583500
10,1314,dense,596400
10,1314,structured_50,427100
10,1315,structured_50,418600
10,1315,dense,562600
10,1316,dense,518200
10,1316,structured_50,418800
10,1317,structured_50,409400
10,1317,dense,719300
10,1318,dense,589300
10,1318,structured_50,469000
10,1319,structured_50,466300
10,1319,dense,552500
10,1320,dense,575600
10,1320,structured_50,545800
10,1321,structured_50,428100
10,1321,dense,518200
10,1322,dense,516800
10,1322,structured_50,408900
10,1323,structured_50,387900
10,1323,dense,483400
10,1324,dense,508300
10,1324,structured_50,399400
10,1325,structured_50,389900
10,1325,dense,480900
10,1326,dense,519200
10,1326,structured_50,423700
10,1327,structured_50,392700
10,1327,dense,491200
10,1328,dense,483500
10,1328,structured_50,416600
10,1329,structured_50,421700
10,1329,dense,512000
10,1330,dense,502500
10,1330,structured_50,415800
10,1331,structured_50,408400
10,1331,dense,498500
10,1332,dense,498200
10,1332,structured_50,388400
10,1333,structured_50,409800
10,1333,dense,486900
10,1334,dense,492000
10,1334,structured_50,386900
10,1335,structured_50,393100
10,1335,dense,506100
10,1336,dense,487700
10,1336,structured_50,395000
10,1337,structured_50,387600
10,1337,dense,513600
10,1338,dense,501400
10,1338,structured_50,405100
10,1339,structured_50,393700
10,1339,dense,517300
10,1340,dense,517900
10,1340,structured_50,593900
10,1341,structured_50,798700
10,1341,dense,580800
10,1342,dense,551700
10,1342,structured_50,472600
10,1343,structured_50,493300
10,1343,dense,568000
10,1344,dense,530000
10,1344,structured_50,431500
10,1345,structured_50,439900
10,1345,dense,503300
10,1346,dense,496900
10,1346,structured_50,402300
10,1347,structured_50,419100
10,1347,dense,512600
10,1348,dense,495900
10,1348,structured_50,395000
10,1349,structured_50,382300
10,1349,dense,507800
10,1350,dense,487300
10,1350,structured_50,395800
10,1351,structured_50,391400
10,1351,dense,545100
10,1352,dense,499000
10,1352,structured_50,573000
10,1353,structured_50,454700
10,1353,dense,516400
10,1354,dense,501500
10,1354,structured_50,438500
10,1355,structured_50,410300
10,1355,dense,508300
10,1356,dense,507200
10,1356,structured_50,693700
10,1357,structured_50,705200
10,1357,dense,819200
10,1358,dense,819900
10,1358,structured_50,661500
10,1359,structured_50,756500
10,1359,dense,839300
10,1360,dense,832300
10,1360,structured_50,722500
10,1361,structured_50,913100
10,1361,dense,1058200
10,1362,dense,1060400
10,1362,structured_50,840800
10,1363,structured_50,868000
10,1363,dense,977400
10,1364,dense,1004300
10,1364,structured_50,814100
10,1365,structured_50,862200
10,1365,dense,1018600
10,1366,dense,896100
10,1366,structured_50,549600
10,1367,structured_50,536400
10,1367,dense,783800
10,1368,dense,617300
10,1368,structured_50,535200
10,1369,structured_50,480200
10,1369,dense,572700
10,1370,dense,579000
10,1370,structured_50,479700
10,1371,structured_50,446200
10,1371,dense,550500
10,1372,dense,550500
10,1372,structured_50,496100
10,1373,structured_50,432000
10,1373,dense,536000
10,1374,dense,534800
10,1374,structured_50,471600
10,1375,structured_50,534700
10,1375,dense,530200
10,1376,dense,521900
10,1376,structured_50,471200
10,1377,structured_50,423000
10,1377,dense,694500
10,1378,dense,860000
10,1378,structured_50,472200
10,1379,structured_50,429800
10,1379,dense,568000
10,1380,dense,522800
10,1380,structured_50,424200
10,1381,structured_50,409600
10,1381,dense,545300
10,1382,dense,532000
10,1382,structured_50,409600
10,1383,structured_50,397700
10,1383,dense,531600
10,1384,dense,521000
10,1384,structured_50,406000
10,1385,structured_50,417700
10,1385,dense,501400
10,1386,dense,493200
10,1386,structured_50,414200
10,1387,structured_50,417200
10,1387,dense,500800
10,1388,dense,514900
10,1388,structured_50,411300
10,1389,structured_50,646200
10,1389,dense,713600
10,1390,dense,648400
10,1390,structured_50,431900
10,1391,structured_50,402100
10,1391,dense,493900
10,1392,dense,496000
10,1392,structured_50,424800
10,1393,structured_50,399200
10,1393,dense,490100
10,1394,dense,500000
10,1394,structured_50,421100
10,1395,structured_50,413800
10,1395,dense,492700
10,1396,dense,492100
10,1396,structured_50,535100
10,1397,structured_50,422900
10,1397,dense,499700
10,1398,dense,489200
10,1398,structured_50,418100
10,1399,structured_50,402600
10,1399,dense,593700
10,1400,dense,507300
10,1400,structured_50,680600
10,1401,structured_50,468800
10,1401,dense,544400
10,1402,dense,526400
10,1402,structured_50,404100
10,1403,structured_50,428300
10,1403,dense,499400
10,1404,dense,495600
10,1404,structured_50,464100
10,1405,structured_50,450500
10,1405,dense,493800
10,1406,dense,495300
10,1406,structured_50,389700
10,1407,structured_50,386400
10,1407,dense,513500
10,1408,dense,492100
10,1408,structured_50,406000
10,1409,structured_50,410500
10,1409,dense,505300
10,1410,dense,505300
10,1410,structured_50,397100
10,1411,structured_50,414000
10,1411,dense,1188200
10,1412,dense,560000
10,1412,structured_50,462300
10,1413,structured_50,438000
10,1413,dense,512600
10,1414,dense,509300
10,1414,structured_50,401800
10,1415,structured_50,390600
10,1415,dense,529600
10,1416,dense,495600
10,1416,structured_50,398600
10,1417,structured_50,390400
10,1417,dense,515000
10,1418,dense,491100
10,1418,structured_50,393800
10,1419,structured_50,387400
10,1419,dense,508900
10,1420,dense,513900
10,1420,structured_50,392000
10,1421,structured_50,396200
10,1421,dense,485800
10,1422,dense,517600
10,1422,structured_50,418900
10,1423,structured_50,406300
10,1423,dense,922400
10,1424,dense,542300
10,1424,structured_50,450300
10,1425,structured_50,447200
10,1425,dense,506100
10,1426,dense,494100
10,1426,structured_50,404200
10,1427,structured_50,409200
10,1427,dense,523600
10,1428,dense,491300
10,1428,structured_50,394300
10,1429,structured_50,388200
10,1429,dense,791300
10,1430,dense,585000
10,1430,structured_50,452000
10,1431,structured_50,502500
10,1431,dense,515600
10,1432,dense,502100
10,1432,structured_50,397400
10,1433,structured_50,417200
10,1433,dense,502000
10,1434,dense,739600
10,1434,structured_50,742900
10,1435,structured_50,708000
10,1435,dense,541300
10,1436,dense,560700
10,1436,structured_50,700800
10,1437,structured_50,510200
10,1437,dense,617400
10,1438,dense,545700
10,1438,structured_50,403300
10,1439,structured_50,437300
10,1439,dense,492300
10,1440,dense,491400
10,1440,structured_50,392100
10,1441,structured_50,406900
10,1441,dense,501400
10,1442,dense,480800
10,1442,structured_50,396400
10,1443,structured_50,399300
10,1443,dense,554800
10,1444,dense,570900
10,1444,structured_50,560000
10,1445,structured_50,688100
10,1445,dense,585600
10,1446,dense,562500
10,1446,structured_50,457600
10,1447,structured_50,416200
10,1447,dense,514100
10,1448,dense,519200
10,1448,structured_50,434400
10,1449,structured_50,417300
10,1449,dense,506600
10,1450,dense,508400
10,1450,structured_50,434400
10,1451,structured_50,405000
10,1451,dense,511400
10,1452,dense,512500
10,1452,structured_50,435300
10,1453,structured_50,460100
10,1453,dense,519300
10,1454,dense,513100
10,1454,structured_50,430100
10,1455,structured_50,420700
10,1455,dense,515800
10,1456,dense,869800
10,1456,structured_50,595900
10,1457,structured_50,460000
10,1457,dense,540500
10,1458,dense,520300
10,1458,structured_50,436900
10,1459,structured_50,416700
10,1459,dense,504200
10,1460,dense,503000
10,1460,structured_50,405700
10,1461,structured_50,431600
10,1461,dense,505800
10,1462,dense,500600
10,1462,structured_50,402700
10,1463,structured_50,428300
10,1463,dense,501900
10,1464,dense,498600
10,1464,structured_50,408100
10,1465,structured_50,482600
10,1465,dense,517400
10,1466,dense,633100
10,1466,structured_50,1142100
10,1467,structured_50,523600
10,1467,dense,555200
10,1468,dense,550400
10,1468,structured_50,429100
10,1469,structured_50,403900
10,1469,dense,497100
10,1470,dense,501600
10,1470,structured_50,457500
10,1471,structured_50,399200
10,1471,dense,521500
10,1472,dense,500000
10,1472,structured_50,427500
10,1473,structured_50,394500
10,1473,dense,486400
10,1474,dense,486400
10,1474,structured_50,396500
10,1475,structured_50,417200
10,1475,dense,493200
10,1476,dense,498100
10,1476,structured_50,406400
10,1477,structured_50,401700
10,1477,dense,960300
10,1478,dense,595100
10,1478,structured_50,469800
10,1479,structured_50,422400
10,1479,dense,512300
10,1480,dense,499800
10,1480,structured_50,428800
10,1481,structured_50,406800
10,1481,dense,490200
10,1482,dense,504500
10,1482,structured_50,425100
10,1483,structured_50,428300
10,1483,dense,503200
10,1484,dense,485500
10,1484,structured_50,391400
10,1485,structured_50,413000
10,1485,dense,491900
10,1486,dense,498100
10,1486,structured_50,398300
10,1487,structured_50,395100
10,1487,dense,515400
10,1488,dense,496800
10,1488,structured_50,444400
10,1489,structured_50,449600
10,1489,dense,833500
10,1490,dense,545000
10,1490,structured_50,456200
10,1491,structured_50,417200
10,1491,dense,498700
10,1492,dense,495600
10,1492,structured_50,442200
10,1493,structured_50,414200
10,1493,dense,493100
10,1494,dense,499100
10,1494,structured_50,421900
10,1495,structured_50,401000
10,1495,dense,487800
10,1496,dense,484600
10,1496,structured_50,387200
10,1497,structured_50,416500
10,1497,dense,494500
10,1498,dense,488800
10,1498,structured_50,389200
10,1499,structured_50,619400
10,1499,dense,538300
10,1500,dense,590500
10,1500,structured_50,878400
10,1501,structured_50,474400
10,1501,dense,528600
10,1502,dense,528000
10,1502,structured_50,456700
10,1503,structured_50,472900
10,1503,dense,694600
10,1504,dense,806100
10,1504,structured_50,531000
10,1505,structured_50,519300
10,1505,dense,621500
10,1506,dense,655600
10,1506,structured_50,508400
10,1507,structured_50,499000
10,1507,dense,643000
10,1508,dense,631300
10,1508,structured_50,507800
10,1509,structured_50,488200
10,1509,dense,649400
10,1510,dense,629900
10,1510,structured_50,649600
10,1511,structured_50,566100
10,1511,dense,638100
10,1512,dense,638700
10,1512,structured_50,526300
10,1513,structured_50,512900
10,1513,dense,612900
10,1514,dense,625900
10,1514,structured_50,529500
10,1515,structured_50,500300
10,1515,dense,616800
10,1516,dense,640200
10,1516,structured_50,505300
10,1517,structured_50,495700
10,1517,dense,615000
10,1518,dense,651200
10,1518,structured_50,503200
10,1519,structured_50,502600
10,1519,dense,649800
10,1520,dense,998200
10,1520,structured_50,576700
10,1521,structured_50,634700
10,1521,dense,622700
10,1522,dense,613300
10,1522,structured_50,493100
10,1523,structured_50,484100
10,1523,dense,580600
10,1524,dense,666100
10,1524,structured_50,481700
10,1525,structured_50,459800
10,1525,dense,562300
10,1526,dense,591100
10,1526,structured_50,452400
10,1527,structured_50,447900
10,1527,dense,540000
10,1528,dense,562700
10,1528,structured_50,434800
10,1529,structured_50,437500
10,1529,dense,550500
10,1530,dense,924600
10,1530,structured_50,485700
10,1531,structured_50,464800
10,1531,dense,533300
10,1532,dense,517600
10,1532,structured_50,422400
10,1533,structured_50,434700
10,1533,dense,507100
10,1534,dense,517200
10,1534,structured_50,402800
10,1535,structured_50,414100
10,1535,dense,489700
10,1536,dense,493800
10,1536,structured_50,390400
10,1537,structured_50,393100
10,1537,dense,521800
10,1538,dense,489000
10,1538,structured_50,393200
10,1539,structured_50,394300
10,1539,dense,733600
10,1540,dense,543200
10,1540,structured_50,419800
10,1541,structured_50,642800
10,1541,dense,510600
10,1542,dense,502500
10,1542,structured_50,419500
10,1543,structured_50,410800
10,1543,dense,511900
10,1544,dense,498000
10,1544,structured_50,391000
10,1545,structured_50,416100
10,1545,dense,490400
10,1546,dense,486700
10,1546,structured_50,388000
10,1547,structured_50,403600
10,1547,dense,498400
10,1548,dense,503000
10,1548,structured_50,395600
10,1549,structured_50,416700
10,1549,dense,519300
10,1550,dense,494500
10,1550,structured_50,388000
10,1551,structured_50,395400
10,1551,dense,541700
10,1552,dense,521100
10,1552,structured_50,721300
10,1553,structured_50,524700
10,1553,dense,538000
10,1554,dense,549500
10,1554,structured_50,432500
10,1555,structured_50,416500
10,1555,dense,512000
10,1556,dense,528300
10,1556,structured_50,473400
10,1557,structured_50,458800
10,1557,dense,558600
10,1558,dense,565600
10,1558,structured_50,492000
10,1559,structured_50,458700
10,1559,dense,563500
10,1560,dense,608100
10,1560,structured_50,484500
10,1561,structured_50,459300
10,1561,dense,549200
10,1562,dense,582100
10,1562,structured_50,445900
10,1563,structured_50,457600
10,1563,dense,902200
10,1564,dense,635800
10,1564,structured_50,479400
10,1565,structured_50,446500
10,1565,dense,529300
10,1566,dense,563900
10,1566,structured_50,436100
10,1567,structured_50,423800
10,1567,dense,538700
10,1568,dense,558600
10,1568,structured_50,413200
10,1569,structured_50,407100
10,1569,dense,503100
10,1570,dense,527000
10,1570,structured_50,408700
10,1571,structured_50,812700
10,1571,dense,867100
10,1572,dense,848100
10,1572,structured_50,840100
10,1573,structured_50,749200
10,1573,dense,609800
10,1574,dense,563200
10,1574,structured_50,494600
10,1575,structured_50,415900
10,1575,dense,502700
10,1576,dense,495200
10,1576,structured_50,434500
10,1577,structured_50,409100
10,1577,dense,495900
10,1578,dense,486400
10,1578,structured_50,408300
10,1579,structured_50,407800
10,1579,dense,488500
10,1580,dense,483000
10,1580,structured_50,405500
10,1581,structured_50,410700
10,1581,dense,490200
10,1582,dense,496900
10,1582,structured_50,385700
10,1583,structured_50,411600
10,1583,dense,503900
10,1584,dense,494200
10,1584,structured_50,455200
10,1585,structured_50,960700
10,1585,dense,627100
10,1586,dense,544600
10,1586,structured_50,444800
10,1587,structured_50,428700
10,1587,dense,508400
10,1588,dense,525400
10,1588,structured_50,419600
10,1589,structured_50,435000
10,1589,dense,508200
10,1590,dense,503700
10,1590,structured_50,403600
10,1591,structured_50,427700
10,1591,dense,496000
10,1592,dense,494200
10,1592,structured_50,397200
10,1593,structured_50,390900
10,1593,dense,527100
10,1594,dense,544000
10,1594,structured_50,417400
10,1595,structured_50,911700
10,1595,dense,1224400
10,1596,dense,663300
10,1596,structured_50,481600
10,1597,structured_50,437300
10,1597,dense,529100
10,1598,dense,542300
10,1598,structured_50,425400
10,1599,structured_50,408000
10,1599,dense,499100
10,1600,dense,508600
10,1600,structured_50,426700
10,1601,structured_50,401400
10,1601,dense,488800
10,1602,dense,618700
10,1602,structured_50,417000
10,1603,structured_50,399500
10,1603,dense,521300
10,1604,dense,569400
10,1604,structured_50,525400
10,1605,structured_50,435000
10,1605,dense,500700
10,1606,dense,814600
10,1606,structured_50,455300
10,1607,structured_50,413900
10,1607,dense,524200
10,1608,dense,542600
10,1608,structured_50,405100
10,1609,structured_50,398400
10,1609,dense,506200
10,1610,dense,533700
10,1610,structured_50,481200
10,1611,structured_50,408100
10,1611,dense,812900
10,1612,dense,539500
10,1612,structured_50,424100
10,1613,structured_50,403800
10,1613,dense,521400
10,1614,dense,494000
10,1614,structured_50,427700
10,1615,structured_50,396300
10,1615,dense,527300
10,1616,dense,1253100
10,1616,structured_50,736300
10,1617,structured_50,455200
10,1617,dense,571400
10,1618,dense,594500
10,1618,structured_50,472800
10,1619,structured_50,412800
10,1619,dense,500200
10,1620,dense,521600
10,1620,structured_50,411900
10,1621,structured_50,390700
10,1621,dense,480500
10,1622,dense,491600
10,1622,structured_50,421000
10,1623,structured_50,399800
10,1623,dense,480200
10,1624,dense,488700
10,1624,structured_50,406700
10,1625,structured_50,395600
10,1625,dense,486900
10,1626,dense,493000
10,1626,structured_50,393900
10,1627,structured_50,1193300
10,1627,dense,653500
10,1628,dense,541600
10,1628,structured_50,432100
10,1629,structured_50,427400
10,1629,dense,492900
10,1630,dense,510500
10,1630,structured_50,409900
10,1631,structured_50,437000
10,1631,dense,514700
10,1632,dense,527200
10,1632,structured_50,417500
10,1633,structured_50,450800
10,1633,dense,524600
10,1634,dense,532800
10,1634,structured_50,436500
10,1635,structured_50,454100
10,1635,dense,540800
10,1636,dense,566100
10,1636,structured_50,449200
10,1637,structured_50,501900
10,1637,dense,1023700
10,1638,dense,953300
10,1638,structured_50,747100
10,1639,structured_50,686400
10,1639,dense,848200
10,1640,dense,857300
10,1640,structured_50,688600
10,1641,structured_50,718700
10,1641,dense,848600
10,1642,dense,860000
10,1642,structured_50,719400
10,1643,structured_50,694000
10,1643,dense,847900
10,1644,dense,854500
10,1644,structured_50,929000
10,1645,structured_50,659400
10,1645,dense,746400
10,1646,dense,579500
10,1646,structured_50,468700
10,1647,structured_50,472900
10,1647,dense,581700
10,1648,dense,726200
10,1648,structured_50,456700
10,1649,structured_50,428200
10,1649,dense,530400
10,1650,dense,560000
10,1650,structured_50,428600
10,1651,structured_50,422800
10,1651,dense,516700
10,1652,dense,540800
10,1652,structured_50,422700
10,1653,structured_50,406500
10,1653,dense,494600
10,1654,dense,680000
10,1654,structured_50,458400
10,1655,structured_50,779200
10,1655,dense,605700
10,1656,dense,538400
10,1656,structured_50,408900
10,1657,structured_50,430300
10,1657,dense,533500
10,1658,dense,497400
10,1658,structured_50,395300
10,1659,structured_50,453300
10,1659,dense,494800
10,1660,dense,488700
10,1660,structured_50,398100
10,1661,structured_50,416300
10,1661,dense,516200
10,1662,dense,535100
10,1662,structured_50,417200
10,1663,structured_50,429700
10,1663,dense,560600
10,1664,dense,685200
10,1664,structured_50,420200
10,1665,structured_50,429900
10,1665,dense,743300
10,1666,dense,956100
10,1666,structured_50,880000
10,1667,structured_50,499200
10,1667,dense,538200
10,1668,dense,570300
10,1668,structured_50,424100
10,1669,structured_50,404200
10,1669,dense,505500
10,1670,dense,503400
10,1670,structured_50,438000
10,1671,structured_50,430800
10,1671,dense,501000
10,1672,dense,524900
10,1672,structured_50,463800
10,1673,structured_50,404900
10,1673,dense,497200
10,1674,dense,497400
10,1674,structured_50,420800
10,1675,structured_50,406600
10,1675,dense,599000
10,1676,dense,782800
10,1676,structured_50,559900
10,1677,structured_50,469500
10,1677,dense,555400
10,1678,dense,565800
10,1678,structured_50,434300
10,1679,structured_50,437800
10,1679,dense,503600
10,1680,dense,492200
10,1680,structured_50,391300
10,1681,structured_50,409700
10,1681,dense,525400
10,1682,dense,487000
10,1682,structured_50,390400
10,1683,structured_50,386300
10,1683,dense,506500
10,1684,dense,494700
10,1684,structured_50,390700
10,1685,structured_50,394900
10,1685,dense,508600
10,1686,dense,501600
10,1686,structured_50,391800
10,1687,structured_50,393800
10,1687,dense,486100
10,1688,dense,534000
10,1688,structured_50,406300
10,1689,structured_50,393500
10,1689,dense,494500
10,1690,dense,508800
10,1690,structured_50,397200
10,1691,structured_50,393700
10,1691,dense,478100
10,1692,dense,501400
10,1692,structured_50,411900
10,1693,structured_50,393900
10,1693,dense,477500
10,1694,dense,499700
10,1694,structured_50,413300
10,1695,structured_50,388300
10,1695,dense,493400
10,1696,dense,488400
10,1696,structured_50,396500
10,1697,structured_50,437300
10,1697,dense,534500
10,1698,dense,531100
10,1698,structured_50,430200
10,1699,structured_50,466700
10,1699,dense,558700
10,1700,dense,818000
10,1700,structured_50,566400
10,1701,structured_50,453000
10,1701,dense,536900
10,1702,dense,565300
10,1702,structured_50,442500
10,1703,structured_50,421100
10,1703,dense,526600
10,1704,dense,553300
10,1704,structured_50,448200
10,1705,structured_50,419200
10,1705,dense,524600
10,1706,dense,536900
10,1706,structured_50,441000
10,1707,structured_50,424000
10,1707,dense,523700
10,1708,dense,521700
10,1708,structured_50,440800
10,1709,structured_50,422300
10,1709,dense,510000
10,1710,dense,532600
10,1710,structured_50,461900
10,1711,structured_50,728500
10,1711,dense,555000
10,1712,dense,520400
10,1712,structured_50,458200
10,1713,structured_50,415600
10,1713,dense,500600
10,1714,dense,531800
10,1714,structured_50,436800
10,1715,structured_50,408900
10,1715,dense,497800
10,1716,dense,493900
10,1716,structured_50,395700
10,1717,structured_50,427600
10,1717,dense,497400
10,1718,dense,502600
10,1718,structured_50,397700
10,1719,structured_50,426700
10,1719,dense,510200
10,1720,dense,495800
10,1720,structured_50,397500
10,1721,structured_50,406300
10,1721,dense,508800
10,1722,dense,521700
10,1722,structured_50,802400
10,1723,structured_50,643600
10,1723,dense,519500
10,1724,dense,566600
10,1724,structured_50,402500
10,1725,structured_50,393400
10,1725,dense,482600
10,1726,dense,512300
10,1726,structured_50,399200
10,1727,structured_50,396700
10,1727,dense,486000
10,1728,dense,489800
10,1728,structured_50,418500
10,1729,structured_50,391800
10,1729,dense,483900
10,1730,dense,491700
10,1730,structured_50,796900
10,1731,structured_50,439800
10,1731,dense,507300
10,1732,dense,491800
10,1732,structured_50,421900
10,1733,structured_50,396400
10,1733,dense,755900
10,1734,dense,550800
10,1734,structured_50,414600
10,1735,structured_50,395300
10,1735,dense,521300
10,1736,dense,491600
10,1736,structured_50,391700
10,1737,structured_50,394500
10,1737,dense,513100
10,1738,dense,492200
10,1738,structured_50,401500
10,1739,structured_50,383500
10,1739,dense,481600
10,1740,dense,515800
10,1740,structured_50,401500
10,1741,structured_50,387400
10,1741,dense,494100
10,1742,dense,500400
10,1742,structured_50,389100
10,1743,structured_50,394000
10,1743,dense,488500
10,1744,dense,510100
10,1744,structured_50,395200
10,1745,structured_50,399400
10,1745,dense,776200
10,1746,dense,533300
10,1746,structured_50,445200
10,1747,structured_50,404200
10,1747,dense,521300
10,1748,dense,539200
10,1748,structured_50,442600
10,1749,structured_50,414300
10,1749,dense,518100
10,1750,dense,487400
10,1750,structured_50,415500
10,1751,structured_50,408400
10,1751,dense,489500
10,1752,dense,487100
10,1752,structured_50,390700
10,1753,structured_50,413400
10,1753,dense,496100
10,1754,dense,502700
10,1754,structured_50,486100
10,1755,structured_50,417000
10,1755,dense,485900
10,1756,dense,491100
10,1756,structured_50,418200
10,1757,structured_50,1202900
10,1757,dense,610100
10,1758,dense,492900
10,1758,structured_50,422000
10,1759,structured_50,389700
10,1759,dense,470600
10,1760,dense,471200
10,1760,structured_50,374300
10,1761,structured_50,403000
10,1761,dense,466100
10,1762,dense,471100
10,1762,structured_50,371200
10,1763,structured_50,375000
10,1763,dense,527600
10,1764,dense,498300
10,1764,structured_50,403500
10,1765,structured_50,384900
10,1765,dense,493900
10,1766,dense,480700
10,1766,structured_50,373700
10,1767,structured_50,377400
10,1767,dense,503900
10,1768,dense,826100
10,1768,structured_50,725500
10,1769,structured_50,649500
10,1769,dense,579000
10,1770,dense,553500
10,1770,structured_50,438100
10,1771,structured_50,439200
10,1771,dense,510100
10,1772,dense,510500
10,1772,structured_50,391300
10,1773,structured_50,388900
10,1773,dense,513700
10,1774,dense,505400
10,1774,structured_50,403200
10,1775,structured_50,409200
10,1775,dense,532400
10,1776,dense,737500
10,1776,structured_50,424400
10,1777,structured_50,399900
10,1777,dense,517600
10,1778,dense,501300
10,1778,structured_50,402800
10,1779,structured_50,1407900
10,1779,dense,882600
10,1780,dense,530000
10,1780,structured_50,421700
10,1781,structured_50,415400
10,1781,dense,518800
10,1782,dense,504800
10,1782,structured_50,404700
10,1783,structured_50,392300
10,1783,dense,517100
10,1784,dense,558900
10,1784,structured_50,414200
10,1785,structured_50,393900
10,1785,dense,557700
10,1786,dense,501100
10,1786,structured_50,409400
10,1787,structured_50,395500
10,1787,dense,516400
10,1788,dense,497800
10,1788,structured_50,399200
10,1789,structured_50,453100
10,1789,dense,802200
10,1790,dense,808400
10,1790,structured_50,478700
10,1791,structured_50,424700
10,1791,dense,497000
10,1792,dense,493600
10,1792,structured_50,431700
10,1793,structured_50,395600
10,1793,dense,486500
10,1794,dense,481500
10,1794,structured_50,390800
10,1795,structured_50,419000
10,1795,dense,488400
10,1796,dense,483900
10,1796,structured_50,389700
10,1797,structured_50,413000
10,1797,dense,488900
10,1798,dense,483400
10,1798,structured_50,386700
10,1799,structured_50,391700
10,1799,dense,515000
10,1800,dense,484800
10,1800,structured_50,400000
10,1801,structured_50,413700
10,1801,dense,815400
10,1802,dense,542000
10,1802,structured_50,426200
10,1803,structured_50,461100
10,1803,dense,510400
10,1804,dense,499400
10,1804,structured_50,395500
10,1805,structured_50,397400
10,1805,dense,507100
10,1806,dense,515000
10,1806,structured_50,401600
10,1807,structured_50,393200
10,1807,dense,501300
10,1808,dense,490000
10,1808,structured_50,389500
10,1809,structured_50,385600
10,1809,dense,478000
10,1810,dense,510400
10,1810,structured_50,394100
10,1811,structured_50,392800
10,1811,dense,497200
10,1812,dense,505500
10,1812,structured_50,409200
10,1813,structured_50,395500
10,1813,dense,869700
10,1814,dense,547700
10,1814,structured_50,424700
10,1815,structured_50,441300
10,1815,dense,507400
10,1816,dense,490000
10,1816,structured_50,394700
10,1817,structured_50,400300
10,1817,dense,514300
10,1818,dense,492200
10,1818,structured_50,398300
10,1819,structured_50,394900
10,1819,dense,509600
10,1820,dense,498800
10,1820,structured_50,388800
10,1821,structured_50,386800
10,1821,dense,498800
10,1822,dense,524400
10,1822,structured_50,394000
10,1823,structured_50,651200
10,1823,dense,516800
10,1824,dense,503500
10,1824,structured_50,440800
10,1825,structured_50,466800
10,1825,dense,521300
10,1826,dense,508900
10,1826,structured_50,448800
10,1827,structured_50,414600
10,1827,dense,508200
10,1828,dense,490000
10,1828,structured_50,392000
10,1829,structured_50,428100
10,1829,dense,491500
10,1830,dense,487800
10,1830,structured_50,405300
10,1831,structured_50,408200
10,1831,dense,500500
10,1832,dense,496200
10,1832,structured_50,392200
10,1833,structured_50,412800
10,1833,dense,490400
10,1834,dense,487900
10,1834,structured_50,389500
10,1835,structured_50,388200
10,1835,dense,513300
10,1836,dense,499500
10,1836,structured_50,428800
10,1837,structured_50,630300
10,1837,dense,540700
10,1838,dense,500600
10,1838,structured_50,393700
10,1839,structured_50,430800
10,1839,dense,488900
10,1840,dense,577900
10,1840,structured_50,397300
10,1841,structured_50,421600
10,1841,dense,521200
10,1842,dense,484700
10,1842,structured_50,392800
10,1843,structured_50,416100
10,1843,dense,498900
10,1844,dense,483700
10,1844,structured_50,388300
10,1845,structured_50,388500
10,1845,dense,518500
10,1846,dense,491800
10,1846,structured_50,391300
10,1847,structured_50,386900
10,1847,dense,510700
10,1848,dense,497400
10,1848,structured_50,411900
10,1849,structured_50,426800
10,1849,dense,534000
10,1850,dense,512900
10,1850,structured_50,398300
10,1851,structured_50,395600
10,1851,dense,505100
10,1852,dense,493600
10,1852,structured_50,388200
10,1853,structured_50,384800
10,1853,dense,478500
10,1854,dense,515200
10,1854,structured_50,408100
10,1855,structured_50,404600
10,1855,dense,477400
10,1856,dense,509000
10,1856,structured_50,399400
10,1857,structured_50,385600
10,1857,dense,549900
10,1858,dense,531000
10,1858,structured_50,394800
10,1859,structured_50,398500
10,1859,dense,508900
10,1860,dense,526600
10,1860,structured_50,422700
10,1861,structured_50,402600
10,1861,dense,501500
10,1862,dense,493400
10,1862,structured_50,423000
10,1863,structured_50,391800
10,1863,dense,492500
10,1864,dense,479900
10,1864,structured_50,417800
10,1865,structured_50,394100
10,1865,dense,482700
10,1866,dense,489900
10,1866,structured_50,411700
10,1867,structured_50,398300
10,1867,dense,480000
10,1868,dense,480900
10,1868,structured_50,427800
10,1869,structured_50,390700
10,1869,dense,481100
10,1870,dense,486500
10,1870,structured_50,397200
10,1871,structured_50,408300
10,1871,dense,483600
10,1872,dense,479900
10,1872,structured_50,425500
10,1873,structured_50,404100
10,1873,dense,515700
10,1874,dense,492100
10,1874,structured_50,393600
10,1875,structured_50,417200
10,1875,dense,488700
10,1876,dense,482800
10,1876,structured_50,416800
10,1877,structured_50,448200
10,1877,dense,547400
10,1878,dense,542900
10,1878,structured_50,442500
10,1879,structured_50,448600
10,1879,dense,549000
10,1880,dense,541100
10,1880,structured_50,428400
10,1881,structured_50,465700
10,1881,dense,565900
10,1882,dense,547700
10,1882,structured_50,439000
10,1883,structured_50,453400
10,1883,dense,560500
10,1884,dense,555700
10,1884,structured_50,442200
10,1885,structured_50,575500
10,1885,dense,570700
10,1886,dense,563600
10,1886,structured_50,448500
10,1887,structured_50,477600
10,1887,dense,556600
10,1888,dense,543800
10,1888,structured_50,428100
10,1889,structured_50,463900
10,1889,dense,537400
10,1890,dense,540600
10,1890,structured_50,445700
10,1891,structured_50,446000
10,1891,dense,536400
10,1892,dense,531100
10,1892,structured_50,426900
10,1893,structured_50,476000
10,1893,dense,541900
10,1894,dense,552700
10,1894,structured_50,463700
10,1895,structured_50,445400
10,1895,dense,639700
10,1896,dense,1034800
10,1896,structured_50,612000
10,1897,structured_50,448900
10,1897,dense,540600
10,1898,dense,549300
10,1898,structured_50,436400
10,1899,structured_50,422300
10,1899,dense,517600
10,1900,dense,539100
10,1900,structured_50,449800
10,1901,structured_50,425300
10,1901,dense,509700
10,1902,dense,503600
10,1902,structured_50,445100
10,1903,structured_50,409200
10,1903,dense,507700
10,1904,dense,502200
10,1904,structured_50,434100
10,1905,structured_50,409500
10,1905,dense,503500
10,1906,dense,844800
10,1906,structured_50,965800
10,1907,structured_50,448400
10,1907,dense,535900
10,1908,dense,555400
10,1908,structured_50,423900
10,1909,structured_50,410500
10,1909,dense,516000
10,1910,dense,534100
10,1910,structured_50,420900
10,1911,structured_50,405000
10,1911,dense,514700
10,1912,dense,520200
10,1912,structured_50,427200
10,1913,structured_50,408500
10,1913,dense,504300
10,1914,dense,505300
10,1914,structured_50,446600
10,1915,structured_50,441400
10,1915,dense,526700
10,1916,dense,522000
10,1916,structured_50,449700
10,1917,structured_50,1085300
10,1917,dense,917400
10,1918,dense,970900
10,1918,structured_50,796900
10,1919,structured_50,740700
10,1919,dense,796500
10,1920,dense,549500
10,1920,structured_50,403800
10,1921,structured_50,390400
10,1921,dense,480600
10,1922,dense,506700
10,1922,structured_50,418800
10,1923,structured_50,391400
10,1923,dense,478600
10,1924,dense,486200
10,1924,structured_50,417100
10,1925,structured_50,397800
10,1925,dense,485300
10,1926,dense,582900
10,1926,structured_50,795900
10,1927,structured_50,519500
10,1927,dense,589200
10,1928,dense,510500
10,1928,structured_50,401700
10,1929,structured_50,396200
10,1929,dense,515700
10,1930,dense,498900
10,1930,structured_50,416800
10,1931,structured_50,396100
10,1931,dense,499500
10,1932,dense,508000
10,1932,structured_50,401500
10,1933,structured_50,389700
10,1933,dense,490300
10,1934,dense,515300
10,1934,structured_50,398600
10,1935,structured_50,389100
10,1935,dense,491700
10,1936,dense,504200
10,1936,structured_50,399800
10,1937,structured_50,390900
10,1937,dense,509500
10,1938,dense,683900
10,1938,structured_50,672400
10,1939,structured_50,667300
10,1939,dense,541700
10,1940,dense,559600
10,1940,structured_50,420600
10,1941,structured_50,399500
10,1941,dense,490400
10,1942,dense,493800
10,1942,structured_50,424800
10,1943,structured_50,393000
10,1943,dense,486000
10,1944,dense,490200
10,1944,structured_50,414000
10,1945,structured_50,396900
10,1945,dense,485000
10,1946,dense,481600
10,1946,structured_50,389000
10,1947,structured_50,423900
10,1947,dense,502100
10,1948,dense,485600
10,1948,structured_50,389400
10,1949,structured_50,557300
10,1949,dense,877200
10,1950,dense,570500
10,1950,structured_50,403500
10,1951,structured_50,397200
10,1951,dense,485600
10,1952,dense,464500
10,1952,structured_50,376900
10,1953,structured_50,372200
10,1953,dense,501600
10,1954,dense,485100
10,1954,structured_50,415000
10,1955,structured_50,409100
10,1955,dense,527900
10,1956,dense,532500
10,1956,structured_50,439000
10,1957,structured_50,438300
10,1957,dense,565200
10,1958,dense,584000
10,1958,structured_50,441000
10,1959,structured_50,443800
10,1959,dense,561400
10,1960,dense,674200
10,1960,structured_50,971200
10,1961,structured_50,602300
10,1961,dense,635800
10,1962,dense,655300
10,1962,structured_50,492800
10,1963,structured_50,479900
10,1963,dense,596900
10,1964,dense,644600
10,1964,structured_50,490700
10,1965,structured_50,488600
10,1965,dense,619700
10,1966,dense,609700
10,1966,structured_50,481800
10,1967,structured_50,479600
10,1967,dense,625500
10,1968,dense,595500
10,1968,structured_50,577500
10,1969,structured_50,513900
10,1969,dense,619900
10,1970,dense,803500
10,1970,structured_50,593800
10,1971,structured_50,498300
10,1971,dense,587000
10,1972,dense,573700
10,1972,structured_50,476800
10,1973,structured_50,440400
10,1973,dense,545300
10,1974,dense,533500
10,1974,structured_50,442600
10,1975,structured_50,417800
10,1975,dense,505500
10,1976,dense,505900
10,1976,structured_50,420100
10,1977,structured_50,408400
10,1977,dense,481500
10,1978,dense,490300
10,1978,structured_50,386200
10,1979,structured_50,414800
10,1979,dense,484900
10,1980,dense,483400
10,1980,structured_50,402200
10,1981,structured_50,410800
10,1981,dense,854300
10,1982,dense,532600
10,1982,structured_50,391500
10,1983,structured_50,409600
10,1983,dense,469800
10,1984,dense,469100
10,1984,structured_50,372300
10,1985,structured_50,369700
10,1985,dense,551700
10,1986,dense,497700
10,1986,structured_50,386600
10,1987,structured_50,393600
10,1987,dense,503300
10,1988,dense,493500
10,1988,structured_50,387500
10,1989,structured_50,384100
10,1989,dense,480100
10,1990,dense,516900
10,1990,structured_50,405900
10,1991,structured_50,393300
10,1991,dense,479000
10,1992,dense,515200
10,1992,structured_50,409700
10,1993,structured_50,393000
10,1993,dense,791900
10,1994,dense,534000
10,1994,structured_50,413800
10,1995,structured_50,396400
10,1995,dense,511700
10,1996,dense,511100
10,1996,structured_50,396500
10,1997,structured_50,390400
10,1997,dense,488700
10,1998,dense,522300
10,1998,structured_50,475700
10,1999,structured_50,400100
10,1999,dense,484200
10,2000,dense,510900
10,2000,structured_50,397800
10,2001,structured_50,387900
10,2001,dense,486700
10,2002,dense,509600
10,2002,structured_50,416800
10,2003,structured_50,559000
10,2003,dense,520700
10,2004,dense,590700
10,2004,structured_50,442700
10,2005,structured_50,700800
10,2005,dense,521000
10,2006,dense,483600
10,2006,structured_50,403200
10,2007,structured_50,389100
10,2007,dense,467600
10,2008,dense,468700
10,2008,structured_50,373300
10,2009,structured_50,396400
10,2009,dense,480700
10,2010,dense,469800
10,2010,structured_50,372000
10,2011,structured_50,368900
10,2011,dense,483700
10,2012,dense,463600
10,2012,structured_50,368600
10,2013,structured_50,374900
10,2013,dense,469400
10,2014,dense,480600
10,2014,structured_50,372700
10,2015,structured_50,368600
10,2015,dense,501300
10,2016,dense,513400
10,2016,structured_50,415500
10,2017,structured_50,421400
10,2017,dense,807000
10,2018,dense,584600
10,2018,structured_50,429300
10,2019,structured_50,407600
10,2019,dense,542900
10,2020,dense,507700
10,2020,structured_50,403700
10,2021,structured_50,390900
10,2021,dense,501300
10,2022,dense,501600
10,2022,structured_50,394000
10,2023,structured_50,388100
10,2023,dense,488300
10,2024,dense,510300
10,2024,structured_50,397200
10,2025,structured_50,389100
10,2025,dense,482000
10,2026,dense,518000
10,2026,structured_50,397000
10,2027,structured_50,393100
10,2027,dense,482200
10,2028,dense,484400
10,2028,structured_50,430300
10,2029,structured_50,513200
10,2029,dense,701300
10,2030,dense,513300
10,2030,structured_50,402700
10,2031,structured_50,427800
10,2031,dense,502900
10,2032,dense,486900
10,2032,structured_50,393900
10,2033,structured_50,402000
10,2033,dense,498600
10,2034,dense,488300
10,2034,structured_50,388000
10,2035,structured_50,393200
10,2035,dense,508800
10,2036,dense,491900
10,2036,structured_50,398500
10,2037,structured_50,548400
10,2037,dense,492100
10,2038,dense,461200
10,2038,structured_50,370700
10,2039,structured_50,406300
10,2039,dense,472800
10,2040,dense,465300
10,2040,structured_50,640400
10,2041,structured_50,802800
10,2041,dense,643000
10,2042,dense,520000
10,2042,structured_50,426800
10,2043,structured_50,407000
10,2043,dense,525400
10,2044,dense,492400
10,2044,structured_50,425900
10,2045,structured_50,427700
10,2045,dense,561300
10,2046,dense,567700
10,2046,structured_50,446400
10,2047,structured_50,404800
10,2047,dense,553100
10,2048,dense,557800
10,2048,structured_50,426700
10,2049,structured_50,415500
10,2049,dense,531800
10,2050,dense,546100
10,2050,structured_50,423500
10,2051,structured_50,565000
10,2051,dense,917400
10,2052,dense,645900
10,2052,structured_50,534900
10,2053,structured_50,445600
10,2053,dense,536600
10,2054,dense,711900
10,2054,structured_50,452200
10,2055,structured_50,430700
10,2055,dense,518700
10,2056,dense,541200
10,2056,structured_50,419200
10,2057,structured_50,411400
10,2057,dense,510400
10,2058,dense,535700
10,2058,structured_50,419500
10,2059,structured_50,412900
10,2059,dense,499400
10,2060,dense,501900
10,2060,structured_50,422300
10,2061,structured_50,402100
10,2061,dense,501300
10,2062,dense,1034800
10,2062,structured_50,494600
10,2063,structured_50,414100
10,2063,dense,556700
10,2064,dense,518000
10,2064,structured_50,397500
10,2065,structured_50,390900
10,2065,dense,506300
10,2066,dense,493600
10,2066,structured_50,406800
10,2067,structured_50,404300
10,2067,dense,481300
10,2068,dense,512200
10,2068,structured_50,514400
10,2069,structured_50,437500
10,2069,dense,489800
10,2070,dense,513000
10,2070,structured_50,407400
10,2071,structured_50,398800
10,2071,dense,491800
10,2072,dense,522500
10,2072,structured_50,405200
10,2073,structured_50,419800
10,2073,dense,500300
10,2074,dense,657400
10,2074,structured_50,451000
10,2075,structured_50,436200
10,2075,dense,518400
10,2076,dense,528500
10,2076,structured_50,415100
10,2077,structured_50,398100
10,2077,dense,495600
10,2078,dense,512000
10,2078,structured_50,429200
10,2079,structured_50,403200
10,2079,dense,496600
10,2080,dense,513500
10,2080,structured_50,436700
10,2081,structured_50,411300
10,2081,dense,506700
10,2082,dense,506200
10,2082,structured_50,428800
10,2083,structured_50,422400
10,2083,dense,512400
10,2084,dense,531000
10,2084,structured_50,402600
10,2085,structured_50,435900
10,2085,dense,628700
10,2086,dense,637100
10,2086,structured_50,474600
10,2087,structured_50,416900
10,2087,dense,503100
10,2088,dense,491700
10,2088,structured_50,425700
10,2089,structured_50,406400
10,2089,dense,487200
10,2090,dense,521500
10,2090,structured_50,401100
10,2091,structured_50,420000
10,2091,dense,492700
10,2092,dense,491700
10,2092,structured_50,391300
10,2093,structured_50,416100
10,2093,dense,487300
10,2094,dense,497000
10,2094,structured_50,385600
10,2095,structured_50,384600
10,2095,dense,508700
10,2096,dense,489100
10,2096,structured_50,421000
10,2097,structured_50,404100
10,2097,dense,842500
10,2098,dense,526600
10,2098,structured_50,428100
10,2099,structured_50,414000
10,2099,dense,530600
10,2100,dense,490900
10,2100,structured_50,403400
10,2101,structured_50,394200
10,2101,dense,513600
10,2102,dense,493900
10,2102,structured_50,401300
10,2103,structured_50,393700
10,2103,dense,504500
10,2104,dense,491600
10,2104,structured_50,391700
10,2105,structured_50,385700
10,2105,dense,487100
10,2106,dense,532500
10,2106,structured_50,397300
10,2107,structured_50,387400
10,2107,dense,536400
10,2108,dense,522900
10,2108,structured_50,422900
10,2109,structured_50,688400
10,2109,dense,614000
10,2110,dense,528400
10,2110,structured_50,418200
10,2111,structured_50,438500
10,2111,dense,509300
10,2112,dense,501900
10,2112,structured_50,406700
10,2113,structured_50,433100
10,2113,dense,504400
10,2114,dense,492300
10,2114,structured_50,399600
10,2115,structured_50,401400
10,2115,dense,512700
10,2116,dense,490600
10,2116,structured_50,390100
10,2117,structured_50,388100
10,2117,dense,511700
10,2118,dense,487600
10,2118,structured_50,390700
10,2119,structured_50,392500
10,2119,dense,506300
10,2120,dense,713500
10,2120,structured_50,957900
10,2121,structured_50,483600
10,2121,dense,545900
10,2122,dense,502900
10,2122,structured_50,471500
10,2123,structured_50,775600
10,2123,dense,691700
10,2124,dense,718300
10,2124,structured_50,522700
10,2125,structured_50,507500
10,2125,dense,591800
10,2126,dense,631800
10,2126,structured_50,475400
10,2127,structured_50,472300
10,2127,dense,553800
10,2128,dense,534400
10,2128,structured_50,469900
10,2129,structured_50,474900
10,2129,dense,564100
10,2130,dense,1426100
10,2130,structured_50,528500
10,2131,structured_50,479000
10,2131,dense,614600
10,2132,dense,592400
10,2132,structured_50,481100
10,2133,structured_50,476300
10,2133,dense,599300
10,2134,dense,585000
10,2134,structured_50,486400
10,2135,structured_50,491300
10,2135,dense,578600
10,2136,dense,581700
10,2136,structured_50,477400
10,2137,structured_50,491800
10,2137,dense,530600
10,2138,dense,519100
10,2138,structured_50,414800
10,2139,structured_50,436900
10,2139,dense,1420500
10,2140,dense,618700
10,2140,structured_50,514000
10,2141,structured_50,510600
10,2141,dense,593100
10,2142,dense,581500
10,2142,structured_50,495300
10,2143,structured_50,518400
10,2143,dense,529800
10,2144,dense,497800
10,2144,structured_50,398800
10,2145,structured_50,429900
10,2145,dense,492200
10,2146,dense,485200
10,2146,structured_50,394500
10,2147,structured_50,412100
10,2147,dense,498000
10,2148,dense,497400
10,2148,structured_50,391400
10,2149,structured_50,414900
10,2149,dense,597800
10,2150,dense,1185300
10,2150,structured_50,454300
10,2151,structured_50,408500
10,2151,dense,541000
10,2152,dense,523000
10,2152,structured_50,410100
10,2153,structured_50,392200
10,2153,dense,483900
10,2154,dense,500800
10,2154,structured_50,436000
10,2155,structured_50,393600
10,2155,dense,482900
10,2156,dense,484500
10,2156,structured_50,409100
10,2157,structured_50,398200
10,2157,dense,490500
10,2158,dense,487900
10,2158,structured_50,395000
10,2159,structured_50,414900
10,2159,dense,483900
10,2160,dense,491000
10,2160,structured_50,384000
10,2161,structured_50,429100
10,2161,dense,508600
10,2162,dense,675600
10,2162,structured_50,427600
10,2163,structured_50,422400
10,2163,dense,498100
10,2164,dense,486800
10,2164,structured_50,392800
10,2165,structured_50,387400
10,2165,dense,513300
10,2166,dense,488700
10,2166,structured_50,390600
10,2167,structured_50,387700
10,2167,dense,502200
10,2168,dense,489700
10,2168,structured_50,440200
10,2169,structured_50,398200
10,2169,dense,499100
10,2170,dense,498900
10,2170,structured_50,391600
10,2171,structured_50,393700
10,2171,dense,500200
10,2172,dense,513000
10,2172,structured_50,392100
10,2173,structured_50,404400
10,2173,dense,491800
10,2174,dense,668600
10,2174,structured_50,413600
10,2175,structured_50,391800
10,2175,dense,484100
10,2176,dense,508700
10,2176,structured_50,406700
10,2177,structured_50,389100
10,2177,dense,484700
10,2178,dense,479900
10,2178,structured_50,417300
10,2179,structured_50,389700
10,2179,dense,484200
10,2180,dense,481100
10,2180,structured_50,401000
10,2181,structured_50,409300
10,2181,dense,479100
10,2182,dense,484400
10,2182,structured_50,387700
10,2183,structured_50,408500
10,2183,dense,483700
10,2184,dense,485700
10,2184,structured_50,397100
10,2185,structured_50,388300
10,2185,dense,518800
10,2186,dense,783400
10,2186,structured_50,475700
10,2187,structured_50,450900
10,2187,dense,507100
10,2188,dense,491100
10,2188,structured_50,394900
10,2189,structured_50,404100
10,2189,dense,502500
10,2190,dense,493900
10,2190,structured_50,389300
10,2191,structured_50,393500
10,2191,dense,510200
10,2192,dense,493000
10,2192,structured_50,390000
10,2193,structured_50,393800
10,2193,dense,505300
10,2194,dense,494200
10,2194,structured_50,398100
10,2195,structured_50,397500
10,2195,dense,482600
10,2196,dense,513300
10,2196,structured_50,392400
10,2197,structured_50,390200
10,2197,dense,489700
10,2198,dense,857800
10,2198,structured_50,443900
10,2199,structured_50,456900
10,2199,dense,481200
10,2200,dense,468300
10,2200,structured_50,375800
10,2201,structured_50,394900
10,2201,dense,470300
10,2202,dense,464300
10,2202,structured_50,381700
10,2203,structured_50,383900
10,2203,dense,858300
10,2204,dense,504800
10,2204,structured_50,405500
10,2205,structured_50,433300
10,2205,dense,503500
10,2206,dense,489900
10,2206,structured_50,387500
10,2207,structured_50,417600
10,2207,dense,490600
10,2208,dense,483700
10,2208,structured_50,383800
10,2209,structured_50,471800
10,2209,dense,785800
10,2210,dense,776400
10,2210,structured_50,527000
10,2211,structured_50,426000
10,2211,dense,495400
10,2212,dense,486000
10,2212,structured_50,390300
10,2213,structured_50,421100
10,2213,dense,488000
10,2214,dense,493500
10,2214,structured_50,391400
10,2215,structured_50,399000
10,2215,dense,498100
10,2216,dense,486600
10,2216,structured_50,389000
10,2217,structured_50,402700
10,2217,dense,510400
10,2218,dense,489400
10,2218,structured_50,389900
10,2219,structured_50,391500
10,2219,dense,496300
10,2220,dense,493800
10,2220,structured_50,545200
10,2221,structured_50,582900
10,2221,dense,593300
10,2222,dense,551400
10,2222,structured_50,437600
10,2223,structured_50,424200
10,2223,dense,553400
10,2224,dense,525400
10,2224,structured_50,405300
10,2225,structured_50,408600
10,2225,dense,805800
10,2226,dense,521200
10,2226,structured_50,412300
10,2227,structured_50,421300
10,2227,dense,509500
10,2228,dense,499600
10,2228,structured_50,391400
10,2229,structured_50,388600
10,2229,dense,526400
10,2230,dense,496700
10,2230,structured_50,400500
10,2231,structured_50,390100
10,2231,dense,540100
10,2232,dense,506400
10,2232,structured_50,557900
10,2233,structured_50,415400
10,2233,dense,515000
10,2234,dense,481800
10,2234,structured_50,409300
10,2235,structured_50,404200
10,2235,dense,505100
10,2236,dense,488000
10,2236,structured_50,378900
10,2237,structured_50,377600
10,2237,dense,462800
10,2238,dense,497200
10,2238,structured_50,388400
10,2239,structured_50,378000
10,2239,dense,465900
10,2240,dense,484900
10,2240,structured_50,382600
10,2241,structured_50,373300
10,2241,dense,475300
10,2242,dense,486300
10,2242,structured_50,565400
10,2243,structured_50,431000
10,2243,dense,524700
10,2244,dense,510100
10,2244,structured_50,722500
10,2245,structured_50,569700
10,2245,dense,614800
10,2246,dense,572500
10,2246,structured_50,458100
10,2247,structured_50,437900
10,2247,dense,545700
10,2248,dense,581800
10,2248,structured_50,456000
10,2249,structured_50,441400
10,2249,dense,551200
10,2250,dense,586400
10,2250,structured_50,460200
10,2251,structured_50,462800
10,2251,dense,607600
10,2252,dense,650200
10,2252,structured_50,531000
10,2253,structured_50,502700
10,2253,dense,623600
10,2254,dense,632100
10,2254,structured_50,508800
10,2255,structured_50,863700
10,2255,dense,732900
10,2256,dense,695000
10,2256,structured_50,527700
10,2257,structured_50,470100
10,2257,dense,600500
10,2258,dense,615700
10,2258,structured_50,464900
10,2259,structured_50,461400
10,2259,dense,578300
10,2260,dense,572400
10,2260,structured_50,445500
10,2261,structured_50,444700
10,2261,dense,551100
10,2262,dense,572600
10,2262,structured_50,432700
10,2263,structured_50,434600
10,2263,dense,535300
10,2264,dense,867400
10,2264,structured_50,550300
10,2265,structured_50,429700
10,2265,dense,556900
10,2266,dense,512800
10,2266,structured_50,410900
10,2267,structured_50,407700
10,2267,dense,518900
10,2268,dense,491000
10,2268,structured_50,389800
10,2269,structured_50,404700
10,2269,dense,516100
10,2270,dense,502900
10,2270,structured_50,401700
10,2271,structured_50,378200
10,2271,dense,471900
10,2272,dense,498700
10,2272,structured_50,385600
10,2273,structured_50,378900
10,2273,dense,477100
10,2274,dense,493000
10,2274,structured_50,391400
10,2275,structured_50,379600
10,2275,dense,476900
10,2276,dense,578400
10,2276,structured_50,879700
10,2277,structured_50,758400
10,2277,dense,923500
10,2278,dense,866400
10,2278,structured_50,679200
10,2279,structured_50,686400
10,2279,dense,874500
10,2280,dense,793000
10,2280,structured_50,667700
10,2281,structured_50,425100
10,2281,dense,490900
10,2282,dense,491100
10,2282,structured_50,416000
10,2283,structured_50,424800
10,2283,dense,490300
10,2284,dense,541000
10,2284,structured_50,417700
10,2285,structured_50,570300
10,2285,dense,576900
10,2286,dense,516200
10,2286,structured_50,432600
10,2287,structured_50,410500
10,2287,dense,493500
10,2288,dense,495600
10,2288,structured_50,390600
10,2289,structured_50,424200
10,2289,dense,495800
10,2290,dense,488400
10,2290,structured_50,392500
10,2291,structured_50,412800
10,2291,dense,503100
10,2292,dense,488700
10,2292,structured_50,396400
10,2293,structured_50,424400
10,2293,dense,507500
10,2294,dense,488000
10,2294,structured_50,399200
10,2295,structured_50,387800
10,2295,dense,514600
10,2296,dense,499400
10,2296,structured_50,754600
10,2297,structured_50,674400
10,2297,dense,525900
10,2298,dense,530000
10,2298,structured_50,409500
10,2299,structured_50,398600
10,2299,dense,491900
10,2300,dense,489200
10,2300,structured_50,439100
10,2301,structured_50,415000
10,2301,dense,491300
10,2302,dense,488600
10,2302,structured_50,456500
10,2303,structured_50,401300
10,2303,dense,484300
10,2304,dense,493800
10,2304,structured_50,389700
10,2305,structured_50,436300
10,2305,dense,503300
10,2306,dense,488400
10,2306,structured_50,406400
10,2307,structured_50,408500
10,2307,dense,627900
10,2308,dense,970000
10,2308,structured_50,492300
10,2309,structured_50,430800
10,2309,dense,484000
10,2310,dense,516600
10,2310,structured_50,386400
10,2311,structured_50,377800
10,2311,dense,465100
10,2312,dense,481700
10,2312,structured_50,627300
10,2313,structured_50,414700
10,2313,dense,508300
10,2314,dense,504000
10,2314,structured_50,404900
10,2315,structured_50,402800
10,2315,dense,481700
10,2316,dense,489700
10,2316,structured_50,415100
10,2317,structured_50,408400
10,2317,dense,484300
10,2318,dense,482300
10,2318,structured_50,397300
10,2319,structured_50,494300
10,2319,dense,962900
10,2320,dense,623100
10,2320,structured_50,493500
10,2321,structured_50,406100
10,2321,dense,482300
10,2322,dense,468600
10,2322,structured_50,417200
10,2323,structured_50,376400
10,2323,dense,465300
10,2324,dense,471900
10,2324,structured_50,386800
10,2325,structured_50,385400
10,2325,dense,463000
10,2326,dense,459800
10,2326,structured_50,371200
10,2327,structured_50,398700
10,2327,dense,467700
10,2328,dense,461800
10,2328,structured_50,379400
10,2329,structured_50,372000
10,2329,dense,487300
10,2330,dense,474400
10,2330,structured_50,380200
10,2331,structured_50,453300
10,2331,dense,876200
10,2332,dense,592200
10,2332,structured_50,440700
10,2333,structured_50,419700
10,2333,dense,531300
10,2334,dense,496400
10,2334,structured_50,398300
10,2335,structured_50,391000
10,2335,dense,515200
10,2336,dense,668500
10,2336,structured_50,431600
10,2337,structured_50,403200
10,2337,dense,514100
10,2338,dense,490200
10,2338,structured_50,397800
10,2339,structured_50,388000
10,2339,dense,494800
10,2340,dense,504300
10,2340,structured_50,402800
10,2341,structured_50,383600
10,2341,dense,483100
10,2342,dense,509200
10,2342,structured_50,399300
10,2343,structured_50,426900
10,2343,dense,699900
10,2344,dense,523500
10,2344,structured_50,444200
10,2345,structured_50,399000
10,2345,dense,488400
10,2346,dense,490200
10,2346,structured_50,423300
10,2347,structured_50,396000
10,2347,dense,491300
10,2348,dense,496500
10,2348,structured_50,387100
10,2349,structured_50,412400
10,2349,dense,487600
10,2350,dense,485300
10,2350,structured_50,390600
10,2351,structured_50,415600
10,2351,dense,499200
10,2352,dense,486400
10,2352,structured_50,398600
10,2353,structured_50,397700
10,2353,dense,510300
10,2354,dense,489700
10,2354,structured_50,829400
10,2355,structured_50,723200
10,2355,dense,524300
10,2356,dense,499600
10,2356,structured_50,430600
10,2357,structured_50,400300
10,2357,dense,487700
10,2358,dense,483200
10,2358,structured_50,388100
10,2359,structured_50,414300
10,2359,dense,800000
10,2360,dense,521300
10,2360,structured_50,388300
10,2361,structured_50,370200
10,2361,dense,511400
10,2362,dense,473700
10,2362,structured_50,374900
10,2363,structured_50,376200
10,2363,dense,489300
10,2364,dense,471900
10,2364,structured_50,392800
10,2365,structured_50,373400
10,2365,dense,460900
10,2366,dense,914900
10,2366,structured_50,643300
10,2367,structured_50,414100
10,2367,dense,532100
10,2368,dense,509700
10,2368,structured_50,392200
10,2369,structured_50,385600
10,2369,dense,504700
10,2370,dense,489600
10,2370,structured_50,390400
10,2371,structured_50,381900
10,2371,dense,486300
10,2372,dense,510500
10,2372,structured_50,402400
10,2373,structured_50,389400
10,2373,dense,481800
10,2374,dense,505800
10,2374,structured_50,400300
10,2375,structured_50,382900
10,2375,dense,481500
10,2376,dense,480200
10,2376,structured_50,415600
10,2377,structured_50,390700
10,2377,dense,912400
10,2378,dense,953000
10,2378,structured_50,461600
10,2379,structured_50,439700
10,2379,dense,514500
10,2380,dense,497900
10,2380,structured_50,397100
10,2381,structured_50,396800
10,2381,dense,516500
10,2382,dense,494300
10,2382,structured_50,393400
10,2383,structured_50,389200
10,2383,dense,507900
10,2384,dense,497500
10,2384,structured_50,396900
10,2385,structured_50,389500
10,2385,dense,497800
10,2386,dense,504200
10,2386,structured_50,394200
10,2387,structured_50,387700
10,2387,dense,502300
10,2388,dense,509400
10,2388,structured_50,454900
10,2389,structured_50,781300
10,2389,dense,610300
10,2390,dense,517200
10,2390,structured_50,393400
10,2391,structured_50,376500
10,2391,dense,466200
10,2392,dense,481000
10,2392,structured_50,390100
10,2393,structured_50,375400
10,2393,dense,458400
10,2394,dense,476000
10,2394,structured_50,400600
10,2395,structured_50,374000
10,2395,dense,462200
10,2396,dense,464100
10,2396,structured_50,376300
10,2397,structured_50,396300
10,2397,dense,465900
10,2398,dense,467400
10,2398,structured_50,372300
10,2399,structured_50,389400
10,2399,dense,579900
10,2400,dense,581100
10,2400,structured_50,461900
10,2401,structured_50,693900
10,2401,dense,796400
10,2402,dense,589000
10,2402,structured_50,489100
10,2403,structured_50,452500
10,2403,dense,556100
10,2404,dense,548100
10,2404,structured_50,477600
10,2405,structured_50,462000
10,2405,dense,570100
10,2406,dense,562600
10,2406,structured_50,484300
10,2407,structured_50,464400
10,2407,dense,580100
10,2408,dense,579000
10,2408,structured_50,488700
10,2409,structured_50,467400
10,2409,dense,589700
10,2410,dense,609100
10,2410,structured_50,503400
10,2411,structured_50,639500
10,2411,dense,1003900
10,2412,dense,699800
10,2412,structured_50,560400
10,2413,structured_50,514300
10,2413,dense,616500
10,2414,dense,642800
10,2414,structured_50,512000
10,2415,structured_50,494300
10,2415,dense,611500
10,2416,dense,661000
10,2416,structured_50,512500
10,2417,structured_50,493400
10,2417,dense,625600
10,2418,dense,637300
10,2418,structured_50,504400
10,2419,structured_50,485800
10,2419,dense,647400
10,2420,dense,862100
10,2420,structured_50,1016800
10,2421,structured_50,536000
10,2421,dense,659900
10,2422,dense,742500
10,2422,structured_50,498500
10,2423,structured_50,467700
10,2423,dense,626000
10,2424,dense,611400
10,2424,structured_50,473400
10,2425,structured_50,457800
10,2425,dense,607000
10,2426,dense,578200
10,2426,structured_50,457000
10,2427,structured_50,473600
10,2427,dense,580300
10,2428,dense,557800
10,2428,structured_50,448900
10,2429,structured_50,452200
10,2429,dense,558100
10,2430,dense,777000
10,2430,structured_50,506700
10,2431,structured_50,474500
10,2431,dense,546700
10,2432,dense,549100
10,2432,structured_50,433400
10,2433,structured_50,694300
10,2433,dense,553300
10,2434,dense,757200
10,2434,structured_50,542300
10,2435,structured_50,398300
10,2435,dense,492000
10,2436,dense,491500
10,2436,structured_50,424900
10,2437,structured_50,400500
10,2437,dense,486300
10,2438,dense,482500
10,2438,structured_50,411200
10,2439,structured_50,395400
10,2439,dense,485000
10,2440,dense,531900
10,2440,structured_50,755400
10,2441,structured_50,734000
10,2441,dense,593900
10,2442,dense,530300
10,2442,structured_50,409300
10,2443,structured_50,390600
10,2443,dense,486700
10,2444,dense,488100
10,2444,structured_50,422500
10,2445,structured_50,395500
10,2445,dense,482000
10,2446,dense,485400
10,2446,structured_50,419400
10,2447,structured_50,395900
10,2447,dense,481700
10,2448,dense,491500
10,2448,structured_50,388400
10,2449,structured_50,415600
10,2449,dense,486800
10,2450,dense,481700
10,2450,structured_50,389500
10,2451,structured_50,443600
10,2451,dense,557900
10,2452,dense,876300
10,2452,structured_50,480200
10,2453,structured_50,401400
10,2453,dense,466900
10,2454,dense,479200
10,2454,structured_50,379200
10,2455,structured_50,364100
10,2455,dense,453600
10,2456,dense,457600
10,2456,structured_50,386900
10,2457,structured_50,368200
10,2457,dense,451500
10,2458,dense,450200
10,2458,structured_50,360500
10,2459,structured_50,385400
10,2459,dense,453500
10,2460,dense,452000
10,2460,structured_50,366700
10,2461,structured_50,377000
10,2461,dense,460900
10,2462,dense,456700
10,2462,structured_50,360700
10,2463,structured_50,358100
10,2463,dense,471300
10,2464,dense,530000
10,2464,structured_50,868600
10,2465,structured_50,465000
10,2465,dense,538600
10,2466,dense,515000
10,2466,structured_50,400500
10,2467,structured_50,397400
10,2467,dense,487300
10,2468,dense,516300
10,2468,structured_50,407900
10,2469,structured_50,645000
10,2469,dense,512100
10,2470,dense,490100
10,2470,structured_50,427400
10,2471,structured_50,395100
10,2471,dense,482000
10,2472,dense,484600
10,2472,structured_50,613900
10,2473,structured_50,419700
10,2473,dense,487500
10,2474,dense,487200
10,2474,structured_50,390200
10,2475,structured_50,413800
10,2475,dense,790200
10,2476,dense,829800
10,2476,structured_50,418800
10,2477,structured_50,383600
10,2477,dense,496200
10,2478,dense,474700
10,2478,structured_50,380000
10,2479,structured_50,368300
10,2479,dense,468100
10,2480,dense,487800
10,2480,structured_50,390100
10,2481,structured_50,385300
10,2481,dense,458200
10,2482,dense,476800
10,2482,structured_50,394900
10,2483,structured_50,377900
10,2483,dense,458100
10,2484,dense,461100
10,2484,structured_50,451900
10,2485,structured_50,382700
10,2485,dense,460100
10,2486,dense,465700
10,2486,structured_50,396300
10,2487,structured_50,373900
10,2487,dense,507400
10,2488,dense,675800
10,2488,structured_50,496200
10,2489,structured_50,391100
10,2489,dense,484100
10,2490,dense,471700
10,2490,structured_50,373900
10,2491,structured_50,395200
10,2491,dense,466500
10,2492,dense,478600
10,2492,structured_50,379900
10,2493,structured_50,445700
10,2493,dense,478400
10,2494,dense,513700
10,2494,structured_50,408800
10,2495,structured_50,410000
10,2495,dense,496800
10,2496,dense,499000
10,2496,structured_50,399500
10,2497,structured_50,423000
10,2497,dense,500400
10,2498,dense,508600
10,2498,structured_50,438300
10,2499,structured_50,445200
10,2499,dense,520200
