source,type,expected,predicted,characters,correct_characters,character_accuracy,exact,row_count,perspective_corrected,angle_deg,blur_score,macs_this_plate
one_row/7_3605_1_36A43147_186_242_496_288.jpg,one_row,36A43147,36A43147,8,8,1.0,True,1,True,0.0,1068.448,3349632
one_row/3_1887_1_36A15549_128_220_533_277.jpg,one_row,36A15549,36A15549,8,8,1.0,True,1,False,0.0,1195.881,3349632
one_row/8_1763_1_36C04358_92_235_552_318.jpg,one_row,36C04358,36C04358,8,8,1.0,True,1,False,0.0,940.31,3349632
one_row/9_868_1_36C12951_140_335_227_387.jpg,one_row,36C12951,36C12951,8,8,1.0,True,1,True,0.0,3151.984,3349632
one_row/1_3418_1_36A39051_106_263_475_316.jpg,one_row,36A39051,36A39051,8,8,1.0,True,1,True,0.0,403.926,3349632
two_rows_label_xe_may/5_1017_0_29E240729_351_3_514_143.jpg,two_row_motorcycle,29E240729,29E240729,9,9,1.0,True,2,False,0.0,2446.477,3768336
two_rows_label_xe_may/5_953_0_29M41472_306_16_459_137.jpg,two_row_motorcycle,29M41472,29MA1472,8,7,0.875,False,2,True,0.0,4002.777,3349632
two_rows_label_xe_may/8_2867_0_29c112212_390_172_522_283.jpg,two_row_motorcycle,29C112212,29C112212,9,9,1.0,True,2,False,0.0,2863.416,3768336
one_row/6_3290_1_36C11223_123_228_538_322.jpg,one_row,36C11223,36C11223,8,8,1.0,True,1,True,0.0,429.064,3349632
two_rows/1_292_0_36A05989_133_199_210_279.jpg,two_row_car,36A05989,36A05989,8,8,1.0,True,2,False,0.0,2738.636,3349632
two_rows_label_xe_may/6_1263_0_99H119372_404_139_508_262.jpg,two_row_motorcycle,99H119372,99H119372,9,9,1.0,True,2,False,0.0,4625.094,3768336
one_row/8_1159_1_36A00553_116_251_496_321.jpg,one_row,36A00553,36A00553,8,8,1.0,True,1,True,0.0,2054.494,3349632
one_row/5_2535_1_36A28032_84_203_496_288.jpg,one_row,36A28032,36A28032,8,8,1.0,True,1,True,0.0,1587.783,3349632
two_rows/3_556_0_36A30633_274_252_346_314.jpg,two_row_car,36A30633,36A30633,8,8,1.0,True,2,True,6.52,6856.586,3349632
two_rows_label_xe_may/2_798_0_86l30808_325_100_468_209.jpg,two_row_motorcycle,86L30808,86L30808,8,8,1.0,True,2,True,0.0,1311.814,3349632
two_rows/3_315_0_36A12971_144_208_215_271.jpg,two_row_car,36A12971,36A12971,8,8,1.0,True,2,False,0.0,2340.438,3349632
two_rows/6_681_0_36A28683_409_342_473_411.jpg,two_row_car,36A28683,36A28683,8,8,1.0,True,2,False,0.0,8185.56,3349632
two_rows/1_3865_0_36C14153_150_161_483_312.jpg,two_row_car,36C14153,36C14153,8,8,1.0,True,2,True,0.0,437.255,3349632
two_rows_label_xe_may/4_1149_0_29g141316_298_47_431_155.jpg,two_row_motorcycle,29G141316,122112467,9,1,0.1111111111111111,False,1,True,0.0,11037.776,3768336
one_row/7_2534_1_36A04107_119_176_552_264.jpg,one_row,36A04107,36A04107,8,8,1.0,True,1,True,0.0,460.272,3349632
one_row/5_4136_1_36N2912_76_201_544_285.jpg,one_row,36N2912,36N2972,7,6,0.8571428571428571,False,1,True,0.0,505.313,2930928
two_rows/7_1246_0_36A43080_150_285_210_352.jpg,two_row_car,36A43080,36A43080,8,8,1.0,True,2,False,0.0,1678.006,3349632
one_row/9_1850_1_36B03575_142_334_476_397.jpg,one_row,36B03575,36B03575,8,8,1.0,True,1,True,1.206,1039.61,3349632
one_row/6_2877_1_36A42434_151_192_505_255.jpg,one_row,36A42434,36A42434,8,8,1.0,True,1,True,0.0,899.46,3349632
one_row/1_2827_1_36A31403_58_195_608_263.jpg,one_row,36A31403,36A31403,8,8,1.0,True,1,True,0.0,132.568,3349632
one_row/7_1123_1_36A42881_104_263_206_327.jpg,one_row,36A42881,36A42881,8,8,1.0,True,1,True,0.0,1689.117,3349632
one_row/5_2569_1_36A32129_140_279_481_342.jpg,one_row,36A32129,36A32129,8,8,1.0,True,1,True,0.0,1026.717,3349632
two_rows/7_1310_0_36A43174_144_195_207_256.jpg,two_row_car,36A43174,36A43174,8,8,1.0,True,2,False,0.0,6223.389,3349632
one_row/4_1653_1_36A07317_118_194_543_288.jpg,one_row,36A07317,36A07317,8,8,1.0,True,1,True,0.0,555.882,3349632
two_rows/3_385_0_36A16090_447_228_494_283.jpg,two_row_car,36A16090,36A16090,8,8,1.0,True,2,True,0.0,5334.898,3349632
two_rows/6_895_0_36A41954_125_235_179_299.jpg,two_row_car,36A41954,36A41954,8,8,1.0,True,2,False,0.0,1943.02,3349632
two_rows/3_82_0_30A16963_111_295_163_366.jpg,two_row_car,30A16963,30A16963,8,8,1.0,True,2,True,0.0,4943.528,3349632
one_row/2_575_1_77A04205_79_316_180_397.jpg,one_row,77A04205,77A04205,8,8,1.0,True,1,True,0.0,1517.63,3349632
two_rows/5_968_0_36A41395_467_309_530_390.jpg,two_row_car,36A41395,43163A95,8,2,0.25,False,1,True,0.0,2836.505,3349632
two_rows/7_4929_0_36R01989_236_214_417_337.jpg,two_row_car,36R01989,36R01989,8,8,1.0,True,2,True,0.0,3603.37,3349632
two_rows_label_xe_may/6_1966_0_29l143990_372_117_472_201.jpg,two_row_motorcycle,29L143990,29L143990,9,9,1.0,True,2,True,5.711,4476.976,3768336
two_rows/3_1407_0_36R01802_159_260_201_298.jpg,two_row_car,36R01802,36R01802,8,8,1.0,True,2,False,0.0,9226.638,3349632
two_rows_label_xe_may/2_30_0_29X536792_392_38_528_174.jpg,two_row_motorcycle,29X536792,29XA36792,9,8,0.8888888888888888,False,2,False,0.0,3472.314,3768336
one_row/5_3298_1_36C04863_93_166_494_248.jpg,one_row,36C04863,36C04863,8,8,1.0,True,1,True,0.0,2055.986,3349632
one_row/6_2121_1_36A08943_143_232_552_295.jpg,one_row,36A08943,36A08943,8,8,1.0,True,1,True,0.932,2178.203,3349632
two_rows/6_1291_0_36C12900_250_397_297_451.jpg,two_row_car,36C12900,36C12900,8,8,1.0,True,2,False,0.0,10097.293,3349632
two_rows_label_xe_may/6_2254_0_36m61368_224_60_367_170.jpg,two_row_motorcycle,36M61368,23022806,8,0,0.0,False,1,True,0.0,1774.088,3349632
two_rows/4_6_0_15A48033_143_201_212_274.jpg,two_row_car,15A48033,15A48033,8,8,1.0,True,2,False,0.0,5013.78,3349632
one_row/4_3247_1_36C28360_102_234_489_307.jpg,one_row,36C28360,36C28360,8,8,1.0,True,1,True,0.0,2020.67,3349632
two_rows/4_3077_0_36C21123_230_226_428_349.jpg,two_row_car,36C21123,36C21123,8,8,1.0,True,2,True,0.0,1405.059,3349632
two_rows/5_380_0_36A12777_455_220_516_291.jpg,two_row_car,36A12777,36A12777,8,8,1.0,True,2,False,0.0,4735.192,3349632
two_rows/3_496_0_36A22149_389_335_452_389.jpg,two_row_car,36A22149,36A22149,8,8,1.0,True,2,False,0.0,7353.665,3349632
two_rows/4_207_0_36A07340_490_221_538_283.jpg,two_row_car,36A07340,36A07340,8,8,1.0,True,2,True,0.0,11461.567,3349632
one_row/1_4024_1_36C26570_108_297_507_348.jpg,one_row,36C26570,36C26570,8,8,1.0,True,1,True,0.0,738.371,3349632
one_row/8_2147_1_36HC00529_41_196_513_279.jpg,one_row,36HC00529,36HC00529,9,9,1.0,True,1,True,0.373,2452.628,3768336
two_rows/7_1640_0_36C03805_426_312_470_364.jpg,two_row_car,36C03805,36C03806,8,7,0.875,False,2,False,0.0,8286.82,3349632
two_rows/2_318_0_36A39365_500_223_566_301.jpg,two_row_car,36A39365,36A39365,8,8,1.0,True,2,False,0.0,3666.278,3349632
one_row/8_1554_1_36A43642_115_225_496_302.jpg,one_row,36A43642,36A43642,8,8,1.0,True,1,True,0.0,2135.055,3349632
one_row/8_1088_1_30A32024_146_208_504_285.jpg,one_row,30A32024,30A32024,8,8,1.0,True,1,True,0.31,210.241,3349632
one_row/8_1317_1_36A15668_156_248_501_311.jpg,one_row,36A15668,36A15668,8,8,1.0,True,1,True,1.414,478.543,3349632
one_row/6_2169_1_36A12571_103_199_515_262.jpg,one_row,36A12571,36A12571,8,8,1.0,True,1,True,0.0,1032.516,3349632
one_row/9_856_1_36C08839_187_323_268_368.jpg,one_row,36C08839,36C08839,8,8,1.0,True,1,True,0.0,4270.244,3349632
one_row/7_3401_1_36A42766_137_251_495_311.jpg,one_row,36A42766,36A42794,8,6,0.75,False,1,True,0.868,1757.089,3349632
one_row/3_2578_1_36B01760_109_221_550_287.jpg,one_row,36B01760,36B01760,8,8,1.0,True,1,True,0.0,637.785,3349632
one_row/5_3443_1_36C11255_27_248_527_352.jpg,one_row,36C11255,36C11255,8,8,1.0,True,1,False,0.0,396.273,3349632
two_rows_label_xe_may/2_485_0_29e175147_269_117_407_235.jpg,two_row_motorcycle,29E175147,722914271,9,0,0.0,False,1,False,0.0,3255.069,3768336
one_row/7_2844_1_36A19733_105_234_480_308.jpg,one_row,36A19733,36A19733,8,8,1.0,True,1,False,0.0,1696.515,3349632
two_rows_label_xe_may/9_1763_0_98E155365_464_1_603_122.jpg,two_row_motorcycle,98E155365,98B155365,9,8,0.8888888888888888,False,2,False,0.0,6909.375,3768336
one_row/8_1486_1_36A43114_89_170_529_236.jpg,one_row,36A43114,36A43114,8,8,1.0,True,1,True,0.175,863.063,3349632
one_row/4_3479_1_36M8461_135_206_483_278.jpg,one_row,36M8461,36M8461,7,7,1.0,True,1,True,0.0,848.969,2930928
one_row/5_2095_1_36A02492_137_192_521_275.jpg,one_row,36A02492,36A02492,8,8,1.0,True,1,False,0.0,173.647,3349632
one_row/2_215_1_36A18952_484_338_573_412.jpg,one_row,36A18952,36A18952,8,8,1.0,True,1,True,0.0,11040.539,3349632
one_row/8_1558_1_36A43651_116_291_497_348.jpg,one_row,36A43651,36A43651,8,8,1.0,True,1,True,0.0,1624.092,3349632
one_row/4_2693_1_36C02302_130_230_480_298.jpg,one_row,36C02302,36C02302,8,8,1.0,True,1,True,0.0,1112.915,3349632
two_rows/3_1388_0_36N2830_209_382_246_419.jpg,two_row_car,36N2830,36N2830,7,7,1.0,True,2,False,0.0,4327.442,2930928
one_row/5_2416_1_36A22785_137_190_492_253.jpg,one_row,36A22785,36A22785,8,8,1.0,True,1,True,0.769,1588.46,3349632
one_row/3_3268_1_36C27883_124_240_468_293.jpg,one_row,36C27883,36C27883,8,8,1.0,True,1,False,0.0,4426.924,3349632
two_rows/3_1354_0_36M8086_432_208_501_279.jpg,two_row_car,36M8086,36M8086,7,7,1.0,True,2,True,0.0,7217.192,2930928
one_row/5_2080_1_36A01605_100_189_578_273.jpg,one_row,36A01605,36A01605,8,8,1.0,True,1,True,0.0,716.006,3349632
one_row/4_2140_1_36A40259_105_189_536_282.jpg,one_row,36A40259,36A40259,8,8,1.0,True,1,True,0.0,1273.539,3349632
two_rows_label_xe_may/9_1701_0_29T169179_67_113_201_237.jpg,two_row_motorcycle,29T169179,297169179,9,8,0.8888888888888888,False,2,False,0.0,745.301,3768336
one_row/9_2227_1_36C29965_108_294_526_357.jpg,one_row,36C29965,36C29965,8,8,1.0,True,1,True,0.0,848.937,3349632
two_rows/5_440_0_36A16625_440_200_509_269.jpg,two_row_car,36A16625,36A16625,8,8,1.0,True,2,False,0.0,8257.321,3349632
one_row/1_2559_1_36A13856_90_238_537_291.jpg,one_row,36A13856,36A13856,8,8,1.0,True,1,False,0.0,1699.754,3349632
one_row/9_1377_1_36A25486_108_250_496_313.jpg,one_row,36A25486,36A25486,8,8,1.0,True,1,False,0.0,1189.886,3349632
two_rows/6_1428_0_36C29327_164_286_223_351.jpg,two_row_car,36C29327,36C29327,8,8,1.0,True,2,False,0.0,1583.182,3349632
one_row/1_2486_1_36A12211_15_197_617_286.jpg,one_row,36A12211,36A12211,8,8,1.0,True,1,True,0.0,137.566,3349632
one_row/9_1523_1_36A43793_103_242_455_319.jpg,one_row,36A43793,36A43793,8,8,1.0,True,1,True,1.204,768.421,3349632
two_rows_label_xe_may/5_1787_0_29c121355_449_151_567_259.jpg,two_row_motorcycle,29C121355,29C121355,9,9,1.0,True,2,False,0.0,4180.66,3768336
one_row/6_1902_1_30N3715_108_198_520_284.jpg,one_row,30N3715,30N3715,7,7,1.0,True,1,True,0.587,1304.551,2930928
two_rows/7_2131_0_49A24062_91_253_157_320.jpg,two_row_car,49A24062,49A24062,8,8,1.0,True,2,False,0.0,3135.361,3349632
two_rows/8_104_0_30F04348_384_270_442_330.jpg,two_row_car,30F04348,30F04348,8,8,1.0,True,2,False,0.0,3755.526,3349632
two_rows_label_xe_may/6_1195_0_30M59088_397_129_510_247.jpg,two_row_motorcycle,30M59088,30M59088,8,8,1.0,True,2,False,0.0,5471.547,3349632
one_row/7_2464_1_36A00410_58_191_517_260.jpg,one_row,36A00410,36A00410,8,8,1.0,True,1,True,0.0,953.679,3349632
one_row/5_2534_1_36A28028_87_165_572_243.jpg,one_row,36A28028,36A08028,8,7,0.875,False,1,False,0.0,1027.706,3349632
two_rows/1_175_0_30M6550_103_243_167_306.jpg,two_row_car,30M6550,30M6550,7,7,1.0,True,2,False,0.0,2861.085,2930928
one_row/2_1420_1_36C20115_137_205_518_282.jpg,one_row,36C20115,36C20115,8,8,1.0,True,1,True,0.0,1303.091,3349632
two_rows/2_499_0_36C27763_186_366_226_414.jpg,two_row_car,36C27763,36C27763,8,8,1.0,True,2,False,0.0,9529.677,3349632
one_row/5_85_1_29C84652_147_302_246_360.jpg,one_row,29C84652,29C84652,8,8,1.0,True,1,True,0.0,4578.93,3349632
two_rows_label_xe_may/9_3586_0_29k109329_305_88_443_205.jpg,two_row_motorcycle,29K109329,22G219199,9,3,0.3333333333333333,False,1,False,0.0,7204.054,3768336
one_row/6_3072_1_36B03497_67_245_546_320.jpg,one_row,36B03497,36B03497,8,8,1.0,True,1,False,0.0,2497.919,3349632
one_row/5_4215_1_37A56249_140_213_519_291.jpg,one_row,37A56249,37A56249,8,8,1.0,True,1,True,0.0,405.397,3349632
one_row/5_3455_1_36C11463_49_217_617_296.jpg,one_row,36C11463,36C11463,8,8,1.0,True,1,True,0.0,956.151,3349632
one_row/5_3307_1_36C04944_1_182_631_280.jpg,one_row,36C04944,6C049442,8,1,0.125,False,1,True,0.0,821.562,3349632
two_rows_label_xe_may/9_3676_0_29g148508_343_97_453_184.jpg,two_row_motorcycle,29G148508,29G148508,9,9,1.0,True,2,True,0.0,1140.451,3768336
two_rows_label_xe_may/8_3057_0_29l163045_346_59_491_177.jpg,two_row_motorcycle,29L163045,29G111421,9,3,0.3333333333333333,False,1,True,0.0,8670.283,3768336
two_rows_label_xe_may/7_2510_0_29z98617_146_175_283_298.jpg,two_row_motorcycle,29Z98617,82691979,8,1,0.125,False,1,False,0.0,5594.968,3349632
two_rows/1_1471_0_36C09675_201_403_246_452.jpg,two_row_car,36C09675,36C23656,8,4,0.5,False,2,False,0.0,9248.729,3349632
two_rows/6_1133_0_36B01798_135_291_177_336.jpg,two_row_car,36B01798,336B1798,8,5,0.625,False,2,False,0.0,8187.59,3349632
one_row/8_1552_1_36A43639_111_224_562_301.jpg,one_row,36A43639,36A43639,8,8,1.0,True,1,True,0.0,771.823,3349632
one_row/8_1105_1_30F2340_117_197_505_261.jpg,one_row,30F2340,30F2340,7,7,1.0,True,1,True,0.0,1628.644,2930928
one_row/5_3020_1_36B00817_104_239_515_322.jpg,one_row,36B00817,36B00817,8,8,1.0,True,1,True,0.535,1316.689,3349632
one_row/1_4415_1_51F71881_29_280_575_361.jpg,one_row,51F71881,51F71881,8,8,1.0,True,1,False,0.0,390.137,3349632
one_row/1_4327_1_36N3465_131_221_512_272.jpg,one_row,36N3465,36N3465,7,7,1.0,True,1,True,0.0,747.431,2930928
one_row/6_1710_1_29A12070_65_260_575_334.jpg,one_row,29A12070,29A12070,8,8,1.0,True,1,False,0.0,1212.923,3349632
one_row/8_1655_1_36B01652_129_228_508_294.jpg,one_row,36B01652,30801652,8,6,0.75,False,1,True,0.0,1213.022,3349632
two_rows/5_796_0_36A41032_482_231_542_307.jpg,two_row_car,36A41032,36A41032,8,8,1.0,True,2,False,0.0,3868.586,3349632
one_row/3_3276_1_36C27926_51_141_569_230.jpg,one_row,36C27926,36C27926,8,8,1.0,True,1,True,0.0,725.85,3349632
one_row/1_4109_1_36C27597_16_222_568_301.jpg,one_row,36C27597,36C27597,8,8,1.0,True,1,False,0.0,1059.158,3349632
two_rows_label_xe_may/5_943_0_36B632551_357_4_481_107.jpg,two_row_motorcycle,36B632551,36B632551,9,9,1.0,True,2,True,0.0,4873.124,3768336
one_row/3_2335_1_36A39804_26_254_519_321.jpg,one_row,36A39804,36A39804,8,8,1.0,True,1,True,0.0,1608.058,3349632
one_row/5_2093_1_36A02443_117_180_496_243.jpg,one_row,36A02443,36A02443,8,8,1.0,True,1,True,0.464,1139.463,3349632
one_row/6_3114_1_36C01582_49_264_486_327.jpg,one_row,36C01582,36C01582,8,8,1.0,True,1,True,0.0,672.608,3349632
two_rows_label_xe_may/7_2526_0_30y93031_149_27_292_141.jpg,two_row_motorcycle,30Y93031,90021121,8,2,0.25,False,1,True,0.0,7687.266,3349632
one_row/9_1481_1_36A43650_132_270_520_333.jpg,one_row,36A43650,36A43650,8,8,1.0,True,1,True,0.0,163.089,3349632
one_row/3_2921_1_36C12940_34_265_607_332.jpg,one_row,36C12940,36C12940,8,8,1.0,True,1,False,0.0,1290.722,3349632
two_rows_label_xe_may/4_1068_0_29t167105_457_157_574_262.jpg,two_row_motorcycle,29T167105,29T167105,9,9,1.0,True,2,False,0.0,4842.054,3768336
two_rows/3_996_0_36C00149_384_349_434_403.jpg,two_row_car,36C00149,36C00149,8,8,1.0,True,2,False,0.0,10391.366,3349632
two_rows_label_xe_may/5_1809_0_30h27562_294_71_438_183.jpg,two_row_motorcycle,30H27562,70226212,8,3,0.375,False,1,True,0.0,6938.202,3349632
two_rows/5_311_0_36A07678_463_209_536_288.jpg,two_row_car,36A07678,36A07678,8,8,1.0,True,2,False,0.0,3570.185,3349632
one_row/4_3450_1_36M5999_118_193_475_246.jpg,one_row,36M5999,396M599,7,3,0.42857142857142855,False,1,True,0.0,1858.279,2930928
one_row/5_4133_1_36N2692_80_106_573_189.jpg,one_row,36N2692,36N2692,7,7,1.0,True,1,True,0.0,712.758,2930928
one_row/7_3599_1_36A43138_57_207_486_276.jpg,one_row,36A43138,36A43138,8,8,1.0,True,1,True,0.957,231.756,3349632
two_rows/7_1160_0_36A42929_156_253_208_308.jpg,two_row_car,36A42929,36A42929,8,8,1.0,True,2,False,0.0,1970.642,3349632
one_row/6_1746_1_29B03951_89_238_499_314.jpg,one_row,29B03951,29B03951,8,8,1.0,True,1,True,1.574,958.155,3349632
two_rows_label_xe_may/2_802_0_30m82821_444_236_557_340.jpg,two_row_motorcycle,30M82821,00682821,8,6,0.75,False,2,False,0.0,2664.09,3349632
one_row/6_2837_1_36A42327_161_225_496_288.jpg,one_row,36A42327,36A42327,8,8,1.0,True,1,True,0.0,996.291,3349632
one_row/8_1401_1_36A25325_136_225_496_291.jpg,one_row,36A25325,36A25325,8,8,1.0,True,1,True,0.0,3107.629,3349632
one_row/1_3343_1_36A38871_92_231_495_300.jpg,one_row,36A38871,36A38871,8,8,1.0,True,1,True,0.0,1313.909,3349632
one_row/3_2795_1_36C05973_94_241_558_308.jpg,one_row,36C05973,6C505973,8,5,0.625,False,1,True,0.0,1567.198,3349632
one_row/7_4475_1_36C25187_196_271_458_316.jpg,one_row,36C25187,36C25187,8,8,1.0,True,1,True,0.0,4096.147,3349632
two_rows_label_xe_may/6_1214_0_35B168785_423_34_566_158.jpg,two_row_motorcycle,35B168785,35B168785,9,9,1.0,True,2,False,0.0,4873.08,3768336
two_rows/3_426_0_36A21061_414_220_479_291.jpg,two_row_car,36A21061,36A21061,8,8,1.0,True,2,False,0.0,6361.483,3349632
two_rows/9_2137_0_36C26269_234_163_449_301.jpg,two_row_car,36C26269,36C26269,8,8,1.0,True,2,False,0.0,490.029,3349632
one_row/8_2015_1_36C24120_48_271_485_359.jpg,one_row,36C24120,36C24120,8,8,1.0,True,1,False,0.0,604.302,3349632
two_rows/3_1401_0_36N4303_189_388_234_428.jpg,two_row_car,36N4303,36N4303,7,7,1.0,True,2,False,0.0,2400.03,2930928
one_row/5_2875_1_36A41385_126_198_497_267.jpg,one_row,36A41385,36A41385,8,8,1.0,True,1,False,0.0,1531.588,3349632
one_row/4_1521_1_30V9025_136_218_534_313.jpg,one_row,30V9025,30V9025,7,7,1.0,True,1,False,0.0,1220.143,2930928
one_row/6_3792_1_36M1395_52_210_508_317.jpg,one_row,36M1395,36MA370,7,4,0.5714285714285714,False,1,True,0.0,388.117,2930928
two_rows/3_863_0_36A40161_447_337_516_408.jpg,two_row_car,36A40161,36A40161,8,8,1.0,True,2,False,0.0,8284.855,3349632
one_row/7_3023_1_36A27071_190_240_529_314.jpg,one_row,36A27071,36A27071,8,8,1.0,True,1,False,0.0,1384.985,3349632
one_row/1_728_1_36A37859_386_318_495_368.jpg,one_row,36A37859,36A37859,8,8,1.0,True,1,True,0.0,2464.667,3349632
two_rows/7_455_0_36A15366_139_173_208_241.jpg,two_row_car,36A15366,36A15366,8,8,1.0,True,2,False,0.0,794.142,3349632
two_rows_label_xe_may/8_3008_0_37h130230_246_68_403_199.jpg,two_row_motorcycle,37H130230,203223801,9,0,0.0,False,1,True,0.0,7632.853,3768336
one_row/3_2830_1_36C08083_66_185_501_262.jpg,one_row,36C08083,36C08083,8,8,1.0,True,1,False,0.0,394.204,3349632
two_rows_label_xe_may/6_2066_0_29t143883_302_156_438_269.jpg,two_row_motorcycle,29T143883,43G416011,9,0,0.0,False,1,True,0.0,1082.045,3768336
one_row/5_4071_1_36M8525_148_203_511_299.jpg,one_row,36M8525,36M8525,7,7,1.0,True,1,True,0.0,1614.568,2930928
one_row/4_1126_1_36C28021_187_312_270_356.jpg,one_row,36C28021,36C28021,8,8,1.0,True,1,True,0.0,5337.153,3349632
two_rows/8_356_0_36A25160_455_205_513_271.jpg,two_row_car,36A25160,36A25160,8,8,1.0,True,2,True,0.0,2647.535,3349632
one_row/6_3330_1_36C12096_57_217_558_292.jpg,one_row,36C12096,36C12096,8,8,1.0,True,1,False,0.0,353.617,3349632
two_rows/5_945_0_36A41335_142_295_212_374.jpg,two_row_car,36A41335,36A41335,8,8,1.0,True,2,False,0.0,3999.949,3349632
one_row/7_4627_1_36C29537_135_193_517_267.jpg,one_row,36C29537,36C29537,8,8,1.0,True,1,True,0.0,1852.384,3349632
two_rows/2_458_0_36C15473_444_312_511_394.jpg,two_row_car,36C15473,36C15473,8,8,1.0,True,2,False,0.0,2769.761,3349632
two_rows/7_1048_0_36A42787_65_187_116_252.jpg,two_row_car,36A42787,36A42787,8,8,1.0,True,2,True,0.0,2933.328,3349632
two_rows/5_1781_0_99A04129_439_195_508_271.jpg,two_row_car,99A04129,99A04129,8,8,1.0,True,2,False,0.0,4834.716,3349632
one_row/7_4487_1_36C25762_205_225_514_309.jpg,one_row,36C25762,36C25762,8,8,1.0,True,1,False,0.0,237.691,3349632
two_rows/7_914_0_36A42605_119_241_180_305.jpg,two_row_car,36A42605,36A42605,8,8,1.0,True,2,False,0.0,3018.719,3349632
one_row/6_2814_1_36A42254_141_198_504_266.jpg,one_row,36A42254,36A42254,8,8,1.0,True,1,True,0.0,1063.697,3349632
two_rows/4_3620_0_51R13608_204_206_382_325.jpg,two_row_car,51R13608,51H13608,8,7,0.875,False,2,True,0.0,1011.012,3349632
two_rows/8_2090_0_36C29804_173_214_391_341.jpg,two_row_car,36C29804,36C29804,8,8,1.0,True,2,True,0.0,1374.827,3349632
one_row/9_1304_1_36A15886_146_250_516_313.jpg,one_row,36A15886,36A15886,8,8,1.0,True,1,True,0.0,390.065,3349632
one_row/7_3662_1_36A43264_191_229_514_290.jpg,one_row,36A43264,36A43264,8,8,1.0,True,1,True,0.0,887.688,3349632
one_row/7_2278_1_29C09172_76_263_570_341.jpg,one_row,29C09172,2C091872,8,3,0.375,False,1,True,0.0,719.652,3349632
two_rows_label_xe_may/7_2735_0_29l103391_386_195_511_296.jpg,two_row_motorcycle,29L103391,29L103391,9,9,1.0,True,2,True,0.0,3246.065,3768336
one_row/6_3246_1_36C07739_83_214_569_299.jpg,one_row,36C07739,36C07730,8,7,0.875,False,1,True,0.0,452.597,3349632
one_row/3_2156_1_36A39353_67_179_560_269.jpg,one_row,36A39353,36A39353,8,8,1.0,True,1,True,0.0,2477.021,3349632
one_row/3_416_1_36A19788_386_340_479_392.jpg,one_row,36A19788,36C19788,8,7,0.875,False,1,True,0.0,5453.474,3349632
two_rows/6_1033_0_36A42379_450_303_509_370.jpg,two_row_car,36A42379,36A42379,8,8,1.0,True,2,False,0.0,5272.419,3349632
two_rows/1_2105_0_29C83509_226_225_460_352.jpg,two_row_car,29C83509,29C83509,8,8,1.0,True,2,True,0.559,279.989,3349632
one_row/5_3445_1_36C11265_143_242_477_304.jpg,one_row,36C11265,36C11265,8,8,1.0,True,1,True,0.0,1803.979,3349632
two_rows/8_461_0_36A43403_124_325_178_399.jpg,two_row_car,36A43403,433460A3,8,2,0.25,False,1,False,0.0,3492.99,3349632
one_row/6_2655_1_36A41892_148_176_501_245.jpg,one_row,36A41892,36A41892,8,8,1.0,True,1,True,0.0,1450.192,3349632
one_row/5_3740_1_36C24640_57_204_509_300.jpg,one_row,36C24640,36C24640,8,8,1.0,True,1,True,1.278,722.419,3349632
two_rows_label_xe_may/4_1085_0_29e235021_162_48_298_164.jpg,two_row_motorcycle,29E235021,222112221,9,3,0.3333333333333333,False,1,False,0.0,7470.655,3768336
one_row/3_2574_1_36B01622_109_222_538_293.jpg,one_row,36B01622,36B01622,8,8,1.0,True,1,False,0.0,138.248,3349632
one_row/3_3146_1_36C20966_88_220_565_303.jpg,one_row,36C20966,36C20966,8,8,1.0,True,1,True,0.0,981.442,3349632
two_rows/5_1457_0_36C23310_277_320_324_367.jpg,two_row_car,36C23310,36C23310,8,8,1.0,True,2,False,0.0,4971.927,3349632
one_row/3_3278_1_36C27932_97_222_555_289.jpg,one_row,36C27932,36C27932,8,8,1.0,True,1,True,0.0,1527.992,3349632
one_row/6_1696_1_20C06710_135_245_559_308.jpg,one_row,20C06710,20C06710,8,8,1.0,True,1,True,0.0,878.395,3349632
one_row/3_3719_1_89C06400_68_194_547_273.jpg,one_row,89C06400,89C06400,8,8,1.0,True,1,True,0.0,868.373,3349632
two_rows_label_xe_may/2_196_0_29L520630_405_70_525_194.jpg,two_row_motorcycle,29L520630,29L520630,9,9,1.0,True,2,False,0.0,5189.981,3768336
two_rows/3_497_0_36A22184_406_347_473_407.jpg,two_row_car,36A22184,36A22184,8,8,1.0,True,2,False,0.0,5784.553,3349632
one_row/6_2435_1_36A26347_117_251_557_314.jpg,one_row,36A26347,36A26343,8,7,0.875,False,1,True,0.0,812.29,3349632
one_row/1_3237_1_36A38642_139_301_249_368.jpg,one_row,36A38642,36A38642,8,8,1.0,True,1,True,0.0,1724.214,3349632
two_rows/4_3624_0_54Z7464_221_188_434_319.jpg,two_row_car,54Z7464,5427464,7,6,0.8571428571428571,False,2,True,0.0,471.547,2930928
two_rows/5_988_0_36A41431_124_199_192_273.jpg,two_row_car,36A41431,36A41431,8,8,1.0,True,2,False,0.0,4728.815,3349632
one_row/4_2534_1_36B01578_115_243_557_321.jpg,one_row,36B01578,36B01578,8,8,1.0,True,1,True,0.699,1447.549,3349632
two_rows/3_971_0_36B02302_201_314_237_349.jpg,two_row_car,36B02302,36B02302,8,8,1.0,True,2,False,0.0,4604.601,3349632
two_rows_label_xe_may/8_3146_0_29h194680_312_117_455_238.jpg,two_row_motorcycle,29H194680,92G229801,9,0,0.0,False,1,False,0.0,6259.178,3768336
one_row/6_2239_1_36A17479_120_179_529_250.jpg,one_row,36A17479,36A17479,8,8,1.0,True,1,True,0.516,1677.651,3349632
one_row/7_3748_1_36B00108_137_235_527_296.jpg,one_row,36B00108,36B00108,8,8,1.0,True,1,True,0.0,318.727,3349632
two_rows/8_746_0_36C22522_143_303_203_375.jpg,two_row_car,36C22522,36C22522,8,8,1.0,True,2,True,0.0,1969.668,3349632
two_rows/1_632_0_36A29725_143_252_220_315.jpg,two_row_car,36A29725,36A29725,8,8,1.0,True,2,True,0.0,1547.451,3349632
two_rows_label_xe_may/9_3400_0_29y78723_282_172_419_301.jpg,two_row_motorcycle,29Y78723,8G712202,8,0,0.0,False,1,False,0.0,6174.948,3349632
one_row/3_2267_1_36A39647_143_255_542_320.jpg,one_row,36A39647,36A39647,8,8,1.0,True,1,True,0.0,1610.585,3349632
one_row/6_3183_1_36C05028_89_233_564_290.jpg,one_row,36C05028,36C05028,8,8,1.0,True,1,False,0.0,1796.839,3349632
two_rows_label_xe_may/1_401_0_14b142008_212_101_365_231.jpg,two_row_motorcycle,14B142008,417040117,9,1,0.1111111111111111,False,1,False,0.0,1002.098,3768336
two_rows/3_534_0_36A25804_442_244_500_307.jpg,two_row_car,36A25804,36A25804,8,8,1.0,True,2,False,0.0,7135.878,3349632
two_rows/5_91_0_29D51666_168_265_230_322.jpg,two_row_car,29D51666,29051666,8,7,0.875,False,2,True,0.0,3750.929,3349632
one_row/1_4246_1_36M6461_139_278_464_324.jpg,one_row,36M6461,36M6461,7,7,1.0,True,1,True,0.0,3243.879,2930928
one_row/6_3523_1_36C22221_105_183_515_246.jpg,one_row,36C22221,36C22221,8,8,1.0,True,1,False,0.0,1675.395,3349632
two_rows/6_78_0_29C17654_195_407_241_458.jpg,two_row_car,29C17654,29C17654,8,8,1.0,True,2,False,0.0,6820.039,3349632
two_rows/6_1517_0_36M2513_143_313_186_358.jpg,two_row_car,36M2513,36M2513,7,7,1.0,True,2,False,0.0,4703.863,2930928
two_rows/3_348_0_36A13557_459_314_526_394.jpg,two_row_car,36A13557,13356A57,8,2,0.25,False,1,False,0.0,6168.985,3349632
two_rows_label_xe_may/5_906_0_30L67682_16_212_152_344.jpg,two_row_motorcycle,30L67682,30L67682,8,8,1.0,True,2,False,0.0,2058.764,3349632
two_rows_label_xe_may/4_1240_0_29g147855_343_141_467_243.jpg,two_row_motorcycle,29G147855,492892421,9,1,0.1111111111111111,False,1,True,0.0,11015.335,3768336
two_rows/5_437_0_36A16232_463_319_524_391.jpg,two_row_car,36A16232,36A16232,8,8,1.0,True,2,False,0.0,6617.564,3349632
one_row/1_686_1_36A37566_428_347_540_406.jpg,one_row,36A37566,36A37666,8,7,0.875,False,1,True,0.0,2489.137,3349632
one_row/7_4939_1_37B00986_92_244_487_320.jpg,one_row,37B00986,37B00986,8,8,1.0,True,1,True,0.0,1863.546,3349632
one_row/4_3464_1_36M7434_121_231_476_301.jpg,one_row,36M7434,3M07434,7,5,0.7142857142857143,False,1,True,0.0,882.287,2930928
one_row/4_1584_1_36A01540_83_225_567_323.jpg,one_row,36A01540,36A01540,8,8,1.0,True,1,True,0.0,1126.378,3349632
one_row/7_4574_1_36C29248_145_238_503_312.jpg,one_row,36C29248,36C29248,8,8,1.0,True,1,False,0.0,1382.48,3349632
two_rows_label_xe_may/4_714_0_29E244794_414_53_542_166.jpg,two_row_motorcycle,29E244794,29E244794,9,9,1.0,True,2,False,0.0,5258.643,3768336
two_rows_label_xe_may/5_1822_0_38z11879_243_59_388_169.jpg,two_row_motorcycle,38Z11879,20117127,8,1,0.125,False,1,True,0.0,5196.89,3349632
two_rows/8_417_0_36A34310_427_265_483_326.jpg,two_row_car,36A34310,36A34310,8,8,1.0,True,2,False,0.0,3220.172,3349632
two_rows/7_118_0_30A62003_157_215_212_274.jpg,two_row_car,30A62003,30A62003,8,8,1.0,True,2,False,0.0,4189.918,3349632
two_rows/3_1039_0_36C07367_246_340_304_386.jpg,two_row_car,36C07367,36307367,8,7,0.875,False,2,True,0.0,2509.148,3349632
one_row/4_2268_1_36A40535_86_149_606_256.jpg,one_row,36A40535,36A40535,8,8,1.0,True,1,True,0.0,1841.269,3349632
one_row/3_1540_1_29T4601_138_243_534_309.jpg,one_row,29T4601,2914601,7,6,0.8571428571428571,False,1,True,0.0,611.781,2930928
one_row/9_1291_1_36A15453_191_253_517_307.jpg,one_row,36A15453,36A15453,8,8,1.0,True,1,True,0.57,617.162,3349632
one_row/2_725_1_36A02205_3_206_628_310.jpg,one_row,36A02205,361A0220,8,3,0.375,False,1,True,0.105,755.907,3349632
one_row/5_3838_1_36C28665_149_201_476_269.jpg,one_row,36C28665,36C28665,8,8,1.0,True,1,True,0.353,3401.183,3349632
one_row/1_696_1_36A37693_69_331_180_391.jpg,one_row,36A37693,36A37693,8,8,1.0,True,1,True,0.0,622.749,3349632
one_row/8_1315_1_36A15471_135_214_496_277.jpg,one_row,36A15471,36A15471,8,8,1.0,True,1,True,0.0,132.374,3349632
one_row/7_3536_1_36A42981_137_213_505_278.jpg,one_row,36A42981,36A42981,8,8,1.0,True,1,False,0.0,900.163,3349632
two_rows_label_xe_may/9_3333_0_29m162229_403_80_537_190.jpg,two_row_motorcycle,29M162229,29M162229,9,9,1.0,True,2,True,0.0,3061.711,3768336
one_row/9_1668_1_36A44177_79_239_534_333.jpg,one_row,36A44177,36A44177,8,8,1.0,True,1,False,0.0,818.368,3349632
one_row/6_3724_1_36D00838_156_197_467_260.jpg,one_row,36D00838,36D00838,8,8,1.0,True,1,True,0.0,1082.625,3349632
one_row/6_2226_1_36A17181_52_165_526_228.jpg,one_row,36A17181,36A17181,8,8,1.0,True,1,True,0.0,694.235,3349632
one_row/5_129_1_30A60652_423_206_542_277.jpg,one_row,30A60652,30A60652,8,8,1.0,True,1,True,0.0,3166.142,3349632
one_row/9_1429_1_36A43014_172_254_484_325.jpg,one_row,36A43014,36A43014,8,8,1.0,True,1,True,0.0,745.655,3349632
two_rows/9_233_0_36A25217_474_314_523_377.jpg,two_row_car,36A25217,36A25211,8,7,0.875,False,2,True,0.0,2402.235,3349632
one_row/3_1619_1_30S4191_122_208_472_287.jpg,one_row,30S4191,30S4191,7,7,1.0,True,1,True,1.559,1111.866,2930928
two_rows/4_584_0_36A40293_106_215_163_274.jpg,two_row_car,36A40293,36A40293,8,8,1.0,True,2,False,0.0,4571.663,3349632
one_row/9_1507_1_36A43744_152_236_496_304.jpg,one_row,36A43744,36A43744,8,8,1.0,True,1,True,0.614,775.695,3349632
one_row/7_4849_1_36N2489_77_225_533_306.jpg,one_row,36N2489,36N2489,7,7,1.0,True,1,True,0.0,1289.713,2930928
one_row/7_1126_1_36A42885_16_255_126_330.jpg,one_row,36A42885,36A42885,8,8,1.0,True,1,True,0.0,2267.721,3349632
two_rows/6_1485_0_36HC00341_382_401_441_460.jpg,two_row_car,36HC00341,36HC00341,9,9,1.0,True,2,False,0.0,10077.608,3768336
one_row/4_2436_1_36A40960_63_185_530_281.jpg,one_row,36A40960,36A40960,8,8,1.0,True,1,True,0.0,578.98,3349632
one_row/4_2153_1_36A40289_138_225_519_288.jpg,one_row,36A40289,36A40289,8,8,1.0,True,1,True,0.0,2311.316,3349632
two_rows_label_xe_may/2_717_0_18f65943_415_167_566_295.jpg,two_row_motorcycle,18F65943,18F65943,8,8,1.0,True,2,False,0.0,695.663,3349632
two_rows_label_xe_may/9_1762_0_29E167966_354_32_489_151.jpg,two_row_motorcycle,29E167966,29E167966,9,9,1.0,True,2,False,0.0,5132.657,3768336
one_row/5_1994_1_30F23812_25_212_619_333.jpg,one_row,30F23812,30F23812,8,8,1.0,True,1,False,0.0,463.14,3349632
one_row/5_3399_1_36C09455_108_217_600_325.jpg,one_row,36C09455,36C09455,8,8,1.0,True,1,False,0.0,207.857,3349632
one_row/9_1677_1_36A44199_204_243_487_296.jpg,one_row,36A44199,36A44199,8,8,1.0,True,1,True,1.061,1351.623,3349632
one_row/3_2707_1_36C01975_103_233_506_296.jpg,one_row,36C01975,36C01975,8,8,1.0,True,1,True,0.0,1164.411,3349632
two_rows/4_408_0_36A22291_505_199_562_270.jpg,two_row_car,36A22291,36A22261,8,7,0.875,False,2,True,0.0,3047.155,3349632
two_rows/2_30_0_29C19297_184_386_219_427.jpg,two_row_car,29C19297,29C10207,8,6,0.75,False,2,False,0.0,3432.346,3349632
one_row/7_3054_1_36A29691_99_194_529_266.jpg,one_row,36A29691,36A29691,8,8,1.0,True,1,True,0.0,1581.05,3349632
two_rows_label_xe_may/6_2020_0_37b115094_482_100_607_204.jpg,two_row_motorcycle,37B115094,373115094,9,8,0.8888888888888888,False,2,True,0.0,160.977,3768336
two_rows_label_xe_may/1_87_0_30p41169_169_75_311_195.jpg,two_row_motorcycle,30P41169,10706991,8,1,0.125,False,1,False,0.0,1002.458,3349632
two_rows_label_xe_may/7_1531_0_30L96462_427_117_561_229.jpg,two_row_motorcycle,30L96462,30L96462,8,8,1.0,True,2,False,0.0,5170.243,3349632
two_rows/1_1650_0_36C27502_178_385_229_430.jpg,two_row_car,36C27502,36C27502,8,8,1.0,True,2,False,0.0,6835.845,3349632
one_row/4_2924_1_36C14972_123_198_515_276.jpg,one_row,36C14972,36C14972,8,8,1.0,True,1,True,0.181,1387.58,3349632
one_row/4_3623_1_54C1517_107_225_505_298.jpg,one_row,54C1517,465M515,7,2,0.2857142857142857,False,1,True,0.0,858.775,2930928
two_rows/9_861_0_36C10624_183_389_223_443.jpg,two_row_car,36C10624,36C10624,8,8,1.0,True,2,False,0.0,3652.827,3349632
one_row/5_2017_1_30U9932_140_225_558_288.jpg,one_row,30U9932,3009932,7,6,0.8571428571428571,False,1,True,0.0,325.008,2930928
one_row/5_2141_1_36A06080_105_143_561_241.jpg,one_row,36A06080,36A06080,8,8,1.0,True,1,False,0.0,653.405,3349632
one_row/4_2524_1_36B01339_122_232_525_299.jpg,one_row,36B01339,36B01339,8,8,1.0,True,1,True,0.0,1592.46,3349632
two_rows/5_1066_0_36A41709_474_308_537_389.jpg,two_row_car,36A41709,43167A09,8,2,0.25,False,1,True,0.0,4765.049,3349632
one_row/7_3413_1_36A42783_97_244_548_305.jpg,one_row,36A42783,36A42783,8,8,1.0,True,1,True,0.0,485.347,3349632
two_rows/6_367_0_36A08369_454_207_514_276.jpg,two_row_car,36A08369,36A08369,8,8,1.0,True,2,False,0.0,4914.364,3349632
two_rows/1_1393_0_36B02961_132_355_171_397.jpg,two_row_car,36B02961,36B02961,8,8,1.0,True,2,False,0.0,10941.116,3349632
two_rows/3_2721_0_36C02113_156_201_443_341.jpg,two_row_car,36C02113,36C02113,8,8,1.0,True,2,True,0.0,137.887,3349632
two_rows/4_1214_0_36L9118_227_371_264_413.jpg,two_row_car,36L9118,36C9118,7,6,0.8571428571428571,False,2,False,0.0,1875.826,2930928
one_row/1_3827_1_36C09981_101_225_543_344.jpg,one_row,36C09981,36C09981,8,8,1.0,True,1,True,0.0,219.888,3349632
two_rows_label_xe_may/9_1791_0_30Y22050_358_103_518_255.jpg,two_row_motorcycle,30Y22050,30Y22052,8,7,0.875,False,2,False,0.0,3606.915,3349632
one_row/7_3500_1_36A42925_148_240_497_310.jpg,one_row,36A42925,36A42925,8,8,1.0,True,1,False,0.0,463.439,3349632
two_rows/5_1359_0_36C14016_206_382_255_424.jpg,two_row_car,36C14016,36C14016,8,8,1.0,True,2,False,0.0,4793.774,3349632
two_rows/7_1542_0_36B01595_227_338_262_371.jpg,two_row_car,36B01595,36B01595,8,8,1.0,True,2,False,0.0,5075.297,3349632
two_rows_label_xe_may/2_515_0_14u125130_403_88_525_175.jpg,two_row_motorcycle,14U125130,140125130,9,8,0.8888888888888888,False,2,True,0.0,4333.056,3768336
two_rows_label_xe_may/4_1099_0_18l138159_252_61_395_168.jpg,two_row_motorcycle,18L138159,112738159,9,6,0.6666666666666666,False,2,True,0.0,8935.627,3768336
two_rows/7_1060_0_36A42796_116_204_178_266.jpg,two_row_car,36A42796,36A42796,8,8,1.0,True,2,False,0.0,3324.935,3349632
one_row/4_3599_1_37C24664_119_225_496_295.jpg,one_row,37C24664,37C24664,8,8,1.0,True,1,False,0.0,1575.039,3349632
one_row/5_3279_1_36C04399_129_259_552_323.jpg,one_row,36C04399,36C04399,8,8,1.0,True,1,True,0.0,553.054,3349632
two_rows_label_xe_may/3_387_0_29D191110_397_7_539_114.jpg,two_row_motorcycle,29D191110,29D191110,9,9,1.0,True,2,True,0.0,3646.948,3768336
one_row/9_1209_1_36A03567_169_225_496_292.jpg,one_row,36A03567,36A03567,8,8,1.0,True,1,True,0.0,1246.862,3349632
two_rows_label_xe_may/9_1802_0_29Y22991_338_61_495_210.jpg,two_row_motorcycle,29Y22991,29Y22991,8,8,1.0,True,2,False,0.0,2384.146,3349632
one_row/7_2351_1_29X9359_83_163_562_246.jpg,one_row,29X9359,29X9359,7,7,1.0,True,1,False,0.0,1198.977,2930928
one_row/8_2204_1_36M2942_68_176_561_290.jpg,one_row,36M2942,36M2942,7,7,1.0,True,1,False,0.0,547.41,2930928
one_row/2_1007_1_36A39269_81_170_535_261.jpg,one_row,36A39269,36A39269,8,8,1.0,True,1,False,0.0,1318.956,3349632
one_row/5_3763_1_36C25474_102_224_574_287.jpg,one_row,36C25474,36C25474,8,8,1.0,True,1,False,0.0,69.848,3349632
two_rows/6_3951_0_36R00058_161_160_456_341.jpg,two_row_car,36R00058,36R00059,8,7,0.875,False,2,True,0.0,1109.868,3349632
one_row/6_2758_1_36A42135_161_204_499_257.jpg,one_row,36A42135,36A42135,8,8,1.0,True,1,True,0.0,1183.189,3349632
two_rows/3_1411_0_37C23806_175_282_242_338.jpg,two_row_car,37C23806,37C23806,8,8,1.0,True,2,True,0.0,5854.467,3349632
two_rows/6_1358_0_36C21947_362_395_419_447.jpg,two_row_car,36C21947,36C21947,8,8,1.0,True,2,False,0.0,6649.875,3349632
two_rows_label_xe_may/5_1691_0_29h123538_352_158_489_276.jpg,two_row_motorcycle,29H123538,29H123538,9,9,1.0,True,2,False,0.0,2730.519,3768336
one_row/7_4036_1_36C03520_135_212_482_283.jpg,one_row,36C03520,36C03520,8,8,1.0,True,1,True,1.309,2759.607,3349632
two_rows/7_445_0_36A15161_145_315_206_381.jpg,two_row_car,36A15161,36A15161,8,8,1.0,True,2,False,0.0,1396.097,3349632
one_row/1_2032_1_29A52767_146_266_447_340.jpg,one_row,29A52767,29A52767,8,8,1.0,True,1,True,0.0,1622.236,3349632
two_rows/6_807_0_36A41751_471_209_529_278.jpg,two_row_car,36A41751,36A41751,8,8,1.0,True,2,False,0.0,2393.257,3349632
two_rows/4_576_0_36A40264_498_227_561_304.jpg,two_row_car,36A40264,36A40264,8,8,1.0,True,2,True,0.0,8693.209,3349632
one_row/7_1628_1_36C02652_155_331_238_375.jpg,one_row,36C02652,36C02657,8,7,0.875,False,1,True,0.0,4582.771,3349632
one_row/5_1840_1_29A18457_151_156_539_228.jpg,one_row,29A18457,29A18457,8,8,1.0,True,1,False,0.0,1543.383,3349632
two_rows_label_xe_may/8_3002_0_29y522256_239_87_381_191.jpg,two_row_motorcycle,29Y522256,291522226,9,7,0.7777777777777778,False,2,True,0.0,4600.153,3768336
one_row/9_1876_1_36C00920_175_212_471_275.jpg,one_row,36C00920,36C00920,8,8,1.0,True,1,False,0.0,1581.977,3349632
two_rows/6_734_0_36A38966_469_229_516_278.jpg,two_row_car,36A38966,36A38966,8,8,1.0,True,2,False,0.0,7025.803,3349632
one_row/6_1833_1_29Y8251_114_225_549_299.jpg,one_row,29Y8251,29X8251,7,6,0.8571428571428571,False,1,True,0.0,892.98,2930928
one_row/1_2922_1_36A37860_63_245_491_328.jpg,one_row,36A37860,36A37800,8,7,0.875,False,1,True,0.0,468.821,3349632
one_row/8_2060_1_36C29521_108_240_504_323.jpg,one_row,36C29521,36C29521,8,8,1.0,True,1,True,0.0,697.458,3349632
two_rows/7_553_0_36A24365_136_250_186_307.jpg,two_row_car,36A24365,336A4365,8,5,0.625,False,2,False,0.0,4219.212,3349632
one_row/5_3166_1_36C00392_99_225_562_293.jpg,one_row,36C00392,36003592,8,5,0.625,False,1,True,0.498,722.228,3349632
one_row/3_3395_1_36D00455_128_241_531_321.jpg,one_row,36D00455,36000455,8,7,0.875,False,1,True,0.0,1478.291,3349632
one_row/5_3472_1_36C11665_57_213_595_324.jpg,one_row,36C11665,36C11665,8,8,1.0,True,1,True,0.0,902.846,3349632
one_row/7_4328_1_36C17645_96_263_496_348.jpg,one_row,36C17645,36C17645,8,8,1.0,True,1,True,0.0,3110.625,3349632
two_rows/4_195_0_36A06979_143_231_210_302.jpg,two_row_car,36A06979,36H06979,8,7,0.875,False,2,False,0.0,1988.036,3349632
one_row/7_3457_1_36A42852_133_253_551_309.jpg,one_row,36A42852,36A42852,8,8,1.0,True,1,True,0.0,1000.617,3349632
two_rows/4_1217_0_36LD0062_104_335_156_399.jpg,two_row_car,36LD0062,36L00062,8,7,0.875,False,2,True,0.0,4882.903,3349632
one_row/1_2317_1_36A02162_66_204_533_272.jpg,one_row,36A02162,36A02162,8,8,1.0,True,1,True,0.0,659.828,3349632
one_row/1_3413_1_36A39039_94_267_501_330.jpg,one_row,36A39039,36A39039,8,8,1.0,True,1,False,0.0,832.236,3349632
one_row/7_4259_1_36C12957_107_225_523_320.jpg,one_row,36C12957,36C12957,8,8,1.0,True,1,True,0.0,910.489,3349632
two_rows_label_xe_may/5_1823_0_29g134432_487_94_596_194.jpg,two_row_motorcycle,29G134432,29G134432,9,9,1.0,True,2,False,0.0,2990.252,3768336
one_row/8_1385_1_36A25115_149_219_540_309.jpg,one_row,36A25115,36A25115,8,8,1.0,True,1,False,0.0,801.224,3349632
one_row/7_3698_1_36A43353_123_248_534_331.jpg,one_row,36A43353,36A43353,8,8,1.0,True,1,False,0.0,307.745,3349632
one_row/1_4240_1_36M6171_109_193_472_254.jpg,one_row,36M6171,36M6171,7,7,1.0,True,1,True,0.0,420.764,2930928
two_rows_label_xe_may/9_1847_0_29H83364_355_7_482_124.jpg,two_row_motorcycle,29H83364,29H83364,8,8,1.0,True,2,False,0.0,5402.587,3349632
two_rows/1_433_0_36A13188_68_207_128_289.jpg,two_row_car,36A13188,1361A883,8,2,0.25,False,1,True,0.0,4307.616,3349632
two_rows/8_732_0_36C20319_144_336_198_406.jpg,two_row_car,36C20319,36C20319,8,8,1.0,True,2,True,0.0,2249.817,3349632
one_row/5_3879_1_36C28798_164_225_474_288.jpg,one_row,36C28798,36C28798,8,8,1.0,True,1,True,0.0,1359.986,3349632
one_row/5_1917_1_29D01037_121_152_540_215.jpg,one_row,29D01037,29D01037,8,8,1.0,True,1,True,0.0,1117.327,3349632
one_row/3_3178_1_36C22863_39_217_588_323.jpg,one_row,36C22863,36C22863,8,8,1.0,True,1,True,0.0,494.554,3349632
two_rows/5_345_0_36A09802_248_329_318_400.jpg,two_row_car,36A09802,36A09802,8,8,1.0,True,2,False,0.0,3669.411,3349632
two_rows/4_1114_0_36C25772_176_336_217_379.jpg,two_row_car,36C25772,36C25772,8,8,1.0,True,2,False,0.0,3724.495,3349632
two_rows_label_xe_may/4_635_0_34M11907_451_38_602_152.jpg,two_row_motorcycle,34M11907,34M11907,8,8,1.0,True,2,False,0.0,4259.568,3349632
two_rows/7_458_0_36A15414_200_244_250_290.jpg,two_row_car,36A15414,36A15414,8,8,1.0,True,2,False,0.0,2126.835,3349632
two_rows_label_xe_may/6_2147_0_29p117039_231_180_376_305.jpg,two_row_motorcycle,29P117039,19G111997,9,3,0.3333333333333333,False,1,False,0.0,7354.485,3768336
two_rows_label_xe_may/9_3431_0_29e243808_227_60_394_207.jpg,two_row_motorcycle,29E243808,29G120291,9,2,0.2222222222222222,False,1,False,0.0,5354.994,3768336
one_row/4_1601_1_36A02460_179_177_475_240.jpg,one_row,36A02460,36A02460,8,8,1.0,True,1,True,0.0,1301.953,3349632
one_row/5_3715_1_36C21838_122_213_563_290.jpg,one_row,36C21838,36C21838,8,8,1.0,True,1,True,0.659,381.774,3349632
one_row/7_3051_1_36A29555_139_218_496_284.jpg,one_row,36A29555,36A29555,8,8,1.0,True,1,True,0.0,753.523,3349632
one_row/9_730_1_36A44412_147_269_243_330.jpg,one_row,36A44412,36A44412,8,8,1.0,True,1,True,0.0,1633.877,3349632
two_rows_label_xe_may/9_3688_0_29s167977_317_75_460_180.jpg,two_row_motorcycle,29S167977,29S167977,9,9,1.0,True,2,True,0.0,2516.654,3768336
one_row/8_1438_1_36A31131_38_274_587_342.jpg,one_row,36A31131,36A31131,8,8,1.0,True,1,False,0.0,783.972,3349632
two_rows/9_294_0_36A43000_122_311_182_371.jpg,two_row_car,36A43000,36A43000,8,8,1.0,True,2,False,0.0,4575.672,3349632
one_row/5_2110_1_36A04237_141_194_496_257.jpg,one_row,36A04237,36A04237,8,8,1.0,True,1,True,0.0,690.306,3349632
one_row/1_1038_1_36A38646_113_285_222_346.jpg,one_row,36A38646,36A38646,8,8,1.0,True,1,True,0.0,1768.523,3349632
two_rows_label_xe_may/9_3686_0_25f36368_312_77_456_189.jpg,two_row_motorcycle,25F36368,62326F11,8,1,0.125,False,1,True,0.0,6837.672,3349632
one_row/4_2470_1_36B00351_131_266_530_348.jpg,one_row,36B00351,36B00351,8,8,1.0,True,1,True,0.0,527.688,3349632
two_rows/3_134_0_30T8295_452_200_529_281.jpg,two_row_car,30T8295,30T8295,7,7,1.0,True,2,False,0.0,5833.517,2930928
two_rows/1_1440_0_36C04059_241_392_290_442.jpg,two_row_car,36C04059,35C04059,8,7,0.875,False,2,False,0.0,2395.686,3349632
one_row/5_2919_1_36A41458_97_169_519_242.jpg,one_row,36A41458,36A41458,8,8,1.0,True,1,True,0.421,1837.069,3349632
two_rows_label_xe_may/6_1082_0_37K50991_356_4_503_130.jpg,two_row_motorcycle,37K50991,37K50991,8,8,1.0,True,2,False,0.0,5377.518,3349632
one_row/9_1827_1_36B02376_148_341_467_404.jpg,one_row,36B02376,36B02376,8,8,1.0,True,1,True,0.49,584.016,3349632
two_rows/9_270_0_36A28951_449_209_500_276.jpg,two_row_car,36A28951,36A46951,8,6,0.75,False,2,True,0.0,1576.528,3349632
one_row/9_1458_1_36A43551_159_218_496_287.jpg,one_row,36A43551,36A43551,8,8,1.0,True,1,True,0.725,860.109,3349632
two_rows/4_587_0_36A40304_96_213_152_274.jpg,two_row_car,36A40304,46A40304,8,7,0.875,False,2,False,0.0,5735.431,3349632
one_row/7_4741_1_36M1325_171_238_509_309.jpg,one_row,36M1325,36M1325,7,7,1.0,True,1,True,0.0,683.684,2930928
one_row/9_1375_1_36A25434_194_263_557_319.jpg,one_row,36A25434,36A25434,8,8,1.0,True,1,True,0.0,1100.114,3349632
one_row/5_2001_1_30M7266_115_225_496_288.jpg,one_row,30M7266,30M7266,7,7,1.0,True,1,True,0.0,1150.339,2930928
two_rows_label_xe_may/1_424_0_29g177797_363_52_457_128.jpg,two_row_motorcycle,29G177797,29G177797,9,9,1.0,True,2,True,0.0,2548.199,3768336
one_row/1_3499_1_36B00255_128_272_466_350.jpg,one_row,36B00255,36600255,8,7,0.875,False,1,True,0.0,665.257,3349632
one_row/3_2362_1_36A39861_83_250_574_347.jpg,one_row,36A39861,36A39861,8,8,1.0,True,1,False,0.0,1647.28,3349632
two_rows/1_1856_0_36N1724_107_220_168_286.jpg,two_row_car,36N1724,1361724,7,4,0.5714285714285714,False,2,False,0.0,2654.108,2930928
two_rows/4_520_0_36A39296_449_310_496_377.jpg,two_row_car,36A39296,36A39296,8,8,1.0,True,2,True,0.0,4897.211,3349632
one_row/6_2584_1_36A41737_181_210_474_273.jpg,one_row,36A41737,36A41737,8,8,1.0,True,1,True,0.0,1996.835,3349632
two_rows/7_59_0_29B11848_108_280_144_321.jpg,two_row_car,29B11848,29B11848,8,8,1.0,True,2,False,0.0,9126.187,3349632
two_rows_label_xe_may/2_264_0_34F12310_275_69_408_182.jpg,two_row_motorcycle,34F12310,34F12310,8,8,1.0,True,2,False,0.0,1801.762,3349632
one_row/4_2199_1_36A40392_132_258_500_337.jpg,one_row,36A40392,36A40392,8,8,1.0,True,1,True,0.0,1279.991,3349632
one_row/6_2204_1_36A14905_135_177_533_240.jpg,one_row,36A14905,36A14905,8,8,1.0,True,1,True,0.0,564.972,3349632
one_row/4_3219_1_36C28154_128_217_495_280.jpg,one_row,36C28154,36C28154,8,8,1.0,True,1,True,0.0,892.55,3349632
one_row/1_4173_1_36D01346_46_169_556_248.jpg,one_row,36D01346,36D01346,8,8,1.0,True,1,True,0.0,1260.065,3349632
one_row/4_3462_1_36M7331_102_204_494_282.jpg,one_row,36M7331,36M7331,7,7,1.0,True,1,True,0.0,798.285,2930928
one_row/5_2188_1_36A08407_108_138_529_210.jpg,one_row,36A08407,436A0840,8,0,0.0,False,1,True,0.0,689.784,3349632
one_row/1_2817_1_36A30065_109_190_566_258.jpg,one_row,36A30065,36A30065,8,8,1.0,True,1,True,0.0,1289.262,3349632
one_row/9_506_1_36A43959_185_269_267_315.jpg,one_row,36A43959,36A43959,8,8,1.0,True,1,True,0.0,1096.038,3349632
one_row/6_2176_1_36A13778_120_230_582_304.jpg,one_row,36A13778,36A13778,8,8,1.0,True,1,True,0.0,1233.1,3349632
one_row/1_3609_1_36B02640_183_215_475_268.jpg,one_row,36B02640,36B02640,8,8,1.0,True,1,True,2.481,1583.193,3349632
one_row/4_1694_1_36A09420_100_192_545_283.jpg,one_row,36A09420,36A09420,8,8,1.0,True,1,True,0.0,489.06,3349632
one_row/8_447_1_36A43143_88_277_168_342.jpg,one_row,36A43143,36A43143,8,8,1.0,True,1,True,0.0,1762.306,3349632
two_rows/3_3023_0_36C15911_152_181_550_331.jpg,two_row_car,36C15911,36C15911,8,8,1.0,True,2,True,0.0,442.126,3349632
one_row/6_3235_1_36C07428_71_227_543_316.jpg,one_row,36C07428,36C07428,8,8,1.0,True,1,True,0.0,443.773,3349632
two_rows_label_xe_may/6_1074_0_15B238356_475_14_598_136.jpg,two_row_motorcycle,15B238356,15B238356,9,9,1.0,True,2,False,0.0,2464.115,3768336
one_row/4_2564_1_36B02095_142_250_493_320.jpg,one_row,36B02095,36B02095,8,8,1.0,True,1,True,0.169,1052.325,3349632
one_row/3_3686_1_38C04242_94_168_531_244.jpg,one_row,38C04242,38C04242,8,8,1.0,True,1,True,0.0,303.323,3349632
two_rows/4_1298_0_75B00843_440_332_488_386.jpg,two_row_car,75B00843,75800843,8,7,0.875,False,2,False,0.0,8593.581,3349632
two_rows/3_2984_0_36C15599_190_189_478_309.jpg,two_row_car,36C15599,36C15599,8,8,1.0,True,2,False,0.0,2002.415,3349632
two_rows/7_1240_0_36A43070_144_189_204_248.jpg,two_row_car,36A43070,36A43070,8,8,1.0,True,2,False,0.0,1918.598,3349632
one_row/4_2289_1_36A40583_126_197_488_260.jpg,one_row,36A40583,36A40583,8,8,1.0,True,1,True,0.0,1542.893,3349632
two_rows/7_761_0_36A42084_123_211_177_270.jpg,two_row_car,36A42084,36A42084,8,8,1.0,True,2,False,0.0,4414.208,3349632
one_row/9_1158_1_30K8683_129_265_501_328.jpg,one_row,30K8683,302S833,7,3,0.42857142857142855,False,1,True,0.702,1811.574,2930928
two_rows/8_832_0_36D00800_105_333_169_413.jpg,two_row_car,36D00800,00386000,8,2,0.25,False,1,True,0.0,3570.615,3349632
two_rows/7_1590_0_36B02806_206_312_250_352.jpg,two_row_car,36B02806,36B02806,8,8,1.0,True,2,False,0.0,9527.735,3349632
two_rows_label_xe_may/8_1616_0_18D124641_405_21_558_145.jpg,two_row_motorcycle,18D124641,180124641,9,8,0.8888888888888888,False,2,True,0.0,5156.072,3768336
two_rows_label_xe_may/2_514_0_29d130991_278_166_399_271.jpg,two_row_motorcycle,29D130991,320999011,9,1,0.1111111111111111,False,1,False,0.0,6841.554,3768336
one_row/3_1838_1_36A13285_111_234_573_299.jpg,one_row,36A13285,36A13285,8,8,1.0,True,1,False,0.0,2322.778,3349632
one_row/7_3671_1_36A43277_158_235_502_304.jpg,one_row,36A43277,36A43277,8,8,1.0,True,1,True,0.0,369.14,3349632
one_row/3_1903_1_36A16982_154_248_546_308.jpg,one_row,36A16982,36A16982,8,8,1.0,True,1,True,0.0,1219.337,3349632
one_row/7_2221_1_20K6900_60_140_564_232.jpg,one_row,20K6900,20K6900,7,7,1.0,True,1,True,0.0,850.117,2930928
one_row/4_3327_1_36D00343_84_122_560_238.jpg,one_row,36D00343,36000343,8,7,0.875,False,1,True,1.476,212.091,3349632
one_row/5_4313_1_98B00456_55_204_548_288.jpg,one_row,98B00456,98B00456,8,8,1.0,True,1,False,0.0,179.356,3349632
two_rows/6_216_0_36A00345_410_234_476_297.jpg,two_row_car,36A00345,36A00345,8,8,1.0,True,2,False,0.0,4934.801,3349632
one_row/2_1054_1_36A39431_94_216_546_287.jpg,one_row,36A39431,36A39431,8,8,1.0,True,1,False,0.0,325.787,3349632
two_rows_label_xe_may/9_3442_0_29l160114_297_125_426_240.jpg,two_row_motorcycle,29L160114,60G911221,9,0,0.0,False,1,False,0.0,5680.025,3768336
one_row/1_3847_1_36C12569_93_248_538_324.jpg,one_row,36C12569,36C12569,8,8,1.0,True,1,True,0.0,888.674,3349632
two_rows/5_920_0_36A41269_144_239_205_305.jpg,two_row_car,36A41269,36A41269,8,8,1.0,True,2,False,0.0,4659.196,3349632
one_row/5_2423_1_36A22889_144_191_508_254.jpg,one_row,36A22889,36A22889,8,8,1.0,True,1,False,0.0,1360.796,3349632
one_row/5_4183_1_36N5888_169_204_496_267.jpg,one_row,36N5888,36N5888,7,7,1.0,True,1,False,0.0,1427.33,2930928
two_rows/1_1612_0_36C27276_203_309_260_364.jpg,two_row_car,36C27276,36C27276,8,8,1.0,True,2,False,0.0,8028.381,3349632
one_row/3_2188_1_36A39469_63_226_543_289.jpg,one_row,36A39469,36A39469,8,8,1.0,True,1,True,0.0,759.625,3349632
one_row/4_2267_1_36A40534_111_247_462_320.jpg,one_row,36A40534,36A40534,8,8,1.0,True,1,True,0.0,1761.045,3349632
two_rows/1_1361_0_36B02160_121_373_159_415.jpg,two_row_car,36B02160,36B02160,8,8,1.0,True,2,False,0.0,8163.682,3349632
two_rows_label_xe_may/3_372_0_30K91931_291_131_419_241.jpg,two_row_motorcycle,30K91931,30K91931,8,8,1.0,True,2,False,0.0,3886.103,3349632
one_row/9_1370_1_36A25368_112_257_530_332.jpg,one_row,36A25368,36A25368,8,8,1.0,True,1,False,0.0,166.249,3349632
one_row/7_3966_1_36C00668_47_197_596_314.jpg,one_row,36C00668,36C00668,8,8,1.0,True,1,True,0.365,458.148,3349632
one_row/3_1626_1_30X6646_21_254_605_356.jpg,one_row,30X6646,3016646,7,6,0.8571428571428571,False,1,False,0.0,559.573,2930928
two_rows/6_510_0_36A20023_432_215_494_283.jpg,two_row_car,36A20023,36A20023,8,8,1.0,True,2,False,0.0,4945.662,3349632
one_row/8_2210_1_36M4455_143_172_547_259.jpg,one_row,36M4455,36M4455,7,7,1.0,True,1,True,0.548,706.541,2930928
two_rows/3_325_0_36A13236_422_205_490_277.jpg,two_row_car,36A13236,3A313236,8,6,0.75,False,2,False,0.0,2395.208,3349632
two_rows_label_xe_may/8_1638_0_19N16511_4_88_118_206.jpg,two_row_motorcycle,19N16511,18116511,8,6,0.75,False,2,False,0.0,3472.944,3349632
one_row/2_652_1_29V3665_26_156_631_288.jpg,one_row,29V3665,29V3665,7,7,1.0,True,1,True,0.0,375.04,2930928
two_rows_label_xe_may/2_808_0_29x137726_315_131_424_224.jpg,two_row_motorcycle,29X137726,327972161,9,0,0.0,False,1,False,0.0,9855.907,3768336
two_rows/3_1240_0_36C28117_203_371_253_417.jpg,two_row_car,36C28117,36C28117,8,8,1.0,True,2,False,0.0,8056.795,3349632
one_row/1_1959_1_BC36C26957_61_230_607_319.jpg,one_row,BC36C26957,36C2072057,10,2,0.2,False,1,True,0.0,30.725,4187040
one_row/9_2265_1_36L8911_124_150_496_249.jpg,one_row,36L8911,36L8911,7,7,1.0,True,1,True,0.0,786.273,2930928
one_row/4_2067_1_36A39296_143_214_496_288.jpg,one_row,36A39296,36A39296,8,8,1.0,True,1,True,0.0,946.921,3349632
two_rows/6_354_0_36A08250_149_304_203_367.jpg,two_row_car,36A08250,36608250,8,7,0.875,False,2,False,0.0,3596.042,3349632
two_rows_label_xe_may/2_259_0_30X91599_422_13_574_147.jpg,two_row_motorcycle,30X91599,30191599,8,7,0.875,False,2,False,0.0,764.748,3349632
one_row/7_1457_1_36A43475_89_283_181_345.jpg,one_row,36A43475,63A43475,8,6,0.75,False,1,True,0.0,2039.207,3349632
one_row/9_1642_1_36A44116_207_267_473_316.jpg,one_row,36A44116,36A44116,8,8,1.0,True,1,True,0.0,2686.283,3349632
one_row/1_3241_1_36A38647_110_216_512_300.jpg,one_row,36A38647,36A38647,8,8,1.0,True,1,True,0.0,276.214,3349632
one_row/5_1972_1_30A49043_145_199_493_262.jpg,one_row,30A49043,30A49043,8,8,1.0,True,1,True,1.048,2160.14,3349632
one_row/6_2547_1_36A41606_129_190_493_263.jpg,one_row,36A41606,36A41606,8,8,1.0,True,1,True,0.0,1731.046,3349632
one_row/4_2748_1_36C04967_95_204_493_288.jpg,one_row,36C04967,36C04967,8,8,1.0,True,1,False,0.0,1521.212,3349632
two_rows/5_909_0_36A41251_450_281_515_362.jpg,two_row_car,36A41251,43162A51,8,2,0.25,False,1,True,0.0,5645.24,3349632
one_row/1_3274_1_36A38736_108_302_491_365.jpg,one_row,36A38736,36A38736,8,8,1.0,True,1,True,1.105,851.73,3349632
two_rows/4_564_0_36A40210_177_218_240_284.jpg,two_row_car,36A40210,36A40210,8,8,1.0,True,2,False,0.0,3507.845,3349632
one_row/1_2928_1_36A37870_225_324_515_372.jpg,one_row,36A37870,36A37870,8,8,1.0,True,1,True,0.0,786.868,3349632
one_row/5_2063_1_36A00604_86_165_514_235.jpg,one_row,36A00604,36A00604,8,8,1.0,True,1,True,0.0,1384.7,3349632
one_row/4_1426_1_29M3388_153_212_490_275.jpg,one_row,29M3388,29M3368,7,6,0.8571428571428571,False,1,True,0.0,1077.918,2930928
one_row/5_3011_1_36B00538_112_190_508_273.jpg,one_row,36B00538,36B00538,8,8,1.0,True,1,True,0.0,810.137,3349632
two_rows/1_489_0_36A17956_496_205_550_274.jpg,two_row_car,36A17956,36A17956,8,8,1.0,True,2,True,0.0,4926.349,3349632
one_row/7_2674_1_36A10560_152_243_500_304.jpg,one_row,36A10560,36AA1056,8,3,0.375,False,1,True,0.0,1533.89,3349632
two_rows/5_620_0_36A23476_445_330_507_404.jpg,two_row_car,36A23476,36A23416,8,7,0.875,False,2,False,0.0,6752.108,3349632
one_row/8_1675_1_36B02718_137_258_498_315.jpg,one_row,36B02718,36B02718,8,8,1.0,True,1,False,0.0,1903.904,3349632
two_rows_label_xe_may/9_3597_0_29v341362_352_72_493_180.jpg,two_row_motorcycle,29V341362,29N341362,9,8,0.8888888888888888,False,2,True,0.0,3151.468,3768336
one_row/3_1788_1_36A09763_105_213_567_296.jpg,one_row,36A09763,36A09763,8,8,1.0,True,1,True,1.21,710.851,3349632
one_row/4_2589_1_36B02620_52_239_585_324.jpg,one_row,36B02620,36B02620,8,8,1.0,True,1,False,0.0,2126.187,3349632
one_row/2_1353_1_36C15017_122_219_511_285.jpg,one_row,36C15017,36C15017,8,8,1.0,True,1,True,0.0,1972.694,3349632
two_rows/7_308_0_36A08713_147_184_208_253.jpg,two_row_car,36A08713,36A08713,8,8,1.0,True,2,False,0.0,1827.664,3349632
two_rows/4_470_0_36A26308_105_313_166_381.jpg,two_row_car,36A26308,36A26708,8,7,0.875,False,2,False,0.0,3717.409,3349632
one_row/5_3000_1_36A41752_172_208_523_276.jpg,one_row,36A41752,36A41752,8,8,1.0,True,1,True,0.0,1186.993,3349632
one_row/5_2489_1_36A23447_103_146_569_233.jpg,one_row,36A23447,36A23447,8,8,1.0,True,1,True,0.0,1542.643,3349632
two_rows_label_xe_may/1_78_0_90b261274_279_43_423_159.jpg,two_row_motorcycle,90B261274,701274410,9,2,0.2222222222222222,False,1,True,0.0,4661.522,3768336
one_row/3_2238_1_36A39580_84_229_565_301.jpg,one_row,36A39580,36A39580,8,8,1.0,True,1,True,0.0,1165.502,3349632
one_row/9_1942_1_36C05865_154_261_529_329.jpg,one_row,36C05865,36C05865,8,8,1.0,True,1,False,0.0,2660.385,3349632
one_row/7_3174_1_36A42211_125_225_567_296.jpg,one_row,36A42211,36A42211,8,8,1.0,True,1,True,0.0,641.878,3349632
two_rows/3_417_0_36A19875_392_321_454_384.jpg,two_row_car,36A19875,36A19875,8,8,1.0,True,2,False,0.0,6553.451,3349632
one_row/1_2832_1_36A32670_125_230_487_293.jpg,one_row,36A32670,36A32670,8,8,1.0,True,1,True,0.0,2747.999,3349632
two_rows_label_xe_may/9_3673_0_29y61763_282_202_428_332.jpg,two_row_motorcycle,29Y61763,1G726162,8,1,0.125,False,1,False,0.0,7589.939,3349632
two_rows/6_484_0_36A17326_366_297_436_363.jpg,two_row_car,36A17326,36A17326,8,8,1.0,True,2,False,0.0,7772.185,3349632
two_rows_label_xe_may/5_1643_0_49p14906_475_177_622_311.jpg,two_row_motorcycle,49P14906,49P14006,8,7,0.875,False,2,False,0.0,2688.252,3349632
two_rows/7_1527_0_36B01365_238_310_276_343.jpg,two_row_car,36B01365,36B01365,8,8,1.0,True,2,False,0.0,3830.167,3349632
one_row/5_4104_1_36N0996_66_205_532_298.jpg,one_row,36N0996,36N0996,7,7,1.0,True,1,True,0.0,1413.481,2930928
one_row/1_3143_1_36A38411_49_322_144_393.jpg,one_row,36A38411,36A38411,8,8,1.0,True,1,True,0.0,1897.287,3349632
one_row/4_2760_1_36C05541_83_199_517_270.jpg,one_row,36C05541,36C05541,8,8,1.0,True,1,False,0.0,641.746,3349632
one_row/3_3670_1_37A12018_70_214_598_290.jpg,one_row,37A12018,37A12018,8,8,1.0,True,1,True,0.0,1361.167,3349632
two_rows/1_709_0_36A37778_139_238_202_302.jpg,two_row_car,36A37778,36A37778,8,8,1.0,True,2,False,0.0,1526.372,3349632
one_row/7_3996_1_36C01899_66_265_519_348.jpg,one_row,36C01899,36C01899,8,8,1.0,True,1,True,0.263,1994.128,3349632
two_rows/4_617_0_36A40416_122_239_179_306.jpg,two_row_car,36A40416,36A40416,8,8,1.0,True,2,False,0.0,3519.505,3349632
two_rows_label_xe_may/6_2320_0_29u134963_379_121_517_223.jpg,two_row_motorcycle,29U134963,290134963,9,8,0.8888888888888888,False,2,True,0.0,1073.472,3768336
two_rows/5_1215_0_36C00469_201_393_250_444.jpg,two_row_car,36C00469,36C00469,8,8,1.0,True,2,False,0.0,5301.373,3349632
one_row/5_2149_1_36A07098_90_182_578_259.jpg,one_row,36A07098,36A07098,8,8,1.0,True,1,True,0.0,323.762,3349632
one_row/9_1396_1_36A26642_113_261_548_344.jpg,one_row,36A26642,36A26642,8,8,1.0,True,1,False,0.0,535.453,3349632
one_row/6_2291_1_36A22999_99_240_574_303.jpg,one_row,36A22999,36A22999,8,8,1.0,True,1,True,0.0,1492.263,3349632
one_row/2_1686_1_99C10772_56_261_547_337.jpg,one_row,99C10772,99C10772,8,8,1.0,True,1,False,0.0,1190.583,3349632
one_row/4_1544_1_36A00074_132_213_509_288.jpg,one_row,36A00074,36A00074,8,8,1.0,True,1,True,0.0,1396.78,3349632
two_rows/6_1166_0_36B02660_125_302_169_352.jpg,two_row_car,36B02660,336B2660,8,5,0.625,False,2,False,0.0,8030.899,3349632
one_row/5_3401_1_36C09594_65_212_581_301.jpg,one_row,36C09594,36C09594,8,8,1.0,True,1,True,0.0,428.583,3349632
two_rows_label_xe_may/9_3409_0_37b178454_320_101_468_222.jpg,two_row_motorcycle,37B178454,290272127,9,1,0.1111111111111111,False,1,True,0.0,9058.441,3768336
two_rows/8_575_0_36B01279_198_349_234_385.jpg,two_row_car,36B01279,36B01279,8,8,1.0,True,2,False,0.0,1355.539,3349632
two_rows/4_1261_0_36N3133_499_211_548_267.jpg,two_row_car,36N3133,6363133,7,4,0.5714285714285714,False,2,False,0.0,6307.557,2930928
two_rows/4_778_0_36A40906_66_231_125_301.jpg,two_row_car,36A40906,36A40906,8,8,1.0,True,2,False,0.0,3274.684,3349632
two_rows/3_1369_0_36N0504_193_281_232_319.jpg,two_row_car,36N0504,36N0504,7,7,1.0,True,2,False,0.0,13805.749,2930928
two_rows/7_132_0_30F84181_175_303_234_363.jpg,two_row_car,30F84181,38411861,8,2,0.25,False,1,False,0.0,1243.957,3349632
two_rows/8_467_0_36A43442_105_209_167_281.jpg,two_row_car,36A43442,36A43442,8,8,1.0,True,2,False,0.0,1442.606,3349632
one_row/6_1480_1_36HC00216_153_351_233_410.jpg,one_row,36HC00216,36HC00216,9,9,1.0,True,1,True,0.0,5658.644,3768336
two_rows/5_19_0_19B00767_171_394_208_436.jpg,two_row_car,19B00767,19800767,8,7,0.875,False,2,False,0.0,3733.779,3349632
one_row/7_4250_1_36C12614_29_231_606_356.jpg,one_row,36C12614,36C12614,8,8,1.0,True,1,False,0.0,428.603,3349632
one_row/7_3044_1_36A28573_93_232_501_308.jpg,one_row,36A28573,36A28573,8,8,1.0,True,1,True,2.127,208.782,3349632
one_row/4_1514_1_30T9901_72_177_561_288.jpg,one_row,30T9901,30T9901,7,7,1.0,True,1,False,0.0,388.535,2930928
one_row/8_1128_1_30X7838_125_279_534_355.jpg,one_row,30X7838,30X7838,7,7,1.0,True,1,True,0.0,1458.368,2930928
two_rows/6_1424_0_36C29187_485_227_547_295.jpg,two_row_car,36C29187,36C29187,8,8,1.0,True,2,False,0.0,1887.782,3349632
one_row/8_1935_1_36C18000_50_253_503_323.jpg,one_row,36C18000,36C18000,8,8,1.0,True,1,True,0.381,209.566,3349632
one_row/5_3822_1_36C28594_79_176_593_292.jpg,one_row,36C28594,36C28594,8,8,1.0,True,1,False,0.0,765.242,3349632
one_row/9_698_1_36A44345_121_299_218_356.jpg,one_row,36A44345,36A44345,8,8,1.0,True,1,True,0.0,2133.645,3349632
two_rows/3_1392_0_36N4005_387_242_464_305.jpg,two_row_car,36N4005,36N4005,7,7,1.0,True,2,True,0.0,4895.41,2930928
two_rows/6_159_0_30E54621_355_266_419_325.jpg,two_row_car,30E54621,30E54621,8,8,1.0,True,2,False,0.0,7789.689,3349632
one_row/3_478_1_36A21820_455_247_532_297.jpg,one_row,36A21820,36A21820,8,8,1.0,True,1,True,0.0,2270.96,3349632
two_rows_label_xe_may/2_260_0_29E227781_374_8_517_134.jpg,two_row_motorcycle,29E227781,2962277B1,9,7,0.7777777777777778,False,2,False,0.0,4727.22,3768336
two_rows/7_470_0_36A16363_96_233_143_292.jpg,two_row_car,36A16363,36A16363,8,8,1.0,True,2,True,0.0,1870.069,3349632
two_rows_label_xe_may/4_953_0_29b171427_254_135_388_237.jpg,two_row_motorcycle,29B171427,21G112171,9,2,0.2222222222222222,False,1,True,0.0,4388.265,3768336
two_rows_label_xe_may/8_1624_0_29AA27739_396_31_523_155.jpg,two_row_motorcycle,29AA27739,29AA27739,9,9,1.0,True,2,False,0.0,5664.114,3768336
one_row/8_1664_1_36B02171_52_193_588_260.jpg,one_row,36B02171,36B02171,8,8,1.0,True,1,False,0.0,952.875,3349632
two_rows_label_xe_may/6_1171_0_29T179852_389_67_559_220.jpg,two_row_motorcycle,29T179852,29T179852,9,9,1.0,True,2,False,0.0,1588.362,3768336
two_rows/4_1224_0_36M1124_192_377_226_417.jpg,two_row_car,36M1124,36M1124,7,7,1.0,True,2,False,0.0,5710.997,2930928
two_rows/9_3_0_18C03681_398_349_443_399.jpg,two_row_car,18C03681,16C03681,8,7,0.875,False,2,False,0.0,4847.449,3349632
one_row/1_2678_1_36A20685_90_202_590_265.jpg,one_row,36A20685,36A20685,8,8,1.0,True,1,False,0.0,602.3,3349632
one_row/9_1499_1_36A43724_97_225_496_299.jpg,one_row,36A43724,36A43724,8,8,1.0,True,1,True,1.441,582.385,3349632
one_row/9_1838_1_36B03171_163_277_499_340.jpg,one_row,36B03171,36B03171,8,8,1.0,True,1,False,0.0,1156.963,3349632
one_row/3_2164_1_36A39402_92_205_567_279.jpg,one_row,36A39402,36A39402,8,8,1.0,True,1,True,0.0,3052.161,3349632
one_row/9_1240_1_36A08810_121_252_463_315.jpg,one_row,36A08810,36A08810,8,8,1.0,True,1,False,0.0,195.964,3349632
one_row/6_2726_1_36A42077_93_238_573_301.jpg,one_row,36A42077,36A42077,8,8,1.0,True,1,False,0.0,1154.471,3349632
one_row/1_3441_1_36A39118_112_225_534_287.jpg,one_row,36A39118,36A39118,8,8,1.0,True,1,False,0.0,2326.229,3349632
two_rows/3_429_0_36A21092_136_324_199_395.jpg,two_row_car,36A21092,36A21092,8,8,1.0,True,2,False,0.0,2565.245,3349632
two_rows/4_155_0_36A01526_82_199_142_268.jpg,two_row_car,36A01526,36A01526,8,8,1.0,True,2,False,0.0,5690.914,3349632
one_row/5_2741_1_36A41128_159_194_540_275.jpg,one_row,36A41128,36A41128,8,8,1.0,True,1,True,0.947,1422.452,3349632
one_row/8_2038_1_36C26135_24_225_597_335.jpg,one_row,36C26135,36C26135,8,8,1.0,True,1,False,0.0,633.95,3349632
one_row/4_3165_1_36C26916_147_225_496_288.jpg,one_row,36C26916,36C26916,8,8,1.0,True,1,True,0.0,400.556,3349632
one_row/2_763_1_36A06708_105_234_524_297.jpg,one_row,36A06708,36A06708,8,8,1.0,True,1,True,0.0,295.715,3349632
two_rows_label_xe_may/8_2928_0_34b290817_276_70_417_180.jpg,two_row_motorcycle,34B290817,900147872,9,1,0.1111111111111111,False,1,True,0.0,5215.308,3768336
one_row/4_3132_1_36C24757_179_255_475_318.jpg,one_row,36C24757,36C24757,8,8,1.0,True,1,True,0.661,3352.664,3349632
one_row/2_1667_1_51A62238_149_200_495_256.jpg,one_row,51A62238,51A62238,8,8,1.0,True,1,True,0.0,2635.239,3349632
one_row/7_3851_1_36B01946_149_195_508_259.jpg,one_row,36B01946,36B01946,8,8,1.0,True,1,True,0.0,2115.657,3349632
two_rows/8_2013_0_36C23966_121_192_432_361.jpg,two_row_car,36C23966,36C23966,8,8,1.0,True,2,True,0.0,431.773,3349632
one_row/8_1425_1_36A29334_168_260_519_311.jpg,one_row,36A29334,36A29334,8,8,1.0,True,1,True,0.507,2470.444,3349632
one_row/1_3201_1_36A38566_133_240_512_303.jpg,one_row,36A38566,36A38566,8,8,1.0,True,1,True,0.0,3918.186,3349632
one_row/1_3125_1_36A38367_92_209_626_272.jpg,one_row,36A38367,36A38367,8,8,1.0,True,1,False,0.0,418.883,3349632
one_row/5_2088_1_36A02331_127_124_571_187.jpg,one_row,36A02331,36A02331,8,8,1.0,True,1,True,0.0,847.582,3349632
two_rows/5_3909_0_36C28898_194_149_445_294.jpg,two_row_car,36C28898,36C28898,8,8,1.0,True,2,True,0.0,348.629,3349632
two_rows_label_xe_may/6_2140_0_86l30808_214_47_364_161.jpg,two_row_motorcycle,86L30808,0B120281,8,1,0.125,False,1,True,0.0,6525.762,3349632
two_rows/8_503_0_36A43642_123_304_179_371.jpg,two_row_car,36A43642,36A43642,8,8,1.0,True,2,False,0.0,3044.486,3349632
one_row/5_3654_1_36C21339_28_229_592_308.jpg,one_row,36C21339,36C21399,8,7,0.875,False,1,False,0.0,167.384,3349632
two_rows/6_394_0_36A10354_401_230_473_307.jpg,two_row_car,36A10354,36A10354,8,8,1.0,True,2,False,0.0,3187.093,3349632
two_rows/3_488_0_36A21931_431_238_495_301.jpg,two_row_car,36A21931,36A21931,8,8,1.0,True,2,False,0.0,4355.266,3349632
one_row/4_2612_1_36B03215_77_213_574_312.jpg,one_row,36B03215,36B03215,8,8,1.0,True,1,True,0.0,549.76,3349632
one_row/6_2047_1_36A06200_156_154_531_217.jpg,one_row,36A06200,36A06200,8,8,1.0,True,1,True,0.0,1822.504,3349632
one_row/6_3633_1_36C29046_97_300_510_376.jpg,one_row,36C29046,36C29046,8,8,1.0,True,1,True,0.0,1100.396,3349632
two_rows/6_244_0_36A01662_401_234_469_299.jpg,two_row_car,36A01662,36A01664,8,7,0.875,False,2,False,0.0,2333.441,3349632
two_rows/6_126_0_30A10755_436_214_496_276.jpg,two_row_car,30A10755,30A10755,8,8,1.0,True,2,False,0.0,3270.675,3349632
two_rows/6_1044_0_36A42416_460_207_534_281.jpg,two_row_car,36A42416,36A42416,8,8,1.0,True,2,False,0.0,1268.829,3349632
two_rows/8_59_0_29KT00134_186_421_229_467.jpg,two_row_car,29KT00134,291700134,9,7,0.7777777777777778,False,2,False,0.0,3855.694,3768336
two_rows/4_681_0_36A40600_85_249_137_315.jpg,two_row_car,36A40600,36A40600,8,8,1.0,True,2,True,0.0,6116.349,3349632
one_row/6_2242_1_36A17732_107_229_531_302.jpg,one_row,36A17732,36A17732,8,8,1.0,True,1,True,0.0,911.216,3349632
one_row/1_4202_1_36M0070_92_224_575_287.jpg,one_row,36M0070,36M0070,7,7,1.0,True,1,True,0.0,865.594,2930928
two_rows/7_1967_0_36L4541_82_298_127_351.jpg,two_row_car,36L4541,36L4641,7,6,0.8571428571428571,False,2,True,0.0,3299.965,2930928
two_rows/3_588_0_36A39211_206_286_255_337.jpg,two_row_car,36A39211,36A39211,8,8,1.0,True,2,False,0.0,1931.882,3349632
two_rows_label_xe_may/4_1138_0_29l532188_451_99_568_202.jpg,two_row_motorcycle,29L532188,29L532188,9,9,1.0,True,2,True,3.814,4355.198,3768336
two_rows_label_xe_may/4_1274_0_29n145558_133_191_261_307.jpg,two_row_motorcycle,29N145558,425922011,9,0,0.0,False,1,False,0.0,3462.268,3768336
two_rows/8_429_0_36A41632_239_298_314_379.jpg,two_row_car,36A41632,36A41632,8,8,1.0,True,2,False,0.0,3804.577,3349632
one_row/4_3066_1_36C21052_124_204_473_267.jpg,one_row,36C21052,36C21053,8,7,0.875,False,1,False,0.0,1780.311,3349632
two_rows_label_xe_may/7_2587_0_38x127364_212_45_370_181.jpg,two_row_motorcycle,38X127364,270112121,9,1,0.1111111111111111,False,1,False,0.0,5733.684,3768336
one_row/4_2947_1_36C15929_133_212_476_277.jpg,one_row,36C15929,36C15929,8,8,1.0,True,1,True,0.0,2018.531,3349632
one_row/8_2198_1_36M1934_85_213_543_302.jpg,one_row,36M1934,36M1934,7,7,1.0,True,1,False,0.0,746.416,2930928
one_row/9_2040_1_36C14998_101_182_538_267.jpg,one_row,36C14998,36C14998,8,8,1.0,True,1,True,0.0,538.707,3349632
one_row/3_2176_1_36A39433_99_274_539_338.jpg,one_row,36A39433,36A39433,8,8,1.0,True,1,True,0.0,1669.814,3349632
one_row/7_1077_1_36A42822_96_263_186_315.jpg,one_row,36A42822,369A2622,8,5,0.625,False,1,True,0.0,2156.198,3349632
one_row/8_1560_1_36A43657_127_276_460_325.jpg,one_row,36A43657,036A4365,8,0,0.0,False,1,True,1.475,1020.229,3349632
one_row/3_635_1_36A39511_102_327_214_389.jpg,one_row,36A39511,36A39511,8,8,1.0,True,1,True,0.0,1074.303,3349632
one_row/7_2575_1_36A06639_96_182_574_262.jpg,one_row,36A06639,36A06639,8,8,1.0,True,1,False,0.0,1300.44,3349632
one_row/3_2520_1_36A40250_82_271_569_342.jpg,one_row,36A40250,36A40250,8,8,1.0,True,1,True,0.0,2170.189,3349632
two_rows/6_886_0_36A41938_141_222_205_289.jpg,two_row_car,36A41938,36A41938,8,8,1.0,True,2,False,0.0,3314.892,3349632
one_row/9_1644_1_36A44119_184_203_440_266.jpg,one_row,36A44119,36A44119,8,8,1.0,True,1,True,0.0,1925.411,3349632
one_row/4_3233_1_36C28299_110_189_521_260.jpg,one_row,36C28299,36C28299,8,8,1.0,True,1,True,0.0,4070.324,3349632
two_rows/8_2186_0_36LD00202_221_267_393_363.jpg,two_row_car,36LD00202,36L000202,9,8,0.8888888888888888,False,2,True,0.0,1503.64,3768336
two_rows_label_xe_may/3_394_0_33P99877_139_38_315_176.jpg,two_row_motorcycle,33P99877,33P99877,8,8,1.0,True,2,False,0.0,2615.911,3349632
one_row/5_4247_1_51C83395_133_225_513_304.jpg,one_row,51C83395,51C83395,8,8,1.0,True,1,True,0.0,128.464,3349632
two_rows/7_2104_0_36R01810_507_274_543_320.jpg,two_row_car,36R01810,36R01810,8,8,1.0,True,2,False,0.0,6147.311,3349632
one_row/9_732_1_36A44415_110_296_205_353.jpg,one_row,36A44415,36A44415,8,8,1.0,True,1,True,0.0,1135.418,3349632
one_row/6_2615_1_36A41806_116_178_508_239.jpg,one_row,36A41806,36A41806,8,8,1.0,True,1,True,0.0,808.336,3349632
one_row/3_1499_1_29B61594_67_226_600_299.jpg,one_row,29B61594,29B61594,8,8,1.0,True,1,True,0.0,1622.391,3349632
one_row/6_2454_1_36A28941_136_250_546_313.jpg,one_row,36A28941,36A28941,8,8,1.0,True,1,True,1.364,1380.033,3349632
one_row/7_3458_1_36A42853_71_209_545_288.jpg,one_row,36A42853,36A42853,8,8,1.0,True,1,False,0.0,593.467,3349632
one_row/8_1467_1_36A41780_90_225_521_304.jpg,one_row,36A41780,36A41780,8,8,1.0,True,1,True,0.0,218.239,3349632
one_row/2_1376_1_36C15479_104_192_503_266.jpg,one_row,36C15479,36C15479,8,8,1.0,True,1,True,0.0,2134.087,3349632
two_rows/8_642_0_36C02753_409_415_450_461.jpg,two_row_car,36C02753,36C02753,8,8,1.0,True,2,False,0.0,6750.255,3349632
one_row/5_2221_1_36A11129_135_170_506_233.jpg,one_row,36A11129,36A11129,8,8,1.0,True,1,True,0.0,1743.168,3349632
one_row/1_3366_1_36A38928_158_313_488_367.jpg,one_row,36A38928,36A38928,8,8,1.0,True,1,True,0.0,2131.603,3349632
one_row/8_688_1_36C12414_159_321_234_363.jpg,one_row,36C12414,36C12414,8,8,1.0,True,1,True,0.0,4375.514,3349632
one_row/7_3513_1_36A42944_121_296_493_358.jpg,one_row,36A42944,36A42944,8,8,1.0,True,1,True,0.577,645.672,3349632
one_row/7_1938_1_36C29758_115_305_197_351.jpg,one_row,36C29758,36C29758,8,8,1.0,True,1,True,0.0,2177.156,3349632
one_row/9_1349_1_36A25065_137_225_496_295.jpg,one_row,36A25065,36A25065,8,8,1.0,True,1,False,0.0,720.193,3349632
two_rows_label_xe_may/5_1622_0_30k80771_463_110_595_228.jpg,two_row_motorcycle,30K80771,31K84771,8,6,0.75,False,2,False,0.0,2130.252,3349632
one_row/6_4023_1_51B02442_124_170_532_239.jpg,one_row,51B02442,51B02442,8,8,1.0,True,1,True,0.0,281.929,3349632
one_row/1_2335_1_36A04507_91_258_545_337.jpg,one_row,36A04507,36A04507,8,8,1.0,True,1,True,0.0,79.705,3349632
one_row/5_3197_1_36C01200_66_159_552_264.jpg,one_row,36C01200,36C01200,8,8,1.0,True,1,True,0.0,964.921,3349632
one_row/7_945_1_36A42637_63_260_169_328.jpg,one_row,36A42637,36A42637,8,8,1.0,True,1,True,0.0,1680.495,3349632
two_rows/5_3493_0_36C13183_208_201_502_337.jpg,two_row_car,36C13183,36C13183,8,8,1.0,True,2,True,0.0,594.848,3349632
one_row/1_2972_1_36A38003_72_191_612_272.jpg,one_row,36A38003,36A38003,8,8,1.0,True,1,True,0.0,874.249,3349632
one_row/3_3269_1_36C27885_76_234_568_314.jpg,one_row,36C27885,36C27885,8,8,1.0,True,1,True,0.0,2004.655,3349632
one_row/1_3467_1_36A39218_144_226_489_299.jpg,one_row,36A39218,36A39218,8,8,1.0,True,1,True,0.0,2909.304,3349632
two_rows/6_1185_0_36B03357_109_307_148_355.jpg,two_row_car,36B03357,36B03357,8,8,1.0,True,2,False,0.0,5456.403,3349632
one_row/7_2249_1_29A48141_114_207_496_270.jpg,one_row,29A48141,29A48141,8,8,1.0,True,1,True,0.0,2074.23,3349632
one_row/1_2594_1_36A16580_103_223_564_277.jpg,one_row,36A16580,36A16580,8,8,1.0,True,1,False,0.0,206.241,3349632
two_rows/8_494_0_36A43611_144_309_205_374.jpg,two_row_car,36A43611,36A43611,8,8,1.0,True,2,False,0.0,1768.697,3349632
one_row/6_2460_1_36A29047_98_209_544_272.jpg,one_row,36A29047,36A29047,8,8,1.0,True,1,False,0.0,883.236,3349632
two_rows_label_xe_may/7_2590_0_98f104383_216_175_362_305.jpg,two_row_motorcycle,98F104383,920111F91,9,2,0.2222222222222222,False,1,False,0.0,6700.812,3768336
two_rows/1_1004_0_36A38579_93_221_159_298.jpg,two_row_car,36A38579,36A38579,8,8,1.0,True,2,False,0.0,4632.014,3349632
one_row/7_4620_1_36C29479_183_249_471_316.jpg,one_row,36C29479,36C29479,8,8,1.0,True,1,False,0.0,1348.032,3349632
one_row/6_3220_1_36C06443_76_197_554_292.jpg,one_row,36C06443,36C06443,8,8,1.0,True,1,True,0.0,792.314,3349632
one_row/5_3808_1_36C28519_165_239_496_299.jpg,one_row,36C28519,36C28519,8,8,1.0,True,1,True,0.0,1395.023,3349632
one_row/9_1450_1_36A43526_52_121_522_202.jpg,one_row,36A43526,36A43526,8,8,1.0,True,1,False,0.0,1634.051,3349632
two_rows_label_xe_may/4_575_0_36B435771_461_70_587_204.jpg,two_row_motorcycle,36B435771,36B435771,9,9,1.0,True,2,False,0.0,4410.74,3768336
one_row/6_3272_1_36C09792_36_266_549_336.jpg,one_row,36C09792,36C09792,8,8,1.0,True,1,True,0.0,470.37,3349632
one_row/1_2319_1_36A02196_63_253_540_336.jpg,one_row,36A02196,36A02196,8,8,1.0,True,1,True,0.0,164.799,3349632
two_rows_label_xe_may/1_354_0_90b199639_216_23_354_132.jpg,two_row_motorcycle,90B199639,29B121897,9,2,0.2222222222222222,False,1,True,0.0,2088.198,3768336
two_rows_label_xe_may/5_848_0_98D170185_396_46_524_177.jpg,two_row_motorcycle,98D170185,98D170185,9,9,1.0,True,2,False,0.0,7645.991,3768336
two_rows/9_614_0_36A44192_474_212_530_281.jpg,two_row_car,36A44192,36A44192,8,8,1.0,True,2,True,0.0,3096.603,3349632
two_rows/6_590_0_36A23767_376_299_440_356.jpg,two_row_car,36A23767,36A23767,8,8,1.0,True,2,False,0.0,5525.864,3349632
two_rows/8_2092_0_36C29813_143_238_430_377.jpg,two_row_car,36C29813,36C29813,8,8,1.0,True,2,False,0.0,408.738,3349632
one_row/2_1067_1_36A39495_96_214_539_256.jpg,one_row,36A39495,36A39495,8,8,1.0,True,1,False,0.0,1271.158,3349632
one_row/7_3373_1_36A42724_98_190_522_270.jpg,one_row,36A42724,36A42724,8,8,1.0,True,1,True,0.927,105.03,3349632
two_rows/4_1052_0_36C15032_208_349_243_390.jpg,two_row_car,36C15032,36C15032,8,8,1.0,True,2,False,0.0,6682.805,3349632
two_rows/6_1543_0_36M8536_136_332_190_386.jpg,two_row_car,36M8536,36M8536,7,7,1.0,True,2,False,0.0,4544.928,2930928
one_row/1_2264_1_36A00134_124_264_492_327.jpg,one_row,36A00134,36A00134,8,8,1.0,True,1,True,0.0,1512.526,3349632
two_rows_label_xe_may/4_734_0_35B188067_424_75_575_210.jpg,two_row_motorcycle,35B188067,35B188067,9,9,1.0,True,2,False,0.0,3319.672,3768336
two_rows/1_48_0_29A84044_131_223_203_298.jpg,two_row_car,29A84044,29A84044,8,8,1.0,True,2,False,0.0,4318.145,3349632
two_rows_label_xe_may/7_2629_0_17b224203_142_104_291_227.jpg,two_row_motorcycle,17B224203,242270832,9,1,0.1111111111111111,False,1,False,0.0,9271.121,3768336
one_row/7_2298_1_29C67706_203_256_426_314.jpg,one_row,29C67706,29C62206,8,6,0.75,False,2,True,0.303,3003.98,3349632
one_row/1_3591_1_36B02317_164_219_437_329.jpg,one_row,36B02317,36602317,8,7,0.875,False,1,True,0.0,119.965,3349632
two_rows_label_xe_may/4_1159_0_37h162890_479_113_612_229.jpg,two_row_motorcycle,37H162890,378162890,9,8,0.8888888888888888,False,2,False,0.0,4208.971,3768336
one_row/4_1526_1_31F0723_167_206_534_296.jpg,one_row,31F0723,31F0723,7,7,1.0,True,1,False,0.0,738.662,2930928
two_rows_label_xe_may/7_2452_0_59d150546_218_52_371_184.jpg,two_row_motorcycle,59D150546,001294A17,9,0,0.0,False,1,False,0.0,5589.945,3768336
one_row/3_3352_1_36C28250_116_169_502_242.jpg,one_row,36C28250,36C28250,8,8,1.0,True,1,True,0.0,1913.768,3349632
two_rows_label_xe_may/9_3604_0_75k93594_412_218_532_323.jpg,two_row_motorcycle,75K93594,75N93594,8,7,0.875,False,2,False,0.0,1029.529,3349632
two_rows/1_191_0_30X1389_488_239_546_313.jpg,two_row_car,30X1389,30A1389,7,6,0.8571428571428571,False,2,True,0.0,6157.416,2930928
two_rows/6_382_0_36A09584_446_306_509_380.jpg,two_row_car,36A09584,03965A84,8,2,0.25,False,1,False,0.0,4582.453,3349632
one_row/8_2127_1_36D00800_126_225_496_293.jpg,one_row,36D00800,36D00800,8,8,1.0,True,1,True,0.258,1551.804,3349632
one_row/2_1350_1_36C14997_39_199_592_303.jpg,one_row,36C14997,36C14997,8,8,1.0,True,1,False,0.0,249.417,3349632
two_rows/9_299_0_36A43010_396_222_456_276.jpg,two_row_car,36A43010,36A43010,8,8,1.0,True,2,False,0.0,7771.234,3349632
one_row/4_2323_1_36A40668_72_187_579_268.jpg,one_row,36A40668,36A40668,8,8,1.0,True,1,True,0.0,1261.54,3349632
two_rows/4_894_0_36B01923_408_297_455_348.jpg,two_row_car,36B01923,36B01923,8,8,1.0,True,2,False,0.0,15164.111,3349632
one_row/1_3321_1_36A38823_42_218_588_292.jpg,one_row,36A38823,36A38823,8,8,1.0,True,1,False,0.0,1606.992,3349632
two_rows/9_419_0_36A43793_139_230_200_292.jpg,two_row_car,36A43793,36A43795,8,7,0.875,False,2,False,0.0,2577.637,3349632
one_row/1_1023_1_36A38611_483_291_560_343.jpg,one_row,36A38611,36A38611,8,8,1.0,True,1,True,0.0,7616.225,3349632
one_row/3_2217_1_36A39534_81_223_577_284.jpg,one_row,36A39534,36A39534,8,8,1.0,True,1,False,0.0,1250.906,3349632
one_row/8_1581_1_36A43736_111_252_517_314.jpg,one_row,36A43736,36A43736,8,8,1.0,True,1,True,0.513,1326.179,3349632
two_rows/6_1607_0_36R01052_189_293_227_331.jpg,two_row_car,36R01052,36R01057,8,7,0.875,False,2,False,0.0,5607.648,3349632
one_row/4_3278_1_36C28472_184_225_432_283.jpg,one_row,36C28472,36C28472,8,8,1.0,True,1,True,0.0,1921.394,3349632
one_row/7_4853_1_36N2754_110_236_489_309.jpg,one_row,36N2754,36N2754,7,7,1.0,True,1,True,0.0,1530.293,2930928
two_rows_label_xe_may/1_406_0_29l149499_239_123_395_255.jpg,two_row_motorcycle,29L149499,19G111291,9,3,0.3333333333333333,False,1,False,0.0,1112.023,3768336
one_row/3_1595_1_30E91385_168_291_487_369.jpg,one_row,30E91385,30E91385,8,8,1.0,True,1,False,0.0,1226.94,3349632
two_rows/1_1403_0_36B03324_160_278_198_323.jpg,two_row_car,36B03324,36B30324,8,6,0.75,False,2,False,0.0,10612.115,3349632
one_row/9_1873_1_36C00425_147_304_503_373.jpg,one_row,36C00425,36C00425,8,8,1.0,True,1,True,0.0,1241.972,3349632
two_rows/8_813_0_36D00023_454_240_511_299.jpg,two_row_car,36D00023,36D00023,8,8,1.0,True,2,False,0.0,6421.302,3349632
one_row/1_4382_1_36S37617_38_201_535_293.jpg,one_row,36S37617,36A37617,8,7,0.875,False,1,False,0.0,220.045,3349632
one_row/4_2691_1_36C02270_110_213_494_284.jpg,one_row,36C02270,36C02270,8,8,1.0,True,1,True,0.0,551.969,3349632
two_rows/4_1101_0_36C21540_181_396_223_441.jpg,two_row_car,36C21540,36C21540,8,8,1.0,True,2,False,0.0,4573.052,3349632
one_row/5_3185_1_36C00718_62_205_592_292.jpg,one_row,36C00718,36C00718,8,8,1.0,True,1,False,0.0,1045.266,3349632
one_row/5_2304_1_36A16106_126_182_537_256.jpg,one_row,36A16106,36A16106,8,8,1.0,True,1,False,0.0,905.669,3349632
one_row/9_1981_1_36C08782_121_227_547_304.jpg,one_row,36C08782,36C08782,8,8,1.0,True,1,True,0.0,2079.6,3349632
two_rows/5_873_0_36A41188_452_213_519_289.jpg,two_row_car,36A41188,36A41188,8,8,1.0,True,2,False,0.0,3033.252,3349632
one_row/5_727_1_36A40594_36_297_144_365.jpg,one_row,36A40594,36A40594,8,8,1.0,True,1,True,0.0,1273.374,3349632
one_row/2_1494_1_36C27550_104_177_531_262.jpg,one_row,36C27550,36C27550,8,8,1.0,True,1,True,0.0,1522.259,3349632
two_rows_label_xe_may/4_1123_0_29m139983_409_98_551_212.jpg,two_row_motorcycle,29M139983,291039905,9,5,0.5555555555555556,False,2,True,0.0,2624.305,3768336
two_rows_label_xe_may/7_1331_0_29H102065_300_90_438_207.jpg,two_row_motorcycle,29H102065,29H102065,9,9,1.0,True,2,False,0.0,4764.46,3768336
two_rows_label_xe_may/3_341_0_29B147029_411_89_533_212.jpg,two_row_motorcycle,29B147029,29B147029,9,9,1.0,True,2,False,0.0,4109.867,3768336
two_rows_label_xe_may/2_204_0_29L520630_397_52_536_171.jpg,two_row_motorcycle,29L520630,2AL520630,9,8,0.8888888888888888,False,2,False,0.0,5098.088,3768336
two_rows/1_1164_0_36A38984_97_257_158_329.jpg,two_row_car,36A38984,36A38984,8,8,1.0,True,2,False,0.0,3682.237,3349632
one_row/1_3642_1_36B03372_124_320_522_377.jpg,one_row,36B03372,36B03372,8,8,1.0,True,1,True,0.0,1557.103,3349632
one_row/2_557_1_36N2268_138_210_246_287.jpg,one_row,36N2268,36N2268,7,7,1.0,True,1,False,0.0,4863.976,2930928
two_rows_label_xe_may/4_1280_0_29y51187_207_159_326_276.jpg,two_row_motorcycle,29Y51187,1G111624,8,1,0.125,False,1,False,0.0,7091.058,3349632
two_rows_label_xe_may/8_1694_0_36B269847_362_108_488_223.jpg,two_row_motorcycle,36B269847,36B269847,9,9,1.0,True,2,False,0.0,3384.442,3768336
one_row/6_3042_1_36B02976_111_209_473_272.jpg,one_row,36B02976,36B02976,8,8,1.0,True,1,True,0.366,790.775,3349632
one_row/5_2400_1_36A22645_127_188_498_251.jpg,one_row,36A22645,36A22645,8,8,1.0,True,1,True,0.0,1762.294,3349632
one_row/6_2685_1_36A41958_97_180_498_243.jpg,one_row,36A41958,36A41958,8,8,1.0,True,1,True,0.0,1286.596,3349632
one_row/1_2228_1_30X1389_70_206_558_275.jpg,one_row,30X1389,30X1389,7,7,1.0,True,1,True,0.0,1188.067,2930928
two_rows_label_xe_may/4_616_0_99F140038_86_81_260_226.jpg,two_row_motorcycle,99F140038,99F140038,9,9,1.0,True,2,True,0.0,1284.385,3768336
one_row/1_2193_1_30E75060_117_191_529_254.jpg,one_row,30E75060,30E75060,8,8,1.0,True,1,True,0.0,1121.875,3349632
two_rows/7_1028_0_36A42761_102_181_166_251.jpg,two_row_car,36A42761,36A42761,8,8,1.0,True,2,False,0.0,5161.545,3349632
one_row/4_3238_1_36C28329_150_191_473_254.jpg,one_row,36C28329,36C28329,8,8,1.0,True,1,True,0.92,3299.49,3349632
one_row/4_2730_1_36C04431_102_225_474_298.jpg,one_row,36C04431,36C04431,8,8,1.0,True,1,True,0.0,621.787,3349632
two_rows/1_1182_0_36A39039_107_271_174_350.jpg,two_row_car,36A39039,36A39039,8,8,1.0,True,2,True,9.09,1981.673,3349632
two_rows/5_1130_0_36B01929_80_288_118_333.jpg,two_row_car,36B01929,36B01929,8,8,1.0,True,2,False,0.0,7723.768,3349632
one_row/4_2613_1_36B03217_152_225_459_288.jpg,one_row,36B03217,36B03217,8,8,1.0,True,1,True,0.0,1837.68,3349632
one_row/8_2192_1_36M0754_81_198_542_287.jpg,one_row,36M0754,36M0754,7,7,1.0,True,1,False,0.0,759.781,2930928
one_row/3_1559_1_30A02793_120_185_496_257.jpg,one_row,30A02793,30A02793,8,8,1.0,True,1,True,0.0,233.986,3349632
one_row/3_3347_1_36C28230_88_263_500_333.jpg,one_row,36C28230,36C28230,8,8,1.0,True,1,False,0.0,1208.292,3349632
one_row/4_2273_1_36A40544_114_225_551_321.jpg,one_row,36A40544,36A40544,8,8,1.0,True,1,True,0.0,436.898,3349632
one_row/3_2822_1_36C07238_113_252_515_316.jpg,one_row,36C07238,36C07238,8,8,1.0,True,1,True,0.0,1741.299,3349632
two_rows/9_716_0_36A44384_470_240_524_303.jpg,two_row_car,36A44384,36A44384,8,8,1.0,True,2,False,0.0,1361.109,3349632
one_row/7_2392_1_30E30847_213_261_556_328.jpg,one_row,30E30847,30530847,8,7,0.875,False,1,False,0.0,819.174,3349632
two_rows/5_313_0_36A07700_440_214_499_277.jpg,two_row_car,36A07700,36A07700,8,8,1.0,True,2,False,0.0,7555.004,3349632
two_rows_label_xe_may/2_175_0_29C105527_331_22_484_145.jpg,two_row_motorcycle,29C105527,29C105527,9,9,1.0,True,2,True,0.0,4293.261,3768336
one_row/6_3689_1_36C29432_167_248_445_311.jpg,one_row,36C29432,36C29432,8,8,1.0,True,1,True,0.0,1088.629,3349632
one_row/1_4064_1_36C27300_133_262_554_361.jpg,one_row,36C27300,36C27300,8,8,1.0,True,1,False,0.0,1881.411,3349632
two_rows/9_1033_0_36N2966_359_371_408_422.jpg,two_row_car,36N2966,36N2966,7,7,1.0,True,2,False,0.0,6498.79,2930928
one_row/4_3405_1_36M2290_110_212_496_288.jpg,one_row,36M2290,36M2290,7,7,1.0,True,1,True,0.0,1911.292,2930928
two_rows/7_159_0_35A01877_131_205_199_270.jpg,two_row_car,35A01877,35A01877,8,8,1.0,True,2,False,0.0,1742.193,3349632
two_rows_label_xe_may/5_1565_0_18md701752_333_36_450_98.jpg,two_row_motorcycle,18MD701752,17M0701752,10,8,0.8,False,2,True,0.0,1926.181,4187040
two_rows/3_1594_0_30E67178_140_184_484_321.jpg,two_row_car,30E67178,30E67178,8,8,1.0,True,2,True,0.0,1102.902,3349632
one_row/5_2087_1_36A02253_140_161_613_248.jpg,one_row,36A02253,36A02253,8,8,1.0,True,1,False,0.0,787.291,3349632
one_row/4_3069_1_36C21084_165_251_488_329.jpg,one_row,36C21084,36C21084,8,8,1.0,True,1,True,0.0,2760.539,3349632
one_row/5_3412_1_36C10819_92_188_573_291.jpg,one_row,36C10819,36C10819,8,8,1.0,True,1,True,0.0,526.927,3349632
one_row/4_1689_1_36A09134_114_239_496_300.jpg,one_row,36A09134,36A09134,8,8,1.0,True,1,True,0.0,1549.407,3349632
one_row/7_3879_1_36B02459_175_250_459_306.jpg,one_row,36B02459,36B02459,8,8,1.0,True,1,True,0.472,1962.457,3349632
one_row/1_3440_1_36A39117_96_207_554_270.jpg,one_row,36A39117,36A39117,8,8,1.0,True,1,False,0.0,1696.774,3349632
one_row/5_2157_1_36A07321_145_186_509_262.jpg,one_row,36A07321,36A07321,8,8,1.0,True,1,True,0.0,767.7,3349632
two_rows/5_4191_0_36R00554_126_107_508_367.jpg,two_row_car,36R00554,36R00554,8,8,1.0,True,2,True,0.0,1101.2,3349632
one_row/3_2264_1_36A39635_66_230_593_300.jpg,one_row,36A39635,36A39635,8,8,1.0,True,1,True,0.0,1680.311,3349632
one_row/1_3210_1_36A38584_143_264_500_327.jpg,one_row,36A38584,36A38584,8,8,1.0,True,1,True,0.0,406.847,3349632
two_rows/9_498_0_36A43952_137_249_197_307.jpg,two_row_car,36A43952,36A43952,8,8,1.0,True,2,False,0.0,3118.756,3349632
one_row/9_1228_1_36A07332_111_249_497_312.jpg,one_row,36A07332,36A07332,8,8,1.0,True,1,True,0.0,836.17,3349632
two_rows/7_1941_0_36D00466_183_188_248_251.jpg,two_row_car,36D00466,36000466,8,7,0.875,False,2,False,0.0,1366.398,3349632
two_rows/8_44_0_29C26703_214_406_264_455.jpg,two_row_car,29C26703,29C26703,8,8,1.0,True,2,False,0.0,6087.372,3349632
one_row/6_3636_1_36C29055_66_233_557_317.jpg,one_row,36C29055,36C29055,8,8,1.0,True,1,True,0.0,1000.17,3349632
two_rows_label_xe_may/6_1218_0_29E198663_484_36_638_164.jpg,two_row_motorcycle,29E198663,296198663,9,8,0.8888888888888888,False,2,True,0.0,4334.507,3768336
one_row/1_3852_1_36C12920_52_228_576_336.jpg,one_row,36C12920,36C12920,8,8,1.0,True,1,False,0.0,1369.723,3349632
one_row/7_3036_1_36A27504_152_234_497_294.jpg,one_row,36A27504,36A22504,8,7,0.875,False,1,True,0.414,1132.493,3349632
one_row/6_2848_1_36A42354_104_209_506_285.jpg,one_row,36A42354,36A42354,8,8,1.0,True,1,True,0.0,1116.725,3349632
one_row/1_2920_1_36A37857_128_211_524_288.jpg,one_row,36A37857,36A37857,8,8,1.0,True,1,False,0.0,498.317,3349632
two_rows/5_3278_0_36C04394_165_124_517_377.jpg,two_row_car,36C04394,36C04394,8,8,1.0,True,2,True,0.0,665.816,3349632
two_rows/6_3953_0_36R00222_172_157_516_384.jpg,two_row_car,36R00222,36R00222,8,8,1.0,True,2,True,0.0,1300.896,3349632
one_row/9_152_1_36A11694_419_231_512_277.jpg,one_row,36A11694,36A11691,8,7,0.875,False,1,True,0.0,608.627,3349632
one_row/3_2214_1_36A39525_95_219_600_287.jpg,one_row,36A39525,36A39525,8,8,1.0,True,1,True,0.0,953.46,3349632
two_rows/5_1449_0_36C21758_395_338_436_388.jpg,two_row_car,36C21758,36C21758,8,8,1.0,True,2,True,0.0,7893.601,3349632
one_row/3_1979_1_36A21660_119_197_587_268.jpg,one_row,36A21660,36A21660,8,8,1.0,True,1,True,0.0,928.965,3349632
one_row/6_2792_1_36A42201_152_228_473_291.jpg,one_row,36A42201,36A42201,8,8,1.0,True,1,True,0.0,1299.514,3349632
one_row/6_1809_1_29N1043_160_156_498_219.jpg,one_row,29N1043,29N1043,7,7,1.0,True,1,True,0.39,1731.345,2930928
two_rows/4_342_0_36A17948_515_222_557_283.jpg,two_row_car,36A17948,36A17948,8,8,1.0,True,2,True,0.0,5344.663,3349632
one_row/5_2041_1_34M3437_60_93_581_205.jpg,one_row,34M3437,4M34737,7,2,0.2857142857142857,False,1,True,0.0,306.123,2930928
one_row/8_1648_1_36B01501_63_215_448_285.jpg,one_row,36B01501,36B01501,8,8,1.0,True,1,False,0.0,862.947,3349632
two_rows_label_xe_may/6_2075_0_29m120006_415_209_527_307.jpg,two_row_motorcycle,29M120006,29M120005,9,8,0.8888888888888888,False,2,False,0.0,1403.952,3768336
one_row/9_2112_1_36C22836_145_341_477_404.jpg,one_row,36C22836,36C22836,8,8,1.0,True,1,True,0.0,1733.215,3349632
two_rows/6_852_0_36A41849_457_204_527_282.jpg,two_row_car,36A41849,36A41849,8,8,1.0,True,2,False,0.0,3921.087,3349632
one_row/5_3713_1_36C21816_151_239_465_308.jpg,one_row,36C21816,36C21816,8,8,1.0,True,1,True,0.0,1637.656,3349632
two_rows_label_xe_may/7_2604_0_34b295144_115_64_283_207.jpg,two_row_motorcycle,34B295144,923474242,9,1,0.1111111111111111,False,1,False,0.0,4925.846,3768336
two_rows/6_650_0_36A24342_148_300_215_373.jpg,two_row_car,36A24342,36A24342,8,8,1.0,True,2,False,0.0,2313.192,3349632
one_row/6_2281_1_36A21864_38_191_614_291.jpg,one_row,36A21864,36A21864,8,8,1.0,True,1,False,0.0,795.192,3349632
one_row/3_2165_1_36A39403_102_170_525_230.jpg,one_row,36A39403,36A39403,8,8,1.0,True,1,False,0.0,1313.161,3349632
two_rows/7_216_0_36A02635_153_238_211_297.jpg,two_row_car,36A02635,36A02635,8,8,1.0,True,2,False,0.0,3024.483,3349632
two_rows_label_xe_may/3_496_0_15B233092_344_3_481_125.jpg,two_row_motorcycle,15B233092,13B233092,9,8,0.8888888888888888,False,2,False,0.0,4468.851,3768336
two_rows_label_xe_may/8_2868_0_29e212725_272_218_405_339.jpg,two_row_motorcycle,29E212725,22G729621,9,2,0.2222222222222222,False,1,False,0.0,9310.725,3768336
one_row/6_2372_1_36A23946_111_172_532_245.jpg,one_row,36A23946,36A23946,8,8,1.0,True,1,True,0.606,889.047,3349632
one_row/5_1836_1_29A05017_114_207_505_277.jpg,one_row,29A05017,29A05017,8,8,1.0,True,1,True,0.0,751.564,3349632
one_row/7_2760_1_36A14645_163_259_511_329.jpg,one_row,36A14645,36A14645,8,8,1.0,True,1,True,0.686,879.186,3349632
one_row/5_3423_1_36C11054_69_227_598_325.jpg,one_row,36C11054,36C11054,8,8,1.0,True,1,False,0.0,498.307,3349632
one_row/4_1783_1_36A14228_97_197_553_288.jpg,one_row,36A14228,36A14228,8,8,1.0,True,1,True,0.0,676.312,3349632
one_row/6_2107_1_36A08345_116_236_559_303.jpg,one_row,36A08345,36A08345,8,8,1.0,True,1,True,0.0,913.926,3349632
one_row/4_2250_1_36A40500_77_185_545_256.jpg,one_row,36A40500,36A40500,8,8,1.0,True,1,True,0.0,616.674,3349632
two_rows/5_884_0_36A41204_141_290_206_364.jpg,two_row_car,36A41204,41326064,8,1,0.125,False,1,False,0.0,8238.279,3349632
one_row/1_3408_1_36A39030_94_224_438_302.jpg,one_row,36A39030,36A39030,8,8,1.0,True,1,True,2.871,2868.855,3349632
two_rows/7_630_0_36A27102_139_220_189_280.jpg,two_row_car,36A27102,36A27102,8,8,1.0,True,2,True,0.0,2559.47,3349632
two_rows/6_1672_0_98H1179_146_316_193_367.jpg,two_row_car,98H1179,98H1179,7,7,1.0,True,2,False,0.0,2883.957,2930928
two_rows_label_xe_may/5_847_0_29V544212_324_16_457_143.jpg,two_row_motorcycle,29V544212,29V544212,9,9,1.0,True,2,False,0.0,5018.302,3768336
two_rows_label_xe_may/9_3532_0_24p43366_256_116_368_224.jpg,two_row_motorcycle,24P43366,32322921,8,0,0.0,False,1,False,0.0,8843.689,3349632
two_rows/6_520_0_36A20317_153_233_214_299.jpg,two_row_car,36A20317,36A20317,8,8,1.0,True,2,False,0.0,5065.287,3349632
one_row/7_2609_1_36A08354_58_180_517_283.jpg,one_row,36A08354,36A08354,8,8,1.0,True,1,True,0.0,384.039,3349632
two_rows/3_3388_0_36C28460_174_176_459_321.jpg,two_row_car,36C28460,36C28460,8,8,1.0,True,2,True,0.424,349.269,3349632
two_rows/9_185_0_36A15733_476_243_544_317.jpg,two_row_car,36A15733,36A15733,8,8,1.0,True,2,False,0.0,3098.725,3349632
one_row/1_3692_1_36C03325_108_217_550_356.jpg,one_row,36C03325,36C00332,8,5,0.625,False,1,True,0.0,763.604,3349632
two_rows/9_711_0_36A44374_488_324_548_391.jpg,two_row_car,36A44374,36A44374,8,8,1.0,True,2,False,0.0,3599.412,3349632
one_row/8_1427_1_36A29501_116_258_483_313.jpg,one_row,36A29501,36A29501,8,8,1.0,True,1,True,0.0,1419.05,3349632
two_rows/3_1453_0_19C11024_126_185_488_367.jpg,two_row_car,19C11024,19C11024,8,8,1.0,True,2,True,0.754,214.809,3349632
two_rows_label_xe_may/4_586_0_36N108253_507_35_609_142.jpg,two_row_motorcycle,36N108253,35N108253,9,8,0.8888888888888888,False,2,False,0.0,5390.213,3768336
two_rows/4_320_0_36A16098_456_312_515_379.jpg,two_row_car,36A16098,36A16098,8,8,1.0,True,2,False,0.0,1062.37,3349632
one_row/7_4075_1_36C05281_107_225_504_309.jpg,one_row,36C05281,36C05281,8,8,1.0,True,1,False,0.0,662.847,3349632
one_row/5_1842_1_29A24102_65_185_615_278.jpg,one_row,29A24102,29A24102,8,8,1.0,True,1,True,0.881,504.192,3349632
two_rows/4_454_0_36A24108_170_205_236_268.jpg,two_row_car,36A24108,36A24108,8,8,1.0,True,2,False,0.0,3004.149,3349632
one_row/7_4661_1_36D00466_62_161_580_261.jpg,one_row,36D00466,36D00466,8,8,1.0,True,1,False,0.0,855.767,3349632
one_row/7_4171_1_36C09605_201_225_502_312.jpg,one_row,36C09605,46C09605,8,7,0.875,False,1,True,0.0,409.868,3349632
one_row/6_1863_1_30A91151_114_224_538_287.jpg,one_row,30A91151,30A91151,8,8,1.0,True,1,False,0.0,409.762,3349632
one_row/5_2956_1_36A41561_117_191_513_261.jpg,one_row,36A41561,36A41561,8,8,1.0,True,1,False,0.0,1949.363,3349632
one_row/5_3511_1_36C16128_80_185_579_270.jpg,one_row,36C16128,36C16128,8,8,1.0,True,1,False,0.0,1041.633,3349632
two_rows/3_884_0_36A40218_406_214_475_274.jpg,two_row_car,36A40218,36A40218,8,8,1.0,True,2,False,0.0,4980.533,3349632
two_rows_label_xe_may/4_986_0_29m158863_301_126_436_241.jpg,two_row_motorcycle,29M158863,29G122891,9,4,0.4444444444444444,False,1,False,0.0,10325.972,3768336
one_row/7_4559_1_36C29180_156_193_533_297.jpg,one_row,36C29180,36C29180,8,8,1.0,True,1,True,0.0,843.474,3349632
one_row/9_2110_1_36C22787_69_188_638_288.jpg,one_row,36C22787,36C22787,8,8,1.0,True,1,False,0.0,736.931,3349632
one_row/3_2614_1_36B02302_102_244_499_306.jpg,one_row,36B02302,36B02302,8,8,1.0,True,1,True,0.669,2289.972,3349632
one_row/5_3242_1_36C03229_155_214_525_290.jpg,one_row,36C03229,36C03229,8,8,1.0,True,1,True,0.0,299.212,3349632
one_row/9_1234_1_36A08289_150_210_553_281.jpg,one_row,36A08289,36A08289,8,8,1.0,True,1,True,0.145,362.24,3349632
one_row/3_2027_1_36A22386_106_249_558_301.jpg,one_row,36A22386,36A22386,8,8,1.0,True,1,False,0.0,1502.189,3349632
two_rows/6_562_0_36A23554_488_206_554_283.jpg,two_row_car,36A23554,36A23554,8,8,1.0,True,2,False,0.0,3884.882,3349632
two_rows_label_xe_may/8_3242_0_37l148923_296_74_444_202.jpg,two_row_motorcycle,37L148923,219171221,9,2,0.2222222222222222,False,1,False,0.0,8143.632,3768336
one_row/5_2593_1_36A39281_81_200_545_288.jpg,one_row,36A39281,36A39281,8,8,1.0,True,1,True,0.624,1590.257,3349632
two_rows/7_494_0_36A20056_272_244_332_301.jpg,two_row_car,36A20056,36A20056,8,8,1.0,True,2,False,0.0,2422.872,3349632
one_row/7_2932_1_36A24413_100_199_558_263.jpg,one_row,36A24413,36A24413,8,8,1.0,True,1,True,0.0,1390.551,3349632
two_rows/7_831_0_36A42438_490_215_551_296.jpg,two_row_car,36A42438,36A42438,8,8,1.0,True,2,True,0.0,4726.207,3349632
one_row/8_2344_1_89C11829_116_200_513_274.jpg,one_row,89C11829,89C11829,8,8,1.0,True,1,True,0.524,1282.529,3349632
one_row/1_2636_1_36A18825_55_232_569_303.jpg,one_row,36A18825,36A18825,8,8,1.0,True,1,True,0.0,840.272,3349632
two_rows/8_321_0_36A23331_463_206_524_275.jpg,two_row_car,36A23331,36A23331,8,8,1.0,True,2,False,0.0,2265.279,3349632
two_rows/5_1670_0_36N0825_471_188_533_253.jpg,two_row_car,36N0825,36N0825,7,7,1.0,True,2,False,0.0,4447.745,2930928
two_rows/9_197_0_36A20704_134_202_201_269.jpg,two_row_car,36A20704,36A20704,8,8,1.0,True,2,False,0.0,3048.06,3349632
one_row/9_1128_1_29U6102_165_279_444_342.jpg,one_row,29U6102,2906102,7,6,0.8571428571428571,False,1,True,0.0,572.366,2930928
one_row/6_3329_1_36C12095_113_234_588_310.jpg,one_row,36C12095,36C12095,8,8,1.0,True,1,False,0.0,1809.303,3349632
one_row/3_2571_1_36B01563_134_219_510_287.jpg,one_row,36B01563,36B01563,8,8,1.0,True,1,True,0.0,2078.752,3349632
two_rows_label_xe_may/7_2739_0_29t144755_231_211_376_330.jpg,two_row_motorcycle,29T144755,24G122921,9,2,0.2222222222222222,False,1,True,0.0,7375.567,3768336
one_row/4_1824_1_36A18441_111_214_525_288.jpg,one_row,36A18441,36A18441,8,8,1.0,True,1,True,1.132,517.901,3349632
one_row/4_2389_1_36A40868_83_201_593_311.jpg,one_row,36A40868,36A40868,8,8,1.0,True,1,True,0.0,629.28,3349632
one_row/4_3316_1_36C28688_114_219_516_288.jpg,one_row,36C28688,36C28688,8,8,1.0,True,1,True,0.0,2113.601,3349632
one_row/1_2056_1_29B02726_196_241_515_300.jpg,one_row,29B02726,29B02726,8,8,1.0,True,1,True,0.0,2119.697,3349632
two_rows/2_3_0_17A01739_481_204_553_287.jpg,two_row_car,17A01739,17A01739,8,8,1.0,True,2,False,0.0,5493.264,3349632
one_row/3_2026_1_36A22375_112_234_546_296.jpg,one_row,36A22375,36A22375,8,8,1.0,True,1,True,0.0,1881.779,3349632
one_row/7_5029_1_98LD00150_107_240_557_313.jpg,one_row,98LD00150,98CD00150,9,8,0.8888888888888888,False,1,True,0.0,651.183,3768336
one_row/7_1272_1_36A43126_95_267_191_330.jpg,one_row,36A43126,36A43126,8,8,1.0,True,1,True,0.0,819.975,3349632
one_row/6_3553_1_36C24193_62_219_508_302.jpg,one_row,36C24193,36C24193,8,8,1.0,True,1,True,0.0,1042.294,3349632
one_row/8_2341_1_89A18042_136_225_508_319.jpg,one_row,89A18042,89A18042,8,8,1.0,True,1,False,0.0,2833.117,3349632
one_row/9_2123_1_36C24474_154_317_511_380.jpg,one_row,36C24474,36C24474,8,8,1.0,True,1,True,0.0,1188.427,3349632
one_row/7_2718_1_36A13161_120_224_581_285.jpg,one_row,36A13161,36A13161,8,8,1.0,True,1,False,0.0,678.572,3349632
one_row/4_2313_1_36A40646_132_225_521_312.jpg,one_row,36A40646,36A40646,8,8,1.0,True,1,True,0.0,1119.742,3349632
two_rows_label_xe_may/3_914_0_36b198688_410_236_534_338.jpg,two_row_motorcycle,36B198688,36B198688,9,9,1.0,True,2,True,0.0,1324.721,3768336
two_rows_label_xe_may/4_993_0_30z60217_279_57_424_166.jpg,two_row_motorcycle,30Z60217,02077225,8,1,0.125,False,1,True,0.0,4700.832,3349632
two_rows_label_xe_may/2_697_0_15g105997_243_185_384_306.jpg,two_row_motorcycle,15G105997,021121621,9,1,0.1111111111111111,False,1,False,0.0,6056.536,3768336
one_row/7_2568_1_36A06459_160_236_550_282.jpg,one_row,36A06459,36A06459,8,8,1.0,True,1,False,0.0,2304.825,3349632
one_row/9_2314_1_36M6973_127_279_519_359.jpg,one_row,36M6973,36M6973,7,7,1.0,True,1,True,0.0,425.654,2930928
one_row/1_2821_1_36A30234_98_250_517_335.jpg,one_row,36A30234,36A30234,8,8,1.0,True,1,False,0.0,1258.51,3349632
one_row/1_818_1_36A38084_96_306_231_390.jpg,one_row,36A38084,36A38084,8,8,1.0,True,1,True,0.0,598.351,3349632
one_row/7_3198_1_36A42355_192_272_432_313.jpg,one_row,36A42355,36A42355,8,8,1.0,True,1,True,0.0,1240.461,3349632
one_row/2_670_1_30E13526_88_225_572_278.jpg,one_row,30E13526,30C13526,8,7,0.875,False,1,False,0.0,462.525,3349632
one_row/5_2249_1_36A13427_100_225_519_288.jpg,one_row,36A13427,36A13427,8,8,1.0,True,1,True,0.0,1042.684,3349632
one_row/9_1183_1_36A00530_128_216_536_296.jpg,one_row,36A00530,36A00530,8,8,1.0,True,1,True,0.0,978.472,3349632
one_row/7_2560_1_36A06116_148_210_532_280.jpg,one_row,36A06116,36A06116,8,8,1.0,True,1,True,0.0,614.536,3349632
two_rows/6_972_0_36A42181_406_273_468_328.jpg,two_row_car,36A42181,36A42181,8,8,1.0,True,2,False,0.0,5698.936,3349632
one_row/1_2102_1_29C70039_138_266_486_334.jpg,one_row,29C70039,29C70039,8,8,1.0,True,1,True,1.892,1083.137,3349632
one_row/9_2260_1_36L8214_156_317_476_380.jpg,one_row,36L8214,36L8214,7,7,1.0,True,1,True,0.0,891.958,2930928
one_row/1_3622_1_36B02888_73_204_485_283.jpg,one_row,36B02888,36B02888,8,8,1.0,True,1,False,0.0,918.93,3349632
one_row/9_1622_1_36A44078_219_203_501_266.jpg,one_row,36A44078,36A44078,8,8,1.0,True,1,True,0.0,571.185,3349632
one_row/3_2592_1_36B02047_85_208_515_296.jpg,one_row,36B02047,36B02047,8,8,1.0,True,1,True,0.0,678.519,3349632
two_rows/7_561_0_36A24477_128_175_180_238.jpg,two_row_car,36A24477,36A24477,8,8,1.0,True,2,True,0.0,689.293,3349632
one_row/3_3139_1_36C20872_96_173_506_255.jpg,one_row,36C20872,36C20872,8,8,1.0,True,1,True,0.537,813.359,3349632
one_row/8_1540_1_36A43589_127_208_555_274.jpg,one_row,36A43589,36A43589,8,8,1.0,True,1,True,0.0,1390.406,3349632
one_row/5_4116_1_36N1502_115_201_504_275.jpg,one_row,36N1502,36N1502,7,7,1.0,True,1,True,0.429,802.879,2930928
one_row/1_3541_1_36B01339_79_273_558_345.jpg,one_row,36B01339,36B01339,8,8,1.0,True,1,True,0.0,1365.379,3349632
two_rows_label_xe_may/4_1337_0_29x29749_204_168_329_283.jpg,two_row_motorcycle,29X29749,1G721112,8,1,0.125,False,1,False,0.0,5706.376,3349632
one_row/4_1971_1_36A22973_79_195_539_288.jpg,one_row,36A22973,36A22973,8,8,1.0,True,1,True,0.0,732.46,3349632
one_row/1_2951_1_36A37941_79_227_584_303.jpg,one_row,36A37941,36A32041,8,6,0.75,False,1,True,0.0,488.612,3349632
two_rows_label_xe_may/8_1670_0_17B533275_241_58_390_180.jpg,two_row_motorcycle,17B533275,17B533275,9,9,1.0,True,2,True,0.0,3399.688,3768336
one_row/6_3658_1_36C29327_146_292_470_355.jpg,one_row,36C29327,36C29327,8,8,1.0,True,1,False,0.0,1465.034,3349632
one_row/4_3625_1_57L6410_142_185_475_279.jpg,one_row,57L6410,5706410,7,6,0.8571428571428571,False,1,True,0.0,461.35,2930928
two_rows_label_xe_may/8_3196_0_30k10358_174_169_302_296.jpg,two_row_motorcycle,30K10358,10102411,8,1,0.125,False,1,False,0.0,9061.213,3349632
two_rows/6_267_0_36A03030_447_212_512_281.jpg,two_row_car,36A03030,30A03030,8,7,0.875,False,2,False,0.0,4157.605,3349632
one_row/8_1080_1_30A07826_111_194_493_253.jpg,one_row,30A07826,30A07826,8,8,1.0,True,1,True,0.0,2607.788,3349632
one_row/5_2638_1_36A40758_104_132_539_195.jpg,one_row,36A40758,36A40758,8,8,1.0,True,1,True,0.0,1573.706,3349632
one_row/6_2280_1_36A21357_115_238_558_307.jpg,one_row,36A21357,36A21357,8,8,1.0,True,1,False,0.0,1847.315,3349632
two_rows_label_xe_may/5_810_0_30H71294_318_106_433_213.jpg,two_row_motorcycle,30H71294,30H72294,8,7,0.875,False,2,False,0.0,3353.366,3349632
one_row/3_1586_1_30E19969_97_214_583_279.jpg,one_row,30E19969,33E19969,8,7,0.875,False,1,True,0.0,771.667,3349632
one_row/2_1520_1_36C27797_81_171_557_257.jpg,one_row,36C27797,36C27797,8,8,1.0,True,1,True,0.0,2110.727,3349632
two_rows_label_xe_may/7_2778_0_29m158323_72_18_170_118.jpg,two_row_motorcycle,29M158323,522292217,9,0,0.0,False,1,False,0.0,9389.009,3768336
one_row/9_2135_1_36C26067_111_179_500_260.jpg,one_row,36C26067,36C26067,8,8,1.0,True,1,True,0.0,754.308,3349632
one_row/1_3523_1_36B01042_155_284_516_341.jpg,one_row,36B01042,36B01047,8,7,0.875,False,1,True,0.0,551.696,3349632
two_rows_label_xe_may/9_3301_0_34b139806_472_211_619_349.jpg,two_row_motorcycle,34B139806,34B139806,9,9,1.0,True,2,False,0.0,1610.491,3768336
two_rows_label_xe_may/2_618_0_99c124273_318_3_408_62.jpg,two_row_motorcycle,99C124273,99C124273,9,9,1.0,True,2,True,2.386,1428.614,3768336
two_rows_label_xe_may/4_1377_0_29k139313_287_126_417_243.jpg,two_row_motorcycle,29K139313,29G121191,9,3,0.3333333333333333,False,1,False,0.0,7482.824,3768336
one_row/2_1255_1_36C07020_155_203_494_268.jpg,one_row,36C07020,36C07020,8,8,1.0,True,1,True,0.0,2822.914,3349632
one_row/4_2862_1_36C10732_177_225_522_288.jpg,one_row,36C10732,36C10732,8,8,1.0,True,1,True,0.0,992.705,3349632
two_rows/1_260_0_36A02632_136_247_196_310.jpg,two_row_car,36A02632,36A02632,8,8,1.0,True,2,False,0.0,5137.482,3349632
one_row/7_2842_1_36A19276_147_263_522_332.jpg,one_row,36A19276,36A19276,8,8,1.0,True,1,True,0.0,504.726,3349632
one_row/7_3386_1_36A42744_149_279_549_336.jpg,one_row,36A42744,36A42744,8,8,1.0,True,1,False,0.0,801.567,3349632
two_rows/6_1319_0_36C17267_177_335_239_397.jpg,two_row_car,36C17267,36C17267,8,8,1.0,True,2,False,0.0,2078.305,3349632
one_row/5_4218_1_37C07887_121_199_560_269.jpg,one_row,37C07887,37C07887,8,8,1.0,True,1,False,0.0,483.272,3349632
two_rows/6_3481_0_36C21695_221_162_414_271.jpg,two_row_car,36C21695,36C21695,8,8,1.0,True,2,True,0.0,1390.217,3349632
two_rows/8_674_0_36C08928_301_366_353_423.jpg,two_row_car,36C08928,68396C29,8,1,0.125,False,1,False,0.0,2371.295,3349632
one_row/1_2325_1_36A03439_86_237_554_300.jpg,one_row,36A03439,36A03439,8,8,1.0,True,1,True,0.0,2055.637,3349632
one_row/7_3101_1_36A38547_189_225_496_282.jpg,one_row,36A38547,36A38547,8,8,1.0,True,1,True,0.0,992.905,3349632
one_row/7_4098_1_36C05877_86_221_480_297.jpg,one_row,36C05877,36C05877,8,8,1.0,True,1,True,0.69,926.445,3349632
two_rows_label_xe_may/9_3486_0_37b196104_98_147_247_314.jpg,two_row_motorcycle,37B196104,223779127,9,1,0.1111111111111111,False,1,False,0.0,868.344,3768336
one_row/7_2549_1_36A05466_105_230_547_287.jpg,one_row,36A05466,36A05466,8,8,1.0,True,1,False,0.0,1066.111,3349632
one_row/4_1449_1_29X0038_76_192_566_304.jpg,one_row,29X0038,29X0038,7,7,1.0,True,1,True,0.0,542.215,2930928
one_row/8_1545_1_36A43614_105_233_505_304.jpg,one_row,36A43614,36A43614,8,8,1.0,True,1,True,0.177,2384.586,3349632
one_row/6_3935_1_36N4345_87_209_500_287.jpg,one_row,36N4345,36N4345,7,7,1.0,True,1,False,0.0,1069.92,2930928
one_row/3_3168_1_36C22607_37_239_535_316.jpg,one_row,36C22607,36C22607,8,8,1.0,True,1,True,0.0,1193.77,3349632
two_rows_label_xe_may/9_3529_0_29g119960_261_92_412_205.jpg,two_row_motorcycle,29G119960,292196401,9,3,0.3333333333333333,False,1,True,0.0,5371.765,3768336
one_row/5_3397_1_36C09295_114_209_575_283.jpg,one_row,36C09295,36C09295,8,8,1.0,True,1,True,1.909,1119.325,3349632
two_rows_label_xe_may/6_2224_0_20b121393_206_38_349_144.jpg,two_row_motorcycle,20B121393,268121393,9,7,0.7777777777777778,False,2,True,0.0,6246.803,3768336
two_rows/6_1039_0_36A42396_157_209_215_269.jpg,two_row_car,36A42396,36A42396,8,8,1.0,True,2,False,0.0,3098.706,3349632
two_rows/2_138_0_36A10721_504_188_566_268.jpg,two_row_car,36A10721,36A10721,8,8,1.0,True,2,True,0.0,5117.643,3349632
one_row/5_3227_1_36C02528_90_213_496_302.jpg,one_row,36C02528,36C02528,8,8,1.0,True,1,True,0.534,447.683,3349632
one_row/8_1889_1_36C12751_7_225_611_332.jpg,one_row,36C12751,36C12751,8,8,1.0,True,1,False,0.0,332.703,3349632
two_rows_label_xe_may/4_750_0_18B187700_351_2_510_112.jpg,two_row_motorcycle,18B187700,18B187700,9,9,1.0,True,2,True,0.0,6247.8,3768336
two_rows/1_1681_0_36C27681_232_351_272_386.jpg,two_row_car,36C27681,36C27681,8,8,1.0,True,2,False,0.0,4932.548,3349632
two_rows/1_1890_0_36N4759_99_235_158_304.jpg,two_row_car,36N4759,36N4759,7,7,1.0,True,2,False,0.0,2903.585,2930928
one_row/1_2917_1_36A37850_34_215_597_307.jpg,one_row,36A37850,36A32850,8,7,0.875,False,1,False,0.0,240.861,3349632
one_row/6_3679_1_36C29393_31_225_496_306.jpg,one_row,36C29393,36C29393,8,8,1.0,True,1,True,0.458,1326.574,3349632
one_row/5_3923_1_36C28950_23_209_574_296.jpg,one_row,36C28950,36C28950,8,8,1.0,True,1,True,0.0,1163.441,3349632
one_row/8_1012_1_29B08851_107_202_524_299.jpg,one_row,29B08851,29B08851,8,8,1.0,True,1,False,0.0,1366.1,3349632
one_row/9_687_1_36A44329_131_288_230_353.jpg,one_row,36A44329,36A44329,8,8,1.0,True,1,True,0.0,991.558,3349632
one_row/6_2648_1_36A41875_110_150_536_227.jpg,one_row,36A41875,36A41875,8,8,1.0,True,1,True,0.0,990.716,3349632
two_rows/9_539_0_36A43995_449_259_499_311.jpg,two_row_car,36A43995,36A43995,8,8,1.0,True,2,False,0.0,2615.292,3349632
two_rows/5_1518_0_36C28655_175_341_220_387.jpg,two_row_car,36C28655,36C28655,8,8,1.0,True,2,False,0.0,7240.08,3349632
one_row/3_2186_1_36A39464_112_181_519_257.jpg,one_row,36A39464,36A39464,8,8,1.0,True,1,True,0.412,232.182,3349632
one_row/9_747_1_36A44460_108_279_207_345.jpg,one_row,36A44460,36A44460,8,8,1.0,True,1,True,0.0,5595.851,3349632
one_row/3_2892_1_36C10654_166_146_501_219.jpg,one_row,36C10654,36C10654,8,8,1.0,True,1,True,0.796,1016.11,3349632
one_row/3_2439_1_36A40018_105_228_576_288.jpg,one_row,36A40018,36A40018,8,8,1.0,True,1,False,0.0,1717.131,3349632
two_rows/3_20_0_29A30228_412_235_468_298.jpg,two_row_car,29A30228,29A30228,8,8,1.0,True,2,False,0.0,5501.147,3349632
one_row/3_2254_1_36A39610_77_222_559_284.jpg,one_row,36A39610,36A39610,8,8,1.0,True,1,True,0.0,1527.278,3349632
one_row/7_4040_1_36C03682_136_225_471_315.jpg,one_row,36C03682,36C03682,8,8,1.0,True,1,True,0.0,978.816,3349632
one_row/8_1756_1_36C03585_20_244_593_330.jpg,one_row,36C03585,36C03585,8,8,1.0,True,1,False,0.0,549.595,3349632
two_rows/4_332_0_36A16847_115_231_159_289.jpg,two_row_car,36A16847,36A16847,8,8,1.0,True,2,True,0.0,7486.508,3349632
one_row/6_3269_1_36C9422_72_225_555_328.jpg,one_row,36C9422,6C09422,7,4,0.5714285714285714,False,1,True,1.86,834.76,2930928
one_row/7_2322_1_29N5425_125_214_509_296.jpg,one_row,29N5425,29N5425,7,7,1.0,True,1,True,1.093,1457.293,2930928
one_row/1_3406_1_36A39025_147_215_520_310.jpg,one_row,36A39025,36A39025,8,8,1.0,True,1,True,0.0,1304.817,3349632
one_row/7_2854_1_36A20800_129_236_493_292.jpg,one_row,36A20800,36A20800,8,8,1.0,True,1,True,0.0,486.666,3349632
one_row/4_2316_1_36A40652_71_225_533_331.jpg,one_row,36A40652,36A40652,8,8,1.0,True,1,True,0.0,938.343,3349632
two_rows_label_xe_may/9_3611_0_29h157231_342_67_475_172.jpg,two_row_motorcycle,29H157231,29H157231,9,9,1.0,True,2,True,0.0,259.521,3768336
two_rows_label_xe_may/6_1245_0_19P108333_319_136_451_261.jpg,two_row_motorcycle,19P108333,19P108333,9,9,1.0,True,2,False,0.0,4074.644,3768336
two_rows_label_xe_may/2_544_0_29e112286_445_136_562_241.jpg,two_row_motorcycle,29E112286,29E112286,9,9,1.0,True,2,False,0.0,2537.092,3768336
two_rows/7_1934_0_36C29706_211_345_256_395.jpg,two_row_car,36C29706,36C29706,8,8,1.0,True,2,False,0.0,6488.317,3349632
one_row/7_3976_1_36C01008_143_253_508_314.jpg,one_row,36C01008,36C01008,8,8,1.0,True,1,True,0.0,1090.421,3349632
one_row/7_2744_1_36A14341_125_238_523_313.jpg,one_row,36A14341,36A14341,8,8,1.0,True,1,True,0.0,859.266,3349632
one_row/6_3452_1_36C19739_88_195_544_281.jpg,one_row,36C19739,36C19739,8,8,1.0,True,1,False,0.0,1412.819,3349632
two_rows/3_1897_0_36A15858_172_156_469_307.jpg,two_row_car,36A15858,36A15858,8,8,1.0,True,2,False,0.0,393.939,3349632
one_row/7_3445_1_36A42836_112_250_500_323.jpg,one_row,36A42836,36A42836,8,8,1.0,True,1,True,0.0,570.66,3349632
one_row/8_1658_1_36B01888_112_169_542_227.jpg,one_row,36B01888,36B01888,8,8,1.0,True,1,True,0.0,1309.965,3349632
one_row/4_2696_1_36C02434_125_225_531_304.jpg,one_row,36C02434,36C02434,8,8,1.0,True,1,True,0.0,1668.857,3349632
two_rows/8_760_0_36C24623_185_400_221_439.jpg,two_row_car,36C24623,36C24623,8,8,1.0,True,2,False,0.0,5162.604,3349632
one_row/3_2941_1_36C14933_107_212_553_298.jpg,one_row,36C14933,36C14933,8,8,1.0,True,1,True,0.0,716.457,3349632
one_row/1_2643_1_36A20005_30_225_564_303.jpg,one_row,36A20005,36A20005,8,8,1.0,True,1,False,0.0,1486.243,3349632
two_rows/7_489_0_36A19125_129_235_196_296.jpg,two_row_car,36A19125,36A19125,8,8,1.0,True,2,False,0.0,2359.978,3349632
one_row/8_1993_1_36C22610_35_225_546_301.jpg,one_row,36C22610,36C22610,8,8,1.0,True,1,True,0.0,923.121,3349632
one_row/7_3266_1_36A42540_138_258_544_313.jpg,one_row,36A42540,36A42540,8,8,1.0,True,1,True,0.0,640.416,3349632
two_rows/8_609_0_36B02884_111_289_152_331.jpg,two_row_car,36B02884,36B02884,8,8,1.0,True,2,False,0.0,12196.05,3349632
two_rows_label_xe_may/6_1164_0_29T39217_461_7_598_132.jpg,two_row_motorcycle,29T39217,29T39217,8,8,1.0,True,2,False,0.0,4548.242,3349632
two_rows/9_51_0_30A43039_467_314_518_377.jpg,two_row_car,30A43039,30A43039,8,8,1.0,True,2,False,0.0,2132.455,3349632
two_rows/3_1152_0_36C22122_163_280_229_339.jpg,two_row_car,36C22122,36C22122,8,8,1.0,True,2,True,0.0,2269.982,3349632
one_row/8_1692_1_36B03484_127_262_480_340.jpg,one_row,36B03484,36B03484,8,8,1.0,True,1,True,2.404,1004.792,3349632
one_row/6_1676_1_18C06614_113_253_548_323.jpg,one_row,18C06614,18C06614,8,8,1.0,True,1,False,0.0,1566.165,3349632
one_row/7_3980_1_36C01274_172_245_487_316.jpg,one_row,36C01274,36C01274,8,8,1.0,True,1,True,0.0,286.698,3349632
two_rows/8_224_0_36A10584_421_204_476_270.jpg,two_row_car,36A10584,36A10584,8,8,1.0,True,2,True,0.0,7172.73,3349632
two_rows/1_864_0_36A38206_84_218_154_296.jpg,two_row_car,36A38206,36A38206,8,8,1.0,True,2,True,5.356,2462.016,3349632
one_row/6_2661_1_36A41900_126_157_516_227.jpg,one_row,36A41900,36A41900,8,8,1.0,True,1,True,0.0,471.976,3349632
two_rows/7_101_0_29Y4862_491_218_550_295.jpg,two_row_car,29Y4862,29Y4862,7,7,1.0,True,2,True,0.0,3566.315,2930928
one_row/9_2231_1_36C29990_227_254_455_315.jpg,one_row,36C29990,36C29990,8,8,1.0,True,1,True,0.0,1468.306,3349632
two_rows/6_1600_0_36R00474_158_227_204_273.jpg,two_row_car,36R00474,36P00474,8,7,0.875,False,2,False,0.0,4897.172,3349632
one_row/6_3069_1_36B03486_164_205_494_268.jpg,one_row,36B03486,36B03486,8,8,1.0,True,1,False,0.0,2453.466,3349632
two_rows/8_101_0_30E47860_135_212_192_267.jpg,two_row_car,30E47860,30E47860,8,8,1.0,True,2,False,0.0,2264.85,3349632
one_row/8_1582_1_36A43742_97_239_522_310.jpg,one_row,36A43742,36A43742,8,8,1.0,True,1,True,0.0,264.079,3349632
one_row/1_2722_1_36A21277_36_178_577_258.jpg,one_row,36A21277,36A21277,8,8,1.0,True,1,True,0.0,273.304,3349632
two_rows_label_xe_may/7_2440_0_29g172111_180_187_326_301.jpg,two_row_motorcycle,29G172111,72G911411,9,3,0.3333333333333333,False,1,True,0.0,7530.308,3768336
one_row/1_3993_1_36C23499_145_273_529_336.jpg,one_row,36C23499,36C23499,8,8,1.0,True,1,True,0.0,1203.97,3349632
one_row/5_3379_1_36C07746_130_197_582_262.jpg,one_row,36C07746,36C07746,8,8,1.0,True,1,True,0.0,282.824,3349632
one_row/1_2750_1_36A23419_91_294_484_354.jpg,one_row,36A23419,36A23419,8,8,1.0,True,1,True,0.33,1796.042,3349632
one_row/1_4133_1_36C27745_135_243_494_316.jpg,one_row,36C27745,36C27745,8,8,1.0,True,1,False,0.0,2027.875,3349632
one_row/1_520_1_36A20593_113_227_248_284.jpg,one_row,36A20593,36A20593,8,8,1.0,True,1,True,0.0,2571.409,3349632
two_rows_label_xe_may/2_222_0_29T145116_371_112_501_236.jpg,two_row_motorcycle,29T145116,29T145116,9,9,1.0,True,2,False,0.0,4364.641,3768336
two_rows/3_459_0_36A21621_419_214_489_288.jpg,two_row_car,36A21621,36A21621,8,8,1.0,True,2,False,0.0,3651.308,3349632
one_row/2_798_1_36A11984_129_165_552_233.jpg,one_row,36A11984,36A11984,8,8,1.0,True,1,True,0.0,1756.765,3349632
two_rows/4_735_0_36A40785_310_261_380_324.jpg,two_row_car,36A40785,36A40785,8,8,1.0,True,2,False,0.0,5021.336,3349632
one_row/6_553_1_36A23386_441_198_554_267.jpg,one_row,36A23386,36A73386,8,7,0.875,False,1,True,0.0,1355.106,3349632
one_row/8_1207_1_36A06507_100_261_558_328.jpg,one_row,36A06507,36A06507,8,8,1.0,True,1,True,0.0,1218.958,3349632
two_rows_label_xe_may/9_3430_0_29h171882_359_158_487_257.jpg,two_row_motorcycle,29H171882,29H171882,9,9,1.0,True,2,True,0.0,2294.082,3768336
two_rows_label_xe_may/4_1360_0_36l60258_382_53_528_157.jpg,two_row_motorcycle,36L60258,00025226,8,1,0.125,False,1,True,0.0,5583.499,3349632
one_row/2_1492_1_36C27499_156_241_504_307.jpg,one_row,36C27499,36C27499,8,8,1.0,True,1,False,0.0,1515.878,3349632
two_rows/4_634_0_36A40469_91_237_144_301.jpg,two_row_car,36A40469,36A40469,8,8,1.0,True,2,True,0.0,9139.935,3349632
two_rows/2_45_0_30A46116_110_242_156_305.jpg,two_row_car,30A46116,30A46116,8,8,1.0,True,2,True,0.0,5617.947,3349632
one_row/1_2300_1_36A01809_57_225_496_303.jpg,one_row,36A01809,36A01809,8,8,1.0,True,1,True,0.0,300.978,3349632
two_rows_label_xe_may/6_1994_0_29p132211_432_116_554_216.jpg,two_row_motorcycle,29P132211,29P132211,9,9,1.0,True,2,True,0.0,3327.16,3768336
one_row/8_1824_1_36C08562_33_248_586_332.jpg,one_row,36C08562,36C08562,8,8,1.0,True,1,True,0.0,828.029,3349632
one_row/4_1811_1_36A16955_44_160_561_268.jpg,one_row,36A16955,36A16955,8,8,1.0,True,1,True,0.0,861.501,3349632
one_row/7_4859_1_36N3301_175_212_496_288.jpg,one_row,36N3301,36N3601,7,6,0.8571428571428571,False,1,False,0.0,582.785,2930928
two_rows_label_xe_may/6_2321_0_29t172640_256_39_393_138.jpg,two_row_motorcycle,29T172640,292172640,9,8,0.8888888888888888,False,2,True,0.0,5341.861,3768336
one_row/8_1146_1_35C06527_33_257_576_359.jpg,one_row,35C06527,35C06527,8,8,1.0,True,1,True,0.361,548.824,3349632
one_row/7_4708_1_36L7353_118_225_481_303.jpg,one_row,36L7353,36L7353,7,7,1.0,True,1,True,0.0,730.198,2930928
two_rows_label_xe_may/6_1942_0_34d124150_496_207_624_318.jpg,two_row_motorcycle,34D124150,340124150,9,8,0.8888888888888888,False,2,False,0.0,4501.788,3768336
two_rows/6_825_0_36A41800_427_217_483_276.jpg,two_row_car,36A41800,36A41800,8,8,1.0,True,2,False,0.0,4300.246,3349632
one_row/6_2513_1_36A41327_125_245_559_308.jpg,one_row,36A41327,36A41327,8,8,1.0,True,1,False,0.0,2547.052,3349632
two_rows/1_189_0_30V2356_484_236_555_317.jpg,two_row_car,30V2356,3042356,7,6,0.8571428571428571,False,2,False,0.0,6080.522,2930928
one_row/2_850_1_36A14693_77_195_538_263.jpg,one_row,36A14693,36A14693,8,8,1.0,True,1,True,0.0,372.679,3349632
two_rows/7_1601_0_36B03161_249_360_288_393.jpg,two_row_car,36B03161,36B03161,8,8,1.0,True,2,False,0.0,5785.914,3349632
two_rows/2_162_0_36A12626_496_216_557_287.jpg,two_row_car,36A12626,36A12626,8,8,1.0,True,2,False,0.0,5210.649,3349632
one_row/6_2419_1_36A24423_140_206_529_269.jpg,one_row,36A24423,36A24423,8,8,1.0,True,1,False,0.0,625.948,3349632
one_row/5_3356_1_36C07235_50_212_575_301.jpg,one_row,36C07235,36C07235,8,8,1.0,True,1,False,0.0,222.485,3349632
one_row/9_1218_1_36A05321_116_233_508_309.jpg,one_row,36A05321,36A05321,8,8,1.0,True,1,False,0.0,1119.871,3349632
one_row/1_2334_1_36A04445_212_238_462_318.jpg,one_row,36A04445,36A04445,8,8,1.0,True,1,True,7.888,355.0,3349632
one_row/4_1019_1_36C09886_109_306_176_345.jpg,one_row,36C09886,36C09886,8,8,1.0,True,1,True,0.0,7793.296,3349632
one_row/4_2032_1_36A31648_79_169_601_273.jpg,one_row,36A31648,36A31648,8,8,1.0,True,1,False,0.0,590.448,3349632
one_row/4_2514_1_36B01259_145_209_546_288.jpg,one_row,36B01259,36B01259,8,8,1.0,True,1,False,0.0,417.987,3349632
one_row/4_1006_1_36C07578_146_351_209_385.jpg,one_row,36C07578,36C07978,8,7,0.875,False,1,True,0.0,7088.591,3349632
two_rows_label_xe_may/2_268_0_29P115714_221_55_361_171.jpg,two_row_motorcycle,29P115714,29P115714,9,9,1.0,True,2,False,0.0,4372.879,3768336
one_row/7_3619_1_36A43170_71_253_484_326.jpg,one_row,36A43170,36A43170,8,8,1.0,True,1,True,0.873,459.443,3349632
one_row/8_2223_1_36M6940_161_289_451_356.jpg,one_row,36M6940,36M6940,7,7,1.0,True,1,True,0.0,769.074,2930928
one_row/7_3318_1_36A42621_118_233_461_297.jpg,one_row,36A42621,36A42621,8,8,1.0,True,1,True,0.191,283.785,3349632
one_row/7_2448_1_36A00062_125_225_530_299.jpg,one_row,36A00062,36A00062,8,8,1.0,True,1,False,0.0,1037.053,3349632
one_row/2_600_1_29A28058_80_232_518_284.jpg,one_row,29A28058,29A28058,8,8,1.0,True,1,False,0.0,528.75,3349632
one_row/7_4117_1_36C06909_158_225_476_288.jpg,one_row,36C06909,36C06909,8,8,1.0,True,1,True,0.0,1282.796,3349632
one_row/1_3694_1_36C03515_66_234_553_315.jpg,one_row,36C03515,36C03575,8,7,0.875,False,1,True,0.0,737.59,3349632
one_row/4_1760_1_36A13754_130_225_496_306.jpg,one_row,36A13754,36A13754,8,8,1.0,True,1,True,0.347,1828.011,3349632
one_row/5_1963_1_30A07463_133_203_546_276.jpg,one_row,30A07463,30A07463,8,8,1.0,True,1,True,0.0,1181.564,3349632
one_row/2_1328_1_36C12581_42_196_569_291.jpg,one_row,36C12581,36C12581,8,8,1.0,True,1,True,0.0,694.412,3349632
one_row/9_1802_1_36B01521_137_237_496_288.jpg,one_row,36B01521,36B01521,8,8,1.0,True,1,True,0.0,499.164,3349632
two_rows_label_xe_may/7_1324_0_29B130418_506_20_627_145.jpg,two_row_motorcycle,29B130418,29B130X1B,9,7,0.7777777777777778,False,2,False,0.0,6371.044,3768336
two_rows_label_xe_may/8_1677_0_29Y719765_3_36_118_142.jpg,two_row_motorcycle,29Y719765,296719765,9,8,0.8888888888888888,False,2,False,0.0,3832.505,3768336
one_row/9_2166_1_36C29457_124_298_496_361.jpg,one_row,36C29457,36C29457,8,8,1.0,True,1,True,0.0,1171.49,3349632
one_row/1_3292_1_36A38765_124_226_530_288.jpg,one_row,36A38765,36A38765,8,8,1.0,True,1,True,0.0,1657.924,3349632
two_rows/8_426_0_36A39007_474_243_530_305.jpg,two_row_car,36A39007,36A39007,8,8,1.0,True,2,False,0.0,7617.374,3349632
two_rows/9_333_0_36A43543_463_222_511_285.jpg,two_row_car,36A43543,36A43543,8,8,1.0,True,2,True,3.576,2387.572,3349632
two_rows/8_505_0_36A43647_134_249_187_305.jpg,two_row_car,36A43647,36A43647,8,8,1.0,True,2,False,0.0,1977.043,3349632
two_rows/8_23_0_29A84682_163_237_215_294.jpg,two_row_car,29A84682,29A84682,8,8,1.0,True,2,False,0.0,2237.935,3349632
two_rows/4_2031_0_36A31371_163_144_463_327.jpg,two_row_car,36A31371,36A31371,8,8,1.0,True,2,True,0.0,263.753,3349632
one_row/5_2346_1_36A19841_153_201_515_276.jpg,one_row,36A19841,36A19841,8,8,1.0,True,1,True,0.0,1878.235,3349632
two_rows/6_976_0_36A42188_451_292_513_372.jpg,two_row_car,36A42188,43261A88,8,2,0.25,False,1,True,0.0,3473.457,3349632
one_row/4_1394_1_29C17757_112_204_498_267.jpg,one_row,29C17757,29C17757,8,8,1.0,True,1,True,0.0,1538.413,3349632
one_row/1_3437_1_36A39109_97_204_513_266.jpg,one_row,36A39109,36A39109,8,8,1.0,True,1,True,0.0,1891.994,3349632
one_row/3_2641_1_36B03062_108_191_563_266.jpg,one_row,36B03062,36B03062,8,8,1.0,True,1,False,0.0,681.513,3349632
one_row/4_2548_1_36B01893_93_210_496_288.jpg,one_row,36B01893,36B01893,8,8,1.0,True,1,True,0.0,1554.81,3349632
one_row/9_1884_1_36C01270_126_199_475_262.jpg,one_row,36C01270,36C01270,8,8,1.0,True,1,True,0.263,1584.722,3349632
two_rows/1_355_0_36A09215_161_236_227_309.jpg,two_row_car,36A09215,36A09215,8,8,1.0,True,2,False,0.0,3651.406,3349632
two_rows/5_1374_0_36C16649_274_324_320_377.jpg,two_row_car,36C16649,36C16649,8,8,1.0,True,2,False,0.0,1599.006,3349632
one_row/2_1552_1_36L6645_153_236_549_298.jpg,one_row,36L6645,30L6645,7,6,0.8571428571428571,False,1,True,0.0,856.657,2930928
one_row/6_1906_1_30S6056_125_206_534_280.jpg,one_row,30S6056,30S6056,7,7,1.0,True,1,True,0.0,871.818,2930928
two_rows/4_1270_0_36R00010_183_251_223_287.jpg,two_row_car,36R00010,36R00010,8,8,1.0,True,2,False,0.0,11773.456,3349632
two_rows/1_4029_0_36C26673_85_161_553_363.jpg,two_row_car,36C26673,36C26673,8,8,1.0,True,2,True,0.0,219.747,3349632
two_rows_label_xe_may/9_3712_0_30k81808_431_151_543_252.jpg,two_row_motorcycle,30K81808,60K81808,8,7,0.875,False,2,False,0.0,1976.776,3349632
two_rows/1_1441_0_36C04074_220_386_269_438.jpg,two_row_car,36C04074,36C04074,8,8,1.0,True,2,False,0.0,4569.802,3349632
one_row/9_2089_1_36C20479_73_191_549_276.jpg,one_row,36C20479,36C20479,8,8,1.0,True,1,True,0.0,1663.282,3349632
two_rows_label_xe_may/8_1634_0_29T135746_447_13_567_142.jpg,two_row_motorcycle,29T135746,29T135746,9,9,1.0,True,2,False,0.0,5205.021,3768336
two_rows_label_xe_may/2_835_0_30k99361_330_145_471_265.jpg,two_row_motorcycle,30K99361,10112911,8,2,0.25,False,1,False,0.0,5481.139,3349632
one_row/4_2866_1_36C10782_132_225_496_309.jpg,one_row,36C10782,36C10782,8,8,1.0,True,1,True,0.579,1367.989,3349632
two_rows_label_xe_may/2_858_0_29m144390_209_42_358_158.jpg,two_row_motorcycle,29M144390,291144390,9,8,0.8888888888888888,False,2,True,0.0,5954.982,3768336
two_rows/1_4291_0_36N1179_231_240_425_322.jpg,two_row_car,36N1179,36N1179,7,7,1.0,True,2,True,0.0,505.66,2930928
one_row/7_2656_1_36A09786_91_232_511_314.jpg,one_row,36A09786,36A09786,8,8,1.0,True,1,False,0.0,314.526,3349632
one_row/1_3491_1_36B00108_169_241_511_285.jpg,one_row,36B00108,36B00108,8,8,1.0,True,1,True,0.0,1769.039,3349632
two_rows/5_1676_0_36N1104_161_367_203_406.jpg,two_row_car,36N1104,6M41104,7,4,0.5714285714285714,False,2,False,0.0,5761.639,2930928
one_row/7_4657_1_36C29719_149_201_541_284.jpg,one_row,36C29719,36C29719,8,8,1.0,True,1,True,0.31,1550.459,3349632
one_row/5_2395_1_36A22544_128_179_539_242.jpg,one_row,36A22544,36A22544,8,8,1.0,True,1,True,0.0,1452.348,3349632
two_rows_label_xe_may/4_808_0_29Y739930_383_26_522_157.jpg,two_row_motorcycle,29Y739930,29Y739930,9,9,1.0,True,2,False,0.0,6209.929,3768336
one_row/7_3618_1_36A43169_128_242_496_313.jpg,one_row,36A43169,36A43169,8,8,1.0,True,1,True,1.36,684.34,3349632
one_row/2_1621_1_36N2220_123_224_511_298.jpg,one_row,36N2220,B6N2228,7,5,0.7142857142857143,False,1,True,0.0,1478.696,2930928
two_rows/5_1229_0_36C01553_413_228_476_296.jpg,two_row_car,36C01553,36A01553,8,7,0.875,False,2,False,0.0,5744.382,3349632
one_row/3_1524_1_29D05160_100_202_591_281.jpg,one_row,29D05160,29D05160,8,8,1.0,True,1,True,0.0,979.611,3349632
two_rows/7_18_0_18B01303_214_301_253_338.jpg,two_row_car,18B01303,18B01303,8,8,1.0,True,2,False,0.0,4220.116,3349632
two_rows/4_1260_0_36N2995_151_246_206_307.jpg,two_row_car,36N2995,36N2995,7,7,1.0,True,2,False,0.0,7183.097,2930928
one_row/9_1717_1_36A44291_170_260_469_319.jpg,one_row,36A44291,36A44291,8,8,1.0,True,1,True,1.034,2153.094,3349632
two_rows_label_xe_may/6_1262_0_29L51259_430_12_567_146.jpg,two_row_motorcycle,29L51259,29LA1259,8,7,0.875,False,2,False,0.0,6006.77,3349632
one_row/7_3184_1_36A42294_125_208_532_309.jpg,one_row,36A42294,36A42294,8,8,1.0,True,1,False,0.0,1176.77,3349632
one_row/6_3399_1_36C17087_111_185_509_263.jpg,one_row,36C17087,36C17087,8,8,1.0,True,1,True,0.155,1672.191,3349632
one_row/4_1482_1_30E46673_73_211_584_301.jpg,one_row,30E46673,30E46673,8,8,1.0,True,1,True,0.0,1011.313,3349632
two_rows/5_355_0_36A10848_439_202_501_270.jpg,two_row_car,36A10848,36A10848,8,8,1.0,True,2,False,0.0,4167.833,3349632
two_rows/1_4380_0_36R01886_165_206_492_445.jpg,two_row_car,36R01886,36R01886,8,8,1.0,True,2,True,0.0,1991.575,3349632
two_rows/7_244_0_36A05420_100_300_167_384.jpg,two_row_car,36A05420,053462A0,8,1,0.125,False,1,True,0.0,3342.757,3349632
two_rows_label_xe_may/8_3227_0_29m135815_156_27_251_118.jpg,two_row_motorcycle,29M135815,252122127,9,2,0.2222222222222222,False,1,False,0.0,13430.537,3768336
two_rows/5_8_0_15C20502_174_380_208_420.jpg,two_row_car,15C20502,15C20502,8,8,1.0,True,2,False,0.0,11753.2,3349632
two_rows_label_xe_may/6_1183_0_22B116690_403_149_558_295.jpg,two_row_motorcycle,22B116690,22B116690,9,9,1.0,True,2,False,0.0,3785.485,3768336
one_row/2_1058_1_36A39443_101_202_533_254.jpg,one_row,36A39443,36A39443,8,8,1.0,True,1,False,0.0,1611.499,3349632
one_row/6_2085_1_36A08048_117_200_480_263.jpg,one_row,36A08048,36A08048,8,8,1.0,True,1,False,0.0,2254.982,3349632
one_row/5_3237_1_36C02897_61_209_581_291.jpg,one_row,36C02897,36602897,8,7,0.875,False,1,True,0.0,207.594,3349632
one_row/1_3867_1_36C14205_203_272_510_351.jpg,one_row,36C14205,36C14205,8,8,1.0,True,1,True,0.0,312.751,3349632
one_row/5_2311_1_36A16648_81_175_516_251.jpg,one_row,36A16648,36A16648,8,8,1.0,True,1,False,0.0,1080.762,3349632
one_row/6_3778_1_36LD0087_84_225_543_288.jpg,one_row,36LD0087,36LD0087,8,8,1.0,True,1,False,0.0,1359.176,3349632
one_row/6_1711_1_29A13931_129_202_490_265.jpg,one_row,29A13931,29A13931,8,8,1.0,True,1,False,0.0,989.428,3349632
two_rows/4_29_0_29A76381_101_227_153_289.jpg,two_row_car,29A76381,9A176381,8,5,0.625,False,2,False,0.0,4614.321,3349632
one_row/5_3665_1_36C21427_71_172_518_253.jpg,one_row,36C21427,36C21427,8,8,1.0,True,1,True,0.674,835.648,3349632
one_row/8_165_1_36A02888_422_232_505_269.jpg,one_row,36A02888,36A02888,8,8,1.0,True,1,True,2.726,3020.77,3349632
one_row/8_1481_1_36A43079_84_263_506_345.jpg,one_row,36A43079,36A43079,8,8,1.0,True,1,False,0.0,905.662,3349632
one_row/5_3244_1_36C03409_58_219_571_304.jpg,one_row,36C03409,36C03409,8,8,1.0,True,1,False,0.0,541.527,3349632
two_rows/8_261_0_36A14540_430_215_491_279.jpg,two_row_car,36A14540,36A14540,8,8,1.0,True,2,False,0.0,2889.87,3349632
one_row/7_3158_1_36A42115_195_210_487_265.jpg,one_row,36A42115,36A42115,8,8,1.0,True,1,True,0.0,543.751,3349632
one_row/2_1119_1_36B01583_73_210_549_288.jpg,one_row,36B01583,36B01583,8,8,1.0,True,1,True,0.309,1180.526,3349632
one_row/3_1901_1_36A16318_116_221_556_287.jpg,one_row,36A16318,36A16318,8,8,1.0,True,1,True,0.0,912.676,3349632
one_row/7_4756_1_36M2390_164_235_486_301.jpg,one_row,36M2390,36M2390,7,7,1.0,True,1,True,0.0,855.616,2930928
one_row/1_2996_1_36A38059_153_248_511_311.jpg,one_row,36A38059,36A36059,8,7,0.875,False,1,True,0.0,443.409,3349632
one_row/6_3255_1_36C07896_9_199_609_304.jpg,one_row,36C07896,36C07896,8,8,1.0,True,1,True,0.0,403.605,3349632
two_rows/1_4088_0_36C27492_274_242_434_325.jpg,two_row_car,36C27492,36C27492,8,8,1.0,True,2,False,0.0,1264.488,3349632
one_row/3_2245_1_36A39589_116_209_577_269.jpg,one_row,36A39589,36A39589,8,8,1.0,True,1,True,0.0,1831.873,3349632
two_rows_label_xe_may/8_2875_0_30z60217_312_61_461_171.jpg,two_row_motorcycle,30Z60217,02077220,8,1,0.125,False,1,True,0.0,4953.874,3349632
one_row/3_2074_1_36A27845_143_235_525_299.jpg,one_row,36A27845,36A27845,8,8,1.0,True,1,True,0.0,3367.194,3349632
one_row/7_4771_1_36M3863_170_230_532_290.jpg,one_row,36M3863,36M3863,7,7,1.0,True,1,True,0.0,280.609,2930928
one_row/9_1492_1_36A43704_117_222_530_295.jpg,one_row,36A43704,36A43704,8,8,1.0,True,1,True,1.455,472.702,3349632
one_row/1_2502_1_36A12523_90_194_565_251.jpg,one_row,36A12523,36A12523,8,8,1.0,True,1,False,0.0,1633.796,3349632
one_row/8_2014_1_36C24003_156_245_500_320.jpg,one_row,36C24003,36C24003,8,8,1.0,True,1,True,1.909,887.618,3349632
one_row/6_3243_1_36C07551_104_180_538_251.jpg,one_row,36C07551,36C07551,8,8,1.0,True,1,True,0.0,806.584,3349632
one_row/2_1116_1_36B01535_56_184_560_282.jpg,one_row,36B01535,36B01535,8,8,1.0,True,1,True,0.0,652.683,3349632
one_row/4_1987_1_36A25851_130_205_540_288.jpg,one_row,36A25851,36A25851,8,8,1.0,True,1,True,0.0,1138.878,3349632
one_row/4_2243_1_36A40476_64_187_570_288.jpg,one_row,36A40476,36A40476,8,8,1.0,True,1,True,0.0,1164.54,3349632
one_row/5_2858_1_36A41354_131_225_496_295.jpg,one_row,36A41354,36A41354,8,8,1.0,True,1,True,0.0,391.189,3349632
one_row/5_2267_1_36A13931_144_194_495_261.jpg,one_row,36A13931,36A13931,8,8,1.0,True,1,False,0.0,303.492,3349632
one_row/1_2278_1_36A00469_148_279_472_362.jpg,one_row,36A00469,36A00469,8,8,1.0,True,1,True,0.0,536.428,3349632
one_row/1_3155_1_36A38443_87_228_585_306.jpg,one_row,36A38443,36A38443,8,8,1.0,True,1,False,0.0,1299.816,3349632
two_rows/1_2101_0_29C66759_181_288_357_378.jpg,two_row_car,29C66759,29C66759,8,8,1.0,True,2,True,0.0,2528.34,3349632
two_rows/4_1285_0_38H8841_111_308_144_348.jpg,two_row_car,38H8841,38H8841,7,7,1.0,True,2,False,0.0,3050.762,2930928
one_row/4_2111_1_36A40113_136_187_516_271.jpg,one_row,36A40113,36A40113,8,8,1.0,True,1,True,0.0,1132.248,3349632
one_row/8_1555_1_36A43645_76_238_506_313.jpg,one_row,36A43645,36A43645,8,8,1.0,True,1,True,0.409,711.254,3349632
one_row/3_2476_1_36A40142_99_240_550_316.jpg,one_row,36A40142,36A40142,8,8,1.0,True,1,True,0.0,1262.95,3349632
one_row/7_2463_1_36A00405_114_263_512_337.jpg,one_row,36A00405,36A00405,8,8,1.0,True,1,True,0.0,862.301,3349632
one_row/9_663_1_36A44283_71_297_143_357.jpg,one_row,36A44283,36A44283,8,8,1.0,True,1,True,0.0,1376.668,3349632
two_rows/1_1256_0_36A39309_95_315_151_398.jpg,two_row_car,36A39309,393360A9,8,3,0.375,False,1,True,0.0,5477.12,3349632
one_row/5_3304_1_36C04931_65_189_556_272.jpg,one_row,36C04931,36C04931,8,8,1.0,True,1,False,0.0,1011.308,3349632
one_row/8_1595_1_36A43789_118_281_486_348.jpg,one_row,36A43789,36A43789,8,8,1.0,True,1,True,0.0,1693.832,3349632
one_row/7_5017_1_90C04095_189_252_461_321.jpg,one_row,90C04095,90C04090,8,7,0.875,False,1,True,2.347,2023.223,3349632
one_row/5_3143_1_36B03231_99_211_542_285.jpg,one_row,36B03231,36B03231,8,8,1.0,True,1,False,0.0,717.174,3349632
one_row/3_3210_1_36C26067_117_263_497_335.jpg,one_row,36C26067,36C26067,8,8,1.0,True,1,True,0.0,988.214,3349632
two_rows/5_948_0_36A41343_134_235_201_308.jpg,two_row_car,36A41343,36A41343,8,8,1.0,True,2,False,0.0,5533.167,3349632
two_rows_label_xe_may/6_1132_0_34F12310_367_69_525_192.jpg,two_row_motorcycle,34F12310,3F132310,8,5,0.625,False,2,False,0.0,2962.152,3349632
one_row/6_1899_1_30L4254_151_252_541_315.jpg,one_row,30L4254,30L4254,7,7,1.0,True,1,True,0.401,1061.027,2930928
one_row/4_2699_1_36C02830_121_218_526_288.jpg,one_row,36C02830,36C02830,8,8,1.0,True,1,True,0.0,1611.01,3349632
two_rows_label_xe_may/2_670_0_29g162513_466_103_570_195.jpg,two_row_motorcycle,29G162513,29G162513,9,9,1.0,True,2,True,0.0,3648.302,3768336
two_rows/7_908_0_36A42594_78_210_131_282.jpg,two_row_car,36A42594,36A42594,8,8,1.0,True,2,True,0.0,3933.84,3349632
one_row/5_1819_1_21H5540_80_183_575_295.jpg,one_row,21H5540,21H5540,7,7,1.0,True,1,False,0.0,369.876,2930928
one_row/1_2478_1_36A11681_157_190_521_274.jpg,one_row,36A11681,36A11681,8,8,1.0,True,1,True,0.0,162.372,3349632
one_row/4_2141_1_36A40260_114_251_531_330.jpg,one_row,36A40260,36A40260,8,8,1.0,True,1,True,0.0,811.407,3349632
two_rows/7_99_0_29Y0538_113_219_153_272.jpg,two_row_car,29Y0538,2910538,7,6,0.8571428571428571,False,2,False,0.0,7354.87,2930928
one_row/2_1236_1_36C06333_105_197_568_284.jpg,one_row,36C06333,36C06333,8,8,1.0,True,1,True,0.0,2000.532,3349632
one_row/4_1413_1_29D09622_81_192_589_288.jpg,one_row,29D09622,29D09622,8,8,1.0,True,1,True,0.0,823.337,3349632
one_row/7_3050_1_36A29391_61_185_518_255.jpg,one_row,36A29391,36A29391,8,8,1.0,True,1,True,0.0,969.284,3349632
two_rows_label_xe_may/9_3490_0_29d172248_431_150_540_246.jpg,two_row_motorcycle,29D172248,290172248,9,8,0.8888888888888888,False,2,False,0.0,1650.234,3768336
two_rows/5_1064_0_36A41700_469_204_539_281.jpg,two_row_car,36A41700,36A41700,8,8,1.0,True,2,False,0.0,2873.505,3349632
one_row/1_3820_1_36C09905_138_256_416_327.jpg,one_row,36C09905,36C09905,8,8,1.0,True,1,False,0.0,1019.788,3349632
one_row/3_1983_1_36A21709_138_213_532_284.jpg,one_row,36A21709,36A21709,8,8,1.0,True,1,True,0.0,808.394,3349632
one_row/3_2249_1_36A39596_114_231_554_302.jpg,one_row,36A39596,36A39596,8,8,1.0,True,1,True,0.0,980.625,3349632
one_row/1_3922_1_36C17204_148_233_487_317.jpg,one_row,36C17204,36C17204,8,8,1.0,True,1,True,0.0,235.631,3349632
one_row/7_1747_1_36C17539_156_294_243_337.jpg,one_row,36C17539,36C17539,8,8,1.0,True,1,True,0.0,4316.463,3349632
two_rows_label_xe_may/5_890_0_90H58676_61_6_209_125.jpg,two_row_motorcycle,90H58676,26B59676,8,4,0.5,False,2,True,0.0,1846.784,3349632
two_rows_label_xe_may/4_1302_0_29x536792_467_116_591_228.jpg,two_row_motorcycle,29X536792,29X536792,9,9,1.0,True,2,False,0.0,2458.615,3768336
one_row/1_3435_1_36A39103_48_186_550_264.jpg,one_row,36A39103,36A39103,8,8,1.0,True,1,True,0.0,1794.622,3349632
two_rows/6_637_0_36A24197_437_209_501_281.jpg,two_row_car,36A24197,36A24197,8,8,1.0,True,2,False,0.0,4305.92,3349632
one_row/9_1355_1_36A25187_71_181_543_286.jpg,one_row,36A25187,36A25187,8,8,1.0,True,1,False,0.0,261.724,3349632
two_rows_label_xe_may/8_3052_0_99d107217_317_181_440_287.jpg,two_row_motorcycle,99D107217,079211027,9,1,0.1111111111111111,False,1,False,0.0,3551.73,3768336
one_row/6_1938_1_36A00066_132_186_513_249.jpg,one_row,36A00066,36A00066,8,8,1.0,True,1,True,0.0,1038.163,3349632
two_rows/3_1176_0_36C27347_201_370_241_412.jpg,two_row_car,36C27347,36C77347,8,7,0.875,False,2,False,0.0,2566.328,3349632
one_row/8_1699_1_36C00229_9_214_594_301.jpg,one_row,36C00229,36C00229,8,8,1.0,True,1,True,0.0,247.146,3349632
two_rows/4_224_0_36A07903_88_211_143_272.jpg,two_row_car,36A07903,36A07903,8,8,1.0,True,2,False,0.0,5233.672,3349632
two_rows/3_3216_0_36C27070_180_160_470_315.jpg,two_row_car,36C27070,36C27070,8,8,1.0,True,2,False,0.0,1151.033,3349632
one_row/9_1816_1_36B01957_140_173_522_243.jpg,one_row,36B01957,36B01957,8,8,1.0,True,1,False,0.0,1589.986,3349632
one_row/3_2292_1_36A39717_95_119_537_208.jpg,one_row,36A39717,36A39717,8,8,1.0,True,1,True,0.0,1090.882,3349632
one_row/6_1837_1_30A00375_84_194_542_278.jpg,one_row,30A00375,30A0037C,8,7,0.875,False,1,True,0.0,1893.151,3349632
two_rows/3_3720_0_89R00673_212_180_458_325.jpg,two_row_car,89R00673,89R00673,8,8,1.0,True,2,True,0.0,2828.607,3349632
one_row/1_2669_1_36A20586_197_244_468_350.jpg,one_row,36A20586,36A20686,8,7,0.875,False,1,True,0.0,300.018,3349632
one_row/5_2004_1_30N3723_128_175_506_238.jpg,one_row,30N3723,30N3723,7,7,1.0,True,1,True,0.0,1724.985,2930928
one_row/1_3632_1_36B03219_130_331_520_406.jpg,one_row,36B03219,36B03219,8,8,1.0,True,1,False,0.0,1782.834,3349632
one_row/1_2927_1_36A37868_111_227_497_303.jpg,one_row,36A37868,36A37868,8,8,1.0,True,1,False,0.0,456.018,3349632
two_rows_label_xe_may/1_79_0_14t47097_377_138_519_252.jpg,two_row_motorcycle,14T47097,6140T947,8,1,0.125,False,1,True,0.0,1045.152,3349632
one_row/9_1081_1_29A26313_82_248_456_316.jpg,one_row,29A26313,29A26313,8,8,1.0,True,1,True,0.0,375.862,3349632
one_row/7_3367_1_36A42714_145_235_505_304.jpg,one_row,36A42714,36A42714,8,8,1.0,True,1,True,0.0,440.988,3349632
two_rows/2_1528_0_36C27842_179_186_421_328.jpg,two_row_car,36C27842,36C27842,8,8,1.0,True,2,True,0.0,1968.531,3349632
one_row/7_4338_1_36C17728_195_292_486_349.jpg,one_row,36C17728,36C17728,8,8,1.0,True,1,False,0.0,2352.287,3349632
two_rows/1_1749_0_36D01321_421_270_467_322.jpg,two_row_car,36D01321,36001321,8,7,0.875,False,2,False,0.0,5398.136,3349632
one_row/6_2914_1_36B00557_126_258_536_328.jpg,one_row,36B00557,36B00557,8,8,1.0,True,1,True,0.0,1267.052,3349632
two_rows_label_xe_may/8_3187_0_29g158850_129_72_292_217.jpg,two_row_motorcycle,29G158850,29G122901,9,4,0.4444444444444444,False,1,False,0.0,7915.26,3768336
one_row/1_4141_1_36C38937_44_167_526_242.jpg,one_row,36C38937,36A38937,8,7,0.875,False,1,False,0.0,2142.936,3349632
two_rows/1_622_0_36A28324_143_235_212_298.jpg,two_row_car,36A28324,36A28324,8,8,1.0,True,2,False,0.0,2905.237,3349632
two_rows_label_xe_may/7_1330_0_35B188067_118_104_289_232.jpg,two_row_motorcycle,35B188067,358188067,9,8,0.8888888888888888,False,2,False,0.0,827.147,3768336
one_row/5_4257_1_51C83834_84_225_519_300.jpg,one_row,51C83834,51C83834,8,8,1.0,True,1,True,0.0,1272.274,3349632
one_row/7_4589_1_36C29281_139_241_548_331.jpg,one_row,36C29281,36C29281,8,8,1.0,True,1,False,0.0,895.522,3349632
one_row/1_2303_1_36A01942_112_177_533_240.jpg,one_row,36A01942,36A01942,8,8,1.0,True,1,True,0.0,246.858,3349632
two_rows/9_886_0_36C18251_328_351_389_412.jpg,two_row_car,36C18251,36C18251,8,8,1.0,True,2,False,0.0,2919.225,3349632
one_row/1_3323_1_36A38833_168_262_496_308.jpg,one_row,36A38833,36A38833,8,8,1.0,True,1,True,0.0,980.957,3349632
two_rows/1_68_0_29B40930_175_340_210_383.jpg,two_row_car,29B40930,29840930,8,7,0.875,False,2,False,0.0,3968.159,3349632
one_row/3_3314_1_36C28132_104_241_501_300.jpg,one_row,36C28132,36C28132,8,8,1.0,True,1,True,0.0,322.491,3349632
one_row/7_1693_1_36C11158_153_302_225_337.jpg,one_row,36C11158,36C11158,8,8,1.0,True,1,True,0.0,2360.709,3349632
one_row/3_2334_1_36A39803_63_192_553_256.jpg,one_row,36A39803,36A39803,8,8,1.0,True,1,False,0.0,3825.87,3349632
two_rows_label_xe_may/1_327_0_51r34133_436_127_544_222.jpg,two_row_motorcycle,51R34133,51R34133,8,8,1.0,True,2,True,0.0,305.89,3349632
one_row/3_1977_1_36A21643_58_225_581_287.jpg,one_row,36A21643,36A21643,8,8,1.0,True,1,False,0.0,275.687,3349632
two_rows/6_270_0_36A03788_392_253_458_313.jpg,two_row_car,36A03788,36403788,8,7,0.875,False,2,False,0.0,4251.309,3349632
one_row/2_1159_1_36C00229_57_188_568_289.jpg,one_row,36C00229,36C00229,8,8,1.0,True,1,True,0.0,500.859,3349632
one_row/7_2943_1_36A24519_101_197_556_269.jpg,one_row,36A24519,36A24519,8,8,1.0,True,1,True,0.0,297.561,3349632
two_rows_label_xe_may/9_3414_0_28s52001_178_50_334_159.jpg,two_row_motorcycle,28S52001,28252001,8,7,0.875,False,2,True,0.0,8743.516,3349632
one_row/2_1172_1_36C01185_106_192_531_273.jpg,one_row,36C01185,36C01185,8,8,1.0,True,1,True,0.0,1004.575,3349632
two_rows/9_43_0_29X4129_454_242_503_291.jpg,two_row_car,29X4129,29X4129,7,7,1.0,True,2,False,0.0,8690.068,2930928
two_rows/6_894_0_36A41953_156_216_231_290.jpg,two_row_car,36A41953,36A41953,8,8,1.0,True,2,False,0.0,1241.746,3349632
two_rows_label_xe_may/9_3384_0_30k99685_247_178_369_296.jpg,two_row_motorcycle,30K99685,90221521,8,1,0.125,False,1,False,0.0,7729.206,3349632
one_row/6_3948_1_36N6579_105_203_558_266.jpg,one_row,36N6579,36N6579,7,7,1.0,True,1,True,0.0,933.498,2930928
one_row/8_1899_1_36C12994_145_204_496_288.jpg,one_row,36C12994,36C12994,8,8,1.0,True,1,True,0.0,1101.277,3349632
two_rows/1_1242_0_36A39214_138_317_215_389.jpg,two_row_car,36A39214,36A39214,8,8,1.0,True,2,False,0.0,1676.778,3349632
two_rows/7_1032_0_36A42766_451_242_503_303.jpg,two_row_car,36A42766,36A42794,8,6,0.75,False,2,False,0.0,5579.4,3349632
one_row/9_1378_1_36A25493_117_303_498_381.jpg,one_row,36A25493,36A25493,8,8,1.0,True,1,True,0.0,1376.209,3349632
one_row/7_1367_1_36A43264_130_288_225_346.jpg,one_row,36A43264,36A43264,8,8,1.0,True,1,True,0.0,2078.477,3349632
two_rows/8_845_0_36HC00449_236_335_285_380.jpg,two_row_car,36HC00449,36HC00449,9,9,1.0,True,2,False,0.0,6383.695,3768336
two_rows_label_xe_may/9_3623_0_29f126087_254_131_379_247.jpg,two_row_motorcycle,29F126087,22G198F71,9,2,0.2222222222222222,False,1,False,0.0,6880.096,3768336
one_row/3_1548_1_29X0867_72_112_531_184.jpg,one_row,29X0867,29X0867,7,7,1.0,True,1,True,0.0,1000.204,2930928
two_rows/6_3352_0_36C14500_137_168_477_333.jpg,two_row_car,36C14500,36C14500,8,8,1.0,True,2,True,0.0,644.085,3349632
one_row/1_4260_1_36M8380_101_213_577_276.jpg,one_row,36M8380,36M8380,7,7,1.0,True,1,True,0.0,1977.728,2930928
one_row/8_2094_1_36C29820_111_219_569_288.jpg,one_row,36C29820,36C29820,8,8,1.0,True,1,True,0.963,915.557,3349632
one_row/7_3338_1_36A42662_106_234_510_301.jpg,one_row,36A42662,36A42662,8,8,1.0,True,1,True,0.0,2334.847,3349632
one_row/7_2941_1_36A24495_43_196_551_309.jpg,one_row,36A24495,36A29149,8,4,0.5,False,1,True,0.0,633.919,3349632
two_rows/2_423_0_36C06333_179_410_221_448.jpg,two_row_car,36C06333,36C06333,8,8,1.0,True,2,False,0.0,9892.58,3349632
one_row/6_3057_1_36B03400_180_204_493_267.jpg,one_row,36B03400,36B03400,8,8,1.0,True,1,True,0.606,1200.703,3349632
one_row/9_1927_1_36C04313_150_316_462_376.jpg,one_row,36C04313,36C04313,8,8,1.0,True,1,True,0.0,1225.213,3349632
two_rows/7_1251_0_36A43087_147_326_214_400.jpg,two_row_car,36A43087,36A43087,8,8,1.0,True,2,False,0.0,1129.081,3349632
one_row/4_2356_1_36A40760_116_247_434_310.jpg,one_row,36A40760,36A40760,8,8,1.0,True,1,True,0.0,1762.651,3349632
two_rows_label_xe_may/4_1307_0_29r10179_301_119_436_237.jpg,two_row_motorcycle,29R10179,0G117691,8,1,0.125,False,1,False,0.0,9859.879,3349632
two_rows/4_561_0_36A40187_501_191_560_257.jpg,two_row_car,36A40187,36A40187,8,8,1.0,True,2,False,0.0,7504.084,3349632
one_row/4_3323_1_36C28744_95_181_560_273.jpg,one_row,36C28744,36C28744,8,8,1.0,True,1,True,0.397,1369.964,3349632
two_rows/9_557_0_36A44100_143_324_214_391.jpg,two_row_car,36A44100,36A44100,8,8,1.0,True,2,False,0.0,2581.537,3349632
one_row/5_2797_1_36A41232_119_160_534_237.jpg,one_row,36A41232,36A41232,8,8,1.0,True,1,False,0.0,1385.931,3349632
one_row/1_2651_1_36A20277_77_264_604_327.jpg,one_row,36A20277,36A20277,8,8,1.0,True,1,False,0.0,812.659,3349632
two_rows/3_326_0_36A13247_390_304_460_370.jpg,two_row_car,36A13247,36A13247,8,8,1.0,True,2,False,0.0,4810.124,3349632
one_row/4_1866_1_36A21017_95_225_554_330.jpg,one_row,36A21017,36A21017,8,8,1.0,True,1,True,0.0,941.806,3349632
one_row/3_2371_1_36A39878_154_193_466_260.jpg,one_row,36A39878,36A39878,8,8,1.0,True,1,True,0.0,393.555,3349632
two_rows/6_1402_0_36C29007_189_340_241_398.jpg,two_row_car,36C29007,66C29007,8,7,0.875,False,2,False,0.0,2679.94,3349632
two_rows/4_772_0_36A40898_65_211_129_284.jpg,two_row_car,36A40898,36A40898,8,8,1.0,True,2,False,0.0,5260.951,3349632
two_rows/7_364_0_36A12023_154_303_211_363.jpg,two_row_car,36A12023,36A12023,8,8,1.0,True,2,False,0.0,3170.426,3349632
one_row/3_2882_1_36C10446_88_238_530_315.jpg,one_row,36C10446,36C10446,8,8,1.0,True,1,True,0.0,212.579,3349632
one_row/8_2237_1_36M9821_120_251_513_344.jpg,one_row,36M9821,36M9821,7,7,1.0,True,1,False,0.0,507.936,2930928
two_rows/5_4234_0_38C06483_215_153_432_256.jpg,two_row_car,38C06483,438C0683,8,2,0.25,False,2,True,0.0,1163.363,3349632
one_row/8_1164_1_36A00961_110_239_531_311.jpg,one_row,36A00961,36A00961,8,8,1.0,True,1,True,1.507,1817.392,3349632
two_rows_label_xe_may/1_274_0_29e235021_97_46_229_161.jpg,two_row_motorcycle,29E235021,222092E21,9,3,0.3333333333333333,False,1,False,0.0,3554.172,3768336
two_rows_label_xe_may/6_1158_0_98E155365_488_17_613_146.jpg,two_row_motorcycle,98E155365,986355366,9,6,0.6666666666666666,False,2,False,0.0,6711.102,3768336
one_row/3_1757_1_36A07366_77_195_591_291.jpg,one_row,36A07366,36A07366,8,8,1.0,True,1,True,0.0,139.844,3349632
two_rows/4_82_0_30E33236_511_233_553_296.jpg,two_row_car,30E33236,30633236,8,7,0.875,False,2,True,0.0,7616.602,3349632
one_row/7_762_1_36A42097_519_267_591_332.jpg,one_row,36A42097,36A42091,8,7,0.875,False,1,False,0.0,2562.407,3349632
one_row/4_1620_1_36A04969_91_225_531_319.jpg,one_row,36A04969,36A04969,8,8,1.0,True,1,True,0.887,1178.941,3349632
two_rows/8_843_0_36HC00432_195_318_239_369.jpg,two_row_car,36HC00432,0306483C2,9,1,0.1111111111111111,False,1,True,0.0,1701.473,3768336
two_rows/1_1382_0_36B02761_163_313_206_359.jpg,two_row_car,36B02761,36B02761,8,8,1.0,True,2,True,0.0,5454.414,3349632
one_row/1_3454_1_36A39165_74_246_557_297.jpg,one_row,36A39165,36A39165,8,8,1.0,True,1,False,0.0,1120.154,3349632
two_rows/5_1228_0_36C01547_266_338_319_386.jpg,two_row_car,36C01547,36C01547,8,8,1.0,True,2,False,0.0,3519.139,3349632
two_rows/6_762_0_36A41543_446_205_508_275.jpg,two_row_car,36A41543,36A41543,8,8,1.0,True,2,False,0.0,6150.19,3349632
one_row/3_2913_1_36C11974_58_234_520_302.jpg,one_row,36C11974,36C11974,8,8,1.0,True,1,True,0.0,1089.779,3349632
two_rows/5_339_0_36A09313_438_212_509_287.jpg,two_row_car,36A09313,36A09313,8,8,1.0,True,2,False,0.0,4728.89,3349632
two_rows/3_1254_0_36C28206_407_276_472_350.jpg,two_row_car,36C28206,36C28206,8,8,1.0,True,2,False,0.0,4342.536,3349632
one_row/2_610_1_29A95231_136_285_529_357.jpg,one_row,29A95231,29A95231,8,8,1.0,True,1,True,2.186,845.07,3349632
one_row/5_2691_1_36A41046_151_225_496_277.jpg,one_row,36A41046,36A41046,8,8,1.0,True,1,True,0.0,2318.747,3349632
one_row/7_2360_1_30A04789_145_214_496_283.jpg,one_row,30A04789,30A04789,8,8,1.0,True,1,True,0.0,839.589,3349632
one_row/6_182_1_30S6056_356_244_468_287.jpg,one_row,30S6056,3096056,7,6,0.8571428571428571,False,1,True,0.0,3360.871,2930928
two_rows_label_xe_may/9_3668_0_29z48068_308_155_447_285.jpg,two_row_motorcycle,29Z48068,12096282,8,0,0.0,False,1,False,0.0,5057.022,3349632
one_row/4_1371_1_29A90305_153_225_496_288.jpg,one_row,29A90305,29A90305,8,8,1.0,True,1,True,0.0,269.656,3349632
two_rows_label_xe_may/6_2270_0_37k161915_164_75_322_197.jpg,two_row_motorcycle,37K161915,222171457,9,2,0.2222222222222222,False,1,True,0.0,732.814,3768336
one_row/9_1527_1_36A43805_76_208_511_288.jpg,one_row,36A43805,36A43805,8,8,1.0,True,1,True,1.291,1027.192,3349632
one_row/7_3747_1_36B00069_153_248_540_317.jpg,one_row,36B00069,36B00069,8,8,1.0,True,1,True,0.0,353.013,3349632
one_row/7_3053_1_36A29663_169_265_524_326.jpg,one_row,36A29663,36A29663,8,8,1.0,True,1,False,0.0,329.19,3349632
one_row/4_1985_1_36A25612_105_203_507_287.jpg,one_row,36A25612,36A25612,8,8,1.0,True,1,True,0.0,1376.693,3349632
one_row/2_970_1_36A39008_131_231_528_321.jpg,one_row,36A39008,36A39008,8,8,1.0,True,1,True,0.0,863.284,3349632
one_row/1_3104_1_36A38315_43_204_518_301.jpg,one_row,36A38315,36A38315,8,8,1.0,True,1,True,1.818,2077.071,3349632
two_rows/3_1288_0_36D00458_380_237_457_308.jpg,two_row_car,36D00458,36000458,8,7,0.875,False,2,False,0.0,6330.686,3349632
one_row/1_3736_1_36C05762_136_214_485_288.jpg,one_row,36C05762,36C05762,8,8,1.0,True,1,False,0.0,880.93,3349632
two_rows_label_xe_may/4_1367_0_29g167318_321_81_477_215.jpg,two_row_motorcycle,29G167318,27G112419,9,4,0.4444444444444444,False,1,False,0.0,6629.334,3768336
one_row/2_836_1_36A13315_131_279_482_333.jpg,one_row,36A13315,36A13315,8,8,1.0,True,1,True,0.0,1072.101,3349632
one_row/1_3121_1_36A38357_115_257_558_320.jpg,one_row,36A38357,36A38357,8,8,1.0,True,1,True,0.0,1073.258,3349632
one_row/9_1739_1_36A44339_131_212_521_280.jpg,one_row,36A44339,36A44339,8,8,1.0,True,1,True,0.0,2014.872,3349632
one_row/5_3332_1_36C06309_73_237_577_339.jpg,one_row,36C06309,36C06309,8,8,1.0,True,1,True,1.479,453.944,3349632
two_rows_label_xe_may/7_1460_0_18E119359_490_57_622_198.jpg,two_row_motorcycle,18E119359,18E119359,9,9,1.0,True,2,False,0.0,4513.982,3768336
two_rows_label_xe_may/9_1778_0_29AA30925_455_33_567_158.jpg,two_row_motorcycle,29AA30925,29AA30925,9,9,1.0,True,2,False,0.0,5792.361,3768336
two_rows_label_xe_may/5_1514_0_29x149788_429_19_521_88.jpg,two_row_motorcycle,29X149788,291149788,9,8,0.8888888888888888,False,2,True,0.0,10220.699,3768336
one_row/3_3307_1_36C28109_73_223_557_313.jpg,one_row,36C28109,36C28109,8,8,1.0,True,1,True,0.0,382.116,3349632
one_row/8_1969_1_36C21621_98_234_519_312.jpg,one_row,36C21621,36C21621,8,8,1.0,True,1,True,0.19,1088.07,3349632
one_row/6_2581_1_36A41732_76_208_592_297.jpg,one_row,36A41732,36A41732,8,8,1.0,True,1,False,0.0,1459.271,3349632
two_rows/1_1741_0_36D01050_119_327_176_407.jpg,two_row_car,36D01050,03106500,8,2,0.25,False,1,True,0.0,1274.09,3349632
two_rows/1_825_0_36A38096_467_320_522_395.jpg,two_row_car,36A38096,33860A96,8,3,0.375,False,1,True,0.0,12920.901,3349632
two_rows_label_xe_may/5_1851_0_78c131970_493_222_600_331.jpg,two_row_motorcycle,78C131970,37819C710,9,2,0.2222222222222222,False,1,False,0.0,5098.167,3768336
one_row/8_1099_1_30E07098_88_185_556_275.jpg,one_row,30E07098,30E07098,8,8,1.0,True,1,True,0.902,2246.552,3349632
two_rows_label_xe_may/9_1836_0_37K39554_16_34_138_142.jpg,two_row_motorcycle,37K39554,37239554,8,7,0.875,False,2,False,0.0,3156.429,3349632
one_row/7_4045_1_36C03882_135_225_474_316.jpg,one_row,36C03882,36C03882,8,8,1.0,True,1,True,0.0,707.204,3349632
one_row/7_3107_1_36A39186_152_234_496_293.jpg,one_row,36A39186,36A39186,8,8,1.0,True,1,True,0.0,1871.758,3349632
one_row/1_1548_1_36C19888_460_323_545_384.jpg,one_row,36C19888,36C19888,8,8,1.0,True,1,True,0.0,5371.358,3349632
two_rows/8_925_0_36R00991_134_288_175_337.jpg,two_row_car,36R00991,36R00991,8,8,1.0,True,2,True,0.0,3700.807,3349632
two_rows/3_650_0_36A39553_137_227_201_290.jpg,two_row_car,36A39553,36A39553,8,8,1.0,True,2,False,0.0,3567.764,3349632
one_row/1_2892_1_36A37738_52_194_620_278.jpg,one_row,36A37738,36A37738,8,8,1.0,True,1,True,0.0,328.082,3349632
one_row/1_4281_1_36M9991_113_257_472_300.jpg,one_row,36M9991,36M9991,7,7,1.0,True,1,False,0.0,1173.178,2930928
one_row/4_2281_1_36A40560_105_148_563_220.jpg,one_row,36A40560,36A40560,8,8,1.0,True,1,True,0.0,1835.289,3349632
one_row/3_3119_1_36C20689_148_219_502_299.jpg,one_row,36C20689,36C20689,8,8,1.0,True,1,False,0.0,1997.309,3349632
two_rows/7_1659_0_36C07475_398_373_435_415.jpg,two_row_car,36C07475,36C07475,8,8,1.0,True,2,False,0.0,7801.086,3349632
one_row/2_1281_1_36C09572_110_323_517_386.jpg,one_row,36C09572,36C09572,8,8,1.0,True,1,True,0.0,1621.507,3349632
two_rows/4_732_0_36A40775_78_254_132_323.jpg,two_row_car,36A40775,36A30725,8,6,0.75,False,2,True,0.0,2098.73,3349632
two_rows/9_593_0_36A44160_165_209_217_264.jpg,two_row_car,36A44160,36A44160,8,8,1.0,True,2,False,0.0,3645.899,3349632
one_row/2_1065_1_36A39483_155_236_562_287.jpg,one_row,36A39483,36A39483,8,8,1.0,True,1,False,0.0,1955.438,3349632
two_rows/8_114_0_30P2898_120_282_161_323.jpg,two_row_car,30P2898,30P2898,7,7,1.0,True,2,False,0.0,2807.408,2930928
two_rows/7_2_0_14A13847_139_258_190_310.jpg,two_row_car,14A13847,14A13847,8,8,1.0,True,2,False,0.0,899.499,3349632
two_rows_label_xe_may/2_234_0_29X328886_331_99_462_221.jpg,two_row_motorcycle,29X328886,29X328886,9,9,1.0,True,2,False,0.0,4622.931,3768336
one_row/9_2029_1_36C13204_41_171_553_267.jpg,one_row,36C13204,36C13204,8,8,1.0,True,1,True,0.124,974.619,3349632
one_row/4_2595_1_36B02721_118_206_503_274.jpg,one_row,36B02721,36B02721,8,8,1.0,True,1,True,0.0,812.279,3349632
two_rows_label_xe_may/6_1212_0_29G111520_312_5_453_113.jpg,two_row_motorcycle,29G111520,29G111520,9,9,1.0,True,2,False,0.0,3387.586,3768336
one_row/7_3545_1_36A42993_68_212_550_279.jpg,one_row,36A42993,36A42993,8,8,1.0,True,1,False,0.0,1349.44,3349632
one_row/6_1761_1_29C00552_110_264_511_334.jpg,one_row,29C00552,29C00552,8,8,1.0,True,1,True,0.0,633.875,3349632
one_row/7_3056_1_36A29703_138_225_516_316.jpg,one_row,36A29703,36A29703,8,8,1.0,True,1,False,0.0,1020.172,3349632
one_row/7_4037_1_36C03621_175_278_460_329.jpg,one_row,36C03621,36C03621,8,8,1.0,True,1,True,1.736,1081.314,3349632
one_row/7_3126_1_36A41834_62_171_565_255.jpg,one_row,36A41834,36A41834,8,8,1.0,True,1,False,0.0,868.091,3349632
two_rows/6_166_0_30E76233_415_235_483_304.jpg,two_row_car,30E76233,30E76233,8,8,1.0,True,2,False,0.0,6956.932,3349632
two_rows_label_xe_may/8_2854_0_29g177797_458_113_567_212.jpg,two_row_motorcycle,29G177797,29G177797,9,9,1.0,True,2,False,0.0,6990.523,3768336
one_row/2_940_1_36A33710_92_220_588_270.jpg,one_row,36A33710,36A33710,8,8,1.0,True,1,False,0.0,1393.125,3349632
one_row/8_1244_1_36A10434_31_213_576_289.jpg,one_row,36A10434,36A10434,8,8,1.0,True,1,True,0.0,382.101,3349632
two_rows_label_xe_may/2_195_0_34B295144_486_2_624_134.jpg,two_row_motorcycle,34B295144,34B295144,9,9,1.0,True,2,False,0.0,5241.131,3768336
one_row/1_233_1_36A01112_477_204_568_280.jpg,one_row,36A01112,36A01112,8,8,1.0,True,1,True,0.0,2778.722,3349632
two_rows/7_709_0_36A39188_126_238_185_293.jpg,two_row_car,36A39188,36A39188,8,8,1.0,True,2,False,0.0,4249.411,3349632
one_row/2_1469_1_36C23311_122_183_516_259.jpg,one_row,36C23311,36C23311,8,8,1.0,True,1,True,0.951,1578.359,3349632
one_row/6_2924_1_36B00836_118_203_502_273.jpg,one_row,36B00836,36B00836,8,8,1.0,True,1,True,0.996,891.873,3349632
two_rows_label_xe_may/9_1821_0_29Y56219_414_94_541_224.jpg,two_row_motorcycle,29Y56219,29Y56219,8,8,1.0,True,2,False,0.0,4368.537,3349632
two_rows_label_xe_may/5_1687_0_29h147200_220_135_375_266.jpg,two_row_motorcycle,29H147200,972210107,9,1,0.1111111111111111,False,1,False,0.0,4164.242,3768336
one_row/6_2120_1_36A08897_92_166_452_229.jpg,one_row,36A08897,36A08897,8,8,1.0,True,1,True,0.488,1336.998,3349632
two_rows/1_1285_0_36B00668_197_328_234_372.jpg,two_row_car,36B00668,36B00668,8,8,1.0,True,2,False,0.0,3409.224,3349632
two_rows_label_xe_may/8_1581_0_88H111380_434_6_586_134.jpg,two_row_motorcycle,88H111380,88B111180,9,7,0.7777777777777778,False,2,False,0.0,4431.218,3768336
one_row/1_2347_1_36A05455_81_210_512_273.jpg,one_row,36A05455,36A05455,8,8,1.0,True,1,True,0.547,239.493,3349632
one_row/7_2938_1_36A24477_125_238_494_305.jpg,one_row,36A24477,36A24477,8,8,1.0,True,1,True,1.637,548.905,3349632
one_row/2_857_1_36A15538_51_217_565_284.jpg,one_row,36A15538,36A15538,8,8,1.0,True,1,True,0.0,355.39,3349632
one_row/4_1906_1_36A22273_120_216_506_283.jpg,one_row,36A22273,36A22273,8,8,1.0,True,1,True,0.0,1029.375,3349632
two_rows/9_892_0_36C18448_205_379_243_425.jpg,two_row_car,36C18448,36C18448,8,8,1.0,True,2,False,0.0,8465.841,3349632
one_row/6_3814_1_36M3915_69_220_531_288.jpg,one_row,36M3915,36M3975,7,6,0.8571428571428571,False,1,True,0.0,1169.308,2930928
one_row/5_3168_1_36C00436_51_209_620_314.jpg,one_row,36C00436,36C00436,8,8,1.0,True,1,True,0.0,604.543,3349632
one_row/5_4248_1_51C83403_89_225_510_316.jpg,one_row,51C83403,51C83203,8,7,0.875,False,1,True,0.0,179.359,3349632
two_rows/2_200_0_36A15235_344_262_419_340.jpg,two_row_car,36A15235,36A15235,8,8,1.0,True,2,False,0.0,5059.65,3349632
two_rows/6_983_0_36A42200_474_208_533_275.jpg,two_row_car,36A42200,36A42200,8,8,1.0,True,2,False,0.0,7917.939,3349632
one_row/5_2925_1_36A41473_143_201_503_266.jpg,one_row,36A41473,36A41473,8,8,1.0,True,1,False,0.0,1058.806,3349632
two_rows/7_34_0_29A00717_173_174_237_234.jpg,two_row_car,29A00717,29A00717,8,8,1.0,True,2,False,0.0,4439.02,3349632
one_row/3_2504_1_36A40212_126_235_548_290.jpg,one_row,36A40212,36A40212,8,8,1.0,True,1,False,0.0,1911.439,3349632
two_rows/2_261_0_36A34719_481_238_543_318.jpg,two_row_car,36A34719,36A34719,8,8,1.0,True,2,True,0.0,7677.47,3349632
two_rows/4_311_0_36A14227_103_316_155_384.jpg,two_row_car,36A14227,36A14227,8,8,1.0,True,2,True,0.0,7409.378,3349632
one_row/9_1777_1_36A44488_132_223_539_315.jpg,one_row,36A44488,36A44488,8,8,1.0,True,1,False,0.0,1249.108,3349632
one_row/6_2629_1_36A41836_100_171_509_237.jpg,one_row,36A41836,36A41836,8,8,1.0,True,1,True,0.0,1095.459,3349632
two_rows/7_1586_0_36B02731_160_295_205_339.jpg,two_row_car,36B02731,36B02731,8,8,1.0,True,2,False,0.0,3422.903,3349632
two_rows_label_xe_may/4_560_0_98B325241_416_63_569_197.jpg,two_row_motorcycle,98B325241,98B325241,9,9,1.0,True,2,False,0.0,3797.017,3768336
one_row/2_932_1_36A30024_139_151_567_213.jpg,one_row,36A30024,36A30024,8,8,1.0,True,1,False,0.0,1717.341,3349632
one_row/6_3698_1_36C29477_169_225_476_288.jpg,one_row,36C29477,36C29477,8,8,1.0,True,1,True,0.0,1915.533,3349632
one_row/7_3639_1_36A43220_103_213_496_271.jpg,one_row,36A43220,36A43220,8,8,1.0,True,1,True,0.548,1493.607,3349632
one_row/2_1457_1_36C20529_116_201_508_272.jpg,one_row,36C20529,36C20529,8,8,1.0,True,1,True,0.0,2748.685,3349632
two_rows_label_xe_may/8_3075_0_29t170608_273_50_417_164.jpg,two_row_motorcycle,29T170608,29G210781,9,3,0.3333333333333333,False,1,True,0.0,5730.588,3768336
one_row/5_3471_1_36C11660_72_247_528_330.jpg,one_row,36C11660,36C11660,8,8,1.0,True,1,False,0.0,827.122,3349632
one_row/4_2167_1_36A40316_122_173_523_255.jpg,one_row,36A40316,36A40316,8,8,1.0,True,1,False,0.0,599.136,3349632
one_row/1_1114_1_36A38865_96_349_202_407.jpg,one_row,36A38865,36A38865,8,8,1.0,True,1,True,0.0,4092.001,3349632
two_rows_label_xe_may/2_77_0_14U117164_403_42_551_164.jpg,two_row_motorcycle,14U117164,14D117164,9,8,0.8888888888888888,False,2,True,0.0,3452.095,3768336
two_rows/7_1090_0_36A42841_113_200_175_266.jpg,two_row_car,36A42841,36A42841,8,8,1.0,True,2,False,0.0,3835.778,3349632
one_row/6_2158_1_36A11947_89_131_550_209.jpg,one_row,36A11947,36A11947,8,8,1.0,True,1,True,0.0,1375.049,3349632
one_row/9_1279_1_36A14414_113_225_508_297.jpg,one_row,36A14414,36A14414,8,8,1.0,True,1,True,0.0,437.439,3349632
one_row/9_1229_1_36A07366_163_248_493_311.jpg,one_row,36A07366,36A07366,8,8,1.0,True,1,False,0.0,515.417,3349632
two_rows_label_xe_may/7_2723_0_29g171482_311_12_465_129.jpg,two_row_motorcycle,29G171482,79G118421,9,4,0.4444444444444444,False,1,True,0.0,9584.239,3768336
one_row/7_4631_1_36C29552_110_247_511_319.jpg,one_row,36C29552,36C29552,8,8,1.0,True,1,True,0.0,1457.329,3349632
one_row/6_3292_1_36C11343_95_224_561_309.jpg,one_row,36C11343,36C11343,8,8,1.0,True,1,True,0.0,397.412,3349632
one_row/9_659_1_36A44280_121_305_209_363.jpg,one_row,36A44280,36A44280,8,8,1.0,True,1,True,0.0,4253.975,3349632
one_row/1_2929_1_36A37871_171_260_486_310.jpg,one_row,36A37871,36A37871,8,8,1.0,True,1,True,0.0,1016.962,3349632
two_rows_label_xe_may/8_3147_0_29l113228_323_138_460_261.jpg,two_row_motorcycle,29L113228,192219011,9,2,0.2222222222222222,False,1,False,0.0,3762.449,3768336
one_row/6_3786_1_36M0923_89_225_574_315.jpg,one_row,36M0923,36M0923,7,7,1.0,True,1,True,0.944,780.193,2930928
one_row/8_1578_1_36A43730_84_202_529_285.jpg,one_row,36A43730,36A43730,8,8,1.0,True,1,True,0.461,1216.494,3349632
one_row/1_3152_1_36A38433_150_273_472_331.jpg,one_row,36A38433,36A38433,8,8,1.0,True,1,True,0.308,1806.842,3349632
two_rows/6_931_0_36A42070_440_217_507_289.jpg,two_row_car,36A42070,36A42070,8,8,1.0,True,2,False,0.0,3604.777,3349632
one_row/6_4057_1_98A16052_123_179_496_248.jpg,one_row,98A16052,98A16052,8,8,1.0,True,1,True,0.0,2367.148,3349632
two_rows/4_110_0_30U9658_126_310_190_383.jpg,two_row_car,30U9658,3009658,7,6,0.8571428571428571,False,2,False,0.0,2473.642,2930928
two_rows_label_xe_may/2_584_0_38n32106_380_240_501_334.jpg,two_row_motorcycle,38N32106,38N37106,8,7,0.875,False,2,True,0.0,3561.768,3349632
one_row/5_2048_1_35A08165_109_185_496_252.jpg,one_row,35A08165,35A08165,8,8,1.0,True,1,False,0.0,1505.668,3349632
one_row/7_2370_1_30A46116_132_233_538_298.jpg,one_row,30A46116,30A46116,8,8,1.0,True,1,True,0.0,143.822,3349632
one_row/1_3911_1_36C15139_112_252_494_334.jpg,one_row,36C15139,36C15139,8,8,1.0,True,1,True,0.0,1732.243,3349632
two_rows/3_1387_0_36N2813_382_378_423_427.jpg,two_row_car,36N2813,36N2813,7,7,1.0,True,2,True,0.0,3098.601,2930928
two_rows_label_xe_may/5_832_0_18B146676_39_21_181_145.jpg,two_row_motorcycle,18B146676,188146676,9,8,0.8888888888888888,False,2,False,0.0,3057.222,3768336
two_rows_label_xe_may/4_713_0_99F132809_324_75_448_194.jpg,two_row_motorcycle,99F132809,99F132809,9,9,1.0,True,2,False,0.0,4642.127,3768336
one_row/8_1352_1_36A23568_179_248_497_326.jpg,one_row,36A23568,36A23568,8,8,1.0,True,1,False,0.0,1829.892,3349632
one_row/6_1305_1_36C16857_146_309_234_360.jpg,one_row,36C16857,36C16857,8,8,1.0,True,1,True,0.0,2541.544,3349632
one_row/8_2238_1_36N0048_129_234_511_302.jpg,one_row,36N0048,36N0048,7,7,1.0,True,1,True,0.0,825.99,2930928
one_row/4_2889_1_36C11179_140_219_507_299.jpg,one_row,36C11179,36C11179,8,8,1.0,True,1,True,0.562,1565.649,3349632
one_row/7_2514_1_36A02743_135_225_484_290.jpg,one_row,36A02743,36A02743,8,8,1.0,True,1,False,0.0,299.802,3349632
one_row/7_2912_1_36A24159_121_249_488_314.jpg,one_row,36A24159,36A24159,8,8,1.0,True,1,True,1.102,1830.957,3349632
two_rows/5_1299_0_36C09295_159_412_216_463.jpg,two_row_car,36C09295,36C09295,8,8,1.0,True,2,False,0.0,7992.205,3349632
one_row/8_1123_1_30V0453_108_225_512_296.jpg,one_row,30V0453,30V0453,7,7,1.0,True,1,True,0.0,468.753,2930928
one_row/1_2233_1_30Y6675_64_258_606_333.jpg,one_row,30Y6675,30Y6675,7,7,1.0,True,1,True,0.0,887.027,2930928
one_row/7_3670_1_36A43276_111_234_541_295.jpg,one_row,36A43276,36A43276,8,8,1.0,True,1,True,0.0,1296.991,3349632
one_row/9_1400_1_36A27966_106_278_512_353.jpg,one_row,36A27966,36A27966,8,8,1.0,True,1,True,0.0,984.02,3349632
two_rows/1_451_0_36A14912_493_203_558_284.jpg,two_row_car,36A14912,39A14912,8,7,0.875,False,2,True,0.0,6834.336,3349632
one_row/5_2725_1_36A41100_151_173_534_252.jpg,one_row,36A41100,36A41100,8,8,1.0,True,1,True,1.499,1282.762,3349632
one_row/4_2848_1_36C10519_94_191_528_264.jpg,one_row,36C10519,36C10519,8,8,1.0,True,1,True,0.0,1165.822,3349632
one_row/5_212_1_36A00819_439_222_547_285.jpg,one_row,36A00819,36A00819,8,8,1.0,True,1,True,0.0,4402.273,3349632
one_row/7_4516_1_36C28079_132_244_559_320.jpg,one_row,36C28079,36C28079,8,8,1.0,True,1,False,0.0,1540.538,3349632
one_row/2_1440_1_36C20327_84_200_540_282.jpg,one_row,36C20327,36C20327,8,8,1.0,True,1,True,0.0,676.862,3349632
one_row/3_2867_1_36C10184_130_279_530_351.jpg,one_row,36C10184,36C10184,8,8,1.0,True,1,True,0.0,992.085,3349632
one_row/8_1502_1_36A43368_94_168_516_251.jpg,one_row,36A43368,36A43368,8,8,1.0,True,1,True,0.0,1974.542,3349632
one_row/7_2763_1_36A14702_78_230_501_317.jpg,one_row,36A14702,36A14702,8,8,1.0,True,1,True,0.0,815.216,3349632
one_row/1_2812_1_36A29841_32_235_615_289.jpg,one_row,36A29841,36A29842,8,7,0.875,False,1,False,0.0,1485.733,3349632
one_row/1_3494_1_36B00164_88_219_521_281.jpg,one_row,36B00164,36B00164,8,8,1.0,True,1,True,0.0,2092.943,3349632
two_rows_label_xe_may/5_1746_0_29e118863_271_42_417_150.jpg,two_row_motorcycle,29E118863,182112E34,9,2,0.2222222222222222,False,1,True,0.0,8468.549,3768336
one_row/6_3038_1_36B02896_127_244_529_280.jpg,one_row,36B02896,36602896,8,7,0.875,False,1,False,0.0,1104.055,3349632
one_row/3_3421_1_36D01486_82_230_577_299.jpg,one_row,36D01486,36D01486,8,8,1.0,True,1,True,0.244,1139.563,3349632
one_row/3_2938_1_36C14755_81_217_530_310.jpg,one_row,36C14755,36C14755,8,8,1.0,True,1,False,0.0,1063.383,3349632
two_rows_label_xe_may/3_931_0_17k12832_438_86_544_174.jpg,two_row_motorcycle,17K12832,17N12832,8,7,0.875,False,2,True,0.0,6078.857,3349632
two_rows_label_xe_may/6_1139_0_29G166502_281_97_429_233.jpg,two_row_motorcycle,29G166502,29G166502,9,9,1.0,True,2,False,0.0,2233.751,3768336
one_row/4_1860_1_36A20152_107_209_517_288.jpg,one_row,36A20152,36A20152,8,8,1.0,True,1,True,0.0,1833.14,3349632
one_row/8_1793_1_36C06632_23_268_612_363.jpg,one_row,36C06632,36C06632,8,8,1.0,True,1,True,0.121,651.168,3349632
one_row/6_3200_1_36C05457_20_246_560_319.jpg,one_row,36C05457,36C05457,8,8,1.0,True,1,True,0.0,784.107,3349632
one_row/7_3400_1_36A42765_173_232_486_289.jpg,one_row,36A42765,36A42765,8,8,1.0,True,1,True,0.295,865.384,3349632
one_row/1_2465_1_36A10780_101_185_579_239.jpg,one_row,36A10780,36A10780,8,8,1.0,True,1,False,0.0,2924.086,3349632
one_row/4_60_1_29U9583_431_226_500_264.jpg,one_row,29U9583,2909563,7,5,0.7142857142857143,False,1,True,0.0,6454.479,2930928
two_rows/5_4199_0_36R00857_127_131_518_401.jpg,two_row_car,36R00857,36R00857,8,8,1.0,True,2,True,0.0,1120.022,3349632
two_rows/7_2052_0_36N0530_455_274_509_345.jpg,two_row_car,36N0530,36N0530,7,7,1.0,True,2,True,0.0,2326.503,2930928
two_rows/5_110_0_29U7686_206_316_267_378.jpg,two_row_car,29U7686,7967686,7,5,0.7142857142857143,False,2,False,0.0,2145.655,2930928
two_rows_label_xe_may/1_11_0_30f41891_250_36_393_139.jpg,two_row_motorcycle,30F41891,00F41891,8,7,0.875,False,2,True,0.0,8699.472,3349632
one_row/9_2177_1_36C29644_61_196_569_287.jpg,one_row,36C29644,36C29644,8,8,1.0,True,1,True,0.0,1445.605,3349632
one_row/4_3377_1_36LD0062_114_176_503_239.jpg,one_row,36LD0062,36LD0062,8,8,1.0,True,1,True,0.0,891.848,3349632
one_row/4_1960_1_36A22824_139_212_479_288.jpg,one_row,36A22824,36A22824,8,8,1.0,True,1,True,0.651,1119.866,3349632
two_rows/3_1100_0_36C15576_233_386_270_430.jpg,two_row_car,36C15576,36C15576,8,8,1.0,True,2,False,0.0,3406.124,3349632
one_row/5_1795_1_14M9780_74_180_593_288.jpg,one_row,14M9780,14M9783,7,6,0.8571428571428571,False,1,False,0.0,263.5,2930928
one_row/9_2243_1_36D00892_192_255_465_311.jpg,one_row,36D00892,36D00892,8,8,1.0,True,1,True,0.305,664.426,3349632
one_row/6_1738_1_29A89400_65_188_593_273.jpg,one_row,29A89400,29A89400,8,8,1.0,True,1,True,0.0,1366.358,3349632
one_row/4_2410_1_36A40903_64_189_578_305.jpg,one_row,36A40903,36A40903,8,8,1.0,True,1,True,0.0,1780.347,3349632
one_row/6_3578_1_36C27095_57_240_536_309.jpg,one_row,36C27095,36C27095,8,8,1.0,True,1,False,0.0,656.045,3349632
one_row/1_3151_1_36A38431_68_207_515_270.jpg,one_row,36A38431,36A38431,8,8,1.0,True,1,True,0.0,1079.27,3349632
one_row/1_2561_1_36A14046_108_295_556_352.jpg,one_row,36A14046,36A14046,8,8,1.0,True,1,True,0.0,386.094,3349632
one_row/8_1954_1_36C19520_17_192_608_333.jpg,one_row,36C19520,36C19520,8,8,1.0,True,1,False,0.0,478.737,3349632
two_rows/7_438_0_36A14987_151_312_211_373.jpg,two_row_car,36A14987,36A14987,8,8,1.0,True,2,False,0.0,2017.107,3349632
one_row/3_2833_1_36C08300_81_227_511_290.jpg,one_row,36C08300,36C08300,8,8,1.0,True,1,False,0.0,152.27,3349632
two_rows_label_xe_may/9_1711_0_37K50991_484_4_605_120.jpg,two_row_motorcycle,37K50991,37K50991,8,8,1.0,True,2,False,0.0,5384.992,3349632
one_row/3_2814_1_36C07139_132_223_534_286.jpg,one_row,36C07139,36C07139,8,8,1.0,True,1,True,0.0,864.007,3349632
two_rows_label_xe_may/4_605_0_29G157450_229_13_378_121.jpg,two_row_motorcycle,29G157450,29G157450,9,9,1.0,True,2,True,0.0,3188.999,3768336
one_row/8_2044_1_36C26897_42_210_580_301.jpg,one_row,36C26897,36C26897,8,8,1.0,True,1,False,0.0,615.184,3349632
two_rows/8_515_0_36A43688_121_295_178_355.jpg,two_row_car,36A43688,36A43688,8,8,1.0,True,2,False,0.0,2052.597,3349632
one_row/9_2359_1_36N3387_135_291_491_354.jpg,one_row,36N3387,3N33672,7,2,0.2857142857142857,False,1,True,0.0,360.209,2930928
two_rows_label_xe_may/9_3624_0_29c143769_452_63_560_157.jpg,two_row_motorcycle,29C143769,29C143769,9,9,1.0,True,2,False,0.0,2993.73,3768336
two_rows_label_xe_may/7_2567_0_29b191328_369_118_497_218.jpg,two_row_motorcycle,29B191328,29B191328,9,9,1.0,True,2,True,0.0,2513.77,3768336
two_rows/1_1518_0_36C14903_233_359_273_401.jpg,two_row_car,36C14903,36C14903,8,8,1.0,True,2,False,0.0,6498.977,3349632
one_row/1_2505_1_36A12553_25_195_570_271.jpg,one_row,36A12553,36A12553,8,8,1.0,True,1,True,0.0,843.606,3349632
two_rows_label_xe_may/1_169_0_29l501560_251_134_393_252.jpg,two_row_motorcycle,29L501560,027296203,9,0,0.0,False,1,True,0.0,1202.15,3768336
one_row/3_2144_1_36A39294_110_197_533_284.jpg,one_row,36A39294,36A39294,8,8,1.0,True,1,True,0.0,882.661,3349632
one_row/8_1832_1_36C08953_146_318_478_366.jpg,one_row,36C08953,36C08953,8,8,1.0,True,1,True,0.0,1850.654,3349632
one_row/1_2184_1_30E35905_80_297_557_360.jpg,one_row,30E35905,30E35905,8,8,1.0,True,1,True,0.0,293.331,3349632
two_rows/3_1316_0_36L8252_169_311_207_352.jpg,two_row_car,36L8252,36C8252,7,6,0.8571428571428571,False,2,False,0.0,6054.051,2930928
two_rows/1_1535_0_36C16396_238_417_285_453.jpg,two_row_car,36C16396,36C16396,8,8,1.0,True,2,True,0.0,3953.372,3349632
two_rows/2_214_0_36A18943_486_211_549_301.jpg,two_row_car,36A18943,36A18943,8,8,1.0,True,2,True,0.0,3796.8,3349632
one_row/6_3492_1_36C21807_57_216_578_293.jpg,one_row,36C21807,36C21807,8,8,1.0,True,1,True,0.343,480.983,3349632
two_rows/1_3810_0_36C09753_123_168_518_353.jpg,two_row_car,36C09753,36C09753,8,8,1.0,True,2,False,0.0,432.742,3349632
two_rows/7_2143_0_54S1517_388_396_436_446.jpg,two_row_car,54S1517,5451517,7,6,0.8571428571428571,False,2,False,0.0,2189.166,2930928
one_row/1_2710_1_36A21185_118_204_501_267.jpg,one_row,36A21185,36A21185,8,8,1.0,True,1,True,0.515,1687.806,3349632
one_row/8_2004_1_36C22763_188_344_468_396.jpg,one_row,36C22763,36C22763,8,8,1.0,True,1,True,0.843,1068.989,3349632
one_row/9_304_1_36A43055_150_288_236_346.jpg,one_row,36A43055,36A43055,8,8,1.0,True,1,True,0.0,2326.661,3349632
one_row/8_1044_1_29D01563_132_264_510_339.jpg,one_row,29D01563,29D01563,8,8,1.0,True,1,False,0.0,861.714,3349632
one_row/5_1429_1_36C21474_411_295_512_361.jpg,one_row,36C21474,36C21474,8,8,1.0,True,1,True,0.0,2766.76,3349632
one_row/7_4943_1_37C04497_65_114_583_190.jpg,one_row,37C04497,37C04493,8,7,0.875,False,1,False,0.0,288.86,3349632
two_rows/1_986_0_36A38527_62_221_126_302.jpg,two_row_car,36A38527,36AA6527,8,6,0.75,False,2,True,0.0,2034.703,3349632
two_rows/4_3582_0_36R01038_202_258_380_382.jpg,two_row_car,36R01038,36R01038,8,8,1.0,True,2,True,0.0,1950.059,3349632
two_rows_label_xe_may/7_1374_0_90B205179_351_52_468_163.jpg,two_row_motorcycle,90B205179,90B205179,9,9,1.0,True,2,False,0.0,3695.618,3768336
one_row/3_2332_1_36A39799_58_229_600_297.jpg,one_row,36A39799,36A39799,8,8,1.0,True,1,False,0.0,1373.022,3349632
one_row/7_4533_1_36C29052_178_295_440_347.jpg,one_row,36C29052,36C29052,8,8,1.0,True,1,False,0.0,5138.216,3349632
two_rows_label_xe_may/6_2160_0_30f79117_227_22_369_133.jpg,two_row_motorcycle,30F79117,30F71177,8,6,0.75,False,2,True,0.0,7190.1,3349632
two_rows/3_142_0_34B00215_136_319_173_356.jpg,two_row_car,34B00215,134B6021,8,0,0.0,False,2,False,0.0,12394.734,3349632
one_row/5_3604_1_36C17283_59_219_601_300.jpg,one_row,36C17283,36C17283,8,8,1.0,True,1,True,0.0,875.165,3349632
one_row/7_2829_1_36A17532_60_227_565_327.jpg,one_row,36A17532,36A17532,8,8,1.0,True,1,False,0.0,406.557,3349632
one_row/3_1584_1_30E15568_102_222_481_307.jpg,one_row,30E15568,30E15568,8,8,1.0,True,1,False,0.0,649.362,3349632
one_row/9_2296_1_36M3902_100_202_535_282.jpg,one_row,36M3902,36M3902,7,7,1.0,True,1,True,0.0,1515.021,2930928
two_rows/7_19_0_18C01654_402_374_438_411.jpg,two_row_car,18C01654,116C0165,8,1,0.125,False,2,False,0.0,1637.193,3349632
two_rows_label_xe_may/7_1506_0_30K80990_317_15_453_147.jpg,two_row_motorcycle,30K80990,30K80990,8,8,1.0,True,2,False,0.0,4523.556,3349632
two_rows/8_185_0_36A05994_484_207_544_278.jpg,two_row_car,36A05994,36A05994,8,8,1.0,True,2,False,0.0,6746.732,3349632
one_row/7_4253_1_36C12759_119_231_499_304.jpg,one_row,36C12759,36C12750,8,7,0.875,False,1,True,0.0,755.369,3349632
one_row/7_2610_1_36A08375_107_192_525_259.jpg,one_row,36A08375,36A08375,8,8,1.0,True,1,True,0.553,166.369,3349632
one_row/1_2627_1_36A18023_61_263_468_325.jpg,one_row,36A18023,36A18023,8,8,1.0,True,1,True,0.0,335.396,3349632
two_rows/6_964_0_36A42156_198_271_258_327.jpg,two_row_car,36A42156,36A42156,8,8,1.0,True,2,False,0.0,1848.577,3349632
one_row/1_3064_1_36A38216_82_301_534_364.jpg,one_row,36A38216,36A38216,8,8,1.0,True,1,True,0.0,460.871,3349632
one_row/7_4326_1_36C17632_97_206_531_269.jpg,one_row,36C17632,36C17632,8,8,1.0,True,1,True,0.0,719.248,3349632
two_rows/7_165_0_36A00062_121_201_187_272.jpg,two_row_car,36A00062,36A00062,8,8,1.0,True,2,False,0.0,2224.327,3349632
two_rows/9_2031_0_36C13362_228_297_415_393.jpg,two_row_car,36C13362,36C13362,8,8,1.0,True,2,True,0.0,1284.358,3349632
one_row/4_2120_1_36A40159_118_203_517_288.jpg,one_row,36A40159,36A40159,8,8,1.0,True,1,True,0.0,1303.586,3349632
two_rows/7_477_0_36A16985_118_271_170_344.jpg,two_row_car,36A16985,36416985,8,7,0.875,False,2,True,0.0,1570.643,3349632
one_row/3_1904_1_36A17102_110_261_573_323.jpg,one_row,36A17102,36A17102,8,8,1.0,True,1,True,0.0,826.19,3349632
two_rows/5_4210_0_36R01325_256_234_381_325.jpg,two_row_car,36R01325,36R01325,8,8,1.0,True,2,True,0.0,5568.658,3349632
one_row/5_3128_1_36B02935_193_195_510_275.jpg,one_row,36B02935,36B02935,8,8,1.0,True,1,True,0.211,1374.739,3349632
one_row/7_3642_1_36A43228_177_239_500_306.jpg,one_row,36A43228,36A43228,8,8,1.0,True,1,True,0.0,510.615,3349632
one_row/8_2336_1_82A02089_113_148_488_207.jpg,one_row,82A02089,82A02089,8,8,1.0,True,1,True,0.0,1906.754,3349632
one_row/7_3181_1_36A42285_169_225_496_285.jpg,one_row,36A42285,36A42285,8,8,1.0,True,1,False,0.0,1512.166,3349632
one_row/7_2307_1_29H01889_120_245_495_299.jpg,one_row,29H01889,29H01889,8,8,1.0,True,1,False,0.0,1212.776,3349632
one_row/5_4119_1_36N1517_169_190_449_253.jpg,one_row,36N1517,36N1517,7,7,1.0,True,1,True,0.0,506.06,2930928
two_rows/8_935_0_37D01658_463_288_522_354.jpg,two_row_car,37D01658,37D01658,8,8,1.0,True,2,False,0.0,6634.345,3349632
two_rows/9_1042_0_37C03681_214_377_268_428.jpg,two_row_car,37C03681,37C03681,8,8,1.0,True,2,False,0.0,3550.434,3349632
one_row/1_3734_1_36C05700_133_246_517_316.jpg,one_row,36C05700,36C05700,8,8,1.0,True,1,True,0.0,1338.059,3349632
two_rows_label_xe_may/8_1686_0_29B143239_433_19_548_136.jpg,two_row_motorcycle,29B143239,29B143239,9,9,1.0,True,2,False,0.0,5342.533,3768336
one_row/5_3160_1_36C00056_129_231_553_298.jpg,one_row,36C00056,36C00056,8,8,1.0,True,1,True,0.0,768.021,3349632
two_rows_label_xe_may/9_3349_0_17b917109_206_121_339_232.jpg,two_row_motorcycle,17B917109,772710691,9,2,0.2222222222222222,False,1,True,0.0,5554.359,3768336
one_row/5_2117_1_36A04811_117_168_513_243.jpg,one_row,36A04811,36A04811,8,8,1.0,True,1,True,0.0,1192.444,3349632
two_rows_label_xe_may/2_258_0_29T171545_425_11_563_128.jpg,two_row_motorcycle,29T171545,291171545,9,8,0.8888888888888888,False,2,False,0.0,3989.677,3768336
two_rows_label_xe_may/8_3211_0_29e123993_194_77_335_205.jpg,two_row_motorcycle,29E123993,22G111229,9,2,0.2222222222222222,False,1,False,0.0,8745.234,3768336
one_row/8_1316_1_36A15476_135_206_477_259.jpg,one_row,36A15476,36A15476,8,8,1.0,True,1,True,0.0,1221.166,3349632
one_row/5_2372_1_36A21954_119_180_497_243.jpg,one_row,36A21954,36A21954,8,8,1.0,True,1,True,0.0,1460.21,3349632
one_row/1_2087_1_29C29142_74_257_539_421.jpg,one_row,29C29142,29M29142,8,7,0.875,False,1,True,0.0,2491.258,3349632
two_rows/7_77_0_29M6416_85_202_140_272.jpg,two_row_car,29M6416,29M6416,7,7,1.0,True,2,True,0.0,1454.944,2930928
one_row/4_3451_1_36M6287_153_225_496_305.jpg,one_row,36M6287,36M6287,7,7,1.0,True,1,True,0.0,417.379,2930928
one_row/5_2210_1_36A09960_105_139_584_226.jpg,one_row,36A09960,36A09960,8,8,1.0,True,1,True,0.0,426.612,3349632
one_row/1_4053_1_36C27212_156_241_506_312.jpg,one_row,36C27212,36C27212,8,8,1.0,True,1,True,0.0,1275.223,3349632
two_rows/1_1940_0_88A07801_129_238_191_308.jpg,two_row_car,88A07801,388A7801,8,5,0.625,False,2,False,0.0,4883.776,3349632
one_row/6_3313_1_36C11816_92_243_543_306.jpg,one_row,36C11816,36C11816,8,8,1.0,True,1,False,0.0,170.721,3349632
one_row/7_1813_1_36C22434_202_365_276_398.jpg,one_row,36C22434,16C22034,8,6,0.75,False,1,True,0.0,1225.948,3349632
one_row/6_3552_1_36C23771_10_222_605_325.jpg,one_row,36C23771,36C23771,8,8,1.0,True,1,True,0.117,868.739,3349632
one_row/5_3042_1_36B01410_108_225_496_291.jpg,one_row,36B01410,36B01410,8,8,1.0,True,1,True,0.0,1472.033,3349632
one_row/5_2522_1_36A26530_29_138_616_228.jpg,one_row,36A26530,36A26530,8,8,1.0,True,1,True,0.0,852.624,3349632
two_rows_label_xe_may/5_1052_0_29H197291_401_31_561_159.jpg,two_row_motorcycle,29H197291,29H197291,9,9,1.0,True,2,True,0.0,5188.202,3768336
one_row/5_2105_1_36A03846_127_167_541_240.jpg,one_row,36A03846,36A03846,8,8,1.0,True,1,True,0.838,1389.228,3349632
one_row/6_930_1_36A42068_106_321_202_387.jpg,one_row,36A42068,36A42068,8,8,1.0,True,1,True,0.0,1746.393,3349632
one_row/1_4178_1_36L4456_101_297_560_347.jpg,one_row,36L4456,36L4456,7,7,1.0,True,1,False,0.0,563.303,2930928
one_row/2_983_1_36A39126_86_261_559_348.jpg,one_row,36A39126,36A39126,8,8,1.0,True,1,True,0.0,2041.113,3349632
one_row/1_3958_1_36C19980_150_236_415_317.jpg,one_row,36C19980,36C19980,8,8,1.0,True,1,True,0.0,1443.869,3349632
two_rows_label_xe_may/8_3188_0_29f120763_209_157_339_267.jpg,two_row_motorcycle,29F120763,20G712491,9,1,0.1111111111111111,False,1,False,0.0,11556.332,3768336
two_rows_label_xe_may/7_1364_0_30N30093_372_9_534_124.jpg,two_row_motorcycle,30N30093,30N40093,8,7,0.875,False,2,True,0.0,4652.894,3349632
one_row/8_440_1_36A43036_122_249_208_290.jpg,one_row,36A43036,36A43036,8,8,1.0,True,1,True,0.0,3691.659,3349632
one_row/8_1291_1_36A14763_129_196_537_269.jpg,one_row,36A14763,36A14763,8,8,1.0,True,1,True,0.0,1137.687,3349632
one_row/7_1216_1_36A43002_85_271_190_334.jpg,one_row,36A43002,36A43002,8,8,1.0,True,1,True,0.0,1352.609,3349632
one_row/6_3216_1_36C06154_89_225_496_288.jpg,one_row,36C06154,36C06154,8,8,1.0,True,1,True,1.01,501.486,3349632
two_rows/6_3232_0_36C07351_196_197_465_329.jpg,two_row_car,36C07351,36C07351,8,8,1.0,True,2,True,0.0,530.384,3349632
one_row/9_2269_1_36L9575_157_310_466_364.jpg,one_row,36L9575,36L9575,7,7,1.0,True,1,True,0.0,663.478,2930928
two_rows_label_xe_may/7_1302_0_29E244794_387_67_531_202.jpg,two_row_motorcycle,29E244794,29E244794,9,9,1.0,True,2,False,0.0,4013.83,3768336
two_rows/1_1196_0_36A39076_132_215_209_294.jpg,two_row_car,36A39076,36A39076,8,8,1.0,True,2,False,0.0,917.684,3349632
two_rows/1_1587_0_36C26821_263_424_314_468.jpg,two_row_car,36C26821,36C26821,8,8,1.0,True,2,True,8.13,6317.287,3349632
one_row/8_1266_1_36A12518_128_184_501_246.jpg,one_row,36A12518,36A12518,8,8,1.0,True,1,False,0.0,1454.392,3349632
one_row/5_3449_1_36C11363_103_184_545_291.jpg,one_row,36C11363,36C11363,8,8,1.0,True,1,True,1.284,623.602,3349632
two_rows/1_931_0_36A38406_505_302_558_381.jpg,two_row_car,36A38406,33864A06,8,3,0.375,False,1,True,0.0,6757.185,3349632
one_row/7_3865_1_36B02258_162_212_496_288.jpg,one_row,36B02258,36B02258,8,8,1.0,True,1,True,0.0,701.808,3349632
one_row/6_2614_1_36A41805_126_226_566_298.jpg,one_row,36A41805,36A41805,8,8,1.0,True,1,True,0.875,2267.947,3349632
one_row/3_3727_1_98B00531_110_194_501_247.jpg,one_row,98B00531,98B60531,8,7,0.875,False,1,True,0.0,1047.096,3349632
two_rows_label_xe_may/8_2870_0_29u86450_272_136_400_255.jpg,two_row_motorcycle,29U86450,62192008,8,0,0.0,False,1,False,0.0,10412.978,3349632
two_rows/9_803_0_36B03285_143_300_188_348.jpg,two_row_car,36B03285,36B03285,8,8,1.0,True,2,False,0.0,11789.444,3349632
one_row/6_2868_1_36A42422_152_187_518_252.jpg,one_row,36A42422,36A42422,8,8,1.0,True,1,False,0.0,951.943,3349632
one_row/5_3441_1_36C11246_89_225_512_304.jpg,one_row,36C11246,36C11246,8,8,1.0,True,1,False,0.0,288.816,3349632
one_row/2_653_1_29V9745_117_212_545_270.jpg,one_row,29V9745,29V9745,7,7,1.0,True,1,True,0.0,1491.551,2930928
one_row/6_3649_1_36C29156_123_324_209_387.jpg,one_row,36C29156,36C29156,8,8,1.0,True,1,True,0.0,1436.183,3349632
one_row/3_2260_1_36A39630_95_249_558_308.jpg,one_row,36A39630,36A39630,8,8,1.0,True,1,True,0.0,1515.57,3349632
one_row/6_3890_1_36N1573_111_225_496_288.jpg,one_row,36N1573,36N1573,7,7,1.0,True,1,True,0.0,355.435,2930928
two_rows/8_741_0_36C22311_189_386_232_427.jpg,two_row_car,36C22311,36C22311,8,8,1.0,True,2,False,0.0,5090.124,3349632
one_row/5_3621_1_36C18995_113_211_541_302.jpg,one_row,36C18995,36C18995,8,8,1.0,True,1,True,0.6,240.382,3349632
two_rows/5_280_0_36A05828_438_225_508_298.jpg,two_row_car,36A05828,36A05828,8,8,1.0,True,2,False,0.0,9845.538,3349632
one_row/5_3344_1_36C06850_43_209_603_300.jpg,one_row,36C06850,36C06850,8,8,1.0,True,1,False,0.0,541.139,3349632
two_rows/1_1374_0_36B02506_207_307_249_350.jpg,two_row_car,36B02506,36B02506,8,8,1.0,True,2,False,0.0,5837.635,3349632
one_row/6_1937_1_36A00036_131_170_509_248.jpg,one_row,36A00036,36A00036,8,8,1.0,True,1,True,0.0,1038.328,3349632
one_row/5_4177_1_36N4945_72_190_549_291.jpg,one_row,36N4945,36M4945,7,6,0.8571428571428571,False,1,True,0.0,1919.477,2930928
one_row/4_2286_1_36A40576_62_264_533_367.jpg,one_row,36A40576,36A40524,8,6,0.75,False,1,True,0.0,858.917,3349632
one_row/9_2174_1_36C29626_113_265_507_332.jpg,one_row,36C29626,36C29626,8,8,1.0,True,1,True,0.0,489.065,3349632
one_row/7_503_1_36A21102_142_213_228_248.jpg,one_row,36A21102,36A21102,8,8,1.0,True,1,True,0.0,3429.221,3349632
one_row/9_2038_1_36C14755_193_289_467_352.jpg,one_row,36C14755,36C14755,8,8,1.0,True,1,True,0.0,1096.524,3349632
one_row/1_2120_1_29H19708_101_238_492_326.jpg,one_row,29H19708,29H19708,8,8,1.0,True,1,True,1.548,1174.143,3349632
two_rows/8_958_0_89A18042_139_250_190_308.jpg,two_row_car,89A18042,89A18042,8,8,1.0,True,2,False,0.0,4598.184,3349632
one_row/1_3245_1_36A38658_72_182_538_260.jpg,one_row,36A38658,36A38658,8,8,1.0,True,1,False,0.0,1452.825,3349632
two_rows/5_51_0_29A73804_464_214_538_295.jpg,two_row_car,29A73804,29A73804,8,8,1.0,True,2,False,0.0,3077.594,3349632
two_rows_label_xe_may/9_3477_0_30f41891_367_18_482_103.jpg,two_row_motorcycle,30F41891,10801F11,8,3,0.375,False,1,True,0.0,4317.65,3349632
one_row/7_698_1_36A38268_88_235_190_294.jpg,one_row,36A38268,36A38268,8,8,1.0,True,1,True,0.0,1610.927,3349632
two_rows/4_624_0_36A40435_475_258_524_324.jpg,two_row_car,36A40435,36A40435,8,8,1.0,True,2,True,0.0,12159.769,3349632
two_rows/5_1107_0_36B01497_127_324_185_381.jpg,two_row_car,36B01497,36B01487,8,7,0.875,False,2,False,0.0,2213.141,3349632
two_rows/8_543_0_36A43802_127_251_179_307.jpg,two_row_car,36A43802,36A43802,8,8,1.0,True,2,False,0.0,7049.919,3349632
two_rows/2_457_0_36C15393_126_332_167_376.jpg,two_row_car,36C15393,36C15393,8,8,1.0,True,2,False,0.0,4866.028,3349632
two_rows/6_742_0_36A41327_104_247_167_316.jpg,two_row_car,36A41327,36A41327,8,8,1.0,True,2,False,0.0,3520.071,3349632
one_row/3_2224_1_36A39555_83_180_540_257.jpg,one_row,36A39555,36A39555,8,8,1.0,True,1,True,0.329,348.636,3349632
one_row/4_2240_1_36A40469_99_259_493_342.jpg,one_row,36A40469,36A40469,8,8,1.0,True,1,False,0.0,1591.45,3349632
one_row/3_1882_1_36A14861_69_218_575_289.jpg,one_row,36A14861,36A14861,8,8,1.0,True,1,True,0.877,794.343,3349632
one_row/9_1900_1_36C02164_135_225_493_293.jpg,one_row,36C02164,36C02164,8,8,1.0,True,1,False,0.0,806.517,3349632
one_row/4_2785_1_36C07208_136_240_463_313.jpg,one_row,36C07208,36C07208,8,8,1.0,True,1,True,1.917,1814.436,3349632
one_row/5_3784_1_36C26972_53_227_580_315.jpg,one_row,36C26972,36C26972,8,8,1.0,True,1,False,0.0,250.64,3349632
two_rows_label_xe_may/1_440_0_36r73500_429_98_555_201.jpg,two_row_motorcycle,36R73500,36R73500,8,8,1.0,True,2,True,0.0,1086.075,3349632
two_rows/7_1820_0_36C23858_230_380_272_423.jpg,two_row_car,36C23858,36C23858,8,8,1.0,True,2,False,0.0,8084.172,3349632
two_rows/5_1472_0_36C25304_179_305_229_352.jpg,two_row_car,36C25304,7536C04A,8,0,0.0,False,1,False,0.0,2218.709,3349632
one_row/3_3251_1_36C27760_123_255_486_318.jpg,one_row,36C27760,36C27760,8,8,1.0,True,1,True,0.0,1930.122,3349632
two_rows_label_xe_may/3_447_0_29G117803_288_34_431_160.jpg,two_row_motorcycle,29G117803,29F117803,9,8,0.8888888888888888,False,2,False,0.0,4173.808,3768336
two_rows/4_388_0_36A22030_128_268_190_335.jpg,two_row_car,36A22030,36A22030,8,8,1.0,True,2,False,0.0,2752.603,3349632
one_row/4_2187_1_36A40365_123_225_496_311.jpg,one_row,36A40365,36A40365,8,8,1.0,True,1,False,0.0,875.692,3349632
one_row/6_3033_1_36B02723_113_223_563_288.jpg,one_row,36B02723,36B02723,8,8,1.0,True,1,True,0.0,2308.412,3349632
one_row/8_1431_1_36A30459_146_246_494_294.jpg,one_row,36A30459,36A30459,8,8,1.0,True,1,False,0.0,1416.694,3349632
one_row/7_4327_1_36C17636_89_192_541_261.jpg,one_row,36C17636,36C17636,8,8,1.0,True,1,False,0.0,1179.518,3349632
one_row/4_1745_1_36A13221_46_191_601_301.jpg,one_row,36A13221,36A13221,8,8,1.0,True,1,True,0.0,927.21,3349632
one_row/7_1183_1_36A42958_85_303_189_369.jpg,one_row,36A42958,36A42958,8,8,1.0,True,1,False,0.0,676.166,3349632
one_row/1_3172_1_36A38485_61_211_554_292.jpg,one_row,36A38485,36A38485,8,8,1.0,True,1,True,0.0,1703.106,3349632
one_row/5_3008_1_36B00388_145_210_517_272.jpg,one_row,36B00388,36B00388,8,8,1.0,True,1,True,0.0,1847.042,3349632
two_rows/8_285_0_36A15442_457_315_514_381.jpg,two_row_car,36A15442,36A15442,8,8,1.0,True,2,False,0.0,5067.814,3349632
two_rows_label_xe_may/3_419_0_37B246673_448_65_581_188.jpg,two_row_motorcycle,37B246673,30B246613,9,7,0.7777777777777778,False,2,False,0.0,5668.258,3768336
one_row/5_2046_1_35A05014_156_191_504_254.jpg,one_row,35A05014,35A05014,8,8,1.0,True,1,True,0.0,2053.689,3349632
one_row/5_3033_1_36B01168_63_213_566_299.jpg,one_row,36B01168,36B01168,8,8,1.0,True,1,True,0.0,465.24,3349632
one_row/3_3610_1_36N2830_44_229_531_304.jpg,one_row,36N2830,36N2830,7,7,1.0,True,1,True,0.0,1908.456,2930928
two_rows_label_xe_may/5_1538_0_33r56836_232_129_366_251.jpg,two_row_motorcycle,33R56836,61823262,8,0,0.0,False,1,False,0.0,3624.177,3349632
one_row/5_3341_1_36C06743_31_189_591_291.jpg,one_row,36C06743,36C06743,8,8,1.0,True,1,False,0.0,1334.819,3349632
one_row/3_3703_1_64B00715_90_247_577_322.jpg,one_row,64B00715,64B00715,8,8,1.0,True,1,False,0.0,1048.566,3349632
two_rows/6_1292_0_36C13069_143_344_191_399.jpg,two_row_car,36C13069,36C13069,8,8,1.0,True,2,False,0.0,6898.021,3349632
one_row/4_2594_1_36B02714_164_193_468_254.jpg,one_row,36B02714,36B02714,8,8,1.0,True,1,True,0.397,3755.331,3349632
two_rows/5_781_0_36A41002_156_260_211_322.jpg,two_row_car,36A41002,36A41002,8,8,1.0,True,2,False,0.0,4762.618,3349632
one_row/6_2499_1_36A37209_42_201_586_293.jpg,one_row,36A37209,36A37209,8,8,1.0,True,1,True,0.0,915.99,3349632
two_rows/6_1618_0_36R01850_171_266_227_316.jpg,two_row_car,36R01850,36R01850,8,8,1.0,True,2,True,0.0,3479.431,3349632
one_row/9_1605_1_36A43987_149_201_485_274.jpg,one_row,36A43987,36A43987,8,8,1.0,True,1,True,0.0,1803.652,3349632
two_rows/6_708_0_36A30544_439_315_505_381.jpg,two_row_car,36A30544,36A30544,8,8,1.0,True,2,False,0.0,6677.284,3349632
two_rows/4_607_0_36A40374_82_209_146_287.jpg,two_row_car,36A40374,36A40374,8,8,1.0,True,2,True,0.0,5683.001,3349632
one_row/1_3372_1_36A38939_163_252_500_323.jpg,one_row,36A38939,36A38939,8,8,1.0,True,1,True,0.0,2389.999,3349632
one_row/6_3035_1_36B02746_100_260_545_323.jpg,one_row,36B02746,36B02746,8,8,1.0,True,1,False,0.0,469.217,3349632
two_rows_label_xe_may/4_1250_0_30k82182_272_54_414_164.jpg,two_row_motorcycle,30K82182,00282182,8,6,0.75,False,2,True,0.0,9996.714,3349632
one_row/7_1304_1_36A43170_99_258_199_321.jpg,one_row,36A43170,36A43170,8,8,1.0,True,1,True,0.0,1136.344,3349632
one_row/3_1872_1_36A13970_102_219_516_290.jpg,one_row,36A13970,36A13970,8,8,1.0,True,1,True,0.984,782.474,3349632
one_row/8_1014_1_29B10964_129_235_496_288.jpg,one_row,29B10964,29B10964,8,8,1.0,True,1,False,0.0,1599.906,3349632
two_rows/7_65_0_29C27742_345_370_388_410.jpg,two_row_car,29C27742,29C27742,8,8,1.0,True,2,False,0.0,6533.348,3349632
two_rows/2_498_0_36C27746_173_396_211_445.jpg,two_row_car,36C27746,36C27746,8,8,1.0,True,2,False,0.0,5615.85,3349632
one_row/3_1491_1_29B00492_111_181_493_259.jpg,one_row,29B00492,29B00492,8,8,1.0,True,1,True,0.0,913.824,3349632
one_row/8_2190_1_36M0269_50_225_534_316.jpg,one_row,36M0269,36M0289,7,6,0.8571428571428571,False,1,False,0.0,820.211,2930928
two_rows/7_2150_0_72M9126_438_272_477_324.jpg,two_row_car,72M9126,72M9126,7,7,1.0,True,2,False,0.0,4775.878,2930928
two_rows/1_1302_0_36B01080_125_297_168_345.jpg,two_row_car,36B01080,36B01080,8,8,1.0,True,2,False,0.0,2602.228,3349632
two_rows/6_1329_0_36C18636_201_374_244_416.jpg,two_row_car,36C18636,36C18636,8,8,1.0,True,2,False,0.0,4477.564,3349632
two_rows_label_xe_may/9_3334_0_37b118459_291_82_442_192.jpg,two_row_motorcycle,37B118459,983275899,9,1,0.1111111111111111,False,1,True,0.0,9449.061,3768336
one_row/9_667_1_36A44291_121_298_226_355.jpg,one_row,36A44291,36A44291,8,8,1.0,True,1,True,0.0,3390.437,3349632
two_rows_label_xe_may/7_2767_0_29e171046_420_213_532_314.jpg,two_row_motorcycle,29E171046,29E171046,9,9,1.0,True,2,False,0.0,5313.992,3768336
one_row/2_1013_1_36A39285_167_236_579_278.jpg,one_row,36A39285,36A39285,8,8,1.0,True,1,False,0.0,1001.282,3349632
one_row/7_3269_1_36A42543_96_207_559_303.jpg,one_row,36A42543,36A42543,8,8,1.0,True,1,False,0.0,1247.6,3349632
one_row/5_2306_1_36A16232_134_156_521_219.jpg,one_row,36A16232,36A16232,8,8,1.0,True,1,True,0.0,2400.433,3349632
one_row/5_2700_1_36A41058_113_154_515_222.jpg,one_row,36A41058,36A41058,8,8,1.0,True,1,False,0.0,786.984,3349632
one_row/8_969_1_16M4380_130_208_524_285.jpg,one_row,16M4380,16M4380,7,7,1.0,True,1,True,0.0,853.196,2930928
two_rows/5_1136_0_36B02038_119_284_158_326.jpg,two_row_car,36B02038,36B02038,8,8,1.0,True,2,False,0.0,9990.211,3349632
one_row/1_3242_1_36A38648_134_180_532_292.jpg,one_row,36A38648,36A38648,8,8,1.0,True,1,False,0.0,924.028,3349632
one_row/5_2611_1_36A40624_119_177_506_245.jpg,one_row,36A40624,36A40624,8,8,1.0,True,1,True,0.0,880.992,3349632
two_rows_label_xe_may/4_752_0_29U105997_312_45_440_159.jpg,two_row_motorcycle,29U105997,2A0105997,9,7,0.7777777777777778,False,2,False,0.0,3816.293,3768336
two_rows/7_4151_0_36C08588_195_215_436_336.jpg,two_row_car,36C08588,36C08588,8,8,1.0,True,2,False,0.0,336.043,3349632
two_rows_label_xe_may/6_2175_0_12v113196_216_72_368_197.jpg,two_row_motorcycle,12V113196,131219721,9,2,0.2222222222222222,False,1,True,0.0,7379.426,3768336
two_rows/9_640_0_36A44237_171_282_236_341.jpg,two_row_car,36A44237,36A44237,8,8,1.0,True,2,False,0.0,6209.75,3349632
one_row/4_526_1_36A39694_65_195_164_245.jpg,one_row,36A39694,36A39694,8,8,1.0,True,1,True,0.0,3303.401,3349632
one_row/7_3159_1_36A42150_146_237_460_282.jpg,one_row,36A42150,36A42150,8,8,1.0,True,1,True,0.0,1718.846,3349632
two_rows/3_762_0_36A39850_135_314_206_389.jpg,two_row_car,36A39850,393865A0,8,2,0.25,False,1,False,0.0,2243.112,3349632
one_row/4_1807_1_36A16544_60_163_564_282.jpg,one_row,36A16544,36A16544,8,8,1.0,True,1,True,0.0,744.495,3349632
one_row/2_743_1_36A05450_75_191_566_259.jpg,one_row,36A05450,36A05450,8,8,1.0,True,1,True,0.0,1577.809,3349632
one_row/1_2941_1_36A37913_99_206_497_296.jpg,one_row,36A37913,36A37913,8,8,1.0,True,1,False,0.0,461.776,3349632
one_row/5_2052_1_35D00153_98_225_514_288.jpg,one_row,35D00153,35D00153,8,8,1.0,True,1,True,0.0,1665.903,3349632
two_rows/9_412_0_36A43780_184_296_241_363.jpg,two_row_car,36A43780,36A43780,8,8,1.0,True,2,False,0.0,1980.155,3349632
one_row/6_1743_1_29B00252_161_169_496_245.jpg,one_row,29B00252,29B00252,8,8,1.0,True,1,True,0.0,787.907,3349632
two_rows_label_xe_may/3_519_0_29G120189_318_74_458_187.jpg,two_row_motorcycle,29G120189,29G170189,9,8,0.8888888888888888,False,2,False,0.0,5481.535,3768336
two_rows/7_297_0_36A08509_145_207_214_276.jpg,two_row_car,36A08509,36A08509,8,8,1.0,True,2,False,0.0,1553.448,3349632
one_row/4_2051_1_36A35711_103_196_544_288.jpg,one_row,36A35711,36A35711,8,8,1.0,True,1,True,0.289,275.486,3349632
one_row/7_758_1_36A42039_93_263_177_330.jpg,one_row,36A42039,36A42039,8,8,1.0,True,1,True,0.0,985.044,3349632
one_row/7_3323_1_36A42629_67_223_559_280.jpg,one_row,36A42629,36A42629,8,8,1.0,True,1,False,0.0,1021.512,3349632
two_rows_label_xe_may/4_1095_0_29f126838_297_63_440_177.jpg,two_row_motorcycle,29F126838,39F726838,9,7,0.7777777777777778,False,2,False,0.0,3874.778,3768336
one_row/1_4068_1_36C27342_55_226_521_302.jpg,one_row,36C27342,36C27342,8,8,1.0,True,1,True,0.0,914.125,3349632
two_rows/4_434_0_36A22664_70_183_126_251.jpg,two_row_car,36A22664,36A22664,8,8,1.0,True,2,True,5.194,3247.541,3349632
two_rows/8_509_0_36A43658_129_216_196_286.jpg,two_row_car,36A43658,36A43658,8,8,1.0,True,2,False,0.0,861.677,3349632
one_row/8_1321_1_36A15799_105_263_487_336.jpg,one_row,36A15799,36A15799,8,8,1.0,True,1,True,0.0,2802.079,3349632
two_rows/1_419_0_36A12612_109_227_171_305.jpg,two_row_car,36A12612,36A12612,8,8,1.0,True,2,True,0.0,3960.131,3349632
two_rows/6_771_0_36A41606_163_295_230_365.jpg,two_row_car,36A41606,36A41606,8,8,1.0,True,2,False,0.0,2831.839,3349632
one_row/5_2985_1_36A41692_121_189_546_278.jpg,one_row,36A41692,36A41692,8,8,1.0,True,1,True,0.337,720.215,3349632
one_row/4_1431_1_29N4419_178_223_514_299.jpg,one_row,29N4419,29N4409,7,6,0.8571428571428571,False,1,True,0.0,745.935,2930928
one_row/7_4784_1_36M5133_166_218_470_293.jpg,one_row,36M5133,36M5133,7,7,1.0,True,1,True,0.0,703.72,2930928
two_rows/5_1760_0_51R13882_177_309_220_350.jpg,two_row_car,51R13882,61R13482,8,6,0.75,False,2,True,4.086,5440.053,3349632
two_rows/7_2001_0_36M2285_174_260_224_326.jpg,two_row_car,36M2285,36M2285,7,7,1.0,True,2,True,0.0,3211.222,2930928
two_rows/1_1075_0_36A38758_86_283_156_363.jpg,two_row_car,36A38758,83765A81,8,0,0.0,False,1,False,0.0,3232.515,3349632
two_rows/7_1626_0_36C02092_214_379_261_421.jpg,two_row_car,36C02092,36C02092,8,8,1.0,True,2,False,0.0,6382.119,3349632
one_row/3_2341_1_36A39816_173_307_502_368.jpg,one_row,36A39816,36A39816,8,8,1.0,True,1,True,0.0,1924.024,3349632
one_row/6_2515_1_36A41336_121_172_475_239.jpg,one_row,36A41336,36A41336,8,8,1.0,True,1,True,0.0,1309.264,3349632
two_rows_label_xe_may/5_1782_0_30m56942_162_195_293_317.jpg,two_row_motorcycle,30M56942,20901112,8,2,0.25,False,1,False,0.0,5722.533,3349632
two_rows/3_37_0_29B00492_118_297_157_347.jpg,two_row_car,29B00492,29B00492,8,8,1.0,True,2,False,0.0,7510.524,3349632
one_row/6_2528_1_36A41513_105_177_479_254.jpg,one_row,36A41513,36A41513,8,8,1.0,True,1,True,0.0,1521.778,3349632
one_row/3_2248_1_36A39595_121_233_554_306.jpg,one_row,36A39595,36A39595,8,8,1.0,True,1,True,0.0,822.405,3349632
one_row/5_2776_1_36A41192_170_193_499_259.jpg,one_row,36A41192,36A41192,8,8,1.0,True,1,False,0.0,2798.064,3349632
two_rows_label_xe_may/1_419_0_18e106419_200_64_347_172.jpg,two_row_motorcycle,18E106419,18E106479,9,8,0.8888888888888888,False,2,True,0.0,2217.736,3768336
two_rows_label_xe_may/4_621_0_29E158115_485_93_621_240.jpg,two_row_motorcycle,29E158115,29E158115,9,9,1.0,True,2,False,0.0,4944.476,3768336
one_row/6_1752_1_29B08656_116_229_548_306.jpg,one_row,29B08656,29B08656,8,8,1.0,True,1,False,0.0,1445.968,3349632
one_row/6_2687_1_36A41969_159_205_519_280.jpg,one_row,36A41969,36A41969,8,8,1.0,True,1,False,0.0,1273.362,3349632
one_row/8_1857_1_36C11880_87_214_521_283.jpg,one_row,36C11880,36C11880,8,8,1.0,True,1,True,0.0,1108.846,3349632
one_row/9_1393_1_36A25996_174_217_504_280.jpg,one_row,36A25996,36A25996,8,8,1.0,True,1,False,0.0,3349.15,3349632
one_row/4_2867_1_36C10817_123_225_462_296.jpg,one_row,36C10817,36C10817,8,8,1.0,True,1,False,0.0,1628.178,3349632
two_rows_label_xe_may/5_878_0_29T138140_359_78_495_202.jpg,two_row_motorcycle,29T138140,29T138140,9,9,1.0,True,2,False,0.0,3962.693,3768336
two_rows_label_xe_may/2_561_0_29l105739_254_160_390_277.jpg,two_row_motorcycle,29L105739,12G712291,9,0,0.0,False,1,False,0.0,6832.132,3768336
two_rows/4_10_0_17A11339_482_254_532_316.jpg,two_row_car,17A11339,17A11339,8,8,1.0,True,2,True,0.0,5039.485,3349632
two_rows_label_xe_may/3_413_0_16K77168_291_21_453_157.jpg,two_row_motorcycle,16K77168,16K77168,8,8,1.0,True,2,False,0.0,2586.643,3349632
two_rows/7_1841_0_36C27122_379_350_425_403.jpg,two_row_car,36C27122,36C27122,8,8,1.0,True,2,False,0.0,4569.388,3349632
one_row/7_3062_1_36A29982_141_248_493_325.jpg,one_row,36A29982,36A29982,8,8,1.0,True,1,False,0.0,1440.297,3349632
two_rows/6_773_0_36A41619_134_330_194_399.jpg,two_row_car,36A41619,36A41619,8,8,1.0,True,2,False,0.0,2204.639,3349632
two_rows/5_143_0_30E70665_455_228_522_300.jpg,two_row_car,30E70665,30E70665,8,8,1.0,True,2,False,0.0,3567.873,3349632
one_row/6_2439_1_36A26595_132_201_475_264.jpg,one_row,36A26595,436A2595,8,3,0.375,False,1,True,0.0,1783.953,3349632
two_rows_label_xe_may/5_1036_0_29F59635_297_69_468_217.jpg,two_row_motorcycle,29F59635,29F59538,8,6,0.75,False,2,False,0.0,7101.597,3349632
two_rows_label_xe_may/9_3426_0_29m148361_378_102_502_205.jpg,two_row_motorcycle,29M148361,29M148361,9,9,1.0,True,2,True,0.0,1608.169,3768336
two_rows/5_693_0_36A32244_438_202_510_280.jpg,two_row_car,36A32244,36A32244,8,8,1.0,True,2,False,0.0,1981.535,3349632
one_row/1_2206_1_30F62640_92_285_529_348.jpg,one_row,30F62640,30F62640,8,8,1.0,True,1,True,0.0,1885.434,3349632
one_row/5_2147_1_36A07080_119_192_498_255.jpg,one_row,36A07080,36A07080,8,8,1.0,True,1,True,0.0,1197.128,3349632
two_rows/1_938_0_36A38426_95_217_166_300.jpg,two_row_car,36A38426,36A38426,8,8,1.0,True,2,False,0.0,3623.399,3349632
one_row/5_2012_1_30S6244_122_179_472_242.jpg,one_row,30S6244,30S6244,7,7,1.0,True,1,True,0.0,1273.954,2930928
one_row/5_4173_1_36N4842_127_204_552_298.jpg,one_row,36N4842,36N4842,7,7,1.0,True,1,False,0.0,497.627,2930928
two_rows/7_878_0_36A42547_92_225_151_294.jpg,two_row_car,36A42547,36A42547,8,8,1.0,True,2,False,0.0,1141.396,3349632
one_row/2_1566_1_36M0028_68_199_584_286.jpg,one_row,36M0028,36M0028,7,7,1.0,True,1,True,0.0,799.828,2930928
two_rows/6_127_0_30A14218_487_298_545_375.jpg,two_row_car,30A14218,13420A18,8,2,0.25,False,1,True,0.0,5190.71,3349632
two_rows/1_1714_0_36C39194_129_283_192_352.jpg,two_row_car,36C39194,36A39194,8,7,0.875,False,2,False,0.0,7410.155,3349632
one_row/7_2672_1_36A10510_135_240_466_300.jpg,one_row,36A10510,36A10510,8,8,1.0,True,1,True,0.0,610.25,3349632
one_row/4_2386_1_36A40860_96_173_572_273.jpg,one_row,36A40860,36A40860,8,8,1.0,True,1,True,0.0,584.083,3349632
one_row/4_2433_1_36A40953_112_225_561_312.jpg,one_row,36A40953,36A40953,8,8,1.0,True,1,True,0.0,1930.311,3349632
two_rows_label_xe_may/6_2261_0_29e218406_456_113_575_227.jpg,two_row_motorcycle,29E218406,29E218406,9,9,1.0,True,2,False,0.0,3632.555,3768336
two_rows_label_xe_may/8_3161_0_30k99238_409_122_504_202.jpg,two_row_motorcycle,30K99238,30K99238,8,8,1.0,True,2,False,0.0,4082.659,3349632
two_rows_label_xe_may/7_2433_0_29p102065_117_146_244_261.jpg,two_row_motorcycle,29P102065,22G112827,9,3,0.3333333333333333,False,1,False,0.0,6188.323,3768336
one_row/7_1121_1_36A42878_111_258_211_322.jpg,one_row,36A42878,36A42878,8,8,1.0,True,1,True,0.0,1999.729,3349632
one_row/3_1878_1_36A14486_99_244_549_307.jpg,one_row,36A14486,36A14486,8,8,1.0,True,1,True,0.0,598.14,3349632
one_row/8_1811_1_36C07785_36_192_573_291.jpg,one_row,36C07785,36C07785,8,8,1.0,True,1,True,0.0,679.928,3349632
one_row/6_2137_1_36A10282_137_240_542_303.jpg,one_row,36A10282,36A10282,8,8,1.0,True,1,True,0.0,2134.899,3349632
one_row/4_2272_1_36A40543_145_172_575_265.jpg,one_row,36A40543,36A40543,8,8,1.0,True,1,True,1.013,1820.052,3349632
one_row/8_1016_1_29B13167_111_187_574_273.jpg,one_row,29B13167,29B13167,8,8,1.0,True,1,True,0.0,581.574,3349632
two_rows/1_614_0_36A27612_241_275_305_335.jpg,two_row_car,36A27612,36A27612,8,8,1.0,True,2,False,0.0,1041.589,3349632
one_row/4_2645_1_36C00360_89_225_537_315.jpg,one_row,36C00360,36C00360,8,8,1.0,True,1,False,0.0,698.943,3349632
one_row/9_1325_1_36A21857_172_234_486_288.jpg,one_row,36A21857,36A21857,8,8,1.0,True,1,True,0.0,1388.92,3349632
two_rows/7_1691_0_36C11009_356_380_394_418.jpg,two_row_car,36C11009,36C11006,8,7,0.875,False,2,False,0.0,8538.019,3349632
one_row/7_1362_1_36A43259_98_275_176_334.jpg,one_row,36A43259,36A43259,8,8,1.0,True,1,True,0.0,1591.454,3349632
one_row/7_2945_1_36A24528_102_232_517_308.jpg,one_row,36A24528,36A24528,8,8,1.0,True,1,False,0.0,730.55,3349632
one_row/5_2169_1_36A07566_130_167_539_230.jpg,one_row,36A07566,36A07566,8,8,1.0,True,1,True,0.0,361.037,3349632
two_rows/7_1979_0_36L9288_97_239_151_311.jpg,two_row_car,36L9288,36L9288,7,7,1.0,True,2,False,0.0,2335.63,2930928
one_row/7_2635_1_36A08816_140_251_496_317.jpg,one_row,36A08816,36A08816,8,8,1.0,True,1,True,0.0,1028.23,3349632
two_rows_label_xe_may/2_742_0_29t88465_291_73_430_184.jpg,two_row_motorcycle,29T88465,29018465,8,6,0.75,False,2,True,0.0,9135.93,3349632
two_rows_label_xe_may/6_1089_0_29H160159_508_9_635_119.jpg,two_row_motorcycle,29H160159,296150159,9,7,0.7777777777777778,False,2,False,0.0,6816.115,3768336
one_row/6_2432_1_36A26035_122_179_501_242.jpg,one_row,36A26035,36A26035,8,8,1.0,True,1,True,0.0,1487.451,3349632
one_row/9_403_1_36A43761_90_306_181_373.jpg,one_row,36A43761,36A43761,8,8,1.0,True,1,True,0.0,2007.96,3349632
two_rows/7_607_0_36A24957_137_291_196_359.jpg,two_row_car,36A24957,36A24957,8,8,1.0,True,2,False,0.0,1374.747,3349632
one_row/3_2572_1_36B01585_39_166_613_254.jpg,one_row,36B01585,36B01585,8,8,1.0,True,1,True,0.0,496.917,3349632
two_rows/5_998_0_36A41454_470_230_526_297.jpg,two_row_car,36A41454,36A41454,8,8,1.0,True,2,True,0.0,9855.648,3349632
one_row/7_4498_1_36C25972_164_245_489_322.jpg,one_row,36C25972,36C25972,8,8,1.0,True,1,False,0.0,1449.389,3349632
two_rows/7_64_0_29C10966_415_272_472_328.jpg,two_row_car,29C10966,29C10966,8,8,1.0,True,2,False,0.0,6595.522,3349632
two_rows/6_912_0_36A42034_454_206_519_280.jpg,two_row_car,36A42034,36A42034,8,8,1.0,True,2,False,0.0,4306.246,3349632
two_rows/1_1695_0_36C27736_132_311_179_355.jpg,two_row_car,36C27736,36C27736,8,8,1.0,True,2,False,0.0,4589.53,3349632
two_rows/6_797_0_36A41730_450_207_518_279.jpg,two_row_car,36A41730,36A41730,8,8,1.0,True,2,False,0.0,1975.607,3349632
two_rows/2_1654_0_36R01186_192_192_417_344.jpg,two_row_car,36R01186,36R01186,8,8,1.0,True,2,True,0.49,204.47,3349632
one_row/2_784_1_36A09552_90_187_547_262.jpg,one_row,36A09552,36A09552,8,8,1.0,True,1,False,0.0,334.543,3349632
one_row/2_1142_1_36B02796_94_214_554_276.jpg,one_row,36B02796,36B02796,8,8,1.0,True,1,True,0.0,3347.47,3349632
one_row/7_3339_1_36A42663_77_184_509_258.jpg,one_row,36A42663,36A42663,8,8,1.0,True,1,False,0.0,572.494,3349632
one_row/3_3071_1_36C20238_98_247_558_326.jpg,one_row,36C20238,36C20238,8,8,1.0,True,1,True,0.273,746.787,3349632
one_row/1_2266_1_36A00202_230_224_496_288.jpg,one_row,36A00202,36A00202,8,8,1.0,True,1,True,0.0,393.314,3349632
two_rows/1_493_0_36A18079_481_276_535_341.jpg,two_row_car,36A18079,36A18079,8,8,1.0,True,2,True,0.0,2295.694,3349632
one_row/3_3050_1_36C18089_85_247_511_324.jpg,one_row,36C18089,36C18089,8,8,1.0,True,1,True,0.286,1472.935,3349632
two_rows/6_580_0_36A23717_145_325_204_395.jpg,two_row_car,36A23717,23376A17,8,2,0.25,False,1,False,0.0,1430.676,3349632
two_rows_label_xe_may/7_1517_0_29Z136342_452_50_559_169.jpg,two_row_motorcycle,29Z136342,292136342,9,8,0.8888888888888888,False,2,False,0.0,4735.205,3768336
one_row/2_1498_1_36C27593_114_225_548_311.jpg,one_row,36C27593,36C27593,8,8,1.0,True,1,True,0.0,2633.248,3349632
two_rows/1_988_0_36A38539_152_313_223_381.jpg,two_row_car,36A38539,383563A9,8,2,0.25,False,1,False,0.0,2981.801,3349632
one_row/4_3301_1_36C28570_157_201_477_264.jpg,one_row,36C28570,36C28570,8,8,1.0,True,1,True,0.0,3681.854,3349632
two_rows/2_154_0_36A12442_468_228_538_306.jpg,two_row_car,36A12442,36A12442,8,8,1.0,True,2,False,0.0,4607.676,3349632
one_row/1_3623_1_36B02889_143_253_443_329.jpg,one_row,36B02889,36B02889,8,8,1.0,True,1,False,0.0,1432.367,3349632
two_rows_label_xe_may/7_1491_0_18K105683_462_86_577_213.jpg,two_row_motorcycle,18K105683,18K105683,9,9,1.0,True,2,False,0.0,4845.228,3768336
one_row/1_3759_1_36C06776_104_186_450_305.jpg,one_row,36C06776,36C06776,8,8,1.0,True,1,False,0.0,474.556,3349632
one_row/7_4262_1_36C13344_137_225_541_315.jpg,one_row,36C13344,36C13344,8,8,1.0,True,1,True,0.0,879.742,3349632
one_row/9_883_1_36C17717_408_290_492_340.jpg,one_row,36C17717,36C17717,8,8,1.0,True,1,True,0.0,6439.359,3349632
one_row/3_2251_1_36A39603_106_214_502_286.jpg,one_row,36A39603,36A39603,8,8,1.0,True,1,True,1.621,433.627,3349632
one_row/6_2354_1_36A23787_184_241_487_304.jpg,one_row,36A23787,36A23787,8,8,1.0,True,1,True,0.632,2171.318,3349632
one_row/4_3140_1_36C25021_120_225_504_308.jpg,one_row,36C25021,36C25021,8,8,1.0,True,1,True,0.0,1080.577,3349632
one_row/7_889_1_36A42566_100_267_194_332.jpg,one_row,36A42566,36A42566,8,8,1.0,True,1,True,0.0,353.034,3349632
one_row/6_2462_1_36A29137_129_185_553_271.jpg,one_row,36A29137,36A29137,8,8,1.0,True,1,True,0.0,1546.505,3349632
one_row/7_3491_1_36A42906_157_244_506_315.jpg,one_row,36A42906,36A42906,8,8,1.0,True,1,True,0.5,1326.647,3349632
two_rows_label_xe_may/2_771_0_34p94878_290_45_434_154.jpg,two_row_motorcycle,34P94878,43147981,8,0,0.0,False,1,True,0.0,5093.364,3349632
one_row/1_4406_1_51A28595_120_259_605_332.jpg,one_row,51A28595,51A28592,8,7,0.875,False,1,True,0.257,262.018,3349632
two_rows/2_561_0_36N3574_144_247_189_303.jpg,two_row_car,36N3574,36N3574,7,7,1.0,True,2,True,0.0,3787.906,2930928
two_rows/7_787_0_36A42285_96_236_159_313.jpg,two_row_car,36A42285,36A42285,8,8,1.0,True,2,True,0.0,3733.717,3349632
one_row/3_2809_1_36C07069_16_53_593_150.jpg,one_row,36C07069,36C07069,8,8,1.0,True,1,True,0.0,235.817,3349632
one_row/1_2080_1_29C14569_116_286_544_388.jpg,one_row,29C14569,29C14569,8,8,1.0,True,1,True,0.0,1162.117,3349632
one_row/1_2457_1_36A10496_79_182_540_247.jpg,one_row,36A10496,36A10496,8,8,1.0,True,1,True,0.0,1743.07,3349632
two_rows/8_488_0_36A43579_97_234_151_299.jpg,two_row_car,36A43579,36A43579,8,8,1.0,True,2,True,0.0,1852.753,3349632
one_row/7_711_1_36A39326_87_270_166_325.jpg,one_row,36A39326,36A39326,8,8,1.0,True,1,True,0.0,1217.796,3349632
one_row/4_2998_1_36C16799_122_205_488_268.jpg,one_row,36C16799,36C16799,8,8,1.0,True,1,True,0.322,1780.578,3349632
one_row/9_1563_1_36A43899_137_249_510_310.jpg,one_row,36A43899,36A43899,8,8,1.0,True,1,True,0.0,1239.689,3349632
two_rows/8_401_0_36A30861_501_231_557_303.jpg,two_row_car,36A30861,36A30861,8,8,1.0,True,2,True,0.0,5341.108,3349632
one_row/5_4263_1_51C83926_161_169_519_240.jpg,one_row,51C83926,51C83926,8,8,1.0,True,1,True,0.0,774.886,3349632
one_row/6_3010_1_36B02129_95_243_522_298.jpg,one_row,36B02129,36B02129,8,8,1.0,True,1,False,0.0,798.424,3349632
one_row/5_2362_1_36A21121_92_194_482_257.jpg,one_row,36A21121,36A21121,8,8,1.0,True,1,True,0.0,767.081,3349632
one_row/9_1604_1_36A43986_103_264_452_341.jpg,one_row,36A43986,36A43986,8,8,1.0,True,1,True,0.0,1137.153,3349632
two_rows/6_1654_0_51G61275_158_234_216_297.jpg,two_row_car,51G61275,51061275,8,7,0.875,False,2,False,0.0,4130.67,3349632
one_row/3_3228_1_36C27591_73_239_513_314.jpg,one_row,36C27591,36C27591,8,8,1.0,True,1,True,0.0,1325.885,3349632
two_rows_label_xe_may/9_3421_0_29m166210_262_113_435_260.jpg,two_row_motorcycle,29M166210,22G221009,9,1,0.1111111111111111,False,1,False,0.0,6040.02,3768336
one_row/7_4755_1_36M2341_11_225_593_374.jpg,one_row,36M2341,36M2341,7,7,1.0,True,1,True,0.0,772.541,2930928
one_row/7_2555_1_36A05705_105_153_547_225.jpg,one_row,36A05705,36A05705,8,8,1.0,True,1,True,0.0,550.124,3349632
two_rows/9_922_0_36C27927_211_352_253_399.jpg,two_row_car,36C27927,36C27927,8,8,1.0,True,2,False,0.0,4252.786,3349632
two_rows/9_514_0_36A43965_77_297_129_369.jpg,two_row_car,36A43965,433966A5,8,1,0.125,False,1,True,0.0,1971.356,3349632
one_row/6_2751_1_36A42117_160_262_521_329.jpg,one_row,36A42117,36A42117,8,8,1.0,True,1,False,0.0,1631.649,3349632
one_row/6_1857_1_30A50558_68_188_567_272.jpg,one_row,30A50558,30A50558,8,8,1.0,True,1,True,0.818,1245.849,3349632
two_rows/3_1089_0_36C15055_213_390_250_433.jpg,two_row_car,36C15055,36C15055,8,8,1.0,True,2,False,0.0,5923.496,3349632
two_rows/8_996_0_29A32311_194_217_445_359.jpg,two_row_car,29A32311,29A32311,8,8,1.0,True,2,True,0.666,1008.17,3349632
one_row/4_2986_1_36C16490_141_219_483_280.jpg,one_row,36C16490,36C16490,8,8,1.0,True,1,True,0.0,170.52,3349632
one_row/5_2474_1_36A23348_133_145_546_216.jpg,one_row,36A23348,36A23348,8,8,1.0,True,1,True,0.0,1530.088,3349632
two_rows/9_751_0_36A44487_155_234_211_298.jpg,two_row_car,36A44487,36A44487,8,8,1.0,True,2,False,0.0,2012.1,3349632
one_row/3_1478_1_29A52433_126_245_533_317.jpg,one_row,29A52433,29A52433,8,8,1.0,True,1,True,0.0,1573.839,3349632
two_rows/5_153_0_30M3638_173_385_209_428.jpg,two_row_car,30M3638,30MB638,7,6,0.8571428571428571,False,2,False,0.0,6621.34,2930928
two_rows/6_617_0_36A24019_151_253_209_308.jpg,two_row_car,36A24019,36A24019,8,8,1.0,True,2,False,0.0,5919.545,3349632
one_row/7_1116_1_36A42874_87_254_173_312.jpg,one_row,36A42874,66A42874,8,7,0.875,False,1,False,0.0,2521.822,3349632
one_row/7_4636_1_36C29600_114_230_523_295.jpg,one_row,36C29600,36C29600,8,8,1.0,True,1,True,0.519,1544.71,3349632
two_rows/4_1209_0_36L6271_133_294_169_342.jpg,two_row_car,36L6271,36L6271,7,7,1.0,True,2,False,0.0,4936.637,2930928
one_row/7_2890_1_36A23789_92_236_524_322.jpg,one_row,36A23789,36A23789,8,8,1.0,True,1,False,0.0,415.311,3349632
two_rows_label_xe_may/8_3108_0_29p161848_241_117_370_235.jpg,two_row_motorcycle,29P161848,22G122987,9,2,0.2222222222222222,False,1,False,0.0,9032.039,3768336
one_row/6_2505_1_36A38966_111_156_524_229.jpg,one_row,36A38966,36A38966,8,8,1.0,True,1,True,0.0,545.492,3349632
two_rows/2_174_0_36A13075_85_229_151_297.jpg,two_row_car,36A13075,66A16075,8,6,0.75,False,2,False,0.0,2561.204,3349632
one_row/5_3004_1_36B00262_85_219_552_293.jpg,one_row,36B00262,36B00262,8,8,1.0,True,1,True,0.0,139.635,3349632
two_rows/7_1327_0_36A43212_134_256_185_315.jpg,two_row_car,36A43212,36A43212,8,8,1.0,True,2,False,0.0,3509.808,3349632
two_rows_label_xe_may/4_1318_0_98n60614_247_100_408_223.jpg,two_row_motorcycle,98N60614,98N60614,8,8,1.0,True,2,True,0.0,6159.023,3349632
two_rows/3_834_0_36A40057_107_231_164_297.jpg,two_row_car,36A40057,36A40057,8,8,1.0,True,2,True,0.0,4492.977,3349632
one_row/9_1670_1_36A44179_153_257_507_327.jpg,one_row,36A44179,36A44179,8,8,1.0,True,1,False,0.0,2222.17,3349632
one_row/5_3819_1_36C28579_103_240_496_321.jpg,one_row,36C28579,36C28579,8,8,1.0,True,1,True,0.0,1302.598,3349632
two_rows_label_xe_may/6_2141_0_29g179872_239_71_383_192.jpg,two_row_motorcycle,29G179872,292117421,9,3,0.3333333333333333,False,1,False,0.0,10219.981,3768336
one_row/5_2261_1_36A13858_113_186_500_249.jpg,one_row,36A13858,36A13858,8,8,1.0,True,1,True,0.365,350.879,3349632
two_rows/1_1335_0_36B01562_184_301_234_352.jpg,two_row_car,36B01562,36B01562,8,8,1.0,True,2,False,0.0,7026.028,3349632
two_rows/3_912_0_36B00340_142_330_190_379.jpg,two_row_car,36B00340,36500340,8,7,0.875,False,2,False,0.0,4996.598,3349632
one_row/2_1671_1_56N6557_73_204_546_268.jpg,one_row,56N6557,56N6557,7,7,1.0,True,1,True,0.0,424.214,2930928
one_row/3_1812_1_36A12437_114_190_517_258.jpg,one_row,36A12437,36A12437,8,8,1.0,True,1,True,0.0,842.478,3349632
two_rows/1_1820_0_36M7296_222_375_271_417.jpg,two_row_car,36M7296,36M7296,7,7,1.0,True,2,False,0.0,6339.405,2930928
one_row/1_4185_1_36L7248_122_207_515_285.jpg,one_row,36L7248,36L7284,7,5,0.7142857142857143,False,1,True,0.0,1621.362,2930928
two_rows/2_37_0_29U2642_97_302_147_352.jpg,two_row_car,29U2642,2902642,7,6,0.8571428571428571,False,2,False,0.0,4676.97,2930928
two_rows/8_2203_0_36M2894_196_215_414_338.jpg,two_row_car,36M2894,36M2894,7,7,1.0,True,2,True,0.979,852.325,2930928
one_row/2_502_1_36C27789_119_307_215_367.jpg,one_row,36C27789,A6C27789,8,7,0.875,False,1,True,0.0,3079.54,3349632
one_row/3_2318_1_36A39775_108_271_488_336.jpg,one_row,36A39775,36A39775,8,8,1.0,True,1,False,0.0,791.732,3349632
one_row/8_1417_1_36A27709_101_225_551_302.jpg,one_row,36A27709,36A27709,8,8,1.0,True,1,False,0.0,1269.881,3349632
two_rows/8_304_0_36A18060_170_264_238_333.jpg,two_row_car,36A18060,36A18060,8,8,1.0,True,2,False,0.0,1138.671,3349632
two_rows/8_11_0_21B00295_163_298_198_339.jpg,two_row_car,21B00295,32021B95,8,2,0.25,False,1,False,0.0,3140.967,3349632
one_row/1_2424_1_36A08300_88_222_575_287.jpg,one_row,36A08300,36A08300,8,8,1.0,True,1,True,0.0,1766.341,3349632
one_row/2_1548_1_36L5830_113_223_492_288.jpg,one_row,36L5830,36L5830,7,7,1.0,True,1,True,0.0,2865.055,2930928
two_rows/9_963_0_36C29860_229_299_284_348.jpg,two_row_car,36C29860,36C29860,8,8,1.0,True,2,False,0.0,6896.697,3349632
two_rows/3_1513_0_29C39569_151_205_448_320.jpg,two_row_car,29C39569,29C39569,8,8,1.0,True,2,True,0.458,318.878,3349632
one_row/4_3348_1_36D01445_101_226_547_303.jpg,one_row,36D01445,36D01445,8,8,1.0,True,1,True,0.0,1657.06,3349632
one_row/1_3509_1_36B00565_132_232_520_290.jpg,one_row,36B00565,36B00565,8,8,1.0,True,1,True,0.0,1396.072,3349632
one_row/9_305_1_36A43133_104_264_185_328.jpg,one_row,36A43133,36A43833,8,7,0.875,False,1,True,0.0,1133.021,3349632
two_rows/6_1154_0_36B02311_163_404_201_445.jpg,two_row_car,36B02311,36902311,8,7,0.875,False,2,False,0.0,5545.428,3349632
one_row/9_1468_1_36A43576_93_289_536_349.jpg,one_row,36A43576,36A43576,8,8,1.0,True,1,True,0.0,572.532,3349632
one_row/7_2695_1_36A12311_129_214_525_279.jpg,one_row,36A12311,36A12311,8,8,1.0,True,1,True,0.0,1199.17,3349632
one_row/3_444_1_36A21518_347_320_424_351.jpg,one_row,36A21518,36A21578,8,7,0.875,False,1,True,0.0,7096.617,3349632
one_row/4_2450_1_36A40981_94_214_540_300.jpg,one_row,36A40981,36A40981,8,8,1.0,True,1,True,0.0,800.161,3349632
one_row/1_2909_1_36A37824_104_228_539_291.jpg,one_row,36A37824,36A37824,8,8,1.0,True,1,True,0.0,273.498,3349632
one_row/5_3938_1_36D00386_144_178_490_248.jpg,one_row,36D00386,36D00386,8,8,1.0,True,1,True,0.0,2195.495,3349632
one_row/5_4064_1_36M7987_25_205_580_299.jpg,one_row,36M7987,36M7987,7,7,1.0,True,1,True,0.0,271.461,2930928
one_row/9_2321_1_36M8436_211_317_432_358.jpg,one_row,36M8436,36M8436,7,7,1.0,True,1,True,0.0,1126.306,2930928
one_row/7_3172_1_36A42199_194_241_485_297.jpg,one_row,36A42199,36A42199,8,8,1.0,True,1,False,0.0,1537.714,3349632
one_row/1_3949_1_36C19900_142_181_556_294.jpg,one_row,36C19900,36C19900,8,8,1.0,True,1,True,0.0,291.997,3349632
two_rows/9_535_0_36A43990_437_260_494_316.jpg,two_row_car,36A43990,36A43990,8,8,1.0,True,2,False,0.0,4635.185,3349632
one_row/2_790_1_36A11264_72_209_558_264.jpg,one_row,36A11264,36A11264,8,8,1.0,True,1,False,0.0,688.075,3349632
one_row/5_3383_1_36C07798_41_231_587_334.jpg,one_row,36C07798,36C07798,8,8,1.0,True,1,True,0.0,526.843,3349632
two_rows/4_1292_0_57L6410_122_261_166_306.jpg,two_row_car,57L6410,57L6410,7,7,1.0,True,2,False,0.0,4707.892,2930928
one_row/7_1135_1_36A42892_76_277_180_339.jpg,one_row,36A42892,36A42892,8,8,1.0,True,1,True,0.0,185.296,3349632
one_row/5_4150_1_36N3668_102_188_540_272.jpg,one_row,36N3668,36N3668,7,7,1.0,True,1,True,0.0,573.522,2930928
two_rows/5_1204_0_36B03402_102_285_142_334.jpg,two_row_car,36B03402,136B3402,8,4,0.5,False,2,False,0.0,11105.19,3349632
one_row/1_1579_1_36C26590_172_378_245_415.jpg,one_row,36C26590,36C26590,8,8,1.0,True,1,False,0.0,1112.844,3349632
one_row/6_1933_1_35C08982_41_226_557_308.jpg,one_row,35C08982,35C08982,8,8,1.0,True,1,True,0.0,274.562,3349632
one_row/8_1984_1_36C22497_91_256_519_352.jpg,one_row,36C22497,36C22497,8,8,1.0,True,1,True,0.0,1229.335,3349632
two_rows/1_1111_0_36A38858_125_207_205_285.jpg,two_row_car,36A38858,36A38858,8,8,1.0,True,2,False,0.0,4279.003,3349632
one_row/7_3296_1_36A42590_95_246_479_310.jpg,one_row,36A42590,36A42590,8,8,1.0,True,1,True,0.0,706.109,3349632
one_row/7_4876_1_36N4546_211_225_517_285.jpg,one_row,36N4546,36N4546,7,7,1.0,True,1,True,0.0,972.556,2930928
one_row/8_2096_1_36C29843_95_225_554_320.jpg,one_row,36C29843,36C29843,8,8,1.0,True,1,False,0.0,539.14,3349632
one_row/3_2416_1_36A39965_155_257_519_312.jpg,one_row,36A39965,36A39965,8,8,1.0,True,1,True,0.0,1115.906,3349632
two_rows/1_1129_0_36A38898_69_255_132_332.jpg,two_row_car,36A38898,336A8898,8,5,0.625,False,2,True,0.0,5700.764,3349632
one_row/6_3556_1_36C24998_56_270_537_333.jpg,one_row,36C24998,36C24998,8,8,1.0,True,1,True,0.0,549.989,3349632
one_row/3_2568_1_36B01513_78_207_526_282.jpg,one_row,36B01513,36B01513,8,8,1.0,True,1,True,0.0,142.885,3349632
one_row/7_4580_1_36C29257_143_222_516_285.jpg,one_row,36C29257,36C29257,8,8,1.0,True,1,True,0.0,1987.799,3349632
two_rows/5_249_0_36A03930_426_225_496_293.jpg,two_row_car,36A03930,36A03930,8,8,1.0,True,2,False,0.0,4923.081,3349632
two_rows/7_222_0_36A02792_129_210_188_262.jpg,two_row_car,36A02792,36A02792,8,8,1.0,True,2,False,0.0,2426.401,3349632
two_rows/9_601_0_36A44168_415_280_473_342.jpg,two_row_car,36A44168,36A44168,8,8,1.0,True,2,False,0.0,9349.548,3349632
one_row/7_4048_1_36C03994_163_225_477_302.jpg,one_row,36C03994,36C03994,8,8,1.0,True,1,True,0.0,638.947,3349632
one_row/7_2859_1_36A21134_153_220_552_294.jpg,one_row,36A21134,36A21134,8,8,1.0,True,1,True,0.0,157.148,3349632
one_row/8_1389_1_36A25160_130_201_508_271.jpg,one_row,36A25160,36A25160,8,8,1.0,True,1,True,0.0,1815.727,3349632
one_row/7_3542_1_36A42990_113_229_512_308.jpg,one_row,36A42990,36A42990,8,8,1.0,True,1,False,0.0,723.977,3349632
one_row/7_2820_1_36A16363_146_216_507_282.jpg,one_row,36A16363,36A16363,8,8,1.0,True,1,True,0.0,1956.92,3349632
one_row/4_1687_1_36A09048_85_225_543_319.jpg,one_row,36A09048,36A09048,8,8,1.0,True,1,True,0.0,1402.747,3349632
one_row/6_2134_1_36A10036_149_155_531_218.jpg,one_row,36A10036,36A10036,8,8,1.0,True,1,True,0.0,1042.066,3349632
two_rows_label_xe_may/8_1559_0_29D214678_482_51_602_191.jpg,two_row_motorcycle,29D214678,290214578,9,7,0.7777777777777778,False,2,False,0.0,5164.486,3768336
one_row/3_2713_1_36C02036_95_242_517_303.jpg,one_row,36C02036,36C02036,8,8,1.0,True,1,True,0.359,1548.25,3349632
one_row/4_3038_1_36C20691_139_215_496_288.jpg,one_row,36C20691,36C20691,8,8,1.0,True,1,True,0.0,1402.554,3349632
one_row/1_4065_1_36C27307_84_300_579_418.jpg,one_row,36C27307,36C27307,8,8,1.0,True,1,True,0.0,2878.694,3349632
one_row/6_3712_1_36D00368_159_294_475_357.jpg,one_row,36D00368,36D00368,8,8,1.0,True,1,True,0.0,1128.969,3349632
one_row/8_1201_1_36A05894_42_208_597_299.jpg,one_row,36A05894,36A05894,8,8,1.0,True,1,True,0.0,507.972,3349632
one_row/4_2591_1_36B02646_58_266_555_354.jpg,one_row,36B02646,36B02646,8,8,1.0,True,1,True,0.0,1238.582,3349632
one_row/6_2592_1_36A41751_133_200_496_273.jpg,one_row,36A41751,36A41751,8,8,1.0,True,1,False,0.0,1594.378,3349632
two_rows_label_xe_may/9_3350_0_88k126669_232_57_378_187.jpg,two_row_motorcycle,88K126669,228212491,9,0,0.0,False,1,False,0.0,5865.583,3768336
one_row/1_2696_1_36A20922_21_191_594_275.jpg,one_row,36A20922,36A20922,8,8,1.0,True,1,True,0.0,710.562,3349632
one_row/1_1679_1_36C27670_421_302_506_360.jpg,one_row,36C27670,36C27670,8,8,1.0,True,1,True,0.0,2722.561,3349632
two_rows_label_xe_may/6_1167_0_16P51054_2_159_115_276.jpg,two_row_motorcycle,16P51054,16R51064,8,6,0.75,False,2,False,0.0,969.166,3349632
two_rows/3_3000_0_36C15713_154_160_498_355.jpg,two_row_car,36C15713,36C15713,8,8,1.0,True,2,True,0.0,294.0,3349632
one_row/1_2368_1_36A06167_55_216_556_287.jpg,one_row,36A06167,36A06167,8,8,1.0,True,1,True,0.0,304.517,3349632
two_rows/9_920_0_36C26207_403_349_448_397.jpg,two_row_car,36C26207,36C26207,8,8,1.0,True,2,False,0.0,8763.937,3349632
one_row/1_3024_1_36A38120_186_268_499_331.jpg,one_row,36A38120,36038120,8,7,0.875,False,1,True,0.0,633.451,3349632
one_row/1_3249_1_36A38674_154_204_533_263.jpg,one_row,36A38674,36A38674,8,8,1.0,True,1,False,0.0,497.324,3349632
one_row/9_1626_1_36A44087_166_214_506_277.jpg,one_row,36A44087,36A44087,8,8,1.0,True,1,True,0.0,1223.888,3349632
two_rows/3_857_0_36A40141_437_229_501_300.jpg,two_row_car,36A40141,36A40141,8,8,1.0,True,2,False,0.0,4374.923,3349632
two_rows/6_1308_0_36C17005_204_388_244_427.jpg,two_row_car,36C17005,36C17005,8,8,1.0,True,2,False,0.0,11223.158,3349632
one_row/8_2125_1_36D00774_135_240_522_301.jpg,one_row,36D00774,36D00774,8,8,1.0,True,1,True,1.469,1589.849,3349632
one_row/5_3729_1_36C23484_115_196_524_283.jpg,one_row,36C23484,36C23484,8,8,1.0,True,1,True,0.434,1259.48,3349632
one_row/7_4598_1_36C29310_189_243_479_296.jpg,one_row,36C29310,36C29310,8,8,1.0,True,1,True,0.0,3107.769,3349632
one_row/1_2141_1_29U3665_52_204_586_291.jpg,one_row,29U3665,29D3665,7,6,0.8571428571428571,False,1,True,0.0,354.6,2930928
one_row/6_3615_1_36C28903_42_203_559_292.jpg,one_row,36C28903,36C28903,8,8,1.0,True,1,True,0.971,1719.207,3349632
one_row/7_3650_1_36A43239_143_193_538_270.jpg,one_row,36A43239,36A43239,8,8,1.0,True,1,False,0.0,1577.366,3349632
one_row/9_2355_1_36N2900_191_338_437_401.jpg,one_row,36N2900,36N2900,7,7,1.0,True,1,True,0.0,897.637,2930928
two_rows/1_1160_0_36A38980_61_230_128_308.jpg,two_row_car,36A38980,36A38980,8,8,1.0,True,2,False,0.0,3816.895,3349632
two_rows/6_1326_0_36C17441_357_364_407_408.jpg,two_row_car,36C17441,36C17441,8,8,1.0,True,2,True,0.0,8465.159,3349632
two_rows_label_xe_may/2_240_0_29F143709_423_82_559_213.jpg,two_row_motorcycle,29F143709,29F143709,9,9,1.0,True,2,False,0.0,5831.035,3768336
one_row/9_1620_1_36A44075_183_258_460_309.jpg,one_row,36A44075,36A44075,8,8,1.0,True,1,True,0.0,1920.67,3349632
two_rows/2_521_0_36D01110_480_324_543_408.jpg,two_row_car,36D01110,03161010,8,3,0.375,False,1,True,0.0,6392.673,3349632
one_row/5_2060_1_36A00374_89_192_575_275.jpg,one_row,36A00374,36A00374,8,8,1.0,True,1,True,0.0,846.447,3349632
two_rows_label_xe_may/5_1789_0_33n40358_287_44_411_130.jpg,two_row_motorcycle,33N40358,2A003583,8,0,0.0,False,2,True,0.0,7897.221,3349632
one_row/5_3151_1_36B03402_156_171_483_228.jpg,one_row,36B03402,36B03402,8,8,1.0,True,1,True,0.0,2435.701,3349632
one_row/5_3976_1_36L8153_68_98_468_195.jpg,one_row,36L8153,36C8153,7,6,0.8571428571428571,False,1,True,0.0,68.372,2930928
two_rows_label_xe_may/2_719_0_29g179038_322_79_427_157.jpg,two_row_motorcycle,29G179038,29G179038,9,9,1.0,True,2,True,0.0,5601.309,3768336
two_rows_label_xe_may/8_3257_0_29e114453_237_172_363_303.jpg,two_row_motorcycle,29E114453,42G412291,9,1,0.1111111111111111,False,1,False,0.0,8925.699,3768336
two_rows/4_213_0_36A07471_451_262_504_322.jpg,two_row_car,36A07471,36A07471,8,8,1.0,True,2,False,0.0,2164.025,3349632
two_rows_label_xe_may/2_830_0_18b122465_218_109_365_229.jpg,two_row_motorcycle,18B122465,221846821,9,0,0.0,False,1,True,0.0,5456.879,3768336
two_rows/7_1389_0_36A43297_96_174_157_244.jpg,two_row_car,36A43297,36A43297,8,8,1.0,True,2,False,0.0,1378.297,3349632
two_rows/5_1612_0_36L9732_158_344_204_387.jpg,two_row_car,36L9732,36L9732,7,7,1.0,True,2,True,0.0,3449.814,2930928
one_row/3_2472_1_36A40137_126_220_538_281.jpg,one_row,36A40137,36A40137,8,8,1.0,True,1,True,0.0,926.157,3349632
two_rows/8_1816_0_36C08054_194_198_447_309.jpg,two_row_car,36C08054,36C08054,8,8,1.0,True,2,False,0.0,582.923,3349632
one_row/6_2040_1_36A05941_128_191_533_257.jpg,one_row,36A05941,36A05941,8,8,1.0,True,1,True,0.0,655.191,3349632
two_rows_label_xe_may/1_27_0_29b178980_199_115_331_236.jpg,two_row_motorcycle,29B178980,712199107,9,1,0.1111111111111111,False,1,False,0.0,2237.346,3768336
two_rows_label_xe_may/7_2793_0_29g162513_462_102_580_211.jpg,two_row_motorcycle,29G162513,29G162513,9,9,1.0,True,2,False,0.0,3545.708,3768336
one_row/4_2366_1_36A40792_94_178_582_291.jpg,one_row,36A40792,36A40792,8,8,1.0,True,1,False,0.0,651.023,3349632
one_row/6_1490_1_36HC00387_446_332_519_394.jpg,one_row,36HC00387,36HC00381,9,8,0.8888888888888888,False,1,False,0.0,7024.157,3768336
one_row/6_2096_1_36A08242_148_243_493_306.jpg,one_row,36A08242,36A08242,8,8,1.0,True,1,True,1.562,1463.713,3349632
one_row/9_1846_1_36B03477_147_268_442_313.jpg,one_row,36B03477,36B03477,8,8,1.0,True,1,True,0.0,2058.111,3349632
two_rows_label_xe_may/8_2934_0_38p116848_275_40_422_154.jpg,two_row_motorcycle,38P116848,120114781,9,2,0.2222222222222222,False,1,True,0.0,4932.474,3768336
two_rows/5_898_0_36A41236_488_186_554_260.jpg,two_row_car,36A41236,36A41236,8,8,1.0,True,2,False,0.0,5937.501,3349632
two_rows_label_xe_may/4_1222_0_30f22558_166_157_293_269.jpg,two_row_motorcycle,30F22558,10212411,8,2,0.25,False,1,False,0.0,9701.153,3349632
one_row/1_2632_1_36A18268_173_210_524_269.jpg,one_row,36A18268,36A18268,8,8,1.0,True,1,False,0.0,1487.179,3349632
two_rows/5_605_0_36A23416_453_290_518_367.jpg,two_row_car,36A23416,36A23416,8,8,1.0,True,2,False,0.0,2691.639,3349632
one_row/1_4000_1_36C24003_42_222_581_311.jpg,one_row,36C24003,36C24003,8,8,1.0,True,1,True,1.374,696.472,3349632
one_row/6_3291_1_36C11287_98_225_505_299.jpg,one_row,36C11287,36C11287,8,8,1.0,True,1,True,0.0,966.727,3349632
two_rows_label_xe_may/2_872_0_29n146848_430_170_556_281.jpg,two_row_motorcycle,29N146848,29N146848,9,9,1.0,True,2,False,0.0,4607.57,3768336
one_row/1_2568_1_36A14840_143_252_544_315.jpg,one_row,36A14840,36A14040,8,7,0.875,False,1,True,0.0,645.234,3349632
two_rows/3_579_0_36A39003_449_226_504_284.jpg,two_row_car,36A39003,36A39003,8,8,1.0,True,2,False,0.0,5733.673,3349632
one_row/8_281_1_36A15320_85_331_171_405.jpg,one_row,36A15320,36A15320,8,8,1.0,True,1,True,0.0,887.406,3349632
one_row/7_214_1_36A02626_98_180_182_232.jpg,one_row,36A02626,36A02626,8,8,1.0,True,1,True,0.0,6449.021,3349632
one_row/8_658_1_36C05557_431_281_506_326.jpg,one_row,36C05557,36C05557,8,8,1.0,True,1,True,0.0,4820.244,3349632
one_row/3_1907_1_36A17555_68_227_575_284.jpg,one_row,36A17555,6A175554,8,2,0.25,False,1,False,0.0,820.929,3349632
one_row/3_3422_1_36HC00052_85_194_538_271.jpg,one_row,36HC00052,36HC00052,9,9,1.0,True,1,True,0.0,435.762,3768336
two_rows_label_xe_may/3_919_0_29g119827_246_71_395_197.jpg,two_row_motorcycle,29G119827,192892471,9,1,0.1111111111111111,False,1,False,0.0,8448.821,3768336
one_row/4_1657_1_36A07362_42_174_569_271.jpg,one_row,36A07362,36A07362,8,8,1.0,True,1,True,0.123,325.548,3349632
one_row/3_1817_1_36A12608_85_197_565_287.jpg,one_row,36A12608,36A12608,8,8,1.0,True,1,False,0.0,493.447,3349632
one_row/3_1773_1_36A08720_118_212_493_303.jpg,one_row,36A08720,36A08720,8,8,1.0,True,1,True,0.0,144.552,3349632
two_rows/3_191_0_36A02614_368_208_436_271.jpg,two_row_car,36A02614,36A02614,8,8,1.0,True,2,False,0.0,8456.819,3349632
one_row/4_3518_1_36N1078_165_246_447_309.jpg,one_row,36N1078,36A1078,7,6,0.8571428571428571,False,1,True,0.503,419.448,2930928
one_row/7_3008_1_36A25507_185_254_481_317.jpg,one_row,36A25507,36A25507,8,8,1.0,True,1,True,0.0,437.814,3349632
one_row/1_4164_1_36D01017_184_272_482_319.jpg,one_row,36D01017,36D01017,8,8,1.0,True,1,True,0.0,379.557,3349632
one_row/5_1315_1_36C11111_132_314_218_369.jpg,one_row,36C11111,36C11111,8,8,1.0,True,1,True,0.0,1852.691,3349632
one_row/7_2738_1_36A14073_96_194_601_290.jpg,one_row,36A14073,36A14073,8,8,1.0,True,1,True,0.0,209.591,3349632
two_rows/7_82_0_29T1073_145_213_200_272.jpg,two_row_car,29T1073,2771073,7,5,0.7142857142857143,False,2,False,0.0,966.917,2930928
one_row/9_1667_1_36A44176_48_221_523_304.jpg,one_row,36A44176,36A44176,8,8,1.0,True,1,True,0.0,1198.818,3349632
one_row/7_923_1_36A42615_80_272_177_329.jpg,one_row,36A42615,36A42615,8,8,1.0,True,1,True,0.0,1479.484,3349632
one_row/7_2376_1_30A64928_98_202_544_281.jpg,one_row,30A64928,30A64928,8,8,1.0,True,1,True,1.781,196.866,3349632
one_row/5_3595_1_36C17154_86_226_594_313.jpg,one_row,36C17154,36C17154,8,8,1.0,True,1,True,0.0,1460.743,3349632
one_row/5_1925_1_29H05850_97_226_559_289.jpg,one_row,29H05850,29H05850,8,8,1.0,True,1,True,0.0,674.778,3349632
two_rows/1_1883_0_36N3883_109_221_168_308.jpg,two_row_car,36N3883,36N3883,7,7,1.0,True,2,True,0.0,2536.095,2930928
one_row/3_1668_1_36A00986_72_212_560_315.jpg,one_row,36A00986,36A00986,8,8,1.0,True,1,False,0.0,205.615,3349632
two_rows/2_242_0_36A26345_479_325_536_405.jpg,two_row_car,36A26345,23863A45,8,2,0.25,False,1,True,0.0,5726.113,3349632
two_rows_label_xe_may/8_1606_0_30H93490_424_105_514_237.jpg,two_row_motorcycle,30H93490,30H93490,8,8,1.0,True,2,True,0.0,5923.018,3349632
two_rows_label_xe_may/2_747_0_89b114048_378_252_500_349.jpg,two_row_motorcycle,89B114048,89B114048,9,9,1.0,True,2,True,0.0,1410.336,3768336
two_rows/6_415_0_36A11979_433_192_499_259.jpg,two_row_car,36A11979,36A11979,8,8,1.0,True,2,False,0.0,4996.995,3349632
one_row/1_3251_1_36A38680_125_178_559_243.jpg,one_row,36A38680,36A38680,8,8,1.0,True,1,True,0.0,1341.554,3349632
one_row/7_2673_1_36A10545_135_196_527_269.jpg,one_row,36A10545,36A10545,8,8,1.0,True,1,True,0.0,1265.447,3349632
two_rows_label_xe_may/6_1916_0_29l130122_215_155_342_275.jpg,two_row_motorcycle,29L130122,202212221,9,2,0.2222222222222222,False,1,False,0.0,5112.138,3768336
one_row/3_1616_1_30P8791_92_225_597_303.jpg,one_row,30P8791,30P8791,7,7,1.0,True,1,True,0.526,793.216,2930928
one_row/8_2235_1_36M8811_134_247_513_318.jpg,one_row,36M8811,3666871,7,4,0.5714285714285714,False,1,False,0.0,1382.272,2930928
one_row/7_2511_1_36A02635_121_260_490_324.jpg,one_row,36A02635,36A02635,8,8,1.0,True,1,True,0.0,1294.291,3349632
one_row/8_2139_1_36HC00408_102_242_527_309.jpg,one_row,36HC00408,36HC00408,9,9,1.0,True,1,True,0.0,3354.225,3768336
one_row/7_3742_1_36A43487_106_225_496_303.jpg,one_row,36A43487,36A43487,8,8,1.0,True,1,False,0.0,998.469,3349632
two_rows/4_178_0_36A04794_109_226_158_286.jpg,two_row_car,36A04794,36A04794,8,8,1.0,True,2,True,0.0,5644.055,3349632
one_row/8_712_1_36C17304_436_323_524_379.jpg,one_row,36C17304,36C17304,8,8,1.0,True,1,True,0.0,3049.851,3349632
one_row/3_1816_1_36A12598_91_185_576_265.jpg,one_row,36A12598,36A12598,8,8,1.0,True,1,False,0.0,2118.967,3349632
one_row/8_1388_1_36A25159_120_200_554_285.jpg,one_row,36A25159,36A25159,8,8,1.0,True,1,True,1.137,1174.24,3349632
one_row/3_3010_1_36C15794_137_225_496_292.jpg,one_row,36C15794,36C15794,8,8,1.0,True,1,True,0.0,1165.365,3349632
one_row/3_1858_1_36A13557_87_205_545_277.jpg,one_row,36A13557,36A13557,8,8,1.0,True,1,True,0.0,731.539,3349632
two_rows/6_1382_0_36C27201_232_411_277_456.jpg,two_row_car,36C27201,36C27201,8,8,1.0,True,2,False,0.0,3114.491,3349632
one_row/6_2180_1_36A13933_92_235_453_308.jpg,one_row,36A13933,36A13933,8,8,1.0,True,1,True,0.0,1984.786,3349632
two_rows/2_148_0_36A12133_501_324_552_401.jpg,two_row_car,36A12133,13261A33,8,2,0.25,False,1,True,0.0,5304.84,3349632
two_rows/6_117_0_30A00375_274_272_337_325.jpg,two_row_car,30A00375,30A00375,8,8,1.0,True,2,True,0.0,4755.901,3349632
two_rows/5_125_0_30A34560_438_205_509_288.jpg,two_row_car,30A34560,30A34560,8,8,1.0,True,2,False,0.0,6873.145,3349632
two_rows/8_2289_0_36R02042_112_155_406_347.jpg,two_row_car,36R02042,36R02042,8,8,1.0,True,2,True,0.0,1093.465,3349632
two_rows_label_xe_may/2_607_0_29d187304_471_169_588_270.jpg,two_row_motorcycle,29D187304,29D187304,9,9,1.0,True,2,False,0.0,3980.015,3768336
one_row/2_788_1_36A10868_153_212_526_259.jpg,one_row,36A10868,36A10868,8,8,1.0,True,1,False,0.0,835.314,3349632
one_row/1_3442_1_36A39119_125_224_573_287.jpg,one_row,36A39119,36A39119,8,8,1.0,True,1,False,0.0,1919.183,3349632
two_rows/8_657_0_36C04718_143_319_205_389.jpg,two_row_car,36C04718,36C04718,8,8,1.0,True,2,True,0.0,2193.005,3349632
two_rows_label_xe_may/9_3685_0_15b223135_125_6_221_80.jpg,two_row_motorcycle,15B223135,277225048,9,2,0.2222222222222222,False,1,True,0.0,8010.735,3768336
one_row/6_2666_1_36A41910_160_197_503_260.jpg,one_row,36A41910,36A41910,8,8,1.0,True,1,True,0.0,1783.067,3349632
one_row/7_854_1_36A42507_90_281_192_350.jpg,one_row,36A42507,36A42507,8,8,1.0,True,1,True,0.0,471.896,3349632
two_rows_label_xe_may/5_1695_0_18z78692_294_71_435_190.jpg,two_row_motorcycle,18Z78692,86689222,8,1,0.125,False,1,False,0.0,12260.28,3349632
two_rows/7_591_0_36A24799_169_301_226_360.jpg,two_row_car,36A24799,36A24793,8,7,0.875,False,2,False,0.0,1326.774,3349632
one_row/6_2265_1_36A20291_96_187_499_256.jpg,one_row,36A20291,36A20291,8,8,1.0,True,1,True,0.0,1332.145,3349632
two_rows_label_xe_may/2_230_0_29M108100_225_150_352_256.jpg,two_row_motorcycle,29M108100,29M108100,9,9,1.0,True,2,False,0.0,4707.536,3768336
two_rows/7_2124_0_37N6651_423_322_460_369.jpg,two_row_car,37N6651,37N6651,7,7,1.0,True,2,False,0.0,6723.329,2930928
two_rows/1_714_0_36A37790_113_228_176_291.jpg,two_row_car,36A37790,36A37790,8,8,1.0,True,2,False,0.0,3936.969,3349632
two_rows/8_308_0_36A19598_453_311_515_380.jpg,two_row_car,36A19598,36A19598,8,8,1.0,True,2,False,0.0,4566.825,3349632
two_rows/6_674_0_36A26956_450_305_509_371.jpg,two_row_car,36A26956,36A26956,8,8,1.0,True,2,False,0.0,8427.279,3349632
two_rows_label_xe_may/2_737_0_25f29966_412_229_527_328.jpg,two_row_motorcycle,25F29966,25F29966,8,8,1.0,True,2,False,0.0,2690.561,3349632
two_rows/1_4008_0_36C24431_62_122_617_342.jpg,two_row_car,36C24431,36C24431,8,8,1.0,True,2,True,3.521,220.415,3349632
one_row/1_2211_1_30M5684_26_248_582_315.jpg,one_row,30M5684,30M5684,7,7,1.0,True,1,False,0.0,649.275,2930928
one_row/4_1443_1_29U8800_65_193_543_305.jpg,one_row,29U8800,2908800,7,6,0.8571428571428571,False,1,True,0.0,1562.599,2930928
two_rows/8_267_0_36A14763_143_272_192_327.jpg,two_row_car,36A14763,36A14763,8,8,1.0,True,2,False,0.0,3358.109,3349632
two_rows/5_566_0_36A23102_436_215_506_282.jpg,two_row_car,36A23102,36A23102,8,8,1.0,True,2,False,0.0,3798.374,3349632
one_row/7_2382_1_30A72567_119_175_537_246.jpg,one_row,30A72567,30A72567,8,8,1.0,True,1,False,0.0,1104.418,3349632
one_row/7_2870_1_36A21952_105_255_531_318.jpg,one_row,36A21952,36A21952,8,8,1.0,True,1,True,0.0,986.442,3349632
one_row/2_1158_1_36C00213_57_213_553_314.jpg,one_row,36C00213,36C00213,8,8,1.0,True,1,True,0.0,826.988,3349632
two_rows_label_xe_may/7_1501_0_36G128734_370_11_535_151.jpg,two_row_motorcycle,36G128734,344128734,9,7,0.7777777777777778,False,2,False,0.0,4184.036,3768336
one_row/7_4528_1_36C29017_120_242_518_304.jpg,one_row,36C29017,36C29017,8,8,1.0,True,1,True,0.0,470.857,3349632
one_row/5_3722_1_36C22983_50_230_602_344.jpg,one_row,36C22983,36C22983,8,8,1.0,True,1,True,0.317,593.574,3349632
two_rows_label_xe_may/8_3206_0_29h151286_257_61_405_181.jpg,two_row_motorcycle,29H151286,222298867,9,1,0.1111111111111111,False,1,True,0.0,5876.552,3768336
one_row/9_1442_1_36A43439_95_203_497_266.jpg,one_row,36A43439,36A43439,8,8,1.0,True,1,True,0.0,858.193,3349632
one_row/7_3703_1_36A43362_114_217_496_284.jpg,one_row,36A43362,36A43362,8,8,1.0,True,1,False,0.0,1289.657,3349632
two_rows/6_383_0_36A09589_475_220_540_289.jpg,two_row_car,36A09589,36A09589,8,8,1.0,True,2,False,0.0,2963.961,3349632
two_rows/3_350_0_36A13647_427_331_492_408.jpg,two_row_car,36A13647,36A13647,8,8,1.0,True,2,False,0.0,11777.424,3349632
one_row/8_2130_1_36D00978_156_202_423_261.jpg,one_row,36D00978,36D00978,8,8,1.0,True,1,True,0.0,2593.713,3349632
one_row/2_1510_1_36C27725_108_209_540_300.jpg,one_row,36C27725,36C27725,8,8,1.0,True,1,True,0.0,1355.442,3349632
two_rows_label_xe_may/6_2235_0_35b188546_286_35_418_137.jpg,two_row_motorcycle,35B188546,882224861,9,0,0.0,False,1,True,0.0,6205.895,3768336
one_row/4_2922_1_36C14824_109_249_451_312.jpg,one_row,36C14824,36C14824,8,8,1.0,True,1,True,0.0,884.612,3349632
two_rows/4_763_0_36A40884_131_209_195_274.jpg,two_row_car,36A40884,36A40884,8,8,1.0,True,2,False,0.0,3473.719,3349632
one_row/7_2948_1_36A24544_64_207_501_280.jpg,one_row,36A24544,36A24544,8,8,1.0,True,1,True,0.909,1438.361,3349632
one_row/3_2058_1_36A26003_135_251_486_306.jpg,one_row,36A26003,36A26003,8,8,1.0,True,1,True,0.0,1498.544,3349632
two_rows/3_1569_0_30A52705_116_177_534_348.jpg,two_row_car,30A52705,30A52705,8,8,1.0,True,2,True,0.0,799.439,3349632
two_rows/1_1544_0_36C19525_177_395_224_438.jpg,two_row_car,36C19525,36C19525,8,8,1.0,True,2,False,0.0,4774.74,3349632
two_rows_label_xe_may/1_9_0_29g171125_482_94_587_182.jpg,two_row_motorcycle,29G171125,29G171125,9,9,1.0,True,2,False,0.0,4912.677,3768336
two_rows/7_872_0_36A42535_118_217_180_286.jpg,two_row_car,36A42535,36A42535,8,8,1.0,True,2,False,0.0,2147.846,3349632
one_row/7_2559_1_36A05974_131_235_478_291.jpg,one_row,36A05974,36A05974,8,8,1.0,True,1,True,0.0,1137.324,3349632
one_row/5_2224_1_36A11478_157_156_499_219.jpg,one_row,36A11478,36A11478,8,8,1.0,True,1,True,0.0,1187.641,3349632
one_row/7_3114_1_36A40610_164_201_545_282.jpg,one_row,36A40610,36A40610,8,8,1.0,True,1,True,0.0,997.993,3349632
two_rows_label_xe_may/5_949_0_29S15459_498_29_627_165.jpg,two_row_motorcycle,29S15459,29815458,8,6,0.75,False,2,False,0.0,3766.171,3349632
two_rows/9_136_0_36A09160_456_302_505_362.jpg,two_row_car,36A09160,36A09160,8,8,1.0,True,2,True,0.0,5436.433,3349632
two_rows_label_xe_may/7_1421_0_16F24506_421_28_560_150.jpg,two_row_motorcycle,16F24506,16F24506,8,8,1.0,True,2,False,0.0,4748.483,3349632
one_row/5_3540_1_36C16682_87_197_567_277.jpg,one_row,36C16682,36C16682,8,8,1.0,True,1,True,0.0,421.461,3349632
one_row/7_3708_1_36A43373_100_262_523_317.jpg,one_row,36A43373,36A43373,8,8,1.0,True,1,True,0.0,455.93,3349632
two_rows_label_xe_may/2_453_0_29m166272_270_76_429_207.jpg,two_row_motorcycle,29M166272,22G227121,9,1,0.1111111111111111,False,1,True,0.0,7984.271,3768336
one_row/2_1031_1_36A39360_158_242_502_300.jpg,one_row,36A39360,36A39360,8,8,1.0,True,1,True,0.886,181.653,3349632
two_rows_label_xe_may/4_594_0_71FB8322_339_5_503_127.jpg,two_row_motorcycle,71FB8322,71F88322,8,7,0.875,False,2,True,0.0,3726.699,3349632
two_rows/6_1398_0_36C28970_229_307_270_349.jpg,two_row_car,36C28970,36C28970,8,8,1.0,True,2,False,0.0,6852.097,3349632
two_rows/6_656_0_36A24460_463_183_532_261.jpg,two_row_car,36A24460,36A24460,8,8,1.0,True,2,False,0.0,5367.784,3349632
two_rows_label_xe_may/8_3068_0_29h188228_256_68_387_187.jpg,two_row_motorcycle,29H188228,91G119191,9,1,0.1111111111111111,False,1,False,0.0,8862.484,3768336
one_row/8_722_1_36C17999_452_288_531_338.jpg,one_row,36C17999,36C17999,8,8,1.0,True,1,True,0.0,1874.851,3349632
two_rows/9_491_0_36A43945_174_217_240_273.jpg,two_row_car,36A43945,36A43945,8,8,1.0,True,2,False,0.0,1309.963,3349632
one_row/3_1735_1_36A06888_107_241_571_305.jpg,one_row,36A06888,36A06888,8,8,1.0,True,1,False,0.0,1305.856,3349632
one_row/3_1082_1_36C14464_332_309_436_355.jpg,one_row,36C14464,36C14464,8,8,1.0,True,1,True,10.049,5389.773,3349632
two_rows_label_xe_may/9_3361_0_18p51349_401_58_534_176.jpg,two_row_motorcycle,18P51349,18P51349,8,8,1.0,True,2,False,0.0,3063.741,3349632
two_rows/5_670_0_36A28575_140_305_203_384.jpg,two_row_car,36A28575,36A28575,8,8,1.0,True,2,True,0.0,5053.949,3349632
two_rows/5_899_0_36A41238_97_238_160_312.jpg,two_row_car,36A41238,36A41238,8,8,1.0,True,2,False,0.0,6039.141,3349632
two_rows/6_794_0_36A41722_408_318_465_376.jpg,two_row_car,36A41722,36A41722,8,8,1.0,True,2,False,0.0,7727.224,3349632
two_rows_label_xe_may/9_3478_0_30z94624_517_238_622_347.jpg,two_row_motorcycle,30Z94624,30294624,8,7,0.875,False,2,False,0.0,2075.93,3349632
one_row/7_3067_1_36A30229_113_217_510_293.jpg,one_row,36A30229,36A30229,8,8,1.0,True,1,False,0.0,736.916,3349632
one_row/4_2360_1_36A40774_100_188_545_288.jpg,one_row,36A40774,36A40774,8,8,1.0,True,1,True,0.0,1922.422,3349632
two_rows_label_xe_may/4_599_0_14U117164_446_5_578_116.jpg,two_row_motorcycle,14U117164,14D117164,9,8,0.8888888888888888,False,2,False,0.0,4099.533,3768336
two_rows_label_xe_may/2_868_0_29aa32892_188_89_334_207.jpg,two_row_motorcycle,29AA32892,29AA32892,9,9,1.0,True,2,True,0.0,6576.204,3768336
two_rows/6_112_0_29X9157_206_381_249_425.jpg,two_row_car,29X9157,0919157,7,5,0.7142857142857143,False,2,False,0.0,4370.519,2930928
two_rows/5_596_0_36A23329_135_187_206_264.jpg,two_row_car,36A23329,36A23329,8,8,1.0,True,2,False,0.0,3112.392,3349632
one_row/6_1913_1_30X5241_151_214_506_277.jpg,one_row,30X5241,30X5241,7,7,1.0,True,1,True,0.0,1172.268,2930928
one_row/1_2509_1_36A12577_186_252_465_315.jpg,one_row,36A12577,36A12577,8,8,1.0,True,1,False,0.0,574.827,3349632
two_rows_label_xe_may/1_74_0_29v738902_142_93_286_218.jpg,two_row_motorcycle,29V738902,4G1928902,9,4,0.4444444444444444,False,2,False,0.0,1770.153,3768336
two_rows/2_32_0_29D06821_467_219_540_296.jpg,two_row_car,29D06821,29D06821,8,8,1.0,True,2,False,0.0,4599.402,3349632
one_row/1_2661_1_36A20487_89_246_606_305.jpg,one_row,36A20487,36A20487,8,8,1.0,True,1,False,0.0,1982.552,3349632
two_rows/3_2884_0_36C10498_201_227_466_337.jpg,two_row_car,36C10498,36C10498,8,8,1.0,True,2,True,0.0,1570.594,3349632
two_rows/3_1078_0_36C14060_175_379_217_418.jpg,two_row_car,36C14060,36C14068,8,7,0.875,False,2,False,0.0,2198.167,3349632
two_rows/5_407_0_36A14074_470_313_534_386.jpg,two_row_car,36A14074,13460N74,8,2,0.25,False,1,False,0.0,5997.57,3349632
one_row/7_2958_1_36A24590_154_285_506_351.jpg,one_row,36A24590,36A24590,8,8,1.0,True,1,True,0.343,1711.242,3349632
one_row/8_1143_1_35A15584_122_240_500_292.jpg,one_row,35A15584,35A15584,8,8,1.0,True,1,False,0.0,1124.94,3349632
one_row/3_2750_1_36C04119_65_261_577_335.jpg,one_row,36C04119,36C04119,8,8,1.0,True,1,True,0.0,476.067,3349632
two_rows_label_xe_may/4_1238_0_29g164543_264_126_397_238.jpg,two_row_motorcycle,29G164543,249249311,9,1,0.1111111111111111,False,1,False,0.0,4957.726,3768336
two_rows/7_789_0_36A42292_212_256_279_315.jpg,two_row_car,36A42292,36A42292,8,8,1.0,True,2,False,0.0,4690.403,3349632
two_rows/5_1669_0_36N0794_182_386_222_430.jpg,two_row_car,36N0794,36N0794,7,7,1.0,True,2,False,0.0,2539.819,2930928
one_row/6_2831_1_36A42304_108_254_582_317.jpg,one_row,36A42304,36A42304,8,8,1.0,True,1,False,0.0,1004.022,3349632
one_row/6_4027_1_51C83846_30_245_595_352.jpg,one_row,51C83846,51C83846,8,8,1.0,True,1,True,1.039,645.901,3349632
one_row/7_2184_1_14A13847_122_225_496_288.jpg,one_row,14A13847,14A13847,8,8,1.0,True,1,True,0.0,657.465,3349632
one_row/7_998_1_36A42722_71_273_159_339.jpg,one_row,36A42722,36A42722,8,8,1.0,True,1,True,0.0,1669.916,3349632
two_rows_label_xe_may/9_3444_0_28h137415_365_110_497_217.jpg,two_row_motorcycle,28H137415,28H137415,9,9,1.0,True,2,True,0.0,3698.914,3768336
two_rows_label_xe_may/8_1653_0_29V143584_372_108_487_234.jpg,two_row_motorcycle,29V143584,29V143584,9,9,1.0,True,2,False,0.0,2295.922,3768336
two_rows/6_967_0_36A42165_465_198_531_273.jpg,two_row_car,36A42165,36A42165,8,8,1.0,True,2,False,0.0,4602.482,3349632
two_rows_label_xe_may/9_3603_0_17b735539_303_52_433_164.jpg,two_row_motorcycle,17B735539,231273897,9,0,0.0,False,1,False,0.0,11389.555,3768336
one_row/6_22_1_29A00413_433_314_546_381.jpg,one_row,29A00413,29A00413,8,8,1.0,True,1,True,0.0,5204.053,3349632
two_rows/1_1725_0_36D00579_454_210_511_279.jpg,two_row_car,36D00579,36D00579,8,8,1.0,True,2,True,0.0,8698.014,3349632
one_row/5_1723_1_36N5699_462_221_565_294.jpg,one_row,36N5699,36N5699,7,7,1.0,True,1,True,0.0,3534.771,2930928
two_rows/5_3414_0_36C10852_214_166_426_279.jpg,two_row_car,36C10852,36C10852,8,8,1.0,True,2,False,0.0,752.258,3349632
two_rows_label_xe_may/2_37_0_19L64444_108_46_205_124.jpg,two_row_motorcycle,19L64444,19L64444,8,8,1.0,True,2,True,0.0,4238.576,3349632
two_rows/8_499_0_36A43626_496_299_552_364.jpg,two_row_car,36A43626,36A43626,8,8,1.0,True,2,False,0.0,11178.788,3349632
two_rows_label_xe_may/4_959_0_29v531326_488_147_615_251.jpg,two_row_motorcycle,29V531326,29V531326,9,9,1.0,True,2,True,0.0,2881.463,3768336
one_row/8_2348_1_92C11493_65_223_542_324.jpg,one_row,92C11493,92C11493,8,8,1.0,True,1,False,0.0,258.103,3349632
one_row/3_3128_1_36C20728_126_249_567_330.jpg,one_row,36C20728,36C20728,8,8,1.0,True,1,True,0.657,556.299,3349632
one_row/6_2429_1_36A25571_119_229_551_303.jpg,one_row,36A25571,36A25571,8,8,1.0,True,1,True,0.0,1437.389,3349632
two_rows/6_325_0_36A07343_405_275_473_331.jpg,two_row_car,36A07343,36A07343,8,8,1.0,True,2,True,0.0,4712.779,3349632
one_row/5_2999_1_36A41749_121_202_544_276.jpg,one_row,36A41749,36A41749,8,8,1.0,True,1,True,0.0,2049.328,3349632
two_rows/6_772_0_36A41612_410_251_468_307.jpg,two_row_car,36A41612,36A14161,8,3,0.375,False,2,False,0.0,3287.642,3349632
one_row/7_3144_1_36A42014_153_230_515_313.jpg,one_row,36A42014,36A42014,8,8,1.0,True,1,False,0.0,288.995,3349632
one_row/1_2713_1_36A21190_32_222_563_294.jpg,one_row,36A21190,36A21190,8,8,1.0,True,1,False,0.0,586.3,3349632
one_row/1_1529_1_36C15258_428_334_527_393.jpg,one_row,36C15258,36C15258,8,8,1.0,True,1,True,0.0,3177.363,3349632
one_row/5_2986_1_36A41696_141_206_502_293.jpg,one_row,36A41696,36A41696,8,8,1.0,True,1,True,1.206,1245.884,3349632
one_row/5_2457_1_36A23229_156_199_503_265.jpg,one_row,36A23229,36A23229,8,8,1.0,True,1,True,0.311,980.599,3349632
one_row/3_2446_1_36A40043_20_140_570_252.jpg,one_row,36A40043,36A40043,8,8,1.0,True,1,True,0.0,1360.505,3349632
one_row/5_2958_1_36A41565_109_159_515_229.jpg,one_row,36A41565,36A41565,8,8,1.0,True,1,True,0.0,2088.24,3349632
one_row/6_3623_1_36C28993_109_210_574_273.jpg,one_row,36C28993,36C28993,8,8,1.0,True,1,True,0.0,926.608,3349632
two_rows/3_1635_0_31F4186_179_158_460_280.jpg,two_row_car,31F4186,31F4186,7,7,1.0,True,2,True,0.0,386.186,2930928
two_rows/1_1924_0_51F67261_461_238_526_314.jpg,two_row_car,51F67261,51F67261,8,8,1.0,True,2,False,0.0,4065.205,3349632
one_row/3_1551_1_29X4129_125_212_532_293.jpg,one_row,29X4129,29X4129,7,7,1.0,True,1,True,0.0,838.169,2930928
two_rows_label_xe_may/6_2211_0_29g119451_474_160_599_274.jpg,two_row_motorcycle,29G119451,29G119451,9,9,1.0,True,2,True,8.531,1139.164,3768336
two_rows/2_304_0_36A39301_487_298_543_378.jpg,two_row_car,36A39301,33963A01,8,3,0.375,False,1,True,0.0,9078.398,3349632
one_row/6_2171_1_36A12946_98_178_503_251.jpg,one_row,36A12946,36A12946,8,8,1.0,True,1,True,0.713,980.87,3349632
two_rows_label_xe_may/4_1093_0_29l148086_191_156_314_261.jpg,two_row_motorcycle,29L148086,29G129221,9,3,0.3333333333333333,False,1,False,0.0,8594.37,3768336
one_row/5_2848_1_36A41320_125_171_521_240.jpg,one_row,36A41320,36A41320,8,8,1.0,True,1,False,0.0,1675.232,3349632
two_rows_label_xe_may/8_1633_0_29D153479_36_40_169_170.jpg,two_row_motorcycle,29D153479,290729479,9,5,0.5555555555555556,False,2,False,0.0,2931.996,3768336
one_row/5_865_1_36A41168_76_260_177_327.jpg,one_row,36A41168,36A41168,8,8,1.0,True,1,True,0.0,2473.181,3349632
two_rows/4_790_0_36A40940_121_182_181_251.jpg,two_row_car,36A40940,36A40940,8,8,1.0,True,2,False,0.0,5767.916,3349632
one_row/8_1910_1_36C16193_55_225_564_323.jpg,one_row,36C16193,36C16193,8,8,1.0,True,1,True,0.199,928.103,3349632
one_row/2_1034_1_36A39367_154_207_514_266.jpg,one_row,36A39367,36A39367,8,8,1.0,True,1,True,0.0,5247.49,3349632
one_row/7_3665_1_36A43270_123_243_564_311.jpg,one_row,36A43270,36A43270,8,8,1.0,True,1,True,0.846,804.299,3349632
two_rows_label_xe_may/2_142_0_30F44731_384_17_564_162.jpg,two_row_motorcycle,30F44731,30F44131,8,7,0.875,False,2,True,0.0,3089.529,3349632
two_rows/5_1539_0_36C28753_180_371_231_424.jpg,two_row_car,36C28753,36C28753,8,8,1.0,True,2,False,0.0,5032.032,3349632
one_row/4_3267_1_36C28446_142_226_501_297.jpg,one_row,36C28446,36C28446,8,8,1.0,True,1,True,0.0,2811.996,3349632
one_row/2_977_1_36A39064_69_205_523_250.jpg,one_row,36A39064,36A39064,8,8,1.0,True,1,False,0.0,2337.666,3349632
one_row/9_1284_1_36A15110_93_278_485_357.jpg,one_row,36A15110,36A15110,8,8,1.0,True,1,True,0.0,832.211,3349632
two_rows_label_xe_may/2_520_0_29b178980_273_136_414_256.jpg,two_row_motorcycle,29B178980,28G198801,9,3,0.3333333333333333,False,1,False,0.0,11588.213,3768336
one_row/4_1439_1_29T6045_101_185_552_294.jpg,one_row,29T6045,29T6045,7,7,1.0,True,1,True,0.0,1794.484,2930928
two_rows_label_xe_may/3_460_0_30M51182_500_27_625_158.jpg,two_row_motorcycle,30M51182,30M61182,8,7,0.875,False,2,False,0.0,2216.862,3349632
two_rows/4_609_0_36A40388_103_232_155_289.jpg,two_row_car,36A40388,36540388,8,7,0.875,False,2,False,0.0,5205.234,3349632
one_row/7_4635_1_36C29595_164_236_504_297.jpg,one_row,36C29595,36C29595,8,8,1.0,True,1,True,0.0,3206.965,3349632
one_row/1_1706_1_36C34748_434_320_529_382.jpg,one_row,36C34748,36A34748,8,7,0.875,False,1,False,0.0,971.457,3349632
two_rows_label_xe_may/6_1210_0_29Y533681_408_10_536_135.jpg,two_row_motorcycle,29Y533681,29Y533681,9,9,1.0,True,2,False,0.0,2201.427,3768336
one_row/7_2338_1_29T8951_149_256_477_321.jpg,one_row,29T8951,29T8651,7,6,0.8571428571428571,False,1,True,0.0,488.206,2930928
two_rows_label_xe_may/9_1816_0_29G117274_387_42_513_158.jpg,two_row_motorcycle,29G117274,23G117274,9,8,0.8888888888888888,False,2,False,0.0,5139.699,3768336
one_row/6_2660_1_36A41899_156_204_500_267.jpg,one_row,36A41899,36A41899,8,8,1.0,True,1,True,0.0,733.996,3349632
one_row/3_2489_1_36A40175_82_216_576_285.jpg,one_row,36A40175,36A40175,8,8,1.0,True,1,True,0.0,2074.157,3349632
one_row/7_2368_1_30A26392_95_162_568_231.jpg,one_row,30A26392,30A26392,8,8,1.0,True,1,True,0.0,518.729,3349632
one_row/5_602_1_36A23371_426_290_531_366.jpg,one_row,36A23371,36A23371,8,8,1.0,True,1,True,0.0,4254.147,3349632
two_rows_label_xe_may/1_178_0_30m91151_222_36_377_157.jpg,two_row_motorcycle,30M91151,10101019,8,2,0.25,False,1,True,0.0,1086.966,3349632
one_row/6_1858_1_30A66066_159_262_552_315.jpg,one_row,30A66066,30A66066,8,8,1.0,True,1,True,0.0,2537.881,3349632
two_rows/6_725_0_36A35683_427_242_491_307.jpg,two_row_car,36A35683,36A35683,8,8,1.0,True,2,False,0.0,2612.301,3349632
one_row/8_2271_1_36N3750_97_225_496_299.jpg,one_row,36N3750,6N13720,7,3,0.42857142857142855,False,1,True,0.0,1595.198,2930928
two_rows_label_xe_may/1_267_0_29r50175_249_47_364_143.jpg,two_row_motorcycle,29R50175,29967172,8,4,0.5,False,2,True,0.0,3467.942,3349632
one_row/3_2428_1_36A39983_114_202_544_270.jpg,one_row,36A39983,36A39983,8,8,1.0,True,1,False,0.0,1024.064,3349632
one_row/2_1338_1_36C13935_107_223_515_297.jpg,one_row,36C13935,36C13935,8,8,1.0,True,1,True,0.0,1532.656,3349632
one_row/3_2106_1_36A35281_123_206_557_277.jpg,one_row,36A35281,36A35281,8,8,1.0,True,1,True,0.0,928.231,3349632
two_rows/5_1411_0_36C20414_191_375_240_424.jpg,two_row_car,36C20414,36C20414,8,8,1.0,True,2,False,0.0,3588.047,3349632
one_row/3_1685_1_36A01810_58_148_586_238.jpg,one_row,36A01810,36A01810,8,8,1.0,True,1,True,0.0,986.862,3349632
two_rows_label_xe_may/4_1359_0_98l56455_494_103_607_203.jpg,two_row_motorcycle,98L56455,20684L55,8,2,0.25,False,1,False,0.0,2843.984,3349632
one_row/1_3427_1_36A39078_65_209_469_279.jpg,one_row,36A39078,36A39078,8,8,1.0,True,1,False,0.0,2790.305,3349632
one_row/1_4233_1_36M5403_46_256_563_348.jpg,one_row,36M5403,36M5403,7,7,1.0,True,1,True,0.0,1380.161,2930928
one_row/4_2318_1_36A40658_122_225_496_311.jpg,one_row,36A40658,36A40658,8,8,1.0,True,1,True,0.0,1002.05,3349632
one_row/7_5012_1_89B00122_73_140_477_204.jpg,one_row,89B00122,69B00122,8,7,0.875,False,1,True,0.0,308.516,3349632
one_row/7_4877_1_36N4643_63_205_488_275.jpg,one_row,36N4643,36N4643,7,7,1.0,True,1,True,0.0,1401.832,2930928
one_row/4_2037_1_36A32638_89_206_521_288.jpg,one_row,36A32638,36A32638,8,8,1.0,True,1,True,0.492,1196.535,3349632
one_row/2_1403_1_36C18372_107_210_513_275.jpg,one_row,36C18372,36C18372,8,8,1.0,True,1,False,0.0,898.829,3349632
one_row/6_3559_1_36C25160_45_213_544_296.jpg,one_row,36C25160,36C25160,8,8,1.0,True,1,True,0.0,511.816,3349632
one_row/7_725_1_36A41599_136_298_221_340.jpg,one_row,36A41599,36A41599,8,8,1.0,True,1,True,0.0,992.27,3349632
two_rows/2_482_0_36C25742_181_384_220_427.jpg,two_row_car,36C25742,36C25741,8,7,0.875,False,2,False,0.0,6712.294,3349632
one_row/1_2925_1_36A37866_169_204_548_274.jpg,one_row,36A37866,36A37866,8,8,1.0,True,1,True,0.277,547.521,3349632
one_row/3_2454_1_36A40068_109_202_510_294.jpg,one_row,36A40068,36A40068,8,8,1.0,True,1,True,0.0,1300.326,3349632
one_row/1_3761_1_36C06788_112_201_537_312.jpg,one_row,36C06788,36C06788,8,8,1.0,True,1,True,2.885,677.24,3349632
two_rows/7_673_0_36A31015_465_248_521_308.jpg,two_row_car,36A31015,36A31015,8,8,1.0,True,2,False,0.0,2267.796,3349632
one_row/2_973_1_36A39046_118_235_541_298.jpg,one_row,36A39046,36A39046,8,8,1.0,True,1,True,0.0,468.169,3349632
one_row/3_1718_1_36A05778_101_171_530_251.jpg,one_row,36A05778,36A05778,8,8,1.0,True,1,True,0.0,359.38,3349632
one_row/6_2425_1_36A24734_149_176_543_239.jpg,one_row,36A24734,36A24734,8,8,1.0,True,1,True,0.0,1139.262,3349632
one_row/5_3840_1_36C28670_65_184_613_267.jpg,one_row,36C28670,36C28670,8,8,1.0,True,1,True,0.0,898.989,3349632
one_row/4_3379_1_36LD00179_119_188_538_273.jpg,one_row,36LD00179,36LD00179,9,9,1.0,True,1,True,0.849,566.223,3768336
two_rows/1_227_0_36A00800_135_221_199_284.jpg,two_row_car,36A00800,36A00800,8,8,1.0,True,2,False,0.0,2447.814,3349632
one_row/7_3560_1_36A43044_124_239_506_291.jpg,one_row,36A43044,36A43044,8,8,1.0,True,1,True,0.0,1154.247,3349632
two_rows/5_1234_0_36C02118_422_324_484_389.jpg,two_row_car,36C02118,02316C18,8,2,0.25,False,1,False,0.0,2870.914,3349632
one_row/9_490_1_36A43945_112_303_201_360.jpg,one_row,36A43945,36A43945,8,8,1.0,True,1,True,0.0,1097.545,3349632
two_rows/6_533_0_36A21940_119_215_178_281.jpg,two_row_car,36A21940,36A21940,8,8,1.0,True,2,False,0.0,3374.451,3349632
two_rows_label_xe_may/2_625_0_90h50741_412_89_531_179.jpg,two_row_motorcycle,90H50741,92507411,8,2,0.25,False,2,True,0.0,1722.547,3349632
two_rows/4_901_0_36B02026_400_297_444_349.jpg,two_row_car,36B02026,36B02026,8,8,1.0,True,2,False,0.0,12158.916,3349632
one_row/7_4819_1_36M9518_160_243_477_322.jpg,one_row,36M9518,36M9518,7,7,1.0,True,1,False,0.0,786.899,2930928
one_row/1_3814_1_36C09849_206_289_436_349.jpg,one_row,36C09849,36C09849,8,8,1.0,True,1,True,0.0,1646.481,3349632
one_row/5_2977_1_36A41639_143_168_528_246.jpg,one_row,36A41639,36A41639,8,8,1.0,True,1,False,0.0,708.512,3349632
one_row/7_3733_1_36A43464_117_264_518_327.jpg,one_row,36A43464,36A43464,8,8,1.0,True,1,False,0.0,1192.229,3349632
two_rows_label_xe_may/3_471_0_29L525704_430_61_587_201.jpg,two_row_motorcycle,29L525704,29L525404,9,8,0.8888888888888888,False,2,False,0.0,2844.274,3768336
two_rows/5_1179_0_36B02920_160_329_206_373.jpg,two_row_car,36B02920,36B02920,8,8,1.0,True,2,False,0.0,10950.203,3349632
one_row/1_3027_1_36A38126_145_285_479_361.jpg,one_row,36A38126,36A38126,8,8,1.0,True,1,False,0.0,204.896,3349632
one_row/1_2016_1_29A08965_110_221_570_309.jpg,one_row,29A08965,29A08965,8,8,1.0,True,1,True,0.0,423.844,3349632
one_row/3_88_1_30A52705_371_230_484_274.jpg,one_row,30A52705,30A52705,8,8,1.0,True,1,True,0.0,3449.818,3349632
one_row/7_4884_1_36N4826_173_239_491_309.jpg,one_row,36N4826,36N4826,7,7,1.0,True,1,True,0.0,1485.853,2930928
one_row/6_2715_1_36A42050_92_162_500_237.jpg,one_row,36A42050,36A42050,8,8,1.0,True,1,True,0.0,1482.417,3349632
one_row/6_3495_1_36C21827_47_187_491_272.jpg,one_row,36C21827,36C21827,8,8,1.0,True,1,True,1.245,845.128,3349632
two_rows_label_xe_may/7_1314_0_29K153650_453_72_579_198.jpg,two_row_motorcycle,29K153650,29K153650,9,9,1.0,True,2,False,0.0,5198.674,3768336
one_row/1_2039_1_29A68879_121_244_565_307.jpg,one_row,29A68879,29A68879,8,8,1.0,True,1,False,0.0,328.118,3349632
two_rows/9_924_0_36C28530_79_158_124_211.jpg,two_row_car,36C28530,36C28530,8,8,1.0,True,2,False,0.0,4697.899,3349632
one_row/5_3052_1_36B01526_88_197_563_276.jpg,one_row,36B01526,36B01526,8,8,1.0,True,1,True,0.0,310.139,3349632
one_row/1_3816_1_36C09869_30_225_532_317.jpg,one_row,36C09869,36C09869,8,8,1.0,True,1,False,0.0,353.466,3349632
one_row/7_1808_1_36C22336_115_338_203_386.jpg,one_row,36C22336,36C22336,8,8,1.0,True,1,True,0.0,2336.552,3349632
two_rows/6_508_0_36A20004_168_229_236_292.jpg,two_row_car,36A20004,36A20004,8,8,1.0,True,2,False,0.0,2577.995,3349632
one_row/9_1354_1_36A25167_85_198_544_288.jpg,one_row,36A25167,36A25167,8,8,1.0,True,1,True,1.617,1152.202,3349632
one_row/6_2069_1_36A07532_128_210_506_275.jpg,one_row,36A07532,36A07532,8,8,1.0,True,1,True,0.0,137.07,3349632
two_rows/5_755_0_36A40761_123_234_193_304.jpg,two_row_car,36A40761,36A40761,8,8,1.0,True,2,False,0.0,6321.848,3349632
two_rows/6_789_0_36A41708_131_248_184_307.jpg,two_row_car,36A41708,36A41708,8,8,1.0,True,2,False,0.0,2360.427,3349632
two_rows/5_644_0_36A26303_445_215_516_290.jpg,two_row_car,36A26303,36A26303,8,8,1.0,True,2,False,0.0,2621.95,3349632
one_row/4_2997_1_36C16719_141_193_534_288.jpg,one_row,36C16719,36C16719,8,8,1.0,True,1,True,0.0,1587.43,3349632
one_row/2_1487_1_36C26721_85_208_587_298.jpg,one_row,36C26721,36C26721,8,8,1.0,True,1,True,2.495,212.17,3349632
one_row/4_1871_1_36A21604_97_226_494_310.jpg,one_row,36A21604,36A21604,8,8,1.0,True,1,False,0.0,1536.037,3349632
one_row/1_3551_1_36B01450_129_316_516_392.jpg,one_row,36B01450,36B01450,8,8,1.0,True,1,True,0.0,529.742,3349632
two_rows/7_4310_0_36C17540_252_241_433_316.jpg,two_row_car,36C17540,36C17540,8,8,1.0,True,2,False,0.0,633.902,3349632
one_row/5_4026_1_36M4050_93_227_599_333.jpg,one_row,36M4050,36M4050,7,7,1.0,True,1,True,0.0,1455.676,2930928
two_rows/3_153_0_36A00215_439_242_516_328.jpg,two_row_car,36A00215,36A00215,8,8,1.0,True,2,False,0.0,1806.322,3349632
one_row/5_3795_1_36C28316_65_190_550_293.jpg,one_row,36C28316,36C28316,8,8,1.0,True,1,True,0.0,1439.247,3349632
two_rows/9_563_0_36A44107_140_283_204_348.jpg,two_row_car,36A44107,36A44107,8,8,1.0,True,2,False,0.0,5207.008,3349632
two_rows/3_292_0_36A10923_333_271_410_334.jpg,two_row_car,36A10923,36A10923,8,8,1.0,True,2,True,0.0,1941.294,3349632
two_rows/4_629_0_36A40453_139_247_194_311.jpg,two_row_car,36A40453,36A40453,8,8,1.0,True,2,False,0.0,2998.43,3349632
one_row/7_3396_1_36A42760_120_214_538_277.jpg,one_row,36A42760,36A42760,8,8,1.0,True,1,True,0.0,1708.413,3349632
one_row/7_3663_1_36A43265_149_253_535_325.jpg,one_row,36A43265,36A43265,8,8,1.0,True,1,True,0.0,369.841,3349632
two_rows/7_1249_0_36A43085_112_190_177_259.jpg,two_row_car,36A43085,36A43085,8,8,1.0,True,2,False,0.0,956.736,3349632
one_row/3_3244_1_36C27716_64_215_553_287.jpg,one_row,36C27716,36C27716,8,8,1.0,True,1,True,0.0,1885.39,3349632
two_rows/8_2052_0_36C28664_202_219_439_336.jpg,two_row_car,36C28664,36C28664,8,8,1.0,True,2,True,0.0,419.964,3349632
one_row/8_1928_1_36C17827_33_246_556_348.jpg,one_row,36C17827,36C17827,8,8,1.0,True,1,True,0.0,943.438,3349632
two_rows_label_xe_may/9_3456_0_29s130631_421_187_547_297.jpg,two_row_motorcycle,29S130631,29S130631,9,9,1.0,True,2,False,0.0,806.139,3768336
two_rows/6_419_0_36A12144_169_226_235_297.jpg,two_row_car,36A12144,36A12144,8,8,1.0,True,2,False,0.0,2240.072,3349632
two_rows/5_1738_0_37A23173_244_319_318_391.jpg,two_row_car,37A23173,37A23173,8,8,1.0,True,2,False,0.0,5510.114,3349632
one_row/4_1973_1_36A23059_102_220_526_288.jpg,one_row,36A23059,36A23059,8,8,1.0,True,1,False,0.0,1421.714,3349632
two_rows_label_xe_may/7_2454_0_38d101011_234_76_387_212.jpg,two_row_motorcycle,38D101011,710111011,9,5,0.5555555555555556,False,1,False,0.0,5464.252,3768336
two_rows_label_xe_may/7_1298_0_30Z25247_382_3_543_117.jpg,two_row_motorcycle,30Z25247,30225247,8,7,0.875,False,2,True,0.0,3121.084,3349632
one_row/9_2407_1_89C17273_120_271_528_341.jpg,one_row,89C17273,89C17273,8,8,1.0,True,1,True,0.0,851.839,3349632
two_rows_label_xe_may/8_1611_0_29M130002_410_4_562_130.jpg,two_row_motorcycle,29M130002,2930M0102,9,5,0.5555555555555556,False,1,True,0.0,5659.447,3768336
two_rows_label_xe_may/5_1816_0_30z86625_128_193_242_308.jpg,two_row_motorcycle,30Z86625,30286221,8,5,0.625,False,2,False,0.0,3576.372,3349632
one_row/6_3346_1_36C13708_44_194_587_282.jpg,one_row,36C13708,36C13708,8,8,1.0,True,1,True,0.0,292.186,3349632
two_rows/5_1141_0_36B02161_148_314_195_363.jpg,two_row_car,36B02161,36B02161,8,8,1.0,True,2,False,0.0,6642.913,3349632
one_row/7_2512_1_36A02645_160_261_500_319.jpg,one_row,36A02645,36A02645,8,8,1.0,True,1,True,0.0,395.518,3349632
two_rows_label_xe_may/6_2046_0_16n83937_300_33_440_144.jpg,two_row_motorcycle,16N83937,11921N78,8,1,0.125,False,1,True,0.0,3016.209,3349632
two_rows/6_1657_0_61A42873_485_309_554_392.jpg,two_row_car,61A42873,42681A73,8,2,0.25,False,1,False,0.0,3144.546,3349632
two_rows/3_1057_0_36C10184_122_387_160_426.jpg,two_row_car,36C10184,35C10184,8,7,0.875,False,2,False,0.0,8496.677,3349632
two_rows_label_xe_may/7_2794_0_20m74609_248_206_377_323.jpg,two_row_motorcycle,20M74609,12670M97,8,1,0.125,False,1,False,0.0,6958.764,3349632
one_row/5_2963_1_36A41587_144_301_477_372.jpg,one_row,36A41587,36A41587,8,8,1.0,True,1,True,1.273,1472.185,3349632
two_rows/9_887_0_36C18344_182_359_220_398.jpg,two_row_car,36C18344,36C18344,8,8,1.0,True,2,False,0.0,6209.963,3349632
one_row/3_3003_1_36C15748_71_183_545_275.jpg,one_row,36C15748,36C15748,8,8,1.0,True,1,False,0.0,506.572,3349632
one_row/2_1426_1_36C20182_65_198_526_278.jpg,one_row,36C20182,36C20182,8,8,1.0,True,1,False,0.0,1292.122,3349632
two_rows/7_4909_0_36R01016_206_215_448_349.jpg,two_row_car,36R01016,36R01016,8,8,1.0,True,2,False,0.0,1229.341,3349632
two_rows/4_34_0_29A97144_504_203_560_267.jpg,two_row_car,29A97144,29A97144,8,8,1.0,True,2,False,0.0,2704.708,3349632
two_rows/1_299_0_36A06365_132_324_197_408.jpg,two_row_car,36A06365,063366A5,8,3,0.375,False,1,True,0.0,713.086,3349632
one_row/8_1746_1_36C02909_138_269_512_339.jpg,one_row,36C02909,36C02909,8,8,1.0,True,1,True,0.33,1688.698,3349632
one_row/8_1909_1_36C16066_127_301_471_374.jpg,one_row,36C16066,36C16066,8,8,1.0,True,1,True,0.0,1559.13,3349632
one_row/6_3403_1_36C17216_113_200_538_278.jpg,one_row,36C17216,36C17216,8,8,1.0,True,1,False,0.0,2190.542,3349632
one_row/3_3640_1_36N4462_80_242_565_305.jpg,one_row,36N4462,36N4462,7,7,1.0,True,1,False,0.0,505.058,2930928
two_rows_label_xe_may/2_660_0_30n79687_170_136_291_251.jpg,two_row_motorcycle,30N79687,30079687,8,7,0.875,False,2,False,0.0,5550.108,3349632
two_rows_label_xe_may/4_1190_0_29t111029_340_85_465_184.jpg,two_row_motorcycle,29T111029,121012991,9,1,0.1111111111111111,False,1,True,0.0,9352.932,3768336
one_row/1_2635_1_36A18742_130_267_516_347.jpg,one_row,36A18742,36A18742,8,8,1.0,True,1,True,0.0,509.738,3349632
one_row/3_2045_1_36A25187_138_253_511_316.jpg,one_row,36A25187,36A25187,8,8,1.0,True,1,False,0.0,1235.904,3349632
two_rows_label_xe_may/2_169_0_98N65884_247_2_372_95.jpg,two_row_motorcycle,98N65884,98N65884,8,8,1.0,True,2,True,0.0,5001.246,3349632
two_rows/6_598_0_36A23822_151_200_225_276.jpg,two_row_car,36A23822,323862A2,8,2,0.25,False,1,False,0.0,1190.112,3349632
one_row/9_2028_1_36C13199_146_206_545_285.jpg,one_row,36C13199,36C13199,8,8,1.0,True,1,True,0.0,954.683,3349632
two_rows/5_991_0_36A41438_122_194_191_262.jpg,two_row_car,36A41438,36A41438,8,8,1.0,True,2,False,0.0,3817.34,3349632
two_rows_label_xe_may/7_1489_0_29B147029_490_116_631_277.jpg,two_row_motorcycle,29B147029,29B147029,9,9,1.0,True,2,False,0.0,3816.453,3768336
two_rows/7_4926_0_36R01944_219_193_409_331.jpg,two_row_car,36R01944,30701944,8,6,0.75,False,2,True,0.0,1292.668,3349632
two_rows/6_1384_0_36C27979_167_366_206_403.jpg,two_row_car,36C27979,36C27979,8,8,1.0,True,2,False,0.0,16790.305,3349632
two_rows/4_990_0_36C04723_222_362_268_404.jpg,two_row_car,36C04723,36C04723,8,8,1.0,True,2,False,0.0,8773.651,3349632
one_row/4_1895_1_36A22148_78_204_597_294.jpg,one_row,36A22148,36A22148,8,8,1.0,True,1,True,0.0,443.787,3349632
one_row/8_1493_1_36A43230_106_234_497_292.jpg,one_row,36A43230,36A43230,8,8,1.0,True,1,False,0.0,2145.673,3349632
two_rows/3_1079_0_36C14071_262_337_301_376.jpg,two_row_car,36C14071,36C14071,8,8,1.0,True,2,False,0.0,4779.51,3349632
two_rows_label_xe_may/7_2797_0_29v535057_469_97_599_205.jpg,two_row_motorcycle,29V535057,29N535057,9,8,0.8888888888888888,False,2,True,0.0,1668.813,3768336
two_rows/7_791_0_36A42309_505_237_558_300.jpg,two_row_car,36A42309,36A42309,8,8,1.0,True,2,True,0.0,8011.538,3349632
two_rows_label_xe_may/7_2422_0_29d136934_408_218_523_320.jpg,two_row_motorcycle,29D136934,29D136934,9,9,1.0,True,2,False,0.0,4970.722,3768336
two_rows/3_713_0_36A39720_124_313_188_385.jpg,two_row_car,36A39720,393762A0,8,2,0.25,False,1,False,0.0,3282.002,3349632
one_row/3_2858_1_36C09851_92_207_551_284.jpg,one_row,36C09851,33009851,8,6,0.75,False,1,False,0.0,427.718,3349632
two_rows/1_3799_0_36C09593_161_192_449_351.jpg,two_row_car,36C09593,36C09593,8,8,1.0,True,2,True,0.0,163.331,3349632
one_row/7_2731_1_36A13856_157_279_507_344.jpg,one_row,36A13856,36A13856,8,8,1.0,True,1,False,0.0,584.731,3349632
one_row/9_1902_1_36C02202_16_299_622_440.jpg,one_row,36C02202,36C02202,8,8,1.0,True,1,False,0.0,2028.593,3349632
two_rows/5_322_0_36A08004_327_236_404_299.jpg,two_row_car,36A08004,36A08004,8,8,1.0,True,2,True,0.0,2650.692,3349632
one_row/7_4509_1_36C27291_20_225_622_358.jpg,one_row,36C27291,36C27291,8,8,1.0,True,1,False,0.0,895.182,3349632
two_rows/1_1424_0_36C01896_237_395_288_442.jpg,two_row_car,36C01896,36C01896,8,8,1.0,True,2,False,0.0,2900.238,3349632
one_row/3_2642_1_36B03158_140_249_497_307.jpg,one_row,36B03158,36B03158,8,8,1.0,True,1,True,0.0,3390.584,3349632
two_rows/5_375_0_36A12262_429_224_492_295.jpg,two_row_car,36A12262,36A12262,8,8,1.0,True,2,False,0.0,5796.505,3349632
one_row/7_3086_1_36A35801_63_219_513_281.jpg,one_row,36A35801,36A35801,8,8,1.0,True,1,True,0.0,1563.151,3349632
one_row/2_1574_1_36M1934_163_228_500_295.jpg,one_row,36M1934,36M1934,7,7,1.0,True,1,True,0.0,667.692,2930928
one_row/1_4437_1_99C07672_164_225_471_284.jpg,one_row,99C07672,99C07672,8,8,1.0,True,1,True,0.0,764.854,3349632
one_row/9_954_1_36C29815_413_298_496_344.jpg,one_row,36C29815,36C29815,8,8,1.0,True,1,True,0.0,4084.972,3349632
one_row/8_1584_1_36A43746_92_225_500_299.jpg,one_row,36A43746,36A43746,8,8,1.0,True,1,False,0.0,869.555,3349632
two_rows/7_395_0_36A13753_133_198_194_268.jpg,two_row_car,36A13753,36A13753,8,8,1.0,True,2,False,0.0,1990.008,3349632
one_row/6_2706_1_36A42035_81_181_552_280.jpg,one_row,36A42035,36A42035,8,8,1.0,True,1,True,0.229,736.279,3349632
two_rows/6_30_0_29A14983_160_199_221_262.jpg,two_row_car,29A14983,29A14983,8,8,1.0,True,2,False,0.0,3535.548,3349632
two_rows/8_720_0_36C17877_217_415_252_456.jpg,two_row_car,36C17877,36C17877,8,8,1.0,True,2,False,0.0,8544.418,3349632
two_rows_label_xe_may/3_407_0_29C135195_341_18_468_135.jpg,two_row_motorcycle,29C135195,29D136195,9,7,0.7777777777777778,False,2,False,0.0,6162.633,3768336
one_row/9_2226_1_36C29964_103_224_528_307.jpg,one_row,36C29964,36C29964,8,8,1.0,True,1,True,0.0,2476.267,3349632
one_row/1_4179_1_36L4531_21_68_633_198.jpg,one_row,36L4531,36L4531,7,7,1.0,True,1,True,0.0,136.923,2930928
two_rows/6_1019_0_36A42318_140_257_200_319.jpg,two_row_car,36A42318,36A42318,8,8,1.0,True,2,False,0.0,4169.119,3349632
one_row/5_1878_1_29B13624_116_190_465_253.jpg,one_row,29B13624,29B13624,8,8,1.0,True,1,False,0.0,692.96,3349632
one_row/7_4839_1_36N1732_185_250_505_320.jpg,one_row,36N1732,36N1732,7,7,1.0,True,1,True,1.525,159.17,2930928
two_rows_label_xe_may/5_1796_0_29b133154_380_114_508_223.jpg,two_row_motorcycle,29B133154,22G912841,9,1,0.1111111111111111,False,1,False,0.0,7865.778,3768336
one_row/4_3272_1_36C28458_127_216_472_281.jpg,one_row,36C28458,36C28458,8,8,1.0,True,1,True,0.0,3836.248,3349632
two_rows/6_1633_0_37A45879_197_306_258_367.jpg,two_row_car,37A45879,37A45879,8,8,1.0,True,2,False,0.0,1921.593,3349632
one_row/5_2523_1_36A26587_145_176_497_239.jpg,one_row,36A26587,36A26587,8,8,1.0,True,1,True,0.0,1372.174,3349632
one_row/7_4837_1_36N1616_176_258_498_316.jpg,one_row,36N1616,36N1616,7,7,1.0,True,1,True,0.0,1158.888,2930928
two_rows/5_638_0_36A24840_439_192_511_266.jpg,two_row_car,36A24840,36A24840,8,8,1.0,True,2,False,0.0,2569.237,3349632
one_row/1_3760_1_36C06785_44_222_558_292.jpg,one_row,36C06785,36C06785,8,8,1.0,True,1,True,0.0,446.468,3349632
two_rows_label_xe_may/7_1441_0_30M80473_449_138_566_275.jpg,two_row_motorcycle,30M80473,30M60473,8,7,0.875,False,2,True,13.761,4658.494,3349632
one_row/3_3300_1_36C27997_174_223_501_282.jpg,one_row,36C27997,36C27997,8,8,1.0,True,1,True,0.0,1743.7,3349632
one_row/5_3299_1_36C04868_74_190_549_280.jpg,one_row,36C04868,36C04868,8,8,1.0,True,1,True,0.0,373.042,3349632
one_row/3_2950_1_36C15076_120_196_539_273.jpg,one_row,36C15076,36C15076,8,8,1.0,True,1,False,0.0,2479.654,3349632
two_rows_label_xe_may/4_1208_0_17n67004_299_81_444_197.jpg,two_row_motorcycle,17N67004,70070942,8,0,0.0,False,1,True,0.0,5362.156,3349632
two_rows/5_1774_0_88A13522_470_224_536_296.jpg,two_row_car,88A13522,88A13522,8,8,1.0,True,2,False,0.0,11024.023,3349632
one_row/9_1309_1_36A16951_186_215_474_283.jpg,one_row,36A16951,36A16951,8,8,1.0,True,1,True,0.0,1667.81,3349632
one_row/6_3084_1_36C0273_93_227_464_290.jpg,one_row,36C0273,36C0213,7,6,0.8571428571428571,False,1,True,0.0,1076.196,2930928
two_rows/4_463_0_36A25851_213_322_286_393.jpg,two_row_car,36A25851,36A25851,8,8,1.0,True,2,False,0.0,1640.587,3349632
one_row/3_2730_1_36C02398_49_235_568_335.jpg,one_row,36C02398,36C02398,8,8,1.0,True,1,True,0.0,589.651,3349632
one_row/2_957_1_36A38631_63_240_607_302.jpg,one_row,36A38631,36A38631,8,8,1.0,True,1,False,0.0,451.914,3349632
two_rows_label_xe_may/8_1700_0_26C117611_13_92_162_208.jpg,two_row_motorcycle,26C117611,26C117611,9,9,1.0,True,2,False,0.0,2485.457,3768336
one_row/5_2121_1_36A04953_82_189_520_260.jpg,one_row,36A04953,36A04953,8,8,1.0,True,1,False,0.0,758.38,3349632
one_row/9_1882_1_36C01202_79_230_596_337.jpg,one_row,36C01202,36C01202,8,8,1.0,True,1,False,0.0,626.967,3349632
one_row/7_2959_1_36A24591_83_259_510_330.jpg,one_row,36A24591,36A24591,8,8,1.0,True,1,False,0.0,1409.518,3349632
one_row/6_2172_1_36A13270_145_182_499_245.jpg,one_row,36A13270,36A13270,8,8,1.0,True,1,True,0.0,1772.282,3349632
one_row/9_1193_1_36A01810_95_150_494_213.jpg,one_row,36A01810,36A01810,8,8,1.0,True,1,True,0.0,1581.36,3349632
two_rows/7_1976_0_36L7300_156_237_220_301.jpg,two_row_car,36L7300,36L7300,7,7,1.0,True,2,False,0.0,1566.66,2930928
two_rows/8_779_0_36C29527_175_310_225_370.jpg,two_row_car,36C29527,36C29527,8,8,1.0,True,2,True,0.0,12921.793,3349632
one_row/1_2717_1_36A21214_190_234_569_292.jpg,one_row,36A21214,36A21214,8,8,1.0,True,1,False,0.0,253.527,3349632
two_rows/7_255_0_36A06354_148_326_207_388.jpg,two_row_car,36A06354,36A06354,8,8,1.0,True,2,False,0.0,1239.221,3349632
two_rows/7_2016_0_36M4317_103_290_141_340.jpg,two_row_car,36M4317,36M4317,7,7,1.0,True,2,False,0.0,5033.652,2930928
one_row/5_1428_1_36C21460_426_296_532_361.jpg,one_row,36C21460,36C21460,8,8,1.0,True,1,True,0.0,2297.905,3349632
one_row/7_3813_1_36B1321_121_254_555_316.jpg,one_row,36B1321,28N542N,7,1,0.14285714285714285,False,1,True,0.0,226.164,2930928
two_rows/5_1583_0_36D00749_455_284_511_365.jpg,two_row_car,36D00749,00376049,8,2,0.25,False,1,True,0.0,5367.234,3349632
two_rows/4_313_0_36A14614_523_206_570_268.jpg,two_row_car,36A14614,36A14614,8,8,1.0,True,2,True,0.0,6419.162,3349632
one_row/2_1576_1_36M2118_85_200_590_274.jpg,one_row,36M2118,3882178,7,4,0.5714285714285714,False,1,True,0.0,1180.396,2930928
one_row/6_3831_1_36M6039_79_236_496_305.jpg,one_row,36M6039,3636003,7,4,0.5714285714285714,False,1,True,0.0,621.576,2930928
two_rows_label_xe_may/2_727_0_29x163043_243_87_386_207.jpg,two_row_motorcycle,29X163043,632094131,9,0,0.0,False,1,False,0.0,7998.833,3768336
two_rows/4_3576_0_36R00588_246_231_392_331.jpg,two_row_car,36R00588,36R00588,8,8,1.0,True,2,True,0.0,2438.603,3349632
one_row/2_886_1_36A20504_106_191_543_258.jpg,one_row,36A20504,36A20504,8,8,1.0,True,1,True,0.0,1356.963,3349632
one_row/3_2894_1_36C10658_120_243_487_323.jpg,one_row,36C10658,36C10658,8,8,1.0,True,1,True,0.0,608.886,3349632
one_row/6_2891_1_36A42483_99_177_505_240.jpg,one_row,36A42483,36A42483,8,8,1.0,True,1,True,0.0,1514.136,3349632
two_rows/6_2764_0_36A42144_93_242_535_320.jpg,two_row_car,36A42144,36A42144,8,8,1.0,True,1,True,0.0,378.201,3349632
one_row/8_1721_1_36C01653_146_217_544_297.jpg,one_row,36C01653,36C01653,8,8,1.0,True,1,False,0.0,613.542,3349632
one_row/9_1632_1_36A44101_116_211_541_289.jpg,one_row,36A44101,36A44101,8,8,1.0,True,1,True,0.0,495.212,3349632
one_row/5_3901_1_36C28871_59_193_552_281.jpg,one_row,36C28871,36C28871,8,8,1.0,True,1,False,0.0,723.647,3349632
one_row/6_2393_1_36A24087_126_178_507_241.jpg,one_row,36A24087,36A24087,8,8,1.0,True,1,True,0.524,1250.231,3349632
two_rows_label_xe_may/4_1228_0_29c115984_158_57_307_174.jpg,two_row_motorcycle,29C115984,29C122984,9,7,0.7777777777777778,False,2,True,0.0,5792.402,3768336
one_row/5_2550_1_36A28644_163_145_567_219.jpg,one_row,36A28644,36A28644,8,8,1.0,True,1,False,0.0,1029.513,3349632
one_row/8_1453_1_36A34341_114_191_522_260.jpg,one_row,36A34341,36A34341,8,8,1.0,True,1,False,0.0,1126.318,3349632
one_row/3_3311_1_36C28117_128_274_446_320.jpg,one_row,36C28117,36628117,8,7,0.875,False,1,True,0.0,2153.625,3349632
two_rows/7_1254_0_36A43096_109_313_178_385.jpg,two_row_car,36A43096,36A43096,8,8,1.0,True,2,False,0.0,2012.467,3349632
one_row/5_2166_1_36A07517_116_146_542_209.jpg,one_row,36A07517,36A07517,8,8,1.0,True,1,True,0.0,615.477,3349632
one_row/6_2083_1_36A07965_79_151_538_240.jpg,one_row,36A07965,36A07965,8,8,1.0,True,1,True,2.093,1471.884,3349632
one_row/1_814_1_36A38080_468_330_565_398.jpg,one_row,36A38080,36A38080,8,8,1.0,True,1,True,0.0,236.069,3349632
two_rows/6_3574_0_36C26580_212_203_453_335.jpg,two_row_car,36C26580,36C26580,8,8,1.0,True,2,True,0.0,528.689,3349632
two_rows/9_877_0_36C15055_228_376_268_418.jpg,two_row_car,36C15055,36C15055,8,8,1.0,True,2,False,0.0,5960.306,3349632
one_row/6_2296_1_36A23097_124_160_522_237.jpg,one_row,36A23097,36A23097,8,8,1.0,True,1,True,0.0,879.131,3349632
one_row/2_1215_1_36C04192_129_211_531_293.jpg,one_row,36C04192,36C04192,8,8,1.0,True,1,True,0.764,665.26,3349632
two_rows/7_4333_0_36C17699_127_158_449_359.jpg,two_row_car,36C17699,36C17699,8,8,1.0,True,2,False,0.0,753.642,3349632
one_row/7_3488_1_36A42896_223_278_504_322.jpg,one_row,36A42896,36A42896,8,8,1.0,True,1,True,0.0,1302.54,3349632
one_row/3_2683_1_36C00653_4_193_558_316.jpg,one_row,36C00653,36C00653,8,8,1.0,True,1,True,0.0,204.881,3349632
two_rows/8_46_0_29C37250_126_345_166_382.jpg,two_row_car,29C37250,29C37250,8,8,1.0,True,2,False,0.0,1875.296,3349632
two_rows/1_793_0_36A38049_106_208_173_271.jpg,two_row_car,36A38049,36A38049,8,8,1.0,True,2,False,0.0,4217.137,3349632
one_row/5_1895_1_29C26489_84_210_556_297.jpg,one_row,29C26489,29C26489,8,8,1.0,True,1,False,0.0,1273.129,3349632
one_row/6_2796_1_36A42212_143_201_517_278.jpg,one_row,36A42212,36A42212,8,8,1.0,True,1,False,0.0,1595.251,3349632
one_row/5_2768_1_36A41175_137_248_474_304.jpg,one_row,36A41175,36A41175,8,8,1.0,True,1,True,0.0,1086.671,3349632
two_rows/5_689_0_36A31927_464_228_522_297.jpg,two_row_car,36A31927,36A31927,8,8,1.0,True,2,False,0.0,6534.607,3349632
one_row/4_3193_1_36C28030_167_198_474_267.jpg,one_row,36C28030,36C28030,8,8,1.0,True,1,True,0.0,3132.324,3349632
one_row/8_1342_1_36A22114_121_269_500_343.jpg,one_row,36A22114,36A22114,8,8,1.0,True,1,True,2.506,1312.322,3349632
two_rows/6_873_0_36A41898_158_324_220_389.jpg,two_row_car,36A41898,36A41898,8,8,1.0,True,2,False,0.0,2179.386,3349632
one_row/9_2060_1_36C18121_79_119_552_221.jpg,one_row,36C18121,36C18121,8,8,1.0,True,1,True,0.137,497.947,3349632
one_row/4_2906_1_36C12781_71_198_559_264.jpg,one_row,36C12781,36C12781,8,8,1.0,True,1,True,0.0,3087.834,3349632
two_rows_label_xe_may/3_510_0_98B262018_432_10_572_132.jpg,two_row_motorcycle,98B262018,98B262018,9,9,1.0,True,2,False,0.0,5528.055,3768336
one_row/8_1543_1_36A43610_122_277_487_353.jpg,one_row,36A43610,36A43610,8,8,1.0,True,1,False,0.0,1147.999,3349632
one_row/6_3858_1_36M8903_72_159_513_254.jpg,one_row,36M8903,36M8903,7,7,1.0,True,1,True,0.0,1860.565,2930928
two_rows_label_xe_may/7_1274_0_29M150113_445_78_569_212.jpg,two_row_motorcycle,29M150113,29N150113,9,8,0.8888888888888888,False,2,False,0.0,7034.277,3768336
one_row/3_1794_1_36A10318_31_203_572_304.jpg,one_row,36A10318,36A10318,8,8,1.0,True,1,True,0.0,834.236,3349632
two_rows/6_757_0_36A41520_466_227_520_295.jpg,two_row_car,36A41520,36A41520,8,8,1.0,True,2,True,0.0,6798.6,3349632
one_row/7_1263_1_36A43108_63_273_168_335.jpg,one_row,36A43108,36A43108,8,8,1.0,True,1,True,0.0,743.17,3349632
two_rows_label_xe_may/7_2552_0_29f92240_306_109_441_216.jpg,two_row_motorcycle,29F92240,29F02240,8,7,0.875,False,2,True,0.0,2863.086,3349632
one_row/1_2057_1_29B04455_160_207_499_269.jpg,one_row,29B04455,29B04455,8,8,1.0,True,1,True,0.0,285.104,3349632
one_row/7_2983_1_36A24777_149_212_531_282.jpg,one_row,36A24777,36A24777,8,8,1.0,True,1,True,0.477,1045.964,3349632
two_rows_label_xe_may/7_2695_0_37f162540_421_226_562_347.jpg,two_row_motorcycle,37F162540,37F162540,9,9,1.0,True,2,False,0.0,3769.529,3768336
one_row/1_4221_1_36M3226_59_211_594_287.jpg,one_row,36M3226,36M3226,7,7,1.0,True,1,True,0.0,439.221,2930928
two_rows/5_1403_0_36C18721_325_285_371_329.jpg,two_row_car,36C18721,36C18721,8,8,1.0,True,2,False,0.0,2973.305,3349632
one_row/1_2544_1_36A13188_79_198_560_274.jpg,one_row,36A13188,36A13188,8,8,1.0,True,1,True,0.0,1465.056,3349632
two_rows/1_649_0_36A31696_145_256_207_327.jpg,two_row_car,36A31696,36A31696,8,8,1.0,True,2,False,0.0,4606.233,3349632
one_row/4_2178_1_36A40342_125_236_511_312.jpg,one_row,36A40342,36A40342,8,8,1.0,True,1,False,0.0,142.893,3349632
two_rows/5_1016_0_36A41493_478_256_540_323.jpg,two_row_car,36A41493,36A41493,8,8,1.0,True,2,False,0.0,10491.399,3349632
two_rows/1_553_0_36A21235_124_251_185_326.jpg,two_row_car,36A21235,36A21235,8,8,1.0,True,2,True,0.0,3719.834,3349632
one_row/5_3282_1_36C04442_129_209_518_286.jpg,one_row,36C04442,36C04442,8,8,1.0,True,1,True,0.0,117.207,3349632
one_row/7_1374_1_36A43272_41_258_118_327.jpg,one_row,36A43272,36A43272,8,8,1.0,True,1,True,0.0,1394.974,3349632
two_rows/6_535_0_36A22418_381_256_453_319.jpg,two_row_car,36A22418,36A22418,8,8,1.0,True,2,False,0.0,2095.554,3349632
two_rows/7_346_0_36A10560_168_302_221_357.jpg,two_row_car,36A10560,36A10560,8,8,1.0,True,2,False,0.0,492.282,3349632
two_rows_label_xe_may/4_667_0_89F118988_513_77_638_217.jpg,two_row_motorcycle,89F118988,89F118988,9,9,1.0,True,2,False,0.0,6060.286,3768336
two_rows/5_173_0_30V3963_485_216_542_287.jpg,two_row_car,30V3963,30N3963,7,6,0.8571428571428571,False,2,True,0.0,5385.668,2930928
one_row/1_2078_1_29C09370_125_224_512_284.jpg,one_row,29C09370,29C09370,8,8,1.0,True,1,False,0.0,258.36,3349632
one_row/7_2574_1_36A06627_139_234_534_307.jpg,one_row,36A06627,36A06627,8,8,1.0,True,1,False,0.0,273.242,3349632
two_rows/8_194_0_36A06821_476_202_528_269.jpg,two_row_car,36A06821,36A06821,8,8,1.0,True,2,True,0.0,3370.639,3349632
one_row/6_3729_1_36D01176_145_225_496_288.jpg,one_row,36D01176,36D01176,8,8,1.0,True,1,False,0.0,1907.054,3349632
one_row/7_341_1_36A10397_95_216_198_268.jpg,one_row,36A10397,36A10397,8,8,1.0,True,1,True,0.0,433.266,3349632
one_row/6_3384_1_36C16929_61_237_538_328.jpg,one_row,36C16929,36C16929,8,8,1.0,True,1,True,0.0,172.113,3349632
two_rows/1_1512_0_36C14827_197_366_250_419.jpg,two_row_car,36C14827,36C14827,8,8,1.0,True,2,False,0.0,2354.513,3349632
two_rows/5_1115_0_36B01600_199_335_242_374.jpg,two_row_car,36B01600,336B1600,8,5,0.625,False,2,False,0.0,2164.528,3349632
two_rows/6_84_0_29C41404_203_376_246_419.jpg,two_row_car,29C41404,29C41404,8,8,1.0,True,2,False,0.0,5948.747,3349632
one_row/7_3606_1_36A43148_102_205_448_277.jpg,one_row,36A43148,36A43148,8,8,1.0,True,1,False,0.0,1096.161,3349632
one_row/6_2546_1_36A41602_127_196_505_259.jpg,one_row,36A41602,36A41602,8,8,1.0,True,1,True,0.0,773.549,3349632
one_row/7_1241_1_36A43073_64_268_165_319.jpg,one_row,36A43073,36A43073,8,8,1.0,True,1,True,0.0,687.603,3349632
one_row/7_2706_1_36A12652_93_226_536_302.jpg,one_row,36A12652,36A12652,8,8,1.0,True,1,True,0.0,1255.117,3349632
one_row/9_1106_1_29C39135_106_219_549_309.jpg,one_row,29C39135,29C39135,8,8,1.0,True,1,True,0.0,1164.565,3349632
one_row/9_2299_1_36M4498_39_207_596_299.jpg,one_row,36M4498,36M4498,7,7,1.0,True,1,True,0.0,378.601,2930928
two_rows/5_3593_0_36C17144_201_145_431_290.jpg,two_row_car,36C17144,36C71441,8,4,0.5,False,2,True,0.955,543.457,3349632
one_row/6_1859_1_30A67270_137_184_507_253.jpg,one_row,30A67270,30A67270,8,8,1.0,True,1,True,1.102,751.429,3349632
two_rows/9_262_0_36A25975_449_315_507_378.jpg,two_row_car,36A25975,36A25975,8,8,1.0,True,2,False,0.0,4924.653,3349632
one_row/8_2150_1_36HC00580_113_204_503_275.jpg,one_row,36HC00580,36HC00580,9,9,1.0,True,1,True,0.0,2258.859,3768336
two_rows_label_xe_may/8_3293_0_30p60204_226_205_355_327.jpg,two_row_motorcycle,30P60204,00200916,8,2,0.25,False,1,False,0.0,6990.017,3349632
one_row/7_4484_1_36C25685_144_278_533_355.jpg,one_row,36C25685,36C25685,8,8,1.0,True,1,True,0.0,685.726,3349632
one_row/6_1713_1_29A17262_51_171_546_248.jpg,one_row,29A17262,29A17262,8,8,1.0,True,1,False,0.0,708.498,3349632
one_row/8_1981_1_36C22311_32_205_593_304.jpg,one_row,36C22311,36C22311,8,8,1.0,True,1,False,0.0,436.284,3349632
two_rows_label_xe_may/2_254_0_12F32062_408_30_537_164.jpg,two_row_motorcycle,12F32062,12F44062,8,6,0.75,False,2,False,0.0,5751.792,3349632
two_rows/7_4419_0_36C22070_225_167_436_300.jpg,two_row_car,36C22070,36C22070,8,8,1.0,True,2,True,0.0,1393.745,3349632
one_row/6_2845_1_36A42347_129_262_506_336.jpg,one_row,36A42347,36A42347,8,8,1.0,True,1,True,0.0,909.133,3349632
two_rows/7_1847_0_36C28049_152_349_189_400.jpg,two_row_car,36C28049,36C28049,8,8,1.0,True,2,False,0.0,13709.312,3349632
one_row/7_1349_1_36A43241_50_261_150_322.jpg,one_row,36A43241,36A43241,8,8,1.0,True,1,True,0.0,402.102,3349632
one_row/5_2814_1_36A41257_111_196_513_272.jpg,one_row,36A41257,36A41257,8,8,1.0,True,1,False,0.0,1531.035,3349632
one_row/8_1069_1_29U6056_140_219_496_279.jpg,one_row,29U6056,2906056,7,6,0.8571428571428571,False,1,True,0.0,2183.358,2930928
one_row/6_2694_1_36A41982_132_172_497_235.jpg,one_row,36A41982,36A41982,8,8,1.0,True,1,False,0.0,1776.452,3349632
one_row/9_1849_1_36B03549_137_178_479_267.jpg,one_row,36B03549,36B03549,8,8,1.0,True,1,True,0.0,2579.131,3349632
two_rows/4_116_0_31F0723_116_212_167_281.jpg,two_row_car,31F0723,31F0723,7,7,1.0,True,2,True,0.0,3848.247,2930928
one_row/5_1938_1_29N7676_151_232_463_295.jpg,one_row,29N7676,29N7676,7,7,1.0,True,1,True,0.0,2545.804,2930928
one_row/1_2564_1_36A14440_71_269_529_343.jpg,one_row,36A14440,36A14440,8,8,1.0,True,1,False,0.0,347.492,3349632
one_row/2_1670_1_52M8516_65_223_576_293.jpg,one_row,52M8516,52N8516,7,6,0.8571428571428571,False,1,True,0.0,1828.384,2930928
one_row/8_2265_1_36N3158_96_248_523_325.jpg,one_row,36N3158,36N3158,7,7,1.0,True,1,True,0.579,389.158,2930928
one_row/7_4169_1_36C09372_126_230_464_288.jpg,one_row,36C09372,36C09372,8,8,1.0,True,1,False,0.0,1347.602,3349632
one_row/3_2645_1_36B03285_107_171_558_259.jpg,one_row,36B03285,36B03285,8,8,1.0,True,1,False,0.0,801.748,3349632
one_row/5_2832_1_36A41290_119_196_523_285.jpg,one_row,36A41290,36A41290,8,8,1.0,True,1,True,0.955,1914.019,3349632
one_row/1_2194_1_30E91272_72_231_509_354.jpg,one_row,30E91272,30E91272,8,8,1.0,True,1,True,0.0,264.769,3349632
two_rows/1_4378_0_36R01803_200_222_413_362.jpg,two_row_car,36R01803,36R01803,8,8,1.0,True,2,False,0.0,2658.01,3349632
one_row/9_1287_1_36A15223_151_242_528_304.jpg,one_row,36A15223,36A15223,8,8,1.0,True,1,False,0.0,1421.725,3349632
one_row/7_3825_1_36B01462_159_245_470_315.jpg,one_row,36B01462,36B01462,8,8,1.0,True,1,True,0.69,386.024,3349632
one_row/3_1917_1_36A18827_52_203_593_295.jpg,one_row,36A18827,36A18827,8,8,1.0,True,1,True,0.0,1189.951,3349632
two_rows_label_xe_may/4_975_0_35b179449_409_156_534_256.jpg,two_row_motorcycle,35B179449,35B179449,9,9,1.0,True,2,True,0.0,6925.358,3768336
two_rows/7_825_0_36A42420_533_214_580_288.jpg,two_row_car,36A42420,36A42420,8,8,1.0,True,2,True,0.0,8162.988,3349632
one_row/7_1917_1_36C29520_70_315_140_352.jpg,one_row,36C29520,36C29520,8,8,1.0,True,1,False,0.0,1316.687,3349632
one_row/3_1689_1_36A02239_131_202_531_273.jpg,one_row,36A02239,36A02239,8,8,1.0,True,1,True,0.0,817.892,3349632
one_row/5_2152_1_36A07215_152_163_517_226.jpg,one_row,36A07215,36A07215,8,8,1.0,True,1,True,0.0,927.534,3349632
two_rows_label_xe_may/5_1010_0_29E156155_469_2_600_107.jpg,two_row_motorcycle,29E156155,29E158155,9,8,0.8888888888888888,False,2,True,0.0,3129.303,3768336
one_row/5_2678_1_36A41023_145_181_532_258.jpg,one_row,36A41023,36A41023,8,8,1.0,True,1,False,0.0,1644.646,3349632
one_row/3_2219_1_36A39536_137_240_494_307.jpg,one_row,36A39536,36A39536,8,8,1.0,True,1,True,0.0,2139.481,3349632
two_rows/5_1709_0_36N4334_176_397_220_445.jpg,two_row_car,36N4334,36N4334,7,7,1.0,True,2,False,0.0,5267.534,2930928
one_row/4_1350_1_26K7541_88_183_560_294.jpg,one_row,26K7541,26K7541,7,7,1.0,True,1,True,0.0,856.365,2930928
two_rows/7_1145_0_36A42914_173_302_231_371.jpg,two_row_car,36A42914,36A42914,8,8,1.0,True,2,False,0.0,4290.053,3349632
two_rows/7_1321_0_36A43197_126_214_174_274.jpg,two_row_car,36A43197,36A43197,8,8,1.0,True,2,True,0.0,6365.443,3349632
two_rows/6_3476_0_36C21609_201_142_445_283.jpg,two_row_car,36C21609,36C21609,8,8,1.0,True,2,True,0.0,1564.088,3349632
one_row/5_1805_1_16H1485_132_158_559_234.jpg,one_row,16H1485,16H1485,7,7,1.0,True,1,False,0.0,980.028,2930928
one_row/3_1615_1_30P7357_76_213_581_284.jpg,one_row,30P7357,30P7357,7,7,1.0,True,1,True,0.0,544.921,2930928
two_rows_label_xe_may/7_2650_0_98n26985_259_76_398_185.jpg,two_row_motorcycle,98N26985,98M26985,8,7,0.875,False,2,True,0.0,9143.782,3349632
one_row/6_1928_1_35A01740_119_155_546_236.jpg,one_row,35A01740,35A01740,8,8,1.0,True,1,True,0.63,1147.58,3349632
two_rows_label_xe_may/2_502_0_29x308862_355_185_476_282.jpg,two_row_motorcycle,29X308862,29X308862,9,9,1.0,True,2,True,0.0,5511.975,3768336
one_row/9_485_1_36A43940_453_304_539_365.jpg,one_row,36A43940,36A43940,8,8,1.0,True,1,True,0.0,382.479,3349632
two_rows_label_xe_may/4_1282_0_37m32814_501_111_618_212.jpg,two_row_motorcycle,37M32814,97M32814,8,7,0.875,False,2,False,0.0,4491.025,3349632
two_rows/3_774_0_36A39883_433_317_489_379.jpg,two_row_car,36A39883,35968A83,8,3,0.375,False,1,False,0.0,5862.689,3349632
one_row/7_2334_1_29T4392_155_200_528_264.jpg,one_row,29T4392,29T4392,7,7,1.0,True,1,True,0.0,928.317,2930928
two_rows/8_419_0_36A34392_168_254_219_310.jpg,two_row_car,36A34392,36A34392,8,8,1.0,True,2,False,0.0,3244.128,3349632
one_row/1_3267_1_36A38722_65_176_595_262.jpg,one_row,36A38722,36A38722,8,8,1.0,True,1,False,0.0,723.23,3349632
one_row/5_2787_1_36A41208_113_181_522_263.jpg,one_row,36A41208,36A41208,8,8,1.0,True,1,True,0.749,1547.802,3349632
one_row/7_3404_1_36A42768_71_252_467_321.jpg,one_row,36A42768,36A42768,8,8,1.0,True,1,False,0.0,1635.765,3349632
two_rows/4_296_0_36A13789_493_235_542_298.jpg,two_row_car,36A13789,36A13789,8,8,1.0,True,2,True,0.0,7629.188,3349632
two_rows/8_392_0_36A29459_403_276_462_334.jpg,two_row_car,36A29459,36A29459,8,8,1.0,True,2,False,0.0,1878.045,3349632
two_rows/5_882_0_36A41200_135_259_201_330.jpg,two_row_car,36A41200,36A41200,8,8,1.0,True,2,False,0.0,4268.046,3349632
two_rows/3_1247_0_36C28148_180_278_234_331.jpg,two_row_car,36C28148,36C28148,8,8,1.0,True,2,False,0.0,3965.464,3349632
two_rows/6_678_0_36A27673_107_234_167_298.jpg,two_row_car,36A27673,36A27673,8,8,1.0,True,2,False,0.0,917.159,3349632
two_rows_label_xe_may/8_1572_0_36G117836_451_47_611_193.jpg,two_row_motorcycle,36G117836,36G117836,9,9,1.0,True,2,False,0.0,2844.364,3768336
two_rows/7_4_0_14B01180_206_310_249_349.jpg,two_row_car,14B01180,14B01180,8,8,1.0,True,2,False,0.0,8058.502,3349632
one_row/5_3659_1_36C21372_95_225_496_323.jpg,one_row,36C21372,36CN2137,8,3,0.375,False,1,True,0.0,1040.326,3349632
one_row/1_3731_1_36C05615_138_300_463_356.jpg,one_row,36C05615,43605615,8,5,0.625,False,1,False,0.0,298.067,3349632
two_rows/3_1209_0_36C27883_199_364_241_400.jpg,two_row_car,36C27883,36C27883,8,8,1.0,True,2,False,0.0,9242.277,3349632
one_row/1_4001_1_36C24029_27_119_614_226.jpg,one_row,36C24029,36C24029,8,8,1.0,True,1,True,0.122,622.7,3349632
one_row/6_2135_1_36A10139_167_177_546_240.jpg,one_row,36A10139,36A10139,8,8,1.0,True,1,True,0.0,644.161,3349632
two_rows/5_1043_0_36A41595_91_219_144_289.jpg,two_row_car,36A41595,36A41595,8,8,1.0,True,2,True,0.0,3925.053,3349632
one_row/4_2395_1_36A40878_78_188_574_288.jpg,one_row,36A40878,36A40878,8,8,1.0,True,1,True,0.0,1145.615,3349632
two_rows_label_xe_may/1_342_0_88l123229_148_73_282_181.jpg,two_row_motorcycle,88L123229,22B212291,9,1,0.1111111111111111,False,1,True,0.0,4319.212,3768336
one_row/5_2512_1_36A24840_90_179_550_275.jpg,one_row,36A24840,36A24840,8,8,1.0,True,1,False,0.0,426.037,3349632
one_row/6_1997_1_36A02661_98_177_538_269.jpg,one_row,36A02661,36A02661,8,8,1.0,True,1,True,0.0,546.978,3349632
one_row/7_3931_1_36B03404_194_274_560_362.jpg,one_row,36B03404,36803404,8,7,0.875,False,1,False,0.0,2329.087,3349632
two_rows_label_xe_may/6_2259_0_29y321886_253_44_396_160.jpg,two_row_motorcycle,29Y321886,295321886,9,8,0.8888888888888888,False,2,True,0.0,2203.124,3768336
one_row/7_2734_1_36A13918_134_220_532_318.jpg,one_row,36A13918,36A13918,8,8,1.0,True,1,True,0.0,151.441,3349632
two_rows/4_922_0_36B02640_94_275_136_328.jpg,two_row_car,36B02640,36B02640,8,8,1.0,True,2,True,0.0,7826.92,3349632
one_row/7_3622_1_36A43174_106_228_536_295.jpg,one_row,36A43174,36A43174,8,8,1.0,True,1,True,0.0,756.793,3349632
one_row/2_1517_1_36C27782_136_199_499_273.jpg,one_row,36C27782,36C27782,8,8,1.0,True,1,True,0.0,1478.525,3349632
two_rows/2_1465_0_36C22713_181_189_438_290.jpg,two_row_car,36C22713,36C22713,8,8,1.0,True,2,True,0.0,964.392,3349632
one_row/7_5020_1_90T6747_111_239_496_288.jpg,one_row,90T6747,90T6747,7,7,1.0,True,1,True,0.0,2397.297,2930928
one_row/6_3273_1_36C09910_143_204_508_267.jpg,one_row,36C09910,36C09960,8,7,0.875,False,1,False,0.0,2249.219,3349632
one_row/5_2217_1_36A10848_127_157_530_240.jpg,one_row,36A10848,36A10848,8,8,1.0,True,1,False,0.0,763.599,3349632
one_row/3_2259_1_36A39627_79_233_554_296.jpg,one_row,36A39627,36A39627,8,8,1.0,True,1,True,0.0,1325.77,3349632
two_rows/8_171_0_36A04098_480_302_529_370.jpg,two_row_car,36A04098,0306A968,8,1,0.125,False,1,True,0.0,2414.966,3349632
one_row/5_3328_1_36C06056_111_206_563_308.jpg,one_row,36C06056,36C06056,8,8,1.0,True,1,False,0.0,363.76,3349632
one_row/7_3168_1_36A42177_61_218_552_300.jpg,one_row,36A42177,36A42177,8,8,1.0,True,1,True,1.023,640.149,3349632
two_rows/8_622_0_36B03442_155_319_198_367.jpg,two_row_car,36B03442,36B03442,8,8,1.0,True,2,False,0.0,7170.248,3349632
one_row/8_1082_1_30A12998_112_248_500_311.jpg,one_row,30A12998,30A12998,8,8,1.0,True,1,True,0.0,683.968,3349632
two_rows/8_2290_0_36R02067_203_168_501_354.jpg,two_row_car,36R02067,36R02067,8,8,1.0,True,2,True,0.799,1098.978,3349632
one_row/4_2414_1_36A40909_123_225_524_306.jpg,one_row,36A40909,36A40909,8,8,1.0,True,1,True,0.0,719.614,3349632
two_rows/6_47_0_29A78788_383_248_455_317.jpg,two_row_car,29A78788,29A78788,8,8,1.0,True,2,False,0.0,5778.303,3349632
one_row/4_1970_1_36A22968_115_225_561_315.jpg,one_row,36A22968,36A22968,8,8,1.0,True,1,True,0.0,1743.445,3349632
one_row/5_2497_1_36A23570_112_142_569_215.jpg,one_row,36A23570,36A23570,8,8,1.0,True,1,True,0.0,1026.024,3349632
one_row/2_1164_1_36C00638_87_189_529_268.jpg,one_row,36C00638,36C00638,8,8,1.0,True,1,True,0.0,916.929,3349632
one_row/7_3590_1_36A43121_177_223_516_322.jpg,one_row,36A43121,36A43121,8,8,1.0,True,1,False,0.0,200.621,3349632
one_row/3_1810_1_36A12424_151_241_501_308.jpg,one_row,36A12424,36A12424,8,8,1.0,True,1,False,0.0,2150.257,3349632
one_row/4_2581_1_36B02533_115_238_486_312.jpg,one_row,36B02533,36B02533,8,8,1.0,True,1,True,1.2,1507.505,3349632
one_row/4_2563_1_36B02082_139_237_511_305.jpg,one_row,36B02082,36B02082,8,8,1.0,True,1,True,0.0,1807.95,3349632
two_rows_label_xe_may/8_1688_0_36H77721_484_52_629_203.jpg,two_row_motorcycle,36H77721,86HA1721,8,5,0.625,False,2,False,0.0,6198.739,3349632
two_rows/3_3088_0_36C20470_187_166_487_333.jpg,two_row_car,36C20470,36C20470,8,8,1.0,True,2,True,0.0,390.859,3349632
one_row/6_3737_1_36HC00282_218_196_484_259.jpg,one_row,36HC00282,36HC00282,9,9,1.0,True,1,True,0.0,3040.189,3768336
one_row/9_1954_1_36C06684_47_250_522_318.jpg,one_row,36C06684,36C06684,8,8,1.0,True,1,True,0.0,1229.556,3349632
two_rows_label_xe_may/2_726_0_29g174814_353_24_490_136.jpg,two_row_motorcycle,29G174814,72G121421,9,2,0.2222222222222222,False,1,True,0.0,8111.394,3768336
one_row/5_2735_1_36A41120_112_190_499_261.jpg,one_row,36A41120,36A41120,8,8,1.0,True,1,True,0.988,1623.03,3349632
one_row/5_2917_1_36A41456_81_126_520_212.jpg,one_row,36A41456,36A41456,8,8,1.0,True,1,True,0.0,1152.482,3349632
two_rows_label_xe_may/2_684_0_29b164819_441_173_556_275.jpg,two_row_motorcycle,29B164819,29B164819,9,9,1.0,True,2,False,0.0,234.025,3768336
two_rows_label_xe_may/6_1990_0_30l10107_236_139_371_259.jpg,two_row_motorcycle,30L10107,00710279,8,3,0.375,False,1,False,0.0,7113.972,3349632
two_rows/1_1928_0_54T5465_190_326_249_383.jpg,two_row_car,54T5465,5425651,7,3,0.42857142857142855,False,2,False,0.0,3139.53,2930928
one_row/3_2600_1_36B02211_162_243_560_303.jpg,one_row,36B02211,36B02211,8,8,1.0,True,1,True,0.457,1319.582,3349632
one_row/5_2604_1_36A40531_94_145_501_227.jpg,one_row,36A40531,36A40531,8,8,1.0,True,1,False,0.0,570.178,3349632
one_row/3_1989_1_36A21775_116_226_544_300.jpg,one_row,36A21775,36A21775,8,8,1.0,True,1,True,0.0,514.921,3349632
one_row/8_2033_1_36C26020_92_328_531_399.jpg,one_row,36C26020,36C26020,8,8,1.0,True,1,True,0.0,1023.263,3349632
one_row/5_2525_1_36A26599_113_182_563_260.jpg,one_row,36A26599,36A26599,8,8,1.0,True,1,True,0.0,452.589,3349632
one_row/1_4153_1_36D00649_97_217_541_291.jpg,one_row,36D00649,36000649,8,7,0.875,False,1,True,0.0,1065.718,3349632
one_row/2_1183_1_36C01913_114_219_536_274.jpg,one_row,36C01913,36C01913,8,8,1.0,True,1,True,0.0,1468.252,3349632
one_row/8_719_1_36C17844_412_285_502_336.jpg,one_row,36C17844,36C17844,8,8,1.0,True,1,True,0.0,5312.435,3349632
two_rows/4_163_0_36A02187_505_247_558_317.jpg,two_row_car,36A02187,36A02187,8,8,1.0,True,2,True,0.0,4692.771,3349632
one_row/1_4300_1_36N1902_86_280_540_361.jpg,one_row,36N1902,36N1902,7,7,1.0,True,1,True,0.0,1180.274,2930928
one_row/7_4736_1_36M1057_125_250_493_320.jpg,one_row,36M1057,36M1007,7,6,0.8571428571428571,False,1,True,0.0,1291.098,2930928
two_rows/4_323_0_36A16185_508_203_574_279.jpg,two_row_car,36A16185,36A16185,8,8,1.0,True,2,False,0.0,2948.476,3349632
two_rows_label_xe_may/2_78_0_89E125744_510_9_625_124.jpg,two_row_motorcycle,89E125744,89E125740,9,8,0.8888888888888888,False,2,False,0.0,5918.914,3768336
one_row/5_3306_1_36C04939_87_257_547_335.jpg,one_row,36C04939,36C04939,8,8,1.0,True,1,True,0.437,582.378,3349632
one_row/5_2519_1_36A26303_92_153_514_225.jpg,one_row,36A26303,36A26303,8,8,1.0,True,1,True,0.0,907.433,3349632
one_row/4_1387_1_29B61764_168_235_481_301.jpg,one_row,29B61764,29B61764,8,8,1.0,True,1,True,0.0,1447.557,3349632
one_row/2_753_1_36A06076_36_249_511_312.jpg,one_row,36A06076,36A06076,8,8,1.0,True,1,True,0.0,900.171,3349632
one_row/7_4601_1_36C29324_137_225_496_282.jpg,one_row,36C29324,36C29324,8,8,1.0,True,1,False,0.0,1304.794,3349632
two_rows/5_1266_0_36C04676_127_314_193_384.jpg,two_row_car,36C04676,36C04676,8,8,1.0,True,2,False,0.0,1151.428,3349632
two_rows_label_xe_may/1_249_0_30p44000_224_184_355_299.jpg,two_row_motorcycle,30P44000,30744000,8,7,0.875,False,2,False,0.0,1753.628,3349632
two_rows/1_4095_0_36C27529_182_240_406_356.jpg,two_row_car,36C27529,36C27529,8,8,1.0,True,2,True,0.0,303.587,3349632
one_row/3_2055_1_36A25737_82_190_604_274.jpg,one_row,36A25737,36A25737,8,8,1.0,True,1,True,0.0,1093.962,3349632
two_rows/7_2020_0_36M5672_382_366_427_414.jpg,two_row_car,36M5672,36M5672,7,7,1.0,True,2,False,0.0,6068.584,2930928
two_rows/9_328_0_36A43529_143_196_197_253.jpg,two_row_car,36A43529,36A43529,8,8,1.0,True,2,False,0.0,1717.502,3349632
one_row/3_2602_1_36B02219_36_339_610_442.jpg,one_row,36B02219,36B02219,8,8,1.0,True,1,True,0.0,4118.417,3349632
two_rows/7_501_0_36A20975_154_240_214_298.jpg,two_row_car,36A20975,36A20975,8,8,1.0,True,2,False,0.0,2712.118,3349632
two_rows/3_85_0_30A37767_397_232_459_295.jpg,two_row_car,30A37767,30A37767,8,8,1.0,True,2,False,0.0,2907.93,3349632
two_rows/6_1015_0_36A42298_448_236_511_301.jpg,two_row_car,36A42298,36A42298,8,8,1.0,True,2,False,0.0,3898.247,3349632
one_row/3_2847_1_36C09369_40_181_562_293.jpg,one_row,36C09369,36C09369,8,8,1.0,True,1,True,0.0,945.561,3349632
one_row/6_2421_1_36A24427_133_158_507_221.jpg,one_row,36A24427,36A24427,8,8,1.0,True,1,True,0.0,1769.673,3349632
one_row/2_1410_1_36C19615_99_184_548_281.jpg,one_row,36C19615,36C19615,8,8,1.0,True,1,False,0.0,1586.113,3349632
two_rows/6_862_0_36A41874_503_189_563_266.jpg,two_row_car,36A41874,36A41874,8,8,1.0,True,2,True,0.0,7531.927,3349632
one_row/1_3811_1_36C09781_66_225_567_297.jpg,one_row,36C09781,36C09781,8,8,1.0,True,1,True,0.0,518.895,3349632
one_row/8_973_1_18B00873_86_225_536_283.jpg,one_row,18B00873,18B00873,8,8,1.0,True,1,True,0.0,1144.895,3349632
two_rows_label_xe_may/4_1058_0_29x553474_302_64_451_191.jpg,two_row_motorcycle,29X553474,232417142,9,1,0.1111111111111111,False,1,False,0.0,5432.44,3768336
one_row/3_1657_1_36A00215_81_220_546_279.jpg,one_row,36A00215,36A00215,8,8,1.0,True,1,False,0.0,759.426,3349632
one_row/4_1612_1_36A04649_93_225_577_334.jpg,one_row,36A04649,36A04849,8,7,0.875,False,1,True,0.0,541.141,3349632
two_rows/7_853_0_36A42505_123_299_172_354.jpg,two_row_car,36A42505,36A42505,8,8,1.0,True,2,False,0.0,2252.335,3349632
two_rows/9_627_0_36A44213_181_240_240_297.jpg,two_row_car,36A44213,36A44213,8,8,1.0,True,2,False,0.0,2187.197,3349632
two_rows_label_xe_may/5_826_0_29S98139_466_4_603_142.jpg,two_row_motorcycle,29S98139,29998139,8,7,0.875,False,2,False,0.0,4875.618,3349632
one_row/1_347_1_36A08576_501_303_595_385.jpg,one_row,36A08576,36A08576,8,8,1.0,True,1,False,0.0,2410.505,3349632
two_rows_label_xe_may/9_1706_0_19F105266_283_1_440_116.jpg,two_row_motorcycle,19F105266,19E105266,9,8,0.8888888888888888,False,2,True,0.0,4713.914,3768336
two_rows/7_290_0_36A08136_170_293_222_358.jpg,two_row_car,36A08136,36A08136,8,8,1.0,True,2,True,0.0,2487.402,3349632
one_row/4_1748_1_36A13433_65_209_514_304.jpg,one_row,36A13433,36A13433,8,8,1.0,True,1,True,0.0,840.696,3349632
one_row/8_2065_1_36C29566_166_325_496_386.jpg,one_row,36C29566,36C29566,8,8,1.0,True,1,True,0.0,2627.315,3349632
one_row/3_2676_1_36C00410_74_209_578_289.jpg,one_row,36C00410,36C00410,8,8,1.0,True,1,True,0.0,186.187,3349632
one_row/7_1252_1_36A43091_105_266_187_317.jpg,one_row,36A43091,36A43091,8,8,1.0,True,1,True,0.0,1535.941,3349632
one_row/4_1746_1_36A13238_79_187_496_279.jpg,one_row,36A13238,36A13238,8,8,1.0,True,1,True,0.0,398.85,3349632
two_rows/4_2810_0_36C09010_192_234_467_373.jpg,two_row_car,36C09010,36C09010,8,8,1.0,True,2,True,0.0,647.7,3349632
one_row/9_248_1_36A25486_147_319_234_373.jpg,one_row,36A25486,36A25486,8,8,1.0,True,1,False,0.0,2075.11,3349632
one_row/3_2926_1_36C13353_68_219_592_302.jpg,one_row,36C13353,36C13353,8,8,1.0,True,1,False,0.0,128.023,3349632
two_rows/1_1578_0_36C26570_393_354_439_407.jpg,two_row_car,36C26570,36C26570,8,8,1.0,True,2,False,0.0,10544.526,3349632
two_rows/1_819_0_36A38084_132_226_203_305.jpg,two_row_car,36A38084,36A38084,8,8,1.0,True,2,False,0.0,2820.528,3349632
one_row/4_1958_1_36A22814_25_145_605_277.jpg,one_row,36A22814,36A22814,8,8,1.0,True,1,True,0.114,831.729,3349632
one_row/7_4573_1_36C29245_124_170_548_268.jpg,one_row,36C29245,36C29245,8,8,1.0,True,1,True,0.0,1227.925,3349632
two_rows_label_xe_may/1_50_0_29g120136_226_88_364_203.jpg,two_row_motorcycle,29G120136,294120136,9,8,0.8888888888888888,False,2,True,0.0,7401.7,3768336
two_rows/5_1741_0_37C07887_317_349_366_407.jpg,two_row_car,37C07887,37C17887,8,7,0.875,False,2,False,0.0,2965.895,3349632
two_rows/8_382_0_36A27074_367_261_435_327.jpg,two_row_car,36A27074,36A27074,8,8,1.0,True,2,False,0.0,5072.978,3349632
one_row/5_2090_1_36A02404_120_235_499_298.jpg,one_row,36A02404,36A02404,8,8,1.0,True,1,True,0.0,634.264,3349632
two_rows/6_1245_0_36C05882_213_405_254_451.jpg,two_row_car,36C05882,36C05882,8,8,1.0,True,2,False,0.0,4796.146,3349632
two_rows/2_160_0_36A12602_479_210_542_273.jpg,two_row_car,36A12602,36A12602,8,8,1.0,True,2,False,0.0,6292.843,3349632
one_row/8_1239_1_36A09409_121_248_527_302.jpg,one_row,36A09409,36A09409,8,8,1.0,True,1,False,0.0,1108.396,3349632
one_row/9_440_1_36A43837_443_301_543_368.jpg,one_row,36A43837,36A43837,8,8,1.0,True,1,True,0.0,810.27,3349632
one_row/8_2234_1_36M8578_114_251_500_310.jpg,one_row,36M8578,36M8578,7,7,1.0,True,1,True,0.0,1970.636,2930928
one_row/6_2294_1_36A23061_129_250_533_313.jpg,one_row,36A23061,36A23061,8,8,1.0,True,1,True,0.533,2173.228,3349632
one_row/7_3645_1_36A43233_149_263_505_329.jpg,one_row,36A43233,36A43233,8,8,1.0,True,1,True,0.0,873.165,3349632
one_row/3_2017_1_36A22140_121_240_532_296.jpg,one_row,36A22140,36A22140,8,8,1.0,True,1,False,0.0,2285.626,3349632
two_rows_label_xe_may/2_124_0_29P115120_297_120_414_238.jpg,two_row_motorcycle,29P115120,29P115120,9,9,1.0,True,2,False,0.0,1993.516,3768336
one_row/9_1631_1_36A44100_123_228_540_291.jpg,one_row,36A44100,36A44100,8,8,1.0,True,1,False,0.0,1277.578,3349632
two_rows/6_955_0_36A42126_136_310_198_385.jpg,two_row_car,36A42126,423162A6,8,1,0.125,False,1,True,0.0,2845.305,3349632
two_rows/1_1215_0_36A39127_490_204_552_282.jpg,two_row_car,36A39127,36A39127,8,8,1.0,True,2,True,0.0,4010.324,3349632
two_rows/3_3379_0_36C28385_249_229_398_310.jpg,two_row_car,36C28385,283368C5,8,1,0.125,False,1,True,0.0,2432.392,3349632
two_rows/7_1751_0_36C17577_279_344_327_392.jpg,two_row_car,36C17577,36C17571,8,7,0.875,False,2,False,0.0,2594.705,3349632
two_rows_label_xe_may/1_83_0_30f47340_155_54_302_160.jpg,two_row_motorcycle,30F47340,73324060,8,1,0.125,False,1,True,0.0,532.173,3349632
one_row/6_4040_1_61B01974_46_214_573_288.jpg,one_row,61B01974,61B01977,8,7,0.875,False,1,True,0.0,1475.002,3349632
one_row/5_1540_1_36C28757_136_301_231_352.jpg,one_row,36C28757,36C28757,8,8,1.0,True,1,True,0.0,3124.934,3349632
two_rows_label_xe_may/7_1300_0_29X136040_474_130_609_276.jpg,two_row_motorcycle,29X136040,293136040,9,8,0.8888888888888888,False,2,False,0.0,3680.317,3768336
two_rows/5_1439_0_36C21614_162_402_204_454.jpg,two_row_car,36C21614,36C21614,8,8,1.0,True,2,False,0.0,1727.297,3349632
one_row/5_1856_1_29A71699_118_196_488_259.jpg,one_row,29A71699,29A71699,8,8,1.0,True,1,True,0.0,523.36,3349632
two_rows_label_xe_may/7_2539_0_29l113228_298_133_446_265.jpg,two_row_motorcycle,29L113228,092219497,9,2,0.2222222222222222,False,1,False,0.0,4001.812,3768336
two_rows_label_xe_may/7_1509_0_29E241679_222_20_371_145.jpg,two_row_motorcycle,29E241679,29E241679,9,9,1.0,True,2,False,0.0,3088.737,3768336
one_row/7_4236_1_36C12392_194_263_568_344.jpg,one_row,36C12392,36C12192,8,7,0.875,False,1,False,0.0,1387.189,3349632
two_rows/7_4275_0_36C15105_186_199_425_309.jpg,two_row_car,36C15105,36C15105,8,8,1.0,True,2,False,0.0,740.854,3349632
one_row/2_622_1_29B61462_86_198_542_268.jpg,one_row,29B61462,29B61462,8,8,1.0,True,1,True,0.0,1776.53,3349632
two_rows/5_1769_0_77H3488_262_299_333_368.jpg,two_row_car,77H3488,77H3488,7,7,1.0,True,2,False,0.0,3813.327,2930928
one_row/9_2130_1_36C25815_150_230_528_293.jpg,one_row,36C25815,36C25815,8,8,1.0,True,1,True,0.466,388.36,3349632
one_row/1_1147_1_36A38951_138_284_245_348.jpg,one_row,36A38951,36A38951,8,8,1.0,True,1,True,0.0,2545.153,3349632
one_row/4_3652_1_90B00060_138_203_493_270.jpg,one_row,90B00060,90B00060,8,8,1.0,True,1,True,0.9,714.268,3349632
one_row/8_1523_1_36A43513_146_241_481_312.jpg,one_row,36A43513,36A43513,8,8,1.0,True,1,True,0.0,1194.263,3349632
two_rows/3_1164_0_36C24474_157_385_213_437.jpg,two_row_car,36C24474,36C24474,8,8,1.0,True,2,False,0.0,1876.931,3349632
one_row/1_3338_1_36A38860_28_213_538_286.jpg,one_row,36A38860,36A38860,8,8,1.0,True,1,True,0.0,1375.017,3349632
one_row/8_1089_1_30A44372_76_204_548_272.jpg,one_row,30A44372,30A44372,8,8,1.0,True,1,True,0.0,707.858,3349632
two_rows/4_1148_0_36C28334_215_369_263_422.jpg,two_row_car,36C28334,36C28334,8,8,1.0,True,2,False,0.0,6597.542,3349632
two_rows_label_xe_may/9_3570_0_29x725125_354_107_471_206.jpg,two_row_motorcycle,29X725125,22G212127,9,3,0.3333333333333333,False,1,False,0.0,13031.702,3768336
one_row/2_660_1_30A46116_81_194_540_284.jpg,one_row,30A46116,30A46116,8,8,1.0,True,1,True,0.0,1225.26,3349632
one_row/4_2967_1_36C16192_113_178_496_258.jpg,one_row,36C16192,36C16192,8,8,1.0,True,1,True,0.0,2055.391,3349632
two_rows_label_xe_may/6_2262_0_35b201182_274_75_420_194.jpg,two_row_motorcycle,35B201182,110151422,9,2,0.2222222222222222,False,1,True,0.0,1284.98,3768336
one_row/8_2318_1_51D00954_124_251_497_307.jpg,one_row,51D00954,51D00954,8,8,1.0,True,1,True,0.0,432.248,3349632
two_rows/6_1218_0_36C01021_424_305_489_374.jpg,two_row_car,36C01021,03106C21,8,3,0.375,False,1,False,0.0,4609.046,3349632
two_rows/1_136_0_30A86421_465_235_542_319.jpg,two_row_car,30A86421,30A86421,8,8,1.0,True,2,False,0.0,3213.927,3349632
two_rows/6_1417_0_36C29102_402_371_447_419.jpg,two_row_car,36C29102,36C29102,8,8,1.0,True,2,False,0.0,11064.905,3349632
one_row/5_2689_1_36A41041_133_193_508_256.jpg,one_row,36A41041,36A41041,8,8,1.0,True,1,True,0.744,2229.79,3349632
two_rows/6_832_0_36A41809_446_230_499_291.jpg,two_row_car,36A41809,36A41809,8,8,1.0,True,2,False,0.0,5151.208,3349632
one_row/7_3860_1_36B02160_201_266_488_325.jpg,one_row,36B02160,36B02160,8,8,1.0,True,1,True,0.0,837.95,3349632
two_rows_label_xe_may/4_998_0_29m161858_255_52_417_196.jpg,two_row_motorcycle,29M161858,22G112017,9,2,0.2222222222222222,False,1,False,0.0,7018.591,3768336
two_rows_label_xe_may/7_2779_0_30z60217_338_102_473_202.jpg,two_row_motorcycle,30Z60217,30260217,8,7,0.875,False,2,True,0.0,1512.554,3349632
one_row/1_1194_1_36A39074_111_331_236_407.jpg,one_row,36A39074,36A39074,8,8,1.0,True,1,True,0.0,1902.966,3349632
one_row/6_2616_1_36A41809_124_191_498_253.jpg,one_row,36A41809,36A41809,8,8,1.0,True,1,True,0.0,1041.327,3349632
two_rows/8_824_0_36D00602_440_296_503_361.jpg,two_row_car,36D00602,36D00602,8,8,1.0,True,2,False,0.0,6767.965,3349632
two_rows_label_xe_may/9_1790_0_30Y77557_402_139_521_264.jpg,two_row_motorcycle,30Y77557,30177557,8,7,0.875,False,2,False,0.0,1967.598,3349632
one_row/7_3867_1_36B02288_158_258_498_333.jpg,one_row,36B02288,36B02288,8,8,1.0,True,1,True,0.0,1259.053,3349632
one_row/5_4302_1_89A01171_141_199_528_268.jpg,one_row,89A01171,89A01171,8,8,1.0,True,1,True,0.0,337.596,3349632
two_rows/1_1139_0_36A38928_179_337_260_415.jpg,two_row_car,36A38928,383962A8,8,2,0.25,False,1,False,0.0,3937.129,3349632
two_rows/5_1501_0_36C28513_165_368_213_423.jpg,two_row_car,36C28513,36C28513,8,8,1.0,True,2,False,0.0,7480.253,3349632
two_rows/6_583_0_36A23740_162_203_235_281.jpg,two_row_car,36A23740,36A23740,8,8,1.0,True,2,False,0.0,3195.855,3349632
two_rows_label_xe_may/7_2489_0_29e168031_282_134_418_259.jpg,two_row_motorcycle,29E168031,68G011817,9,0,0.0,False,1,False,0.0,9170.776,3768336
