source,type,expected,predicted,characters,correct_characters,character_accuracy,exact,row_count,perspective_corrected,angle_deg,blur_score,macs_this_plate
one_row/7_3605_1_36A43147_186_242_496_288.jpg,one_row,36A43147,36A43147,8,8,1.0,True,1,True,0.0,1068.448,3349632
two_rows_label_xe_may/7_1464_0_15F106136_402_18_575_155.jpg,two_row_motorcycle,15F106136,15F106136,9,9,1.0,True,2,False,0.0,3175.561,3768336
one_row/1_4332_1_36N3565_25_221_577_289.jpg,one_row,36N3565,36N3565,7,7,1.0,True,1,False,0.0,2036.355,2930928
one_row/1_3218_1_36A38594_12_166_617_256.jpg,one_row,36A38594,36A38594,8,8,1.0,True,1,False,0.0,1083.063,3349632
one_row/5_2477_1_36A23371_113_201_526_269.jpg,one_row,36A23371,36A23371,8,8,1.0,True,1,False,0.0,1591.677,3349632
two_rows_label_xe_may/4_780_0_17M81352_401_18_532_138.jpg,two_row_motorcycle,17M81352,17MB1352,8,7,0.875,False,2,False,0.0,4463.544,3349632
two_rows/9_151_0_36A10634_97_302_152_375.jpg,two_row_car,36A10634,103663A4,8,1,0.125,False,1,True,0.0,2205.757,3349632
two_rows_label_xe_may/8_2867_0_29c112212_390_172_522_283.jpg,two_row_motorcycle,29C112212,29C112212,9,9,1.0,True,2,False,0.0,2863.416,3768336
one_row/6_3290_1_36C11223_123_228_538_322.jpg,one_row,36C11223,36C11223,8,8,1.0,True,1,True,0.0,429.064,3349632
two_rows/6_239_0_36A01295_390_251_460_313.jpg,two_row_car,36A01295,36A01295,8,8,1.0,True,2,False,0.0,5436.593,3349632
two_rows_label_xe_may/6_2202_0_30m91151_271_56_416_164.jpg,two_row_motorcycle,30M91151,10111319,8,2,0.25,False,1,True,0.0,1277.12,3349632
one_row/7_4534_1_36C29056_111_174_535_251.jpg,one_row,36C29056,36C29056,8,8,1.0,True,1,True,0.0,1454.573,3349632
two_rows/8_676_0_36C08967_157_393_194_433.jpg,two_row_car,36C08967,36C08962,8,7,0.875,False,2,False,0.0,5945.603,3349632
two_rows/3_964_0_36B02231_122_293_162_333.jpg,two_row_car,36B02231,36B02231,8,8,1.0,True,2,False,0.0,7310.979,3349632
one_row/4_2912_1_36C13492_134_197_555_288.jpg,one_row,36C13492,36C13492,8,8,1.0,True,1,True,0.0,978.745,3349632
one_row/2_1578_1_36M2942_9_170_629_275.jpg,one_row,36M2942,636M292,7,1,0.14285714285714285,False,1,True,0.0,687.945,2930928
two_rows_label_xe_may/8_3216_0_29v147439_416_157_544_272.jpg,two_row_motorcycle,29V147439,29V147439,9,9,1.0,True,2,False,0.0,4090.818,3768336
one_row/1_4020_1_36C25854_38_228_607_384.jpg,one_row,36C25854,36C25854,8,8,1.0,True,1,False,0.0,317.223,3349632
one_row/5_2879_1_36A41392_89_140_531_217.jpg,one_row,36A41392,36A41392,8,8,1.0,True,1,True,0.0,2677.58,3349632
two_rows_label_xe_may/4_668_0_99G112852_373_43_545_176.jpg,two_row_motorcycle,99G112852,99G152852,9,8,0.8888888888888888,False,2,True,0.0,2570.191,3768336
one_row/4_1963_1_36A22876_40_166_624_291.jpg,one_row,36A22876,36A22876,8,8,1.0,True,1,True,0.0,712.296,3349632
one_row/5_4143_1_36N3244_26_220_553_318.jpg,one_row,36N3244,36N3244,7,7,1.0,True,1,True,0.0,207.654,2930928
two_rows/7_150_0_30Z3625_471_226_519_281.jpg,two_row_car,30Z3625,30Z3625,7,7,1.0,True,2,False,0.0,3863.846,2930928
two_rows_label_xe_may/2_229_0_88K67591_261_12_385_108.jpg,two_row_motorcycle,88K67591,88K67591,8,8,1.0,True,2,False,0.0,4508.277,3349632
one_row/7_4682_1_36D01141_64_200_525_271.jpg,one_row,36D01141,36D01141,8,8,1.0,True,1,True,0.0,777.976,3349632
one_row/5_1960_1_29Z8871_159_173_537_259.jpg,one_row,29Z8871,29Z8871,7,7,1.0,True,1,False,0.0,1291.967,2930928
two_rows/4_676_0_36A40584_128_203_177_261.jpg,two_row_car,36A40584,36A40584,8,8,1.0,True,2,False,0.0,3624.448,3349632
one_row/7_1185_1_36A42959_80_270_181_332.jpg,one_row,36A42959,36A42959,8,8,1.0,True,1,True,0.0,1715.896,3349632
two_rows/1_1929_0_56P8942_112_236_173_308.jpg,two_row_car,56P8942,56P8942,7,7,1.0,True,2,False,0.0,1453.864,2930928
two_rows/3_71_0_29V7976_446_214_526_293.jpg,two_row_car,29V7976,2943966,7,4,0.5714285714285714,False,2,False,0.0,1564.021,2930928
one_row/1_3190_1_36A38523_142_288_496_389.jpg,one_row,36A38523,36A38523,8,8,1.0,True,1,True,0.0,1210.202,3349632
one_row/7_2979_1_36A24718_142_235_492_296.jpg,one_row,36A24718,36A24718,8,8,1.0,True,1,False,0.0,1690.527,3349632
two_rows_label_xe_may/5_1056_0_29V544618_503_6_637_148.jpg,two_row_motorcycle,29V544618,291544618,9,8,0.8888888888888888,False,2,False,0.0,5462.365,3768336
two_rows/7_4929_0_36R01989_236_214_417_337.jpg,two_row_car,36R01989,36R01989,8,8,1.0,True,2,True,0.0,3603.37,3349632
two_rows/5_306_0_36A07561_466_208_535_277.jpg,two_row_car,36A07561,36A07561,8,8,1.0,True,2,False,0.0,4284.853,3349632
two_rows/7_409_0_36A14341_468_209_519_266.jpg,two_row_car,36A14341,36A14341,8,8,1.0,True,2,False,0.0,8356.905,3349632
one_row/1_3247_1_36A38672_82_209_605_306.jpg,one_row,36A38672,36A38672,8,8,1.0,True,1,True,0.0,462.562,3349632
one_row/5_3298_1_36C04863_93_166_494_248.jpg,one_row,36C04863,36C04863,8,8,1.0,True,1,True,0.0,2055.986,3349632
one_row/6_2121_1_36A08943_143_232_552_295.jpg,one_row,36A08943,36A08943,8,8,1.0,True,1,True,0.932,2178.203,3349632
one_row/3_3189_1_36C24416_146_251_494_308.jpg,one_row,36C24416,36C24416,8,8,1.0,True,1,True,0.0,753.958,3349632
two_rows_label_xe_may/6_2254_0_36m61368_224_60_367_170.jpg,two_row_motorcycle,36M61368,93023116,8,0,0.0,False,1,True,0.0,1774.088,3349632
one_row/3_3684_1_38C00789_65_74_615_178.jpg,one_row,38C00789,38C00789,8,8,1.0,True,1,True,0.342,495.26,3349632
one_row/4_3247_1_36C28360_102_234_489_307.jpg,one_row,36C28360,36C28360,8,8,1.0,True,1,True,0.0,2020.67,3349632
one_row/2_1168_1_36C00961_90_190_570_264.jpg,one_row,36C00961,36C00961,8,8,1.0,True,1,True,0.0,1633.667,3349632
one_row/6_2222_1_36A16996_94_154_549_227.jpg,one_row,36A16996,36A16996,8,8,1.0,True,1,True,0.0,377.646,3349632
one_row/2_1124_1_36B01888_153_216_560_262.jpg,one_row,36B01888,36B01888,8,8,1.0,True,1,False,0.0,1252.93,3349632
one_row/4_2987_1_36C16491_147_202_475_277.jpg,one_row,36C16491,36C16491,8,8,1.0,True,1,False,0.0,2609.646,3349632
one_row/5_3979_1_36L8651_166_225_496_282.jpg,one_row,36L8651,36L8651,7,7,1.0,True,1,True,0.0,1026.252,2930928
two_rows/6_37_0_29A49175_136_212_205_282.jpg,two_row_car,29A49175,29A49175,8,8,1.0,True,2,False,0.0,3151.931,3349632
two_rows_label_xe_may/8_2880_0_29g128851_315_157_450_282.jpg,two_row_motorcycle,29G128851,299112911,9,4,0.4444444444444444,False,1,False,0.0,8123.56,3768336
one_row/6_2034_1_36A05612_124_176_503_242.jpg,one_row,36A05612,36A05612,8,8,1.0,True,1,False,0.0,1610.96,3349632
one_row/1_3920_1_36C15362_157_275_468_335.jpg,one_row,36C15362,36C15362,8,8,1.0,True,1,False,0.0,2740.065,3349632
one_row/2_1370_1_36C15383_42_231_602_325.jpg,one_row,36C15383,36C15383,8,8,1.0,True,1,True,0.0,1135.662,3349632
two_rows_label_xe_may/8_1600_0_17B825309_450_3_598_109.jpg,two_row_motorcycle,17B825309,1DBB25309,9,7,0.7777777777777778,False,2,True,0.0,6493.064,3768336
one_row/6_2169_1_36A12571_103_199_515_262.jpg,one_row,36A12571,36A12571,8,8,1.0,True,1,True,0.0,1032.516,3349632
one_row/9_856_1_36C08839_187_323_268_368.jpg,one_row,36C08839,36C08839,8,8,1.0,True,1,True,0.0,4270.244,3349632
two_rows/3_1213_0_36C27892_106_416_142_450.jpg,two_row_car,36C27892,36C27892,8,8,1.0,True,2,False,0.0,16749.56,3349632
one_row/5_3611_1_36C17750_55_225_585_293.jpg,one_row,36C17750,36C17750,8,8,1.0,True,1,False,0.0,790.931,3349632
two_rows/5_1213_0_36C00464_93_319_143_369.jpg,two_row_car,36C00464,36C00461,8,7,0.875,False,2,False,0.0,3608.785,3349632
two_rows/1_1536_0_36C16893_123_313_172_372.jpg,two_row_car,36C16893,36C16893,8,8,1.0,True,2,True,0.0,3906.197,3349632
one_row/1_2055_1_29B01465_83_240_548_314.jpg,one_row,29B01465,29B01965,8,7,0.875,False,1,False,0.0,244.99,3349632
two_rows_label_xe_may/2_865_0_29y710927_445_120_571_224.jpg,two_row_motorcycle,29Y710927,29Y710927,9,9,1.0,True,2,True,0.0,2008.093,3768336
one_row/8_1486_1_36A43114_89_170_529_236.jpg,one_row,36A43114,36A43114,8,8,1.0,True,1,True,0.175,863.063,3349632
one_row/4_3479_1_36M8461_135_206_483_278.jpg,one_row,36M8461,36M8461,7,7,1.0,True,1,True,0.0,848.969,2930928
one_row/5_2095_1_36A02492_137_192_521_275.jpg,one_row,36A02492,36A02492,8,8,1.0,True,1,False,0.0,173.647,3349632
two_rows_label_xe_may/6_2124_0_37m11605_141_164_273_289.jpg,two_row_motorcycle,37M11605,12620M21,8,0,0.0,False,1,False,0.0,888.882,3349632
two_rows_label_xe_may/4_1389_0_29t175476_242_5_349_86.jpg,two_row_motorcycle,29T175476,222229221,9,1,0.1111111111111111,False,1,True,0.0,12135.829,3768336
one_row/2_1006_1_36A39267_72_220_534_289.jpg,one_row,36A39267,36A39267,8,8,1.0,True,1,True,0.0,2352.876,3349632
two_rows_label_xe_may/6_1175_0_36B523813_482_18_607_137.jpg,two_row_motorcycle,36B523813,3BB623813,9,7,0.7777777777777778,False,2,False,0.0,4175.396,3768336
two_rows/3_3279_0_36C27939_139_210_504_355.jpg,two_row_car,36C27939,36C27939,8,8,1.0,True,2,True,0.0,926.51,3349632
two_rows/4_1930_0_36A22500_157_182_496_395.jpg,two_row_car,36A22500,36A22500,8,8,1.0,True,2,False,0.0,759.209,3349632
one_row/8_1125_1_30X0356_175_233_496_296.jpg,one_row,30X0356,30X0356,7,7,1.0,True,1,True,0.0,1655.195,2930928
one_row/5_2910_1_36A41441_65_249_598_370.jpg,one_row,36A41441,36A41441,8,8,1.0,True,1,True,0.0,208.918,3349632
two_rows/3_2947_0_36C15060_181_147_438_277.jpg,two_row_car,36C15060,36C15060,8,8,1.0,True,2,True,0.0,1780.665,3349632
one_row/4_1665_1_36A07666_123_235_520_319.jpg,one_row,36A07666,36A07666,8,8,1.0,True,1,True,0.0,2587.033,3349632
one_row/6_2346_1_36A23748_122_195_536_258.jpg,one_row,36A23748,36A23748,8,8,1.0,True,1,True,0.324,824.628,3349632
two_rows/6_3536_0_36C22324_226_205_515_360.jpg,two_row_car,36C22324,36C22324,8,8,1.0,True,2,True,0.0,733.561,3349632
two_rows/5_1098_0_36B01235_193_340_229_376.jpg,two_row_car,36B01235,36B71753,8,4,0.5,False,2,False,0.0,2236.386,3349632
one_row/9_1377_1_36A25486_108_250_496_313.jpg,one_row,36A25486,36A25486,8,8,1.0,True,1,False,0.0,1189.886,3349632
one_row/4_3426_1_36M4358_145_189_489_280.jpg,one_row,36M4358,36M4358,7,7,1.0,True,1,True,0.0,664.768,2930928
two_rows/6_353_0_36A08242_404_306_475_377.jpg,two_row_car,36A08242,36A08242,8,8,1.0,True,2,False,0.0,2793.766,3349632
one_row/6_2127_1_36A09584_67_183_538_270.jpg,one_row,36A09584,36A09584,8,8,1.0,True,1,False,0.0,726.354,3349632
two_rows_label_xe_may/6_2289_0_29m167151_185_74_334_200.jpg,two_row_motorcycle,29M167151,21E112111,9,4,0.4444444444444444,False,1,False,0.0,5670.228,3768336
one_row/6_1902_1_30N3715_108_198_520_284.jpg,one_row,30N3715,30N3715,7,7,1.0,True,1,True,0.587,1304.551,2930928
two_rows/7_2131_0_49A24062_91_253_157_320.jpg,two_row_car,49A24062,49A24062,8,8,1.0,True,2,False,0.0,3135.361,3349632
two_rows/8_666_0_36C07608_456_294_502_353.jpg,two_row_car,36C07608,36C07608,8,8,1.0,True,2,True,0.0,10530.693,3349632
one_row/4_3111_1_36C21540_115_199_513_249.jpg,one_row,36C21540,36C21540,8,8,1.0,True,1,False,0.0,1490.055,3349632
one_row/2_770_1_36A06916_107_211_518_278.jpg,one_row,36A06916,36A06916,8,8,1.0,True,1,True,0.0,564.468,3349632
one_row/3_2507_1_36A40220_108_220_596_285.jpg,one_row,36A40220,36A40220,8,8,1.0,True,1,False,0.0,2100.775,3349632
one_row/1_2910_1_36A37825_115_271_561_326.jpg,one_row,36A37825,36A97925,8,6,0.75,False,1,False,0.0,297.341,3349632
one_row/4_3279_1_36C28481_117_225_515_297.jpg,one_row,36C28481,36C28481,8,8,1.0,True,1,True,0.0,775.746,3349632
two_rows_label_xe_may/2_226_0_30L78448_302_147_428_254.jpg,two_row_motorcycle,30L78448,30L78448,8,8,1.0,True,2,False,0.0,3629.184,3349632
two_rows_label_xe_may/1_238_0_88l138994_229_115_374_244.jpg,two_row_motorcycle,88L138994,380910329,9,1,0.1111111111111111,False,1,False,0.0,2138.794,3768336
two_rows_label_xe_may/6_1215_0_29U55366_402_68_524_190.jpg,two_row_motorcycle,29U55366,29055366,8,7,0.875,False,2,False,0.0,5602.193,3349632
one_row/1_3342_1_36A38870_117_206_588_264.jpg,one_row,36A38870,36A38870,8,8,1.0,True,1,False,0.0,814.366,3349632
one_row/4_1712_1_36A11345_109_192_534_271.jpg,one_row,36A11345,36A11345,8,8,1.0,True,1,True,0.0,470.845,3349632
one_row/6_3680_1_36C29396_52_225_508_313.jpg,one_row,36C29396,36C29396,8,8,1.0,True,1,False,0.0,525.699,3349632
two_rows/1_3939_0_36C19304_146_190_413_351.jpg,two_row_car,36C19304,36C19304,8,8,1.0,True,2,True,0.0,2043.214,3349632
two_rows/4_252_0_36A11401_116_335_169_401.jpg,two_row_car,36A11401,36A11401,8,8,1.0,True,2,True,0.0,730.126,3349632
one_row/5_1812_1_18N4969_15_138_615_275.jpg,one_row,18N4969,18N4960,7,6,0.8571428571428571,False,1,False,0.0,19.848,2930928
one_row/9_1932_1_36C04701_143_289_448_352.jpg,one_row,36C04701,36C04701,8,8,1.0,True,1,False,0.0,1214.462,3349632
one_row/8_2352_1_98C05287_63_254_504_326.jpg,one_row,98C05287,CABC0528,8,0,0.0,False,1,False,0.0,429.379,3349632
one_row/8_1444_1_36A33710_90_252_493_309.jpg,one_row,36A33710,36A33710,8,8,1.0,True,1,True,0.273,725.231,3349632
one_row/8_48_1_29C81107_430_310_506_364.jpg,one_row,29C81107,29C81107,8,8,1.0,True,1,True,0.0,4230.226,3349632
one_row/1_2554_1_36A13401_60_240_499_335.jpg,one_row,36A13401,36A13401,8,8,1.0,True,1,False,0.0,1818.795,3349632
one_row/8_1198_1_36A05369_106_225_521_298.jpg,one_row,36A05369,36A05369,8,8,1.0,True,1,True,0.0,1181.059,3349632
one_row/1_4415_1_51F71881_29_280_575_361.jpg,one_row,51F71881,51F71881,8,8,1.0,True,1,False,0.0,390.137,3349632
two_rows/7_2668_0_36A10397_163_138_481_294.jpg,two_row_car,36A10397,36A10397,8,8,1.0,True,2,True,0.0,356.999,3349632
two_rows/7_1988_0_36M0839_175_378_222_428.jpg,two_row_car,36M0839,36M0B39,7,6,0.8571428571428571,False,2,False,0.0,2955.012,2930928
one_row/8_1177_1_36A02798_110_241_485_298.jpg,one_row,36A02798,36A02798,8,8,1.0,True,1,True,0.0,1653.081,3349632
one_row/7_2544_1_36A05144_90_222_591_300.jpg,one_row,36A05144,36A05144,8,8,1.0,True,1,True,0.0,452.748,3349632
two_rows/6_76_0_29C13998_132_389_171_439.jpg,two_row_car,29C13998,29C13998,8,8,1.0,True,2,False,0.0,2542.879,3349632
one_row/7_2783_1_36A15046_107_198_496_261.jpg,one_row,36A15046,36A15046,8,8,1.0,True,1,True,0.0,686.928,3349632
two_rows_label_xe_may/4_1269_0_30h27562_272_67_418_180.jpg,two_row_motorcycle,30H27562,73216912,8,1,0.125,False,1,True,0.0,6862.997,3349632
one_row/1_2896_1_36A37764_164_310_466_356.jpg,one_row,36A37764,36A37764,8,8,1.0,True,1,True,0.0,2161.382,3349632
one_row/7_3156_1_36A42084_148_236_513_298.jpg,one_row,36A42084,36A42084,8,8,1.0,True,1,False,0.0,692.327,3349632
two_rows_label_xe_may/7_1368_0_98B329833_51_18_189_135.jpg,two_row_motorcycle,98B329833,98B329833,9,9,1.0,True,2,False,0.0,2722.305,3768336
two_rows_label_xe_may/6_1921_0_29g116130_266_82_414_204.jpg,two_row_motorcycle,29G116130,129113999,9,2,0.2222222222222222,False,1,True,0.0,6014.032,3768336
one_row/4_1984_1_36A25593_147_164_555_227.jpg,one_row,36A25593,36A25593,8,8,1.0,True,1,True,0.0,2732.652,3349632
one_row/6_2414_1_36A24326_124_180_550_243.jpg,one_row,36A24326,36A24326,8,8,1.0,True,1,True,0.0,1816.816,3349632
two_rows/5_1747_0_38A15308_147_180_213_254.jpg,two_row_car,38A15308,38A15308,8,8,1.0,True,2,False,0.0,2378.466,3349632
one_row/7_366_1_36A12163_143_229_233_265.jpg,one_row,36A12163,36A72163,8,7,0.875,False,1,False,0.0,1590.993,3349632
two_rows/4_99_0_30M3437_461_231_507_296.jpg,two_row_car,30M3437,30M3437,7,7,1.0,True,2,True,0.0,4373.35,2930928
one_row/4_2705_1_36C03334_80_199_507_286.jpg,one_row,36C03334,36C03334,8,8,1.0,True,1,False,0.0,822.196,3349632
two_rows/3_515_0_36A24091_416_320_476_382.jpg,two_row_car,36A24091,36A24091,8,8,1.0,True,2,False,0.0,4279.877,3349632
two_rows/4_955_0_36C00187_198_395_236_435.jpg,two_row_car,36C00187,36C00187,8,8,1.0,True,2,False,0.0,9020.475,3349632
two_rows_label_xe_may/1_213_0_29c143051_82_27_209_133.jpg,two_row_motorcycle,29C143051,292143151,9,7,0.7777777777777778,False,2,True,0.0,2896.412,3768336
one_row/4_1534_1_35A07570_161_209_443_267.jpg,one_row,35A07570,35A07570,8,8,1.0,True,1,False,0.0,1164.658,3349632
one_row/1_2061_1_29B07057_153_262_510_322.jpg,one_row,29B07057,29B07057,8,8,1.0,True,1,False,0.0,2465.851,3349632
two_rows/8_2278_0_36N4262_177_181_442_327.jpg,two_row_car,36N4262,36N4262,7,7,1.0,True,2,True,0.0,334.591,2930928
one_row/6_3202_1_36C05480_55_226_516_306.jpg,one_row,36C05480,36C05480,8,8,1.0,True,1,False,0.0,486.421,3349632
two_rows_label_xe_may/2_575_0_30p41169_471_140_581_238.jpg,two_row_motorcycle,30P41169,30P41169,8,8,1.0,True,2,False,0.0,2697.341,3349632
two_rows/6_96_0_29N0049_167_400_215_447.jpg,two_row_car,29N0049,29N0049,7,7,1.0,True,2,False,0.0,4577.676,2930928
one_row/3_2429_1_36A39987_70_238_585_314.jpg,one_row,36A39987,36A39987,8,8,1.0,True,1,True,0.0,571.907,3349632
one_row/9_1700_1_36A44246_167_294_513_361.jpg,one_row,36A44246,36A44246,8,8,1.0,True,1,False,0.0,365.931,3349632
two_rows/4_1297_0_72M9126_144_267_187_322.jpg,two_row_car,72M9126,72M9126,7,7,1.0,True,2,True,0.0,5337.148,2930928
one_row/7_4163_1_36C08804_136_271_512_334.jpg,one_row,36C08804,36C0B804,8,7,0.875,False,1,True,0.0,887.119,3349632
one_row/3_2506_1_36A40218_135_231_534_300.jpg,one_row,36A40218,36A40218,8,8,1.0,True,1,True,0.0,2307.031,3349632
two_rows_label_xe_may/9_3484_0_30x90166_429_211_532_309.jpg,two_row_motorcycle,30X90166,30X90166,8,8,1.0,True,2,False,0.0,5927.934,3349632
two_rows/5_3770_0_36C26251_221_195_448_312.jpg,two_row_car,36C26251,36C26251,8,8,1.0,True,2,True,0.764,766.516,3349632
one_row/1_2389_1_36A06678_53_261_592_346.jpg,one_row,36A06678,36A06678,8,8,1.0,True,1,True,0.0,976.217,3349632
one_row/5_2954_1_36A41557_158_180_524_251.jpg,one_row,36A41557,36A41557,8,8,1.0,True,1,True,0.0,1100.342,3349632
one_row/1_4167_1_36D01091_45_216_636_303.jpg,one_row,36D01091,36D01097,8,7,0.875,False,1,False,0.0,387.635,3349632
two_rows_label_xe_may/6_2107_0_30l97616_205_59_339_167.jpg,two_row_motorcycle,30L97616,70209329,8,1,0.125,False,1,True,0.0,1226.493,3349632
two_rows/3_269_0_36A09012_446_189_523_268.jpg,two_row_car,36A09012,36A09012,8,8,1.0,True,2,False,0.0,2545.417,3349632
two_rows_label_xe_may/4_1354_0_89f111450_319_18_456_127.jpg,two_row_motorcycle,89F111450,9B9412609,9,1,0.1111111111111111,False,1,True,0.0,7505.215,3768336
one_row/3_2316_1_36A39770_116_193_483_250.jpg,one_row,36A39770,36A39770,8,8,1.0,True,1,True,0.0,1367.471,3349632
one_row/1_3370_1_36A38933_100_238_514_301.jpg,one_row,36A38933,36A38933,8,8,1.0,True,1,True,0.0,257.432,3349632
one_row/4_1603_1_36A03579_102_212_565_307.jpg,one_row,36A03579,36A03579,8,8,1.0,True,1,True,0.0,1139.856,3349632
two_rows/7_1727_0_36C12737_171_279_227_338.jpg,two_row_car,36C12737,36C12737,8,8,1.0,True,2,False,0.0,2058.551,3349632
two_rows_label_xe_may/8_1589_0_99G112852_320_49_507_208.jpg,two_row_motorcycle,99G112852,99G112852,9,9,1.0,True,2,False,0.0,2203.333,3768336
two_rows/8_596_0_36B02124_110_344_153_389.jpg,two_row_car,36B02124,13B02124,8,6,0.75,False,2,False,0.0,2132.876,3349632
one_row/9_1955_1_36C06776_156_291_492_354.jpg,one_row,36C06776,36C06776,8,8,1.0,True,1,True,0.0,1375.639,3349632
one_row/6_3330_1_36C12096_57_217_558_292.jpg,one_row,36C12096,36C12096,8,8,1.0,True,1,False,0.0,353.617,3349632
one_row/5_2019_1_30V2183_111_175_536_263.jpg,one_row,30V2183,30V2183,7,7,1.0,True,1,True,0.0,320.975,2930928
one_row/1_2624_1_36A17918_126_234_556_297.jpg,one_row,36A17918,36A17918,8,8,1.0,True,1,True,0.0,356.895,3349632
two_rows/3_216_0_36A05910_440_200_506_273.jpg,two_row_car,36A05910,36A05910,8,8,1.0,True,2,False,0.0,2375.451,3349632
one_row/4_1472_1_30A87373_124_206_517_276.jpg,one_row,30A87373,30A87373,8,8,1.0,True,1,True,0.0,699.11,3349632
one_row/9_2356_1_36N2962_145_304_429_353.jpg,one_row,36N2962,36N2962,7,7,1.0,True,1,True,0.0,1104.667,2930928
one_row/2_939_1_36A32968_100_231_528_294.jpg,one_row,36A32968,36A32968,8,8,1.0,True,1,True,0.0,1381.92,3349632
one_row/8_2167_1_36L7819_100_217_496_288.jpg,one_row,36L7819,36L7819,7,7,1.0,True,1,True,0.0,870.691,2930928
one_row/9_2017_1_36C12764_185_313_469_376.jpg,one_row,36C12764,36C12764,8,8,1.0,True,1,True,0.0,748.314,3349632
two_rows_label_xe_may/6_1227_0_30M40092_389_3_544_121.jpg,two_row_motorcycle,30M40092,30M40092,8,8,1.0,True,2,True,0.0,3281.133,3349632
one_row/9_1304_1_36A15886_146_250_516_313.jpg,one_row,36A15886,36A15886,8,8,1.0,True,1,True,0.0,390.065,3349632
two_rows/6_178_0_30N3715_470_262_523_317.jpg,two_row_car,30N3715,30N3716,7,6,0.8571428571428571,False,2,False,0.0,7697.409,2930928
one_row/2_1610_1_36N0362_24_179_594_288.jpg,one_row,36N0362,36N0362,7,7,1.0,True,1,True,0.0,690.553,2930928
two_rows_label_xe_may/9_3412_0_30l28181_384_57_512_157.jpg,two_row_motorcycle,30L28181,30L28181,8,8,1.0,True,2,True,0.0,1886.95,3349632
two_rows/5_806_0_36A41051_107_248_171_314.jpg,two_row_car,36A41051,36A41051,8,8,1.0,True,2,False,0.0,5913.02,3349632
one_row/3_2156_1_36A39353_67_179_560_269.jpg,one_row,36A39353,36A39353,8,8,1.0,True,1,True,0.0,2477.021,3349632
one_row/3_416_1_36A19788_386_340_479_392.jpg,one_row,36A19788,36C19788,8,7,0.875,False,1,True,0.0,5453.474,3349632
one_row/6_3009_1_36B02116_81_221_540_284.jpg,one_row,36B02116,36B02116,8,8,1.0,True,1,True,0.339,140.981,3349632
two_rows/5_1148_0_36B02307_154_310_192_352.jpg,two_row_car,36B02307,36B02307,8,8,1.0,True,2,False,0.0,7007.644,3349632
one_row/5_2491_1_36A23455_130_171_517_245.jpg,one_row,36A23455,36A23455,8,8,1.0,True,1,True,0.0,1204.521,3349632
one_row/6_2580_1_36A41731_72_171_548_259.jpg,one_row,36A41731,36A41731,8,8,1.0,True,1,False,0.0,727.923,3349632
one_row/1_4296_1_36N1724_84_261_519_325.jpg,one_row,36N1724,36N1729,7,6,0.8571428571428571,False,1,True,0.0,532.193,2930928
one_row/1_2048_1_29A88855_15_191_588_268.jpg,one_row,29A88855,29A88855,8,8,1.0,True,1,True,0.0,2104.37,3349632
one_row/3_3272_1_36C27894_170_278_532_328.jpg,one_row,36C27894,36C27894,8,8,1.0,True,1,True,0.0,1869.264,3349632
two_rows/2_172_0_36A13021_476_333_536_414.jpg,two_row_car,36A13021,13306A21,8,2,0.25,False,1,True,0.0,12073.541,3349632
one_row/7_4867_1_36N3475_107_239_475_328.jpg,one_row,36N3475,36N3475,7,7,1.0,True,1,True,0.0,828.62,2930928
one_row/4_1161_1_36C28462_448_308_524_363.jpg,one_row,36C28462,36C28462,8,8,1.0,True,1,False,0.0,2705.152,3349632
two_rows/3_749_0_36A39814_128_233_197_296.jpg,two_row_car,36A39814,36A39814,8,8,1.0,True,2,False,0.0,2329.522,3349632
two_rows/7_324_0_36A08896_198_227_252_279.jpg,two_row_car,36A08896,36A08896,8,8,1.0,True,2,False,0.0,3944.925,3349632
two_rows_label_xe_may/7_2455_0_29m155900_434_92_576_204.jpg,two_row_motorcycle,29M155900,29M155900,9,9,1.0,True,2,True,0.0,3845.484,3768336
one_row/3_1168_1_36C25312_346_323_451_373.jpg,one_row,36C25312,36C25312,8,8,1.0,True,1,True,0.0,7638.36,3349632
two_rows_label_xe_may/2_460_0_33p14454_433_119_563_221.jpg,two_row_motorcycle,33P14454,33114454,8,7,0.875,False,2,True,0.0,2211.712,3349632
two_rows_label_xe_may/4_970_0_29e230671_210_54_342_169.jpg,two_row_motorcycle,29E230671,92E217611,9,4,0.4444444444444444,False,1,False,0.0,7635.633,3768336
one_row/6_2201_1_36A14898_84_224_537_299.jpg,one_row,36A14898,36A14898,8,8,1.0,True,1,True,0.0,843.291,3349632
one_row/4_2651_1_36C00472_147_209_501_272.jpg,one_row,36C00472,36C00472,8,8,1.0,True,1,True,0.0,1851.261,3349632
two_rows_label_xe_may/1_418_0_33r56836_396_146_510_243.jpg,two_row_motorcycle,33R56836,33R56836,8,8,1.0,True,2,True,3.731,714.797,3349632
one_row/5_2303_1_36A16089_154_172_477_235.jpg,one_row,36A16089,36A16089,8,8,1.0,True,1,True,0.0,1116.426,3349632
two_rows/8_226_0_36A10616_122_233_179_301.jpg,two_row_car,36A10616,36A10616,8,8,1.0,True,2,False,0.0,2849.691,3349632
one_row/1_3297_1_36A38778_124_235_505_296.jpg,one_row,36A38778,36A38778,8,8,1.0,True,1,True,0.0,2108.6,3349632
one_row/9_1190_1_36A01132_36_147_550_259.jpg,one_row,36A01132,36A01132,8,8,1.0,True,1,False,0.0,971.89,3349632
one_row/1_4219_1_36M3056_171_268_535_331.jpg,one_row,36M3056,36MK305,7,3,0.42857142857142855,False,1,True,1.364,758.678,2930928
two_rows/1_1664_0_36C27557_183_380_224_420.jpg,two_row_car,36C27557,36C27557,8,8,1.0,True,2,False,0.0,9949.929,3349632
one_row/6_12_1_19A14820_431_198_538_259.jpg,one_row,19A14820,19A14820,8,8,1.0,True,1,False,0.0,1508.626,3349632
one_row/6_3898_1_36N1824_48_198_493_298.jpg,one_row,36N1824,36N1824,7,7,1.0,True,1,True,0.202,137.148,2930928
one_row/8_1557_1_36A43649_82_225_527_293.jpg,one_row,36A43649,36A43649,8,8,1.0,True,1,True,0.642,823.873,3349632
one_row/1_1530_1_36C15260_91_329_161_378.jpg,one_row,36C15260,36C15260,8,8,1.0,True,1,True,0.0,6018.4,3349632
one_row/7_2372_1_30A48917_125_225_460_283.jpg,one_row,30A48917,30A48917,8,8,1.0,True,1,True,0.0,429.59,3349632
two_rows_label_xe_may/4_681_0_30F22558_361_133_493_257.jpg,two_row_motorcycle,30F22558,30F22558,8,8,1.0,True,2,False,0.0,4259.179,3349632
one_row/9_2133_1_36C25870_188_297_489_360.jpg,one_row,36C25870,36C25870,8,8,1.0,True,1,True,0.219,391.061,3349632
one_row/4_2570_1_36B02310_146_210_526_288.jpg,one_row,36B02310,36B02310,8,8,1.0,True,1,True,0.0,1554.535,3349632
two_rows/8_536_0_36A43765_115_244_188_321.jpg,two_row_car,36A43765,36A43765,8,8,1.0,True,2,False,0.0,1912.482,3349632
one_row/8_1108_1_30F62774_103_213_499_299.jpg,one_row,30F62774,30F62774,8,8,1.0,True,1,False,0.0,1518.693,3349632
one_row/3_2763_1_36C04336_28_192_593_287.jpg,one_row,36C04336,36C04336,8,8,1.0,True,1,True,0.177,885.509,3349632
two_rows/5_955_0_36A41364_468_200_538_277.jpg,two_row_car,36A41364,36A41364,8,8,1.0,True,2,False,0.0,2931.808,3349632
two_rows_label_xe_may/2_504_0_29l168792_527_130_619_214.jpg,two_row_motorcycle,29L168792,29L168792,9,9,1.0,True,2,False,0.0,4192.103,3768336
two_rows/1_1436_0_36C03931_230_295_278_344.jpg,two_row_car,36C03931,36C03931,8,8,1.0,True,2,False,0.0,2636.48,3349632
one_row/1_2990_1_36A38047_88_224_489_309.jpg,one_row,36A38047,36A38047,8,8,1.0,True,1,True,0.0,1992.115,3349632
one_row/7_4062_1_36C04811_138_227_468_294.jpg,one_row,36C04811,36C04B11,8,7,0.875,False,1,True,0.0,595.055,3349632
one_row/7_3934_1_36B03452_150_225_515_288.jpg,one_row,36B03452,36B03452,8,8,1.0,True,1,False,0.0,1385.831,3349632
one_row/2_1514_1_36C27763_75_180_564_267.jpg,one_row,36C27763,36C27763,8,8,1.0,True,1,True,0.0,1752.522,3349632
two_rows/5_384_0_36A13503_456_214_531_290.jpg,two_row_car,36A13503,36A13503,8,8,1.0,True,2,False,0.0,4225.817,3349632
one_row/5_1861_1_29A78477_124_193_507_267.jpg,one_row,29A78477,29A78477,8,8,1.0,True,1,True,0.0,676.764,3349632
one_row/1_4416_1_52S6665_191_325_478_374.jpg,one_row,52S6665,52S6665,7,7,1.0,True,1,True,0.0,1746.548,2930928
two_rows/8_752_0_36C22679_204_406_253_454.jpg,two_row_car,36C22679,36C22679,8,8,1.0,True,2,False,0.0,2623.526,3349632
one_row/4_2673_1_36C01745_121_176_518_254.jpg,one_row,36C01745,36C01745,8,8,1.0,True,1,True,0.0,1469.519,3349632
one_row/1_2883_1_36A37658_214_285_469_327.jpg,one_row,36A37658,36A37658,8,8,1.0,True,1,True,0.0,2734.266,3349632
two_rows_label_xe_may/2_820_0_29y93697_413_67_541_162.jpg,two_row_motorcycle,29Y93697,29Y93697,8,8,1.0,True,2,True,0.0,2340.279,3349632
one_row/7_2797_1_36A15285_111_198_537_290.jpg,one_row,36A15285,36A15285,8,8,1.0,True,1,True,1.123,770.388,3349632
one_row/6_1736_1_29A85598_104_179_537_253.jpg,one_row,29A85598,29A85598,8,8,1.0,True,1,True,0.646,405.154,3349632
two_rows/7_1970_0_36L5985_212_388_253_424.jpg,two_row_car,36L5985,36C5985,7,6,0.8571428571428571,False,2,True,0.0,6355.601,2930928
one_row/8_1617_1_36B00710_68_248_557_332.jpg,one_row,36B00710,36B00710,8,8,1.0,True,1,False,0.0,719.897,3349632
one_row/7_3514_1_36A42946_70_225_513_290.jpg,one_row,36A42946,36A42946,8,8,1.0,True,1,True,0.0,1427.757,3349632
two_rows/2_218_0_36A20169_494_212_543_288.jpg,two_row_car,36A20169,36A20169,8,8,1.0,True,2,True,0.0,7587.651,3349632
two_rows/3_1250_0_36C28164_226_363_279_420.jpg,two_row_car,36C28164,36C28164,8,8,1.0,True,2,False,0.0,4503.179,3349632
one_row/3_3105_1_36C20603_97_232_537_306.jpg,one_row,36C20603,36620603,8,7,0.875,False,1,False,0.0,1270.234,3349632
one_row/5_3105_1_36B02572_11_226_552_309.jpg,one_row,36B02572,36B02572,8,8,1.0,True,1,False,0.0,405.779,3349632
one_row/6_3724_1_36D00838_156_197_467_260.jpg,one_row,36D00838,36D00838,8,8,1.0,True,1,True,0.0,1082.625,3349632
one_row/6_3513_1_36C21970_99_239_528_302.jpg,one_row,36C21970,36C21970,8,8,1.0,True,1,True,0.0,97.997,3349632
one_row/5_129_1_30A60652_423_206_542_277.jpg,one_row,30A60652,30A60652,8,8,1.0,True,1,True,0.0,3166.142,3349632
one_row/9_1429_1_36A43014_172_254_484_325.jpg,one_row,36A43014,36A43014,8,8,1.0,True,1,True,0.0,745.655,3349632
one_row/9_1462_1_36A43558_90_255_500_333.jpg,one_row,36A43558,36A43558,8,8,1.0,True,1,True,0.0,1386.993,3349632
one_row/1_4021_1_36C25884_128_255_502_327.jpg,one_row,36C25884,36C25884,8,8,1.0,True,1,True,0.355,1467.05,3349632
one_row/7_4113_1_36C06740_151_216_496_288.jpg,one_row,36C06740,36C06740,8,8,1.0,True,1,True,0.0,373.593,3349632
one_row/1_2510_1_36A12579_79_245_557_318.jpg,one_row,36A12579,36A12579,8,8,1.0,True,1,True,0.0,2347.111,3349632
one_row/8_2346_1_90C00385_115_233_491_296.jpg,one_row,90C00385,90C00385,8,8,1.0,True,1,True,0.0,2219.535,3349632
one_row/7_3117_1_36A41278_119_225_545_295.jpg,one_row,36A41278,36A41278,8,8,1.0,True,1,True,0.0,411.902,3349632
two_rows/7_1065_0_36A42804_102_329_160_398.jpg,two_row_car,36A42804,36A42804,8,8,1.0,True,2,False,0.0,1865.27,3349632
one_row/4_1697_1_36A10124_102_199_538_288.jpg,one_row,36A10124,36A10124,8,8,1.0,True,1,True,0.0,190.093,3349632
one_row/4_2153_1_36A40289_138_225_519_288.jpg,one_row,36A40289,36A40289,8,8,1.0,True,1,True,0.0,2311.316,3349632
two_rows_label_xe_may/9_3637_0_29g121344_137_147_247_256.jpg,two_row_motorcycle,29G121344,21B112929,9,2,0.2222222222222222,False,1,False,0.0,6172.266,3768336
one_row/8_1796_1_36C06831_161_294_497_358.jpg,one_row,36C06831,36C06831,8,8,1.0,True,1,True,0.0,350.709,3349632
one_row/2_786_1_36A10804_58_261_568_305.jpg,one_row,36A10804,36A10808,8,7,0.875,False,1,False,0.0,593.86,3349632
one_row/6_1870_1_30E26787_129_225_496_288.jpg,one_row,30E26787,30C26727,8,6,0.75,False,1,True,0.0,2998.976,3349632
one_row/6_1955_1_36A00558_177_240_525_303.jpg,one_row,36A00558,36A00558,8,8,1.0,True,1,True,0.0,2356.72,3349632
one_row/7_3573_1_36A43077_83_231_500_315.jpg,one_row,36A43077,3F3A4307,8,2,0.25,False,1,False,0.0,279.38,3349632
two_rows/5_229_0_36A02331_454_217_522_299.jpg,two_row_car,36A02331,36A02331,8,8,1.0,True,2,False,0.0,2506.643,3349632
two_rows_label_xe_may/9_3656_0_29y556533_392_61_493_143.jpg,two_row_motorcycle,29Y556533,29Y556533,9,9,1.0,True,2,True,0.0,6677.005,3768336
two_rows_label_xe_may/2_185_0_16P14559_266_57_405_155.jpg,two_row_motorcycle,16P14559,16P14559,8,8,1.0,True,2,False,0.0,3773.252,3349632
two_rows/5_1010_0_36A41480_466_212_534_289.jpg,two_row_car,36A41480,36A41480,8,8,1.0,True,2,False,0.0,3048.401,3349632
two_rows/6_416_0_36A12050_412_219_479_292.jpg,two_row_car,36A12050,36A12050,8,8,1.0,True,2,False,0.0,6029.847,3349632
two_rows/1_701_0_36A37738_104_323_163_397.jpg,two_row_car,36A37738,37376A38,8,3,0.375,False,1,True,0.0,4135.541,3349632
one_row/7_2654_1_36A09283_133_209_490_282.jpg,one_row,36A09283,36A09283,8,8,1.0,True,1,True,0.0,1262.258,3349632
one_row/3_2482_1_36A40161_85_196_575_282.jpg,one_row,36A40161,36A40161,8,8,1.0,True,1,True,0.815,807.471,3349632
one_row/7_3895_1_36B02761_138_188_536_270.jpg,one_row,36B02761,36B02761,8,8,1.0,True,1,True,0.16,2723.869,3349632
two_rows/4_719_0_36A40729_118_210_170_272.jpg,two_row_car,36A40729,36A40729,8,8,1.0,True,2,False,0.0,5422.406,3349632
two_rows/7_375_0_36A12498_162_215_225_283.jpg,two_row_car,36A12498,38A12498,8,7,0.875,False,2,False,0.0,2566.537,3349632
two_rows_label_xe_may/5_1012_0_23H10954_334_16_464_128.jpg,two_row_motorcycle,23H10954,1019N5P4,8,1,0.125,False,1,False,0.0,5142.056,3349632
two_rows/4_1166_0_36C28534_200_369_247_412.jpg,two_row_car,36C28534,36C28534,8,8,1.0,True,2,False,0.0,6738.765,3349632
one_row/7_3478_1_36A42882_151_231_490_288.jpg,one_row,36A42882,36A42882,8,8,1.0,True,1,True,0.0,1653.141,3349632
two_rows_label_xe_may/4_587_0_29AA24097_403_52_525_174.jpg,two_row_motorcycle,29AA24097,29A424097,9,8,0.8888888888888888,False,2,False,0.0,6153.754,3768336
two_rows/6_1400_0_36C28980_152_368_189_408.jpg,two_row_car,36C28980,36C28980,8,8,1.0,True,2,False,0.0,10034.019,3349632
two_rows/3_646_0_36A39539_147_306_212_370.jpg,two_row_car,36A39539,36A39339,8,7,0.875,False,2,False,0.0,4350.49,3349632
one_row/6_3360_1_36C15107_32_237_567_326.jpg,one_row,36C15107,36C15107,8,8,1.0,True,1,False,0.0,227.854,3349632
one_row/5_3081_1_36B02093_239_262_471_312.jpg,one_row,36B02093,36B02093,8,8,1.0,True,1,True,0.0,1062.55,3349632
one_row/9_1906_1_36C02600_163_225_489_288.jpg,one_row,36C02600,36C02600,8,8,1.0,True,1,True,0.0,2318.711,3349632
two_rows/3_528_0_36A25496_384_304_440_362.jpg,two_row_car,36A25496,36A25496,8,8,1.0,True,2,False,0.0,4945.022,3349632
one_row/1_2337_1_36A04596_88_240_604_303.jpg,one_row,36A04596,36A04596,8,8,1.0,True,1,False,0.0,1834.137,3349632
two_rows_label_xe_may/2_62_0_29H197291_379_41_542_160.jpg,two_row_motorcycle,29H197291,29B197291,9,8,0.8888888888888888,False,2,False,0.0,5145.883,3768336
one_row/7_3260_1_36A42531_113_255_454_313.jpg,one_row,36A42531,36A42531,8,8,1.0,True,1,True,0.851,1273.771,3349632
one_row/4_2116_1_36A40131_136_240_523_331.jpg,one_row,36A40131,36A40131,8,8,1.0,True,1,True,0.0,1486.246,3349632
two_rows_label_xe_may/7_2592_0_89e136658_194_41_349_167.jpg,two_row_motorcycle,89E136658,32B112299,9,1,0.1111111111111111,False,1,True,0.0,7017.043,3768336
one_row/2_1128_1_36B01985_62_188_557_255.jpg,one_row,36B01985,36B01985,8,8,1.0,True,1,True,0.0,222.61,3349632
one_row/7_3924_1_36B03172_207_248_485_297.jpg,one_row,36B03172,36B03172,8,8,1.0,True,1,False,0.0,660.594,3349632
one_row/4_2777_1_36C07077_59_225_587_336.jpg,one_row,36C07077,36C07077,8,8,1.0,True,1,True,0.327,540.682,3349632
one_row/1_2658_1_36A20403_56_250_572_325.jpg,one_row,36A20403,36A20403,8,8,1.0,True,1,True,0.0,511.615,3349632
one_row/8_1825_1_36C08618_76_214_532_285.jpg,one_row,36C08618,30608618,8,6,0.75,False,1,True,0.0,594.179,3349632
two_rows/3_3690_0_43C11899_186_201_477_332.jpg,two_row_car,43C11899,43C11899,8,8,1.0,True,2,True,0.634,759.691,3349632
two_rows/9_492_0_36A43946_167_217_221_280.jpg,two_row_car,36A43946,36A43946,8,8,1.0,True,2,False,0.0,2036.166,3349632
two_rows_label_xe_may/4_1073_0_29m108245_294_179_428_296.jpg,two_row_motorcycle,29M108245,212212121,9,1,0.1111111111111111,False,1,False,0.0,3800.707,3768336
one_row/1_3314_1_36A38808_37_215_514_297.jpg,one_row,36A38808,36A38808,8,8,1.0,True,1,True,1.548,1632.94,3349632
one_row/4_1322_1_14P3684_120_207_539_300.jpg,one_row,14P3684,14P3684,7,7,1.0,True,1,True,0.0,1539.932,2930928
one_row/6_1847_1_30A14218_121_191_535_283.jpg,one_row,30A14218,30A14218,8,8,1.0,True,1,True,0.0,748.063,3349632
two_rows/8_335_0_36A24527_487_317_539_387.jpg,two_row_car,36A24527,24356A21,8,1,0.125,False,1,True,0.0,1896.611,3349632
two_rows/2_330_0_36A39421_130_188_203_265.jpg,two_row_car,36A39421,36A39421,8,8,1.0,True,2,False,0.0,2644.211,3349632
two_rows/3_2410_0_36A39955_185_206_496_341.jpg,two_row_car,36A39955,36A39955,8,8,1.0,True,2,True,0.0,1061.708,3349632
one_row/5_3815_1_36C28568_123_205_538_278.jpg,one_row,36C28568,36C28568,8,8,1.0,True,1,True,0.0,1374.397,3349632
two_rows/3_1263_0_36C28247_162_384_200_422.jpg,two_row_car,36C28247,36C28247,8,8,1.0,True,2,False,0.0,6689.721,3349632
one_row/1_2032_1_29A52767_146_266_447_340.jpg,one_row,29A52767,29A52767,8,8,1.0,True,1,True,0.0,1622.236,3349632
one_row/4_3655_1_94C01344_144_221_540_288.jpg,one_row,94C01344,94C01344,8,8,1.0,True,1,True,0.0,1184.424,3349632
two_rows_label_xe_may/7_2624_0_15b176780_326_69_480_192.jpg,two_row_motorcycle,15B176780,72B129191,9,2,0.2222222222222222,False,1,True,0.0,5604.096,3768336
one_row/9_1590_1_36A43960_140_245_521_315.jpg,one_row,36A43960,36A43960,8,8,1.0,True,1,True,1.806,1056.908,3349632
one_row/7_2634_1_36A08811_145_250_565_335.jpg,one_row,36A08811,36A08811,8,8,1.0,True,1,True,0.0,499.363,3349632
one_row/1_1600_1_36C27171_139_381_207_420.jpg,one_row,36C27171,36027171,8,7,0.875,False,1,True,0.0,3009.178,3349632
one_row/6_2890_1_36A42478_129_206_519_277.jpg,one_row,36A42478,36A42478,8,8,1.0,True,1,True,0.0,1247.954,3349632
one_row/9_1750_1_36A44373_128_239_549_319.jpg,one_row,36A44373,36A44373,8,8,1.0,True,1,True,0.0,897.05,3349632
one_row/5_2922_1_36A41467_147_205_496_277.jpg,one_row,36A41467,36A41467,8,8,1.0,True,1,True,0.0,1224.59,3349632
one_row/1_2370_1_36A06244_26_230_625_337.jpg,one_row,36A06244,36A06244,8,8,1.0,True,1,True,0.0,203.078,3349632
two_rows/1_1148_0_36A38951_100_231_185_313.jpg,two_row_car,36A38951,36A38951,8,8,1.0,True,2,False,0.0,4215.84,3349632
one_row/6_2631_1_36A41838_110_173_505_245.jpg,one_row,36A41838,36A41838,8,8,1.0,True,1,True,0.0,897.12,3349632
one_row/3_2461_1_36A40101_70_227_576_301.jpg,one_row,36A40101,36A40101,8,8,1.0,True,1,False,0.0,1244.324,3349632
two_rows_label_xe_may/7_2772_0_30n15688_126_74_306_207.jpg,two_row_motorcycle,30N15688,20618381,8,3,0.375,False,1,True,0.0,4200.722,3349632
one_row/7_3091_1_36A37556_109_183_555_273.jpg,one_row,36A37556,36A37556,8,8,1.0,True,1,True,0.145,1137.919,3349632
one_row/9_1741_1_36A44343_152_276_521_343.jpg,one_row,36A44343,36A44343,8,8,1.0,True,1,True,0.0,940.432,3349632
two_rows_label_xe_may/3_448_0_34B327635_346_43_481_151.jpg,two_row_motorcycle,34B327635,34B327635,9,9,1.0,True,2,True,0.0,5120.516,3768336
two_rows_label_xe_may/6_2010_0_29e213686_237_137_377_264.jpg,two_row_motorcycle,29E213686,199229229,9,2,0.2222222222222222,False,1,False,0.0,1172.349,3768336
one_row/7_2281_1_29C15784_126_193_554_262.jpg,one_row,29C15784,29C15784,8,8,1.0,True,1,True,0.0,705.997,3349632
one_row/8_1038_1_29C59697_51_209_568_295.jpg,one_row,29C59697,29C59697,8,8,1.0,True,1,True,0.688,1127.914,3349632
one_row/7_4259_1_36C12957_107_225_523_320.jpg,one_row,36C12957,36C12957,8,8,1.0,True,1,True,0.0,910.489,3349632
two_rows_label_xe_may/5_1823_0_29g134432_487_94_596_194.jpg,two_row_motorcycle,29G134432,29G134432,9,9,1.0,True,2,False,0.0,2990.252,3768336
one_row/8_1385_1_36A25115_149_219_540_309.jpg,one_row,36A25115,36A25115,8,8,1.0,True,1,False,0.0,801.224,3349632
one_row/7_3698_1_36A43353_123_248_534_331.jpg,one_row,36A43353,36A43353,8,8,1.0,True,1,False,0.0,307.745,3349632
two_rows_label_xe_may/3_313_0_30Z23709_371_102_487_216.jpg,two_row_motorcycle,30Z23709,30Z23709,8,8,1.0,True,2,False,0.0,4628.875,3349632
one_row/5_2844_1_36A41312_105_101_556_192.jpg,one_row,36A41312,36A41312,8,8,1.0,True,1,True,0.284,1042.786,3349632
one_row/4_1690_1_36A09165_115_186_481_249.jpg,one_row,36A09165,36A09165,8,8,1.0,True,1,True,0.0,682.689,3349632
one_row/4_3404_1_36M2120_137_201_477_266.jpg,one_row,36M2120,36M2120,7,7,1.0,True,1,False,0.0,1029.19,2930928
one_row/1_4228_1_36M4201_89_226_466_311.jpg,one_row,36M4201,36M4201,7,7,1.0,True,1,True,0.0,405.98,2930928
two_rows/4_585_0_36A40302_109_213_161_274.jpg,two_row_car,36A40302,36A40302,8,8,1.0,True,2,False,0.0,6378.128,3349632
two_rows/5_345_0_36A09802_248_329_318_400.jpg,two_row_car,36A09802,36A09802,8,8,1.0,True,2,False,0.0,3669.411,3349632
two_rows/7_1007_0_36A42730_86_294_137_364.jpg,two_row_car,36A42730,423763A0,8,1,0.125,False,1,True,0.0,1658.788,3349632
one_row/5_1825_1_24A00083_144_225_496_288.jpg,one_row,24A00083,24A00083,8,8,1.0,True,1,True,0.0,1553.327,3349632
two_rows/1_3_0_14B01180_153_314_207_366.jpg,two_row_car,14B01180,14B01180,8,8,1.0,True,2,False,0.0,4650.311,3349632
two_rows/4_811_0_36A40981_106_263_159_327.jpg,two_row_car,36A40981,36A40981,8,8,1.0,True,2,True,0.0,5873.905,3349632
two_rows_label_xe_may/9_3431_0_29e243808_227_60_394_207.jpg,two_row_motorcycle,29E243808,2BG119291,9,1,0.1111111111111111,False,1,False,0.0,5354.994,3768336
one_row/6_1987_1_36A02501_121_259_499_322.jpg,one_row,36A02501,36A02501,8,8,1.0,True,1,False,0.0,182.726,3349632
one_row/5_3660_1_36C21374_96_210_529_272.jpg,one_row,36C21374,33621374,8,6,0.75,False,1,True,0.0,1505.297,3349632
two_rows/3_825_0_36A40026_447_238_516_306.jpg,two_row_car,36A40026,36A40026,8,8,1.0,True,2,False,0.0,3023.584,3349632
two_rows/1_4012_0_36C25339_183_186_493_322.jpg,two_row_car,36C25339,36C25339,8,8,1.0,True,2,False,0.0,272.49,3349632
one_row/6_2024_1_36A05069_135_224_512_293.jpg,one_row,36A05069,36A05069,8,8,1.0,True,1,False,0.0,1613.76,3349632
one_row/8_1035_1_29C53736_27_192_633_307.jpg,one_row,29C53736,29C53736,8,8,1.0,True,1,False,0.0,633.443,3349632
two_rows/6_1436_0_36C29393_127_163_177_212.jpg,two_row_car,36C29393,36C29393,8,8,1.0,True,2,False,0.0,6586.449,3349632
two_rows/4_503_0_36A35346_501_217_559_286.jpg,two_row_car,36A35346,36A35346,8,8,1.0,True,2,True,0.0,5779.982,3349632
one_row/4_3504_1_36N0529_114_195_521_288.jpg,one_row,36N0529,36N0529,7,7,1.0,True,1,True,0.0,482.714,2930928
one_row/8_1923_1_36C17646_124_246_485_329.jpg,one_row,36C17646,36C17646,8,8,1.0,True,1,True,0.265,816.802,3349632
one_row/1_3484_1_36A39300_55_224_498_296.jpg,one_row,36A39300,36A39300,8,8,1.0,True,1,True,0.0,2355.305,3349632
one_row/7_4838_1_36N1662_154_231_514_307.jpg,one_row,36N1662,36N1662,7,7,1.0,True,1,True,0.0,592.615,2930928
one_row/1_2916_1_36A37839_163_217_457_277.jpg,one_row,36A37839,36A37839,8,8,1.0,True,1,True,0.0,1005.199,3349632
one_row/2_988_1_36A39176_98_231_539_281.jpg,one_row,36A39176,36A39176,8,8,1.0,True,1,False,0.0,602.271,3349632
two_rows/6_25_0_29A03701_362_269_423_323.jpg,two_row_car,29A03701,29A03701,8,8,1.0,True,2,False,0.0,7150.221,3349632
two_rows/5_979_0_36A41413_453_227_514_299.jpg,two_row_car,36A41413,36A41413,8,8,1.0,True,2,False,0.0,5568.486,3349632
two_rows/7_1874_0_36C29172_234_394_284_437.jpg,two_row_car,36C29172,36C29172,8,8,1.0,True,2,False,0.0,7354.137,3349632
one_row/5_3497_1_36C13826_52_225_496_303.jpg,one_row,36C13826,36C13826,8,8,1.0,True,1,True,1.707,376.646,3349632
one_row/5_2154_1_36A07288_120_183_499_246.jpg,one_row,36A07288,36A07288,8,8,1.0,True,1,True,0.0,1347.252,3349632
two_rows/3_1436_0_99B00068_211_301_267_354.jpg,two_row_car,99B00068,99B00068,8,8,1.0,True,2,True,8.973,3504.962,3349632
one_row/7_4467_1_36C24029_129_269_509_350.jpg,one_row,36C24029,36C24029,8,8,1.0,True,1,False,0.0,586.612,3349632
one_row/4_2377_1_36A40826_54_270_577_387.jpg,one_row,36A40826,36A40826,8,8,1.0,True,1,True,0.0,546.06,3349632
one_row/4_3594_1_37C02996_67_352_549_428.jpg,one_row,37C02996,14029966,8,2,0.25,False,1,True,0.0,3061.818,3349632
one_row/7_4592_1_36C29291_133_230_536_315.jpg,one_row,36C29291,36C29291,8,8,1.0,True,1,True,0.0,949.549,3349632
two_rows/5_861_0_36A41161_124_217_194_283.jpg,two_row_car,36A41161,36A41161,8,8,1.0,True,2,False,0.0,2060.066,3349632
two_rows/5_3699_0_36C21690_220_195_423_313.jpg,two_row_car,36C21690,36C21690,8,8,1.0,True,2,True,0.0,2413.704,3349632
one_row/6_3203_1_36C05490_91_212_505_282.jpg,one_row,36C05490,36C05490,8,8,1.0,True,1,True,0.0,457.003,3349632
one_row/9_1600_1_36A43978_112_261_536_324.jpg,one_row,36A43978,36A43978,8,8,1.0,True,1,False,0.0,255.785,3349632
two_rows/7_986_0_36A42705_111_180_176_247.jpg,two_row_car,36A42705,36A42705,8,8,1.0,True,2,False,0.0,3353.698,3349632
two_rows/5_676_0_36A28776_460_216_529_296.jpg,two_row_car,36A28776,36A28776,8,8,1.0,True,2,False,0.0,5887.172,3349632
two_rows/6_4007_0_37C14023_225_174_529_369.jpg,two_row_car,37C14023,37C14023,8,8,1.0,True,2,True,0.0,524.828,3349632
two_rows/3_829_0_36A40038_450_304_501_365.jpg,two_row_car,36A40038,66A40038,8,7,0.875,False,2,True,0.0,6936.197,3349632
two_rows_label_xe_may/3_938_0_29v46049_312_45_453_147.jpg,two_row_motorcycle,29V46049,69032492,8,1,0.125,False,1,True,0.0,6480.333,3349632
one_row/4_3610_1_38C10051_158_242_490_306.jpg,one_row,38C10051,38C10051,8,8,1.0,True,1,True,0.0,706.903,3349632
two_rows_label_xe_may/7_1306_0_29V519078_434_22_546_153.jpg,two_row_motorcycle,29V519078,29V519078,9,9,1.0,True,2,False,0.0,5165.674,3768336
one_row/1_2817_1_36A30065_109_190_566_258.jpg,one_row,36A30065,36A30065,8,8,1.0,True,1,True,0.0,1289.262,3349632
one_row/9_506_1_36A43959_185_269_267_315.jpg,one_row,36A43959,36A43959,8,8,1.0,True,1,True,0.0,1096.038,3349632
one_row/7_3664_1_36A43269_126_228_548_291.jpg,one_row,36A43269,36A43269,8,8,1.0,True,1,True,0.0,622.584,3349632
one_row/5_2719_1_36A41092_112_156_548_219.jpg,one_row,36A41092,36A41092,8,8,1.0,True,1,True,0.0,1450.404,3349632
one_row/8_1588_1_36A43763_116_236_466_304.jpg,one_row,36A43763,36A43763,8,8,1.0,True,1,True,1.488,219.974,3349632
one_row/9_2335_1_36N1156_153_271_491_334.jpg,one_row,36N1156,36N1156,7,7,1.0,True,1,True,0.0,1237.262,2930928
two_rows/9_114_0_36A06912_461_245_512_297.jpg,two_row_car,36A06912,36A06912,8,8,1.0,True,2,False,0.0,3471.563,3349632
one_row/2_594_1_22C02252_56_215_562_319.jpg,one_row,22C02252,22C02252,8,8,1.0,True,1,True,0.0,303.006,3349632
two_rows/6_187_0_30V9644_424_214_474_273.jpg,two_row_car,30V9644,30A9644,7,6,0.8571428571428571,False,2,False,0.0,2007.077,2930928
two_rows/4_2993_0_36C16630_227_187_489_369.jpg,two_row_car,36C16630,36C16630,8,8,1.0,True,2,True,0.0,632.173,3349632
one_row/3_2987_1_36C15636_104_224_523_299.jpg,one_row,36C15636,36C15636,8,8,1.0,True,1,False,0.0,1009.486,3349632
two_rows_label_xe_may/8_1607_0_29K121249_442_128_566_261.jpg,two_row_motorcycle,29K121249,22912K149,9,5,0.5555555555555556,False,1,False,0.0,3944.081,3768336
two_rows/3_179_0_36A01810_451_199_528_283.jpg,two_row_car,36A01810,36A01810,8,8,1.0,True,2,False,0.0,4815.982,3349632
one_row/7_4662_1_36D00473_133_236_539_299.jpg,one_row,36D00473,36D00473,8,8,1.0,True,1,True,0.0,1343.64,3349632
two_rows_label_xe_may/2_190_0_34B278166_463_25_618_152.jpg,two_row_motorcycle,34B278166,34B278166,9,9,1.0,True,2,True,0.0,3395.08,3768336
two_rows_label_xe_may/2_691_0_29g179039_312_77_452_191.jpg,two_row_motorcycle,29G179039,999113991,9,2,0.2222222222222222,False,1,True,0.0,6447.927,3768336
one_row/6_2823_1_36A42283_161_225_506_288.jpg,one_row,36A42283,36A42283,8,8,1.0,True,1,True,0.0,1465.46,3349632
one_row/6_3864_1_36M9322_61_199_498_309.jpg,one_row,36M9322,36M9322,7,7,1.0,True,1,False,0.0,937.317,2930928
one_row/5_3310_1_36C05036_51_185_516_267.jpg,one_row,36C05036,36C05036,8,8,1.0,True,1,True,0.0,161.151,3349632
two_rows_label_xe_may/8_3105_0_30f18351_257_181_386_301.jpg,two_row_motorcycle,30F18351,83305F11,8,1,0.125,False,1,False,0.0,4656.073,3349632
one_row/3_1838_1_36A13285_111_234_573_299.jpg,one_row,36A13285,36A13285,8,8,1.0,True,1,False,0.0,2322.778,3349632
one_row/6_2071_1_36A07588_161_205_503_268.jpg,one_row,36A07588,36A07588,8,8,1.0,True,1,True,0.507,842.512,3349632
one_row/3_3092_1_36C20486_115_243_500_295.jpg,one_row,36C20486,36C20486,8,8,1.0,True,1,True,0.0,1650.823,3349632
one_row/1_1488_1_36C10383_105_324_196_384.jpg,one_row,36C10383,36C10383,8,8,1.0,True,1,True,0.0,1195.784,3349632
one_row/4_3327_1_36D00343_84_122_560_238.jpg,one_row,36D00343,36D00343,8,8,1.0,True,1,True,1.476,212.091,3349632
two_rows_label_xe_may/5_1415_0_99f15842_268_87_404_193.jpg,two_row_motorcycle,99F15842,99F15842,8,8,1.0,True,2,True,0.0,9550.406,3349632
two_rows/6_216_0_36A00345_410_234_476_297.jpg,two_row_car,36A00345,36A00345,8,8,1.0,True,2,False,0.0,4934.801,3349632
one_row/8_1781_1_36C05705_18_240_528_336.jpg,one_row,36C05705,36C05705,8,8,1.0,True,1,False,0.0,493.624,3349632
two_rows_label_xe_may/9_3442_0_29l160114_297_125_426_240.jpg,two_row_motorcycle,29L160114,21E111221,9,2,0.2222222222222222,False,1,False,0.0,5680.025,3768336
two_rows/6_937_0_36A42088_457_192_523_269.jpg,two_row_car,36A42088,36A42088,8,8,1.0,True,2,False,0.0,2796.722,3349632
one_row/7_2613_1_36A08447_105_272_543_343.jpg,one_row,36A08447,36A08447,8,8,1.0,True,1,True,0.0,1083.109,3349632
one_row/5_2423_1_36A22889_144_191_508_254.jpg,one_row,36A22889,36A22889,8,8,1.0,True,1,False,0.0,1360.796,3349632
one_row/5_4183_1_36N5888_169_204_496_267.jpg,one_row,36N5888,36N5888,7,7,1.0,True,1,False,0.0,1427.33,2930928
one_row/5_3210_1_36C02027_61_238_560_311.jpg,one_row,36C02027,36C02027,8,8,1.0,True,1,False,0.0,792.791,3349632
two_rows/2_434_0_36C09127_178_401_230_449.jpg,two_row_car,36C09127,36C09127,8,8,1.0,True,2,False,0.0,3462.949,3349632
one_row/1_3407_1_36A39028_178_204_526_278.jpg,one_row,36A39028,36A39028,8,8,1.0,True,1,True,0.0,1874.634,3349632
one_row/8_1742_1_36C02800_69_271_550_333.jpg,one_row,36C02800,36C02800,8,8,1.0,True,1,False,0.0,887.488,3349632
two_rows/5_750_0_36A40740_449_210_515_281.jpg,two_row_car,36A40740,36A40740,8,8,1.0,True,2,False,0.0,6235.21,3349632
two_rows_label_xe_may/5_1001_0_29V736732_409_53_574_211.jpg,two_row_motorcycle,29V736732,29V736732,9,9,1.0,True,2,False,0.0,3035.331,3768336
two_rows/3_554_0_36A30301_294_230_368_293.jpg,two_row_car,36A30301,36A30301,8,8,1.0,True,2,True,0.0,5359.314,3349632
one_row/3_1626_1_30X6646_21_254_605_356.jpg,one_row,30X6646,3066646,7,6,0.8571428571428571,False,1,False,0.0,559.573,2930928
two_rows/7_1596_0_36B02930_246_356_282_391.jpg,two_row_car,36B02930,36B02930,8,8,1.0,True,2,False,0.0,4762.503,3349632
two_rows_label_xe_may/5_1459_0_29y323082_229_191_361_318.jpg,two_row_motorcycle,29Y323082,223908Y32,9,2,0.2222222222222222,False,1,False,0.0,6083.748,3768336
two_rows/6_1055_0_36A42455_452_205_526_281.jpg,two_row_car,36A42455,36A42455,8,8,1.0,True,2,False,0.0,3209.01,3349632
two_rows/8_897_0_36M6333_470_215_533_283.jpg,two_row_car,36M6333,36M6333,7,7,1.0,True,2,False,0.0,5488.542,2930928
one_row/9_1774_1_36A44460_121_258_502_321.jpg,one_row,36A44460,36A44460,8,8,1.0,True,1,True,0.0,2587.142,3349632
one_row/6_809_1_36A41763_455_301_546_360.jpg,one_row,36A41763,36A41763,8,8,1.0,True,1,True,0.0,1834.227,3349632
two_rows_label_xe_may/9_3593_0_18d150867_222_59_370_187.jpg,two_row_motorcycle,18D150867,29B112171,9,1,0.1111111111111111,False,1,False,0.0,467.737,3768336
one_row/4_2605_1_36B02871_122_253_480_324.jpg,one_row,36B02871,36B02871,8,8,1.0,True,1,False,0.0,2022.151,3349632
two_rows_label_xe_may/6_1197_0_29G132606_370_82_513_216.jpg,two_row_motorcycle,29G132606,29G152606,9,8,0.8888888888888888,False,2,False,0.0,3803.336,3768336
one_row/1_3821_1_36C09911_98_282_445_338.jpg,one_row,36C09911,36C09911,8,8,1.0,True,1,True,0.0,862.506,3349632
two_rows_label_xe_may/6_1159_0_29L134088_488_138_616_286.jpg,two_row_motorcycle,29L134088,23940L188,9,3,0.3333333333333333,False,1,False,0.0,4100.107,3768336
one_row/5_3175_1_36C00572_61_221_531_294.jpg,one_row,36C00572,36C00572,8,8,1.0,True,1,True,0.0,402.069,3349632
two_rows_label_xe_may/6_2152_0_14u125130_179_17_313_122.jpg,two_row_motorcycle,14U125130,21B413021,9,0,0.0,False,1,True,0.0,6318.884,3768336
one_row/9_1642_1_36A44116_207_267_473_316.jpg,one_row,36A44116,36A44116,8,8,1.0,True,1,True,0.0,2686.283,3349632
one_row/9_2185_1_36C29736_183_275_489_351.jpg,one_row,36C29736,36C29736,8,8,1.0,True,1,True,0.0,245.241,3349632
one_row/5_1893_1_29C25683_33_230_535_313.jpg,one_row,29C25683,29C25683,8,8,1.0,True,1,True,0.857,513.829,3349632
two_rows/5_1667_0_36N0444_187_281_226_325.jpg,two_row_car,36N0444,3611044,7,4,0.5714285714285714,False,2,False,0.0,1053.573,2930928
one_row/4_2748_1_36C04967_95_204_493_288.jpg,one_row,36C04967,36C04967,8,8,1.0,True,1,False,0.0,1521.212,3349632
two_rows/5_909_0_36A41251_450_281_515_362.jpg,two_row_car,36A41251,46162A51,8,3,0.375,False,1,True,0.0,5645.24,3349632
one_row/7_4007_1_36C02669_126_240_533_299.jpg,one_row,36C02669,36C02669,8,8,1.0,True,1,True,0.0,1698.338,3349632
one_row/4_2276_1_36A40551_78_241_535_341.jpg,one_row,36A40551,36A40551,8,8,1.0,True,1,False,0.0,515.782,3349632
two_rows/5_943_0_36A41332_463_216_531_294.jpg,two_row_car,36A41332,36A41332,8,8,1.0,True,2,False,0.0,6710.107,3349632
one_row/5_3144_1_36B03266_69_226_571_302.jpg,one_row,36B03266,36B03266,8,8,1.0,True,1,False,0.0,1817.754,3349632
one_row/9_1731_1_36A44315_184_224_458_279.jpg,one_row,36A44315,36A44315,8,8,1.0,True,1,True,0.0,1431.502,3349632
two_rows_label_xe_may/5_1824_0_29e132496_246_90_378_202.jpg,two_row_motorcycle,29E132496,22E219221,9,2,0.2222222222222222,False,1,False,0.0,7432.869,3768336
two_rows_label_xe_may/4_1398_0_98b108545_452_107_579_208.jpg,two_row_motorcycle,98B108545,98B108545,9,9,1.0,True,2,True,0.0,1873.529,3768336
one_row/7_2674_1_36A10560_152_243_500_304.jpg,one_row,36A10560,36AA1056,8,3,0.375,False,1,True,0.0,1533.89,3349632
two_rows/5_620_0_36A23476_445_330_507_404.jpg,two_row_car,36A23476,36A23416,8,7,0.875,False,2,False,0.0,6752.108,3349632
one_row/5_2296_1_36A14935_148_285_501_348.jpg,one_row,36A14935,36A14935,8,8,1.0,True,1,True,0.0,1562.456,3349632
one_row/3_2064_1_36A26995_135_168_531_258.jpg,one_row,36A26995,36A26995,8,8,1.0,True,1,True,0.0,649.67,3349632
two_rows/5_1076_0_36B00052_157_310_200_354.jpg,two_row_car,36B00052,36B00062,8,7,0.875,False,2,False,0.0,4600.876,3349632
two_rows_label_xe_may/7_1514_0_29H136921_295_102_419_206.jpg,two_row_motorcycle,29H136921,29H136921,9,9,1.0,True,2,False,0.0,5440.019,3768336
one_row/2_1506_1_36C27672_88_164_506_258.jpg,one_row,36C27672,36C27672,8,8,1.0,True,1,False,0.0,1439.215,3349632
one_row/8_2087_1_36C29784_71_265_551_335.jpg,one_row,36C29784,36C29784,8,8,1.0,True,1,True,0.0,673.08,3349632
two_rows/8_434_0_36A42053_132_259_190_316.jpg,two_row_car,36A42053,36A42053,8,8,1.0,True,2,False,0.0,3106.796,3349632
one_row/4_1873_1_36A21651_129_206_555_269.jpg,one_row,36A21651,36A21651,8,8,1.0,True,1,True,0.0,1186.549,3349632
two_rows/3_885_0_36A40220_153_307_216_378.jpg,two_row_car,36A40220,403262A0,8,2,0.25,False,1,False,0.0,2480.136,3349632
one_row/7_2710_1_36A12766_82_251_502_321.jpg,one_row,36A12766,36A12766,8,8,1.0,True,1,True,0.0,430.835,3349632
one_row/1_2290_1_36A1343_75_237_528_300.jpg,one_row,36A1343,6A13943,7,2,0.2857142857142857,False,1,True,0.0,631.364,2930928
two_rows/7_1613_0_36C00085_167_375_216_433.jpg,two_row_car,36C00085,36C00851,8,5,0.625,False,2,False,0.0,2644.719,3349632
two_rows/5_1316_0_36C11147_151_366_209_431.jpg,two_row_car,36C11147,36C11147,8,8,1.0,True,2,False,0.0,6170.492,3349632
two_rows/7_1158_0_36A42928_122_244_174_301.jpg,two_row_car,36A42928,36A42928,8,8,1.0,True,2,False,0.0,3750.343,3349632
one_row/9_1387_1_36A25683_39_239_493_315.jpg,one_row,36A25683,36A25681,8,7,0.875,False,1,False,0.0,151.882,3349632
one_row/6_2711_1_36A42043_92_209_517_281.jpg,one_row,36A42043,36A42043,8,8,1.0,True,1,True,0.0,1860.923,3349632
two_rows_label_xe_may/5_1643_0_49p14906_475_177_622_311.jpg,two_row_motorcycle,49P14906,49P14906,8,8,1.0,True,2,False,0.0,2688.252,3349632
two_rows/5_1012_0_36A41485_487_207_551_276.jpg,two_row_car,36A41485,36A41485,8,8,1.0,True,2,False,0.0,2509.967,3349632
one_row/5_4104_1_36N0996_66_205_532_298.jpg,one_row,36N0996,36N0996,7,7,1.0,True,1,True,0.0,1413.481,2930928
one_row/5_2342_1_36A19718_121_264_528_327.jpg,one_row,36A19718,36A19718,8,8,1.0,True,1,True,0.0,1034.646,3349632
one_row/4_2845_1_36C10436_139_252_467_320.jpg,one_row,36C10436,36C10436,8,8,1.0,True,1,True,0.0,2256.357,3349632
one_row/7_4597_1_36C29306_78_210_551_288.jpg,one_row,36C29306,36C29306,8,8,1.0,True,1,True,1.631,828.505,3349632
one_row/7_3996_1_36C01899_66_265_519_348.jpg,one_row,36C01899,36C01899,8,8,1.0,True,1,True,0.263,1994.128,3349632
one_row/3_2364_1_36A39865_87_198_479_263.jpg,one_row,36A39865,36A39865,8,8,1.0,True,1,True,0.446,1002.128,3349632
two_rows/4_66_0_29Z5616_96_265_141_326.jpg,two_row_car,29Z5616,2925616,7,6,0.8571428571428571,False,2,True,0.0,6240.101,2930928
one_row/7_4668_1_36D00701_151_225_496_289.jpg,one_row,36D00701,336D0070,8,2,0.25,False,1,True,0.0,711.259,3349632
two_rows/8_2340_0_88K0906_98_203_441_340.jpg,two_row_car,88K0906,88K0906,7,7,1.0,True,2,True,0.353,373.553,2930928
two_rows/5_104_0_29T3830_452_204_518_282.jpg,two_row_car,29T3830,29T3830,7,7,1.0,True,2,False,0.0,3674.285,2930928
one_row/1_2213_1_30M6550_163_244_451_322.jpg,one_row,30M6550,30M6560,7,6,0.8571428571428571,False,1,True,0.0,535.794,2930928
two_rows/6_754_0_36A41513_167_227_216_277.jpg,two_row_car,36A41513,36A41513,8,8,1.0,True,2,False,0.0,3646.223,3349632
one_row/4_1544_1_36A00074_132_213_509_288.jpg,one_row,36A00074,36A00074,8,8,1.0,True,1,True,0.0,1396.78,3349632
one_row/1_4168_1_36D01138_190_253_504_303.jpg,one_row,36D01138,36001138,8,7,0.875,False,1,True,0.0,3908.117,3349632
one_row/7_3330_1_36A42643_130_204_520_280.jpg,one_row,36A42643,36A42643,8,8,1.0,True,1,True,0.0,738.421,3349632
two_rows/7_2018_0_36M5403_256_306_306_356.jpg,two_row_car,36M5403,36M5003,7,6,0.8571428571428571,False,2,False,0.0,2040.452,2930928
one_row/8_1663_1_36B02124_49_225_585_328.jpg,one_row,36B02124,36B02124,8,8,1.0,True,1,True,0.0,14.556,3349632
two_rows_label_xe_may/6_1906_0_37f155306_298_60_443_171.jpg,two_row_motorcycle,37F155306,372155306,9,8,0.8888888888888888,False,2,True,0.0,1796.496,3768336
one_row/3_2714_1_36C02052_112_260_512_325.jpg,one_row,36C02052,36C02052,8,8,1.0,True,1,True,0.0,2019.436,3349632
one_row/7_2782_1_36A15038_113_211_532_269.jpg,one_row,36A15038,36A15038,8,8,1.0,True,1,True,0.0,1181.245,3349632
one_row/4_1626_1_36A05528_127_253_542_336.jpg,one_row,36A05528,36A05528,8,8,1.0,True,1,True,0.0,483.626,3349632
one_row/7_3840_1_36B01724_82_204_549_294.jpg,one_row,36B01724,36B01724,8,8,1.0,True,1,False,0.0,185.632,3349632
two_rows_label_xe_may/2_10_0_29Y345951_461_16_608_140.jpg,two_row_motorcycle,29Y345951,29Y345981,9,8,0.8888888888888888,False,2,False,0.0,5961.771,3768336
one_row/7_4250_1_36C12614_29_231_606_356.jpg,one_row,36C12614,36C12614,8,8,1.0,True,1,False,0.0,428.603,3349632
one_row/4_2857_1_36C10599_38_130_604_233.jpg,one_row,36C10599,36C10599,8,8,1.0,True,1,True,0.0,575.48,3349632
two_rows/3_3380_0_36C28398_203_213_495_365.jpg,two_row_car,36C28398,36C28398,8,8,1.0,True,2,True,0.0,1157.468,3349632
one_row/7_1261_1_36A43107_87_273_181_337.jpg,one_row,36A43107,36863107,8,6,0.75,False,1,True,0.0,1629.653,3349632
one_row/5_4012_1_36M2195_125_208_496_271.jpg,one_row,36M2195,36M2195,7,7,1.0,True,1,True,0.0,871.879,2930928
one_row/9_1169_1_30Y0803_110_260_484_335.jpg,one_row,30Y0803,30Y0803,7,7,1.0,True,1,True,0.0,371.099,2930928
two_rows/8_1985_0_36C22508_149_187_431_339.jpg,two_row_car,36C22508,36C22508,8,8,1.0,True,2,True,0.0,956.453,3349632
two_rows_label_xe_may/3_504_0_30K20134_330_143_454_261.jpg,two_row_motorcycle,30K20134,30K20134,8,8,1.0,True,2,False,0.0,6311.94,3349632
one_row/4_2681_1_36C02114_107_147_546_233.jpg,one_row,36C02114,36C02114,8,8,1.0,True,1,True,0.0,625.52,3349632
two_rows_label_xe_may/7_1408_0_99F136372_410_27_552_152.jpg,two_row_motorcycle,99F136372,99P1A3637,9,3,0.3333333333333333,False,2,False,0.0,2341.073,3768336
two_rows_label_xe_may/2_537_0_29a125224_126_124_275_262.jpg,two_row_motorcycle,29A125224,29A125224,9,9,1.0,True,2,False,0.0,6705.773,3768336
one_row/3_3036_1_36C16317_113_234_545_310.jpg,one_row,36C16317,36C16317,8,8,1.0,True,1,True,0.0,1311.73,3349632
one_row/5_3940_1_36D00640_123_203_507_266.jpg,one_row,36D00640,36D00640,8,8,1.0,True,1,True,0.0,1974.718,3349632
two_rows/1_1656_0_36C27514_193_407_239_461.jpg,two_row_car,36C27514,36C27514,8,8,1.0,True,2,False,0.0,4428.62,3349632
two_rows_label_xe_may/8_1624_0_29AA27739_396_31_523_155.jpg,two_row_motorcycle,29AA27739,29AA27739,9,9,1.0,True,2,False,0.0,5664.114,3768336
one_row/6_2229_1_36A17197_148_261_514_324.jpg,one_row,36A17197,36A17197,8,8,1.0,True,1,True,0.0,1191.354,3349632
one_row/8_1148_1_35H0674_96_227_548_314.jpg,one_row,35H0674,35H0674,7,7,1.0,True,1,True,0.0,346.517,2930928
two_rows/8_659_0_36C05727_123_386_171_438.jpg,two_row_car,36C05727,36C05727,8,8,1.0,True,2,False,0.0,4526.794,3349632
two_rows_label_xe_may/9_3467_0_29a125224_367_77_489_182.jpg,two_row_motorcycle,29A125224,229212A41,9,1,0.1111111111111111,False,1,False,0.0,10794.852,3768336
one_row/6_3376_1_36C16750_136_208_534_288.jpg,one_row,36C16750,36C16750,8,8,1.0,True,1,True,0.0,563.208,3349632
two_rows/8_761_0_36C25257_395_313_440_356.jpg,two_row_car,36C25257,36275252,8,5,0.625,False,2,False,0.0,3073.679,3349632
two_rows/5_275_0_36A05517_242_312_309_370.jpg,two_row_car,36A05517,36A05517,8,8,1.0,True,2,False,0.0,2727.532,3349632
one_row/5_2899_1_36A41425_164_190_515_270.jpg,one_row,36A41425,36A41425,8,8,1.0,True,1,True,0.0,964.651,3349632
one_row/6_2726_1_36A42077_93_238_573_301.jpg,one_row,36A42077,36A42077,8,8,1.0,True,1,False,0.0,1154.471,3349632
one_row/1_3441_1_36A39118_112_225_534_287.jpg,one_row,36A39118,36A39118,8,8,1.0,True,1,False,0.0,2326.229,3349632
two_rows/3_429_0_36A21092_136_324_199_395.jpg,two_row_car,36A21092,36A21092,8,8,1.0,True,2,False,0.0,2565.245,3349632
two_rows/4_155_0_36A01526_82_199_142_268.jpg,two_row_car,36A01526,36A01526,8,8,1.0,True,2,False,0.0,5690.914,3349632
one_row/5_2741_1_36A41128_159_194_540_275.jpg,one_row,36A41128,36A41128,8,8,1.0,True,1,True,0.947,1422.452,3349632
one_row/9_1922_1_36C03904_184_316_478_371.jpg,one_row,36C03904,36C03904,8,8,1.0,True,1,True,0.0,887.529,3349632
one_row/5_2877_1_36A41387_129_184_528_269.jpg,one_row,36A41387,36A41387,8,8,1.0,True,1,True,2.064,1277.116,3349632
one_row/1_1461_1_36C08908_425_330_518_402.jpg,one_row,36C08908,36C09808,8,6,0.75,False,1,False,0.0,3041.507,3349632
two_rows_label_xe_may/8_2928_0_34b290817_276_70_417_180.jpg,two_row_motorcycle,34B290817,92B141972,9,1,0.1111111111111111,False,1,True,0.0,5215.308,3768336
two_rows/1_1364_0_36B02317_178_414_216_462.jpg,two_row_car,36B02317,36B02317,8,8,1.0,True,2,False,0.0,4467.883,3349632
one_row/2_1667_1_51A62238_149_200_495_256.jpg,one_row,51A62238,51A62238,8,8,1.0,True,1,True,0.0,2635.239,3349632
one_row/6_2430_1_36A25572_108_211_550_281.jpg,one_row,36A25572,36A25572,8,8,1.0,True,1,True,0.0,684.86,3349632
one_row/1_4250_1_36M7507_133_252_455_348.jpg,one_row,36M7507,36M7507,7,7,1.0,True,1,True,0.0,279.311,2930928
two_rows_label_xe_may/4_1262_0_99d107306_306_38_421_128.jpg,two_row_motorcycle,99D107306,990107306,9,8,0.8888888888888888,False,2,True,0.0,4297.116,3768336
one_row/1_3201_1_36A38566_133_240_512_303.jpg,one_row,36A38566,36A38566,8,8,1.0,True,1,True,0.0,3918.186,3349632
one_row/1_3125_1_36A38367_92_209_626_272.jpg,one_row,36A38367,36A38367,8,8,1.0,True,1,False,0.0,418.883,3349632
one_row/9_1822_1_36B02195_145_288_488_361.jpg,one_row,36B02195,36B02195,8,8,1.0,True,1,False,0.0,874.835,3349632
one_row/7_4692_1_36L4541_31_11_603_150.jpg,one_row,36L4541,36L4541,7,7,1.0,True,1,True,0.0,846.892,2930928
one_row/6_3321_1_36C11946_115_197_530_284.jpg,one_row,36C11946,36C11946,8,8,1.0,True,1,True,0.0,387.633,3349632
one_row/2_749_1_36A05668_21_179_622_261.jpg,one_row,36A05668,36A05668,8,8,1.0,True,1,True,0.0,503.974,3349632
one_row/4_2049_1_36A35530_118_201_549_293.jpg,one_row,36A35530,36A35530,8,8,1.0,True,1,False,0.0,663.161,3349632
two_rows_label_xe_may/4_1406_0_18n17020_254_181_376_293.jpg,two_row_motorcycle,18N17020,71012311,8,1,0.125,False,1,False,0.0,4711.716,3349632
two_rows/7_2003_0_36M2390_122_206_175_265.jpg,two_row_car,36M2390,36M2390,7,7,1.0,True,2,False,0.0,3913.772,2930928
one_row/9_1488_1_36A43675_100_255_494_318.jpg,one_row,36A43675,36A43675,8,8,1.0,True,1,True,0.0,756.66,3349632
one_row/7_2564_1_36A06352_118_244_464_308.jpg,one_row,36A06352,36A06352,8,8,1.0,True,1,True,0.0,476.839,3349632
one_row/4_2184_1_36A40357_186_232_513_296.jpg,one_row,36A40357,36A40357,8,8,1.0,True,1,True,0.0,615.415,3349632
two_rows_label_xe_may/8_1685_0_29H168987_388_86_526_213.jpg,two_row_motorcycle,29H168987,29H168987,9,9,1.0,True,2,False,0.0,2848.526,3768336
one_row/6_3347_1_36C13728_54_221_560_294.jpg,one_row,36C13728,36C13728,8,8,1.0,True,1,True,0.0,518.363,3349632
two_rows/3_3660_0_36R01546_247_245_431_358.jpg,two_row_car,36R01546,36R01546,8,8,1.0,True,2,True,0.0,2283.709,3349632
one_row/4_1912_1_36A22302_126_194_527_288.jpg,one_row,36A22302,36A22302,8,8,1.0,True,1,True,0.0,620.881,3349632
two_rows/6_273_0_36A03955_419_220_487_288.jpg,two_row_car,36A03955,39A03955,8,7,0.875,False,2,False,0.0,3778.816,3349632
two_rows_label_xe_may/4_758_0_18E118574_428_22_583_142.jpg,two_row_motorcycle,18E118574,18E118574,9,9,1.0,True,2,True,0.0,1591.752,3768336
one_row/9_560_1_36A44102_123_293_212_355.jpg,one_row,36A44102,36A44102,8,8,1.0,True,1,True,0.0,3447.411,3349632
two_rows_label_xe_may/5_1825_0_17k85571_91_34_205_133.jpg,two_row_motorcycle,17K85571,B3315571,8,4,0.5,False,2,False,0.0,10725.44,3349632
two_rows/3_862_0_36A40153_148_234_213_297.jpg,two_row_car,36A40153,36A40153,8,8,1.0,True,2,False,0.0,3985.962,3349632
two_rows/4_419_0_36A22499_149_301_210_369.jpg,two_row_car,36A22499,36A22499,8,8,1.0,True,2,False,0.0,1793.53,3349632
two_rows/5_1581_0_36D00564_149_309_210_385.jpg,two_row_car,36D00564,36000564,8,7,0.875,False,2,True,0.0,2244.863,3349632
two_rows/8_721_0_36C17983_190_402_239_451.jpg,two_row_car,36C17983,36C17983,8,8,1.0,True,2,False,0.0,5090.828,3349632
one_row/7_4357_1_36C17825_110_149_542_239.jpg,one_row,36C17825,36C17825,8,8,1.0,True,1,True,1.665,599.786,3349632
one_row/7_2832_1_36A17763_107_167_590_270.jpg,one_row,36A17763,36A17763,8,8,1.0,True,1,True,0.531,859.267,3349632
two_rows/5_272_0_36A05367_461_207_524_277.jpg,two_row_car,36A05367,36A05367,8,8,1.0,True,2,False,0.0,11135.141,3349632
one_row/1_4241_1_36M6185_66_218_612_305.jpg,one_row,36M6185,36M6185,7,7,1.0,True,1,True,0.0,422.829,2930928
one_row/3_3491_1_36M4163_98_198_616_295.jpg,one_row,36M4163,36M4163,7,7,1.0,True,1,False,0.0,657.079,2930928
one_row/9_1521_1_36A43788_87_263_543_326.jpg,one_row,36A43788,36A43788,8,8,1.0,True,1,True,0.0,799.721,3349632
one_row/4_1364_1_29A67126_140_217_453_280.jpg,one_row,29A67126,29A67126,8,8,1.0,True,1,True,0.0,1272.18,3349632
one_row/8_715_1_36C17650_135_309_215_354.jpg,one_row,36C17650,36C17650,8,8,1.0,True,1,True,0.0,2257.611,3349632
one_row/7_4143_1_36C08055_207_240_487_301.jpg,one_row,36C08055,36C08055,8,8,1.0,True,1,True,0.0,1587.107,3349632
two_rows/1_1745_0_36D01091_507_324_565_405.jpg,two_row_car,36D01091,03106D91,8,3,0.375,False,1,True,0.0,5833.716,3349632
one_row/1_2221_1_30P9618_112_275_506_338.jpg,one_row,30P9618,30P9618,7,7,1.0,True,1,True,0.0,486.461,2930928
two_rows/6_886_0_36A41938_141_222_205_289.jpg,two_row_car,36A41938,36A41938,8,8,1.0,True,2,False,0.0,3314.892,3349632
two_rows_label_xe_may/6_2097_0_29g157016_208_119_333_235.jpg,two_row_motorcycle,29G157016,29M119929,9,3,0.3333333333333333,False,1,False,0.0,1886.531,3768336
one_row/1_3677_1_36C01896_33_243_493_315.jpg,one_row,36C01896,36C01896,8,8,1.0,True,1,True,0.0,809.384,3349632
two_rows/5_559_0_36A23009_140_322_203_383.jpg,two_row_car,36A23009,36A23009,8,8,1.0,True,2,False,0.0,4364.484,3349632
two_rows_label_xe_may/3_394_0_33P99877_139_38_315_176.jpg,two_row_motorcycle,33P99877,33P99877,8,8,1.0,True,2,False,0.0,2615.911,3349632
one_row/7_3539_1_36A42984_88_225_513_295.jpg,one_row,36A42984,36A42984,8,8,1.0,True,1,True,0.0,612.742,3349632
one_row/8_2230_1_36M7615_29_191_583_288.jpg,one_row,36M7615,36M7615,7,7,1.0,True,1,False,0.0,596.393,2930928
two_rows/7_1771_0_36C17938_183_343_241_402.jpg,two_row_car,36C17938,36C17938,8,8,1.0,True,2,False,0.0,2696.806,3349632
two_rows/4_1060_0_36C15929_203_374_244_416.jpg,two_row_car,36C15929,36C15929,8,8,1.0,True,2,False,0.0,8566.24,3349632
one_row/6_2086_1_36A08053_100_237_570_306.jpg,one_row,36A08053,36A08053,8,8,1.0,True,1,True,0.507,1106.017,3349632
one_row/2_882_1_36A20169_73_208_605_286.jpg,one_row,36A20169,36A20169,8,8,1.0,True,1,True,0.0,480.355,3349632
two_rows_label_xe_may/5_1830_0_29y556817_37_57_126_152.jpg,two_row_motorcycle,29Y556817,54129B232,9,0,0.0,False,1,False,0.0,5533.284,3768336
two_rows_label_xe_may/1_153_0_30l99405_405_111_538_215.jpg,two_row_motorcycle,30L99405,30L99405,8,8,1.0,True,2,True,0.0,1779.348,3349632
one_row/5_2131_1_36A05367_137_161_554_224.jpg,one_row,36A05367,36A05367,8,8,1.0,True,1,True,0.0,2220.182,3349632
one_row/4_2650_1_36C00443_191_242_421_300.jpg,one_row,36C00443,36C00443,8,8,1.0,True,1,True,1.245,1990.029,3349632
one_row/5_2221_1_36A11129_135_170_506_233.jpg,one_row,36A11129,36A11129,8,8,1.0,True,1,True,0.0,1743.168,3349632
one_row/1_3366_1_36A38928_158_313_488_367.jpg,one_row,36A38928,36A38928,8,8,1.0,True,1,True,0.0,2131.603,3349632
one_row/9_2376_1_37A21367_191_225_478_273.jpg,one_row,37A21367,32A21367,8,7,0.875,False,1,True,0.0,823.996,3349632
one_row/7_3267_1_36A42541_66_189_508_252.jpg,one_row,36A42541,36A42541,8,8,1.0,True,1,True,0.0,599.158,3349632
one_row/4_1469_1_30A63094_84_192_531_287.jpg,one_row,30A63094,30A63094,8,8,1.0,True,1,True,0.0,1128.181,3349632
two_rows/4_965_0_36C02121_411_307_457_363.jpg,two_row_car,36C02121,36C02121,8,8,1.0,True,2,True,0.0,3168.086,3349632
two_rows/7_1510_0_36B01141_209_353_246_391.jpg,two_row_car,36B01141,36B01141,8,8,1.0,True,2,False,0.0,3667.367,3349632
one_row/3_1640_1_34B02415_126_235_542_299.jpg,one_row,34B02415,34B02415,8,8,1.0,True,1,False,0.0,1794.682,3349632
one_row/1_3930_1_36C18336_147_245_468_317.jpg,one_row,36C18336,36C18336,8,8,1.0,True,1,True,0.855,860.723,3349632
two_rows/1_690_0_36A37618_110_211_187_296.jpg,two_row_car,36A37618,36A37618,8,8,1.0,True,2,False,0.0,3709.826,3349632
one_row/5_2634_1_36A40740_159_137_558_211.jpg,one_row,36A40740,36A40740,8,8,1.0,True,1,True,0.0,227.586,3349632
two_rows/5_87_0_29D01037_445_206_512_278.jpg,two_row_car,29D01037,29D01037,8,8,1.0,True,2,False,0.0,7999.982,3349632
two_rows_label_xe_may/2_886_0_29e225274_215_114_348_228.jpg,two_row_motorcycle,29E225274,252217622,9,2,0.2222222222222222,False,1,False,0.0,5990.993,3768336
one_row/4_3202_1_36C28057_103_225_496_300.jpg,one_row,36C28057,36C28057,8,8,1.0,True,1,True,0.0,1122.91,3349632
two_rows_label_xe_may/5_834_0_89G103316_59_63_186_170.jpg,two_row_motorcycle,89G103316,896123316,9,7,0.7777777777777778,False,2,False,0.0,2815.828,3768336
one_row/7_4125_1_36C07475_154_225_507_328.jpg,one_row,36C07475,36C07475,8,8,1.0,True,1,True,0.0,734.229,3349632
two_rows/2_1518_0_36C27789_191_182_453_341.jpg,two_row_car,36C27789,36C27789,8,8,1.0,True,2,True,0.0,445.966,3349632
one_row/6_3331_1_36C12127_85_325_556_407.jpg,one_row,36C12127,36C12127,8,8,1.0,True,1,True,0.0,1069.092,3349632
one_row/6_2460_1_36A29047_98_209_544_272.jpg,one_row,36A29047,36A29047,8,8,1.0,True,1,False,0.0,883.236,3349632
two_rows_label_xe_may/7_2590_0_98f104383_216_175_362_305.jpg,two_row_motorcycle,98F104383,220111291,9,1,0.1111111111111111,False,1,False,0.0,6700.812,3768336
two_rows/6_3275_0_36C10173_88_108_539_347.jpg,two_row_car,36C10173,36C10173,8,8,1.0,True,2,True,0.0,174.548,3349632
one_row/8_1390_1_36A25177_108_249_489_315.jpg,one_row,36A25177,36A25177,8,8,1.0,True,1,True,0.621,1033.991,3349632
one_row/4_1393_1_29C17379_97_199_570_298.jpg,one_row,29C17379,29C17379,8,8,1.0,True,1,True,0.0,119.723,3349632
one_row/5_3808_1_36C28519_165_239_496_299.jpg,one_row,36C28519,36C28519,8,8,1.0,True,1,True,0.0,1395.023,3349632
two_rows/1_618_0_36A27782_93_209_161_286.jpg,two_row_car,36A27782,36A27782,8,8,1.0,True,2,False,0.0,3071.68,3349632
one_row/9_938_1_36C29576_420_309_493_354.jpg,one_row,36C29576,36C29576,8,8,1.0,True,1,False,0.0,5094.593,3349632
two_rows/3_3313_0_36C28127_189_202_482_350.jpg,two_row_car,36C28127,36C28127,8,8,1.0,True,2,False,0.0,780.017,3349632
one_row/4_1800_1_36A16313_79_202_541_304.jpg,one_row,36A16313,36A16313,8,8,1.0,True,1,True,0.0,809.79,3349632
one_row/5_1807_1_17C06002_44_225_548_307.jpg,one_row,17C06002,17C06002,8,8,1.0,True,1,True,0.0,411.538,3349632
two_rows/7_1023_0_36A42754_152_291_206_352.jpg,two_row_car,36A42754,36A42754,8,8,1.0,True,2,False,0.0,4681.649,3349632
two_rows/4_259_0_36A12093_397_259_463_331.jpg,two_row_car,36A12093,36A12093,8,8,1.0,True,2,False,0.0,4719.218,3349632
one_row/6_2371_1_36A23938_143_278_521_341.jpg,one_row,36A23938,36A23938,8,8,1.0,True,1,False,0.0,1442.339,3349632
one_row/1_3021_1_36A38110_164_239_490_285.jpg,one_row,36A38110,36A38110,8,8,1.0,True,1,True,0.503,874.165,3349632
two_rows_label_xe_may/7_2712_0_18n17020_454_209_563_308.jpg,two_row_motorcycle,18N17020,18N17020,8,8,1.0,True,2,False,0.0,2680.691,3349632
one_row/3_2698_1_36C01842_112_277_546_332.jpg,one_row,36C01842,36C01842,8,8,1.0,True,1,True,0.0,2220.101,3349632
one_row/5_2248_1_36A13359_108_167_541_247.jpg,one_row,36A13359,36A13359,8,8,1.0,True,1,True,0.0,356.343,3349632
one_row/5_1828_1_28C00631_36_186_572_280.jpg,one_row,28C00631,08C00631,8,7,0.875,False,1,False,0.0,552.88,3349632
two_rows/5_1416_0_36C20749_195_400_245_450.jpg,two_row_car,36C20749,36C20749,8,8,1.0,True,2,False,0.0,6368.748,3349632
two_rows_label_xe_may/4_734_0_35B188067_424_75_575_210.jpg,two_row_motorcycle,35B188067,35B188067,9,9,1.0,True,2,False,0.0,3319.672,3768336
two_rows/7_768_0_36A42158_83_312_136_389.jpg,two_row_car,36A42158,42316A58,8,2,0.25,False,1,True,0.0,3517.264,3349632
one_row/7_3265_1_36A42539_87_220_552_283.jpg,one_row,36A42539,36A42539,8,8,1.0,True,1,True,0.0,1534.732,3349632
one_row/6_2068_1_36A07504_154_179_514_254.jpg,one_row,36A07504,36A07504,8,8,1.0,True,1,True,0.0,1175.017,3349632
two_rows_label_xe_may/2_782_0_34md124073_347_77_472_167.jpg,two_row_motorcycle,34MD124073,2324161537,10,1,0.1,False,1,True,0.0,10280.518,4187040
two_rows/1_1750_0_36D01346_499_304_556_380.jpg,two_row_car,36D01346,06163046,8,3,0.375,False,1,True,0.0,3130.212,3349632
two_rows/5_1224_0_36C01134_182_273_236_319.jpg,two_row_car,36C01134,36C01394,8,6,0.75,False,2,True,0.0,5796.416,3349632
one_row/4_2383_1_36A40842_111_195_568_297.jpg,one_row,36A40842,36A40842,8,8,1.0,True,1,True,0.0,835.183,3349632
one_row/2_1269_1_36C08654_128_148_556_237.jpg,one_row,36C08654,36C08654,8,8,1.0,True,1,True,0.0,1125.616,3349632
one_row/2_478_1_36C24027_161_389_250_448.jpg,one_row,36C24027,36C24027,8,8,1.0,True,1,True,0.0,2311.206,3349632
two_rows/3_481_0_36A21850_382_314_455_386.jpg,two_row_car,36A21850,36A21850,8,8,1.0,True,2,False,0.0,3664.369,3349632
two_rows/6_382_0_36A09584_446_306_509_380.jpg,two_row_car,36A09584,03965A84,8,2,0.25,False,1,False,0.0,4582.453,3349632
one_row/8_2127_1_36D00800_126_225_496_293.jpg,one_row,36D00800,36D00800,8,8,1.0,True,1,True,0.258,1551.804,3349632
one_row/7_2259_1_29B01465_145_228_577_300.jpg,one_row,29B01465,29B01465,8,8,1.0,True,1,True,1.174,770.745,3349632
one_row/1_4115_1_36C27655_175_255_492_319.jpg,one_row,36C27655,36C27655,8,8,1.0,True,1,True,0.661,988.452,3349632
one_row/6_2247_1_36A18844_101_233_560_296.jpg,one_row,36A18844,36A18844,8,8,1.0,True,1,True,0.0,1118.073,3349632
two_rows/8_300_0_36A17559_462_203_522_267.jpg,two_row_car,36A17559,36A17559,8,8,1.0,True,2,False,0.0,5224.909,3349632
two_rows/5_928_0_36A41290_495_248_554_323.jpg,two_row_car,36A41290,36A41290,8,8,1.0,True,2,True,0.0,6002.106,3349632
two_rows_label_xe_may/1_286_0_29x117263_241_164_372_284.jpg,two_row_motorcycle,29X117263,119111331,9,2,0.2222222222222222,False,1,False,0.0,3160.007,3768336
two_rows_label_xe_may/7_2738_0_29x169942_401_93_516_183.jpg,two_row_motorcycle,29X169942,299112121,9,3,0.3333333333333333,False,1,True,0.0,7989.239,3768336
one_row/2_1198_1_36C03461_3_185_614_292.jpg,one_row,36C03461,36C03461,8,8,1.0,True,1,True,0.0,432.188,3349632
two_rows_label_xe_may/6_2287_0_36p99626_164_6_289_109.jpg,two_row_motorcycle,36P99626,92010111,8,0,0.0,False,1,False,0.0,5791.566,3349632
two_rows/7_486_0_36A18148_151_194_213_259.jpg,two_row_car,36A18148,36A18148,8,8,1.0,True,2,False,0.0,847.02,3349632
one_row/9_1591_1_36A43961_83_237_462_315.jpg,one_row,36A43961,36A43961,8,8,1.0,True,1,False,0.0,540.358,3349632
one_row/3_2240_1_36A39582_116_206_478_274.jpg,one_row,36A39582,36A39582,8,8,1.0,True,1,True,0.0,1711.976,3349632
one_row/2_757_1_36A06531_100_210_583_275.jpg,one_row,36A06531,36A06531,8,8,1.0,True,1,True,0.0,675.822,3349632
two_rows/1_234_0_36A01145_499_227_568_311.jpg,two_row_car,36A01145,36A01145,8,8,1.0,True,2,True,0.0,3121.597,3349632
one_row/5_1978_1_30A81554_132_175_535_258.jpg,one_row,30A81554,30A81554,8,8,1.0,True,1,True,1.072,1280.364,3349632
two_rows/3_227_0_36A06835_436_227_502_301.jpg,two_row_car,36A06835,36A06835,8,8,1.0,True,2,False,0.0,2441.967,3349632
one_row/7_4854_1_36N2874_92_271_515_349.jpg,one_row,36N2874,36N2874,7,7,1.0,True,1,True,0.0,658.558,2930928
two_rows/6_389_0_36A10036_412_196_477_264.jpg,two_row_car,36A10036,36A10036,8,8,1.0,True,2,False,0.0,2939.375,3349632
one_row/6_2311_1_36A23485_131_269_568_332.jpg,one_row,36A23485,36A23485,8,8,1.0,True,1,True,0.0,1354.957,3349632
two_rows/9_1666_0_36A44172_233_219_409_310.jpg,two_row_car,36A44172,36A44172,8,8,1.0,True,2,True,1.818,1574.819,3349632
one_row/8_2133_1_36D01161_116_241_499_302.jpg,one_row,36D01161,36D01161,8,8,1.0,True,1,True,0.0,1308.924,3349632
two_rows_label_xe_may/5_1880_0_29n124890_266_95_410_205.jpg,two_row_motorcycle,29N124890,213122191,9,4,0.4444444444444444,False,2,True,0.0,7231.248,3768336
one_row/4_2013_1_36A28308_130_209_476_272.jpg,one_row,36A28308,36A28308,8,8,1.0,True,1,True,0.0,1359.299,3349632
one_row/1_2446_1_36A10191_164_261_489_330.jpg,one_row,36A10191,36A10191,8,8,1.0,True,1,True,0.0,106.379,3349632
two_rows/5_935_0_36A41307_472_253_532_321.jpg,two_row_car,36A41307,36A41307,8,8,1.0,True,2,False,0.0,5738.053,3349632
one_row/7_4013_1_36C02784_137_225_496_309.jpg,one_row,36C02784,36C02784,8,8,1.0,True,1,True,0.0,393.238,3349632
two_rows_label_xe_may/9_1842_0_29G105247_321_93_451_217.jpg,two_row_motorcycle,29G105247,29G105247,9,9,1.0,True,2,False,0.0,4443.966,3768336
two_rows/7_1867_0_36C29100_211_376_252_418.jpg,two_row_car,36C29100,36C29100,8,8,1.0,True,2,False,0.0,8016.037,3349632
two_rows_label_xe_may/2_204_0_29L520630_397_52_536_171.jpg,two_row_motorcycle,29L520630,2AL520630,9,8,0.8888888888888888,False,2,False,0.0,5098.088,3768336
one_row/6_2577_1_36A41728_95_193_558_270.jpg,one_row,36A41728,36A41728,8,8,1.0,True,1,False,0.0,1393.746,3349632
two_rows/9_2225_0_36C29962_161_224_366_352.jpg,two_row_car,36C29962,36C29962,8,8,1.0,True,2,True,0.0,825.504,3349632
two_rows/6_3383_0_36C16905_175_222_400_322.jpg,two_row_car,36C16905,36C16190,8,5,0.625,False,2,True,0.0,257.629,3349632
one_row/7_3694_1_36A43340_183_259_456_311.jpg,one_row,36A43340,36A43340,8,8,1.0,True,1,False,0.0,2388.646,3349632
two_rows/3_1004_0_36C01819_208_370_251_415.jpg,two_row_car,36C01819,36C01819,8,8,1.0,True,2,False,0.0,2450.503,3349632
two_rows/9_469_0_36A43892_460_301_515_371.jpg,two_row_car,36A43892,36A43892,8,8,1.0,True,2,True,0.0,8238.477,3349632
two_rows/1_4366_0_35R00659_252_186_359_262.jpg,two_row_car,35R00659,35RD0659,8,7,0.875,False,2,True,0.0,2318.09,3349632
two_rows/1_958_0_36A38461_155_322_224_402.jpg,two_row_car,36A38461,383466A1,8,2,0.25,False,1,False,0.0,2568.744,3349632
one_row/1_2228_1_30X1389_70_206_558_275.jpg,one_row,30X1389,30X1389,7,7,1.0,True,1,True,0.0,1188.067,2930928
one_row/9_2250_1_36L1735_196_266_486_336.jpg,one_row,36L1735,36L1735,7,7,1.0,True,1,False,0.0,386.593,2930928
one_row/1_2193_1_30E75060_117_191_529_254.jpg,one_row,30E75060,30E75060,8,8,1.0,True,1,True,0.0,1121.875,3349632
two_rows/5_1722_0_36N4996_380_252_433_313.jpg,two_row_car,36N4996,36A4996,7,6,0.8571428571428571,False,2,False,0.0,7157.284,2930928
one_row/2_716_1_36A01898_91_169_488_247.jpg,one_row,36A01898,36A01898,8,8,1.0,True,1,True,0.694,846.302,3349632
one_row/5_2596_1_36A40276_167_171_512_237.jpg,one_row,36A40276,36A40276,8,8,1.0,True,1,True,0.0,343.712,3349632
one_row/8_1387_1_36A25152_138_209_496_288.jpg,one_row,36A25152,36A25152,8,8,1.0,True,1,True,0.0,751.465,3349632
one_row/2_885_1_36A20405_51_245_532_326.jpg,one_row,36A20405,36A20405,8,8,1.0,True,1,True,0.0,322.387,3349632
one_row/4_2613_1_36B03217_152_225_459_288.jpg,one_row,36B03217,36B03217,8,8,1.0,True,1,True,0.0,1837.68,3349632
one_row/1_4423_1_73C05510_90_181_444_274.jpg,one_row,73C05510,73C05510,8,8,1.0,True,1,True,0.0,388.495,3349632
one_row/3_1559_1_30A02793_120_185_496_257.jpg,one_row,30A02793,30A02793,8,8,1.0,True,1,True,0.0,233.986,3349632
one_row/3_3347_1_36C28230_88_263_500_333.jpg,one_row,36C28230,36C28230,8,8,1.0,True,1,False,0.0,1208.292,3349632
two_rows_label_xe_may/8_3199_0_37b287173_301_82_452_199.jpg,two_row_motorcycle,37B287173,113117332,9,1,0.1111111111111111,False,1,True,0.0,8281.458,3768336
one_row/3_1496_1_29B08851_69_216_576_288.jpg,one_row,29B08851,29B08851,8,8,1.0,True,1,True,0.0,1976.745,3349632
one_row/1_4289_1_36N1029_96_206_561_276.jpg,one_row,36N1029,36N1029,7,7,1.0,True,1,True,0.0,384.57,2930928
one_row/7_3214_1_36A42403_150_230_527_290.jpg,one_row,36A42403,36A42403,8,8,1.0,True,1,True,1.359,540.43,3349632
two_rows_label_xe_may/2_144_0_30M61255_217_58_389_210.jpg,two_row_motorcycle,30M61255,30M61255,8,8,1.0,True,2,False,0.0,2140.051,3349632
two_rows_label_xe_may/1_56_0_79n157327_202_63_357_175.jpg,two_row_motorcycle,79N157327,579191371,9,2,0.2222222222222222,False,1,True,0.0,1346.449,3768336
one_row/4_1647_1_36A07113_94_239_535_330.jpg,one_row,36A07113,36A07113,8,8,1.0,True,1,True,0.0,869.771,3349632
two_rows/4_425_0_36A22554_98_202_163_271.jpg,two_row_car,36A22554,36A22554,8,8,1.0,True,2,False,0.0,3291.218,3349632
one_row/8_77_1_30A07748_103_336_195_396.jpg,one_row,30A07748,30A07748,8,8,1.0,True,1,True,0.0,2030.818,3349632
one_row/8_1295_1_36A15000_144_275_485_325.jpg,one_row,36A15000,36A15000,8,8,1.0,True,1,True,0.512,1402.215,3349632
two_rows/5_3814_0_36C28564_175_109_483_268.jpg,two_row_car,36C28564,36C28564,8,8,1.0,True,2,True,0.0,445.322,3349632
one_row/4_3163_1_36C26657_115_180_531_259.jpg,one_row,36C26657,36C26657,8,8,1.0,True,1,False,0.0,1215.9,3349632
one_row/3_1044_1_36C08860_417_303_512_355.jpg,one_row,36C08860,36C08860,8,8,1.0,True,1,True,0.0,4843.795,3349632
two_rows/2_13_0_29A31240_470_200_538_286.jpg,two_row_car,29A31240,29A31240,8,8,1.0,True,2,True,0.0,4304.111,3349632
one_row/9_1843_1_36B03378_120_299_502_362.jpg,one_row,36B03378,36B03378,8,8,1.0,True,1,True,0.575,804.054,3349632
one_row/9_1866_1_36C00295_46_184_535_290.jpg,one_row,36C00295,36C00295,8,8,1.0,True,1,True,0.0,245.089,3349632
one_row/3_283_1_36A09889_88_308_190_374.jpg,one_row,36A09889,36A09889,8,8,1.0,True,1,True,0.0,3949.101,3349632
one_row/1_3279_1_36A38747_157_274_449_353.jpg,one_row,36A38747,36A38747,8,8,1.0,True,1,False,0.0,1353.134,3349632
one_row/9_1679_1_36A44201_185_223_487_304.jpg,one_row,36A44201,36A44201,8,8,1.0,True,1,False,0.0,987.03,3349632
two_rows/5_960_0_36A41376_142_187_217_269.jpg,two_row_car,36A41376,36A41376,8,8,1.0,True,2,False,0.0,1784.456,3349632
two_rows/2_165_0_36A12771_462_228_539_306.jpg,two_row_car,36A12771,36A12771,8,8,1.0,True,2,False,0.0,1965.98,3349632
two_rows/5_4158_0_36N4262_146_170_488_349.jpg,two_row_car,36N4262,36N4262,7,7,1.0,True,2,True,0.0,1013.097,2930928
two_rows/7_138_0_30M6550_137_258_183_310.jpg,two_row_car,30M6550,30M6550,7,7,1.0,True,2,False,0.0,1459.569,2930928
two_rows/1_1605_0_36C27212_176_349_231_408.jpg,two_row_car,36C27212,36C27212,8,8,1.0,True,2,False,0.0,6216.518,3349632
one_row/9_2141_1_36C26893_58_195_560_294.jpg,one_row,36C26893,36C26893,8,8,1.0,True,1,False,0.0,291.546,3349632
two_rows_label_xe_may/9_1767_0_29G152631_504_135_626_281.jpg,two_row_motorcycle,29G152631,25926G131,9,3,0.3333333333333333,False,1,False,0.0,4883.072,3768336
one_row/7_2301_1_29C82201_124_209_528_282.jpg,one_row,29C82201,29C82201,8,8,1.0,True,1,False,0.0,1074.349,3349632
two_rows_label_xe_may/9_1717_0_22B171825_312_4_473_144.jpg,two_row_motorcycle,22B171825,22B171825,9,9,1.0,True,2,False,0.0,4169.819,3768336
two_rows_label_xe_may/6_2230_0_30l28181_541_68_636_173.jpg,two_row_motorcycle,30L28181,330L2818,8,1,0.125,False,2,False,0.0,794.311,3349632
two_rows/5_1185_0_36B02959_130_271_163_314.jpg,two_row_car,36B02959,336B2959,8,5,0.625,False,2,False,0.0,8273.501,3349632
one_row/7_3412_1_36A42781_136_272_494_332.jpg,one_row,36A42781,36A42781,8,8,1.0,True,1,True,0.0,876.341,3349632
one_row/5_2751_1_36A41150_135_199_501_269.jpg,one_row,36A41150,36A41150,8,8,1.0,True,1,True,0.0,597.743,3349632
two_rows_label_xe_may/4_1004_0_29t180051_161_92_301_211.jpg,two_row_motorcycle,29T180051,92E112211,9,2,0.2222222222222222,False,1,False,0.0,8017.154,3768336
two_rows/7_417_0_36A14541_362_266_422_314.jpg,two_row_car,36A14541,36A14541,8,8,1.0,True,2,True,0.0,2694.302,3349632
one_row/4_1786_1_36A14614_33_187_601_310.jpg,one_row,36A14614,36A14614,8,8,1.0,True,1,False,0.0,677.11,3349632
two_rows/7_897_0_36A42584_131_320_200_389.jpg,two_row_car,36A42584,36A42584,8,8,1.0,True,2,False,0.0,5305.959,3349632
one_row/3_3040_1_36C16606_69_264_515_318.jpg,one_row,36C16606,36C16606,8,8,1.0,True,1,False,0.0,1376.835,3349632
two_rows/5_1488_0_36C27010_206_380_247_420.jpg,two_row_car,36C27010,36C27010,8,8,1.0,True,2,False,0.0,11061.543,3349632
one_row/4_2680_1_36C02108_118_225_512_303.jpg,one_row,36C02108,36C02108,8,8,1.0,True,1,True,1.273,1644.424,3349632
two_rows/7_928_0_36A42617_130_281_188_341.jpg,two_row_car,36A42617,36A42617,8,8,1.0,True,2,False,0.0,4111.176,3349632
one_row/8_1491_1_36A43213_105_225_511_291.jpg,one_row,36A43213,36A43213,8,8,1.0,True,1,True,0.702,722.601,3349632
two_rows_label_xe_may/7_2360_0_34n19711_166_55_307_168.jpg,two_row_motorcycle,34N19711,33141021,8,2,0.25,False,1,True,0.0,5892.285,3349632
one_row/8_1648_1_36B01501_63_215_448_285.jpg,one_row,36B01501,36B01501,8,8,1.0,True,1,False,0.0,862.947,3349632
two_rows_label_xe_may/6_2075_0_29m120006_415_209_527_307.jpg,two_row_motorcycle,29M120006,29M120006,9,9,1.0,True,2,False,0.0,1403.952,3768336
one_row/9_2112_1_36C22836_145_341_477_404.jpg,one_row,36C22836,36C22836,8,8,1.0,True,1,True,0.0,1733.215,3349632
two_rows/6_852_0_36A41849_457_204_527_282.jpg,two_row_car,36A41849,36A41849,8,8,1.0,True,2,False,0.0,3921.087,3349632
two_rows/7_2317_0_29M2972_125_257_543_316.jpg,two_row_car,29M2972,2962972,7,6,0.8571428571428571,False,1,False,0.0,406.494,2930928
two_rows/4_1226_0_36M2290_202_294_243_342.jpg,two_row_car,36M2290,36M2290,7,7,1.0,True,2,False,0.0,3215.36,2930928
one_row/4_2393_1_36A40872_104_187_582_271.jpg,one_row,36A40872,36A40872,8,8,1.0,True,1,False,0.0,1377.373,3349632
two_rows/2_171_0_36A13013_498_210_575_296.jpg,two_row_car,36A13013,36A13013,8,8,1.0,True,2,False,0.0,2166.393,3349632
one_row/5_2632_1_36A40736_73_188_568_285.jpg,one_row,36A40736,36A40736,8,8,1.0,True,1,True,0.818,1928.199,3349632
two_rows/9_586_0_36A44150_127_206_189_271.jpg,two_row_car,36A44150,36A44151,8,7,0.875,False,2,False,0.0,5187.883,3349632
two_rows_label_xe_may/3_496_0_15B233092_344_3_481_125.jpg,two_row_motorcycle,15B233092,16B233092,9,8,0.8888888888888888,False,2,False,0.0,4468.851,3768336
two_rows_label_xe_may/1_318_0_29c118228_252_77_395_198.jpg,two_row_motorcycle,29C118228,12E232291,9,1,0.1111111111111111,False,1,False,0.0,4020.384,3768336
two_rows/6_920_0_36A42044_400_236_463_303.jpg,two_row_car,36A42044,36A42044,8,8,1.0,True,2,False,0.0,4222.94,3349632
one_row/7_3882_1_36B02486_193_242_456_312.jpg,one_row,36B02486,36B02486,8,8,1.0,True,1,True,0.0,903.837,3349632
one_row/4_3591_1_37B00986_145_225_496_288.jpg,one_row,37B00986,37B00986,8,8,1.0,True,1,True,0.0,792.754,3349632
one_row/5_2861_1_36A41359_77_113_530_192.jpg,one_row,36A41359,36A41359,8,8,1.0,True,1,True,0.0,2294.061,3349632
two_rows/9_2212_0_36C29898_200_253_410_351.jpg,two_row_car,36C29898,36C29898,8,8,1.0,True,2,True,0.0,382.002,3349632
one_row/7_3311_1_36A42614_83_267_537_344.jpg,one_row,36A42614,36A42614,8,8,1.0,True,1,True,1.225,1141.654,3349632
one_row/8_1767_1_36C04670_78_227_570_318.jpg,one_row,36C04670,36C04670,8,8,1.0,True,1,True,0.0,311.496,3349632
one_row/5_3124_1_36B02906_140_244_496_299.jpg,one_row,36B02906,36B02906,8,8,1.0,True,1,True,0.0,700.71,3349632
two_rows/5_894_0_36A41229_120_185_194_262.jpg,two_row_car,36A41229,36A41229,8,8,1.0,True,2,False,0.0,1062.959,3349632
two_rows/6_1609_0_36R01067_178_308_217_343.jpg,two_row_car,36R01067,36R01067,8,8,1.0,True,2,False,0.0,7751.576,3349632
one_row/5_1892_1_29C23075_61_238_543_333.jpg,one_row,29C23075,29C23075,8,8,1.0,True,1,True,0.0,724.548,3349632
one_row/4_3222_1_36C28175_105_218_496_288.jpg,one_row,36C28175,36C28175,8,8,1.0,True,1,True,0.0,1326.944,3349632
two_rows/6_520_0_36A20317_153_233_214_299.jpg,two_row_car,36A20317,36A20317,8,8,1.0,True,2,False,0.0,5065.287,3349632
one_row/9_1539_1_36A43839_116_234_549_308.jpg,one_row,36A43839,36A43839,8,8,1.0,True,1,True,0.637,626.442,3349632
one_row/5_2835_1_36A41293_111_225_451_289.jpg,one_row,36A41293,36A41293,8,8,1.0,True,1,True,0.451,1726.112,3349632
one_row/1_2134_1_29S8707_124_273_491_365.jpg,one_row,29S8707,29S8707,7,7,1.0,True,1,False,0.0,506.324,2930928
one_row/2_750_1_36A05697_179_226_486_279.jpg,one_row,36A05697,36A05697,8,8,1.0,True,1,True,0.651,1274.073,3349632
one_row/5_2272_1_36A14071_105_152_546_215.jpg,one_row,36A14071,36A14071,8,8,1.0,True,1,True,0.0,1465.118,3349632
two_rows/4_299_0_36A13830_115_213_166_271.jpg,two_row_car,36A13830,36A13830,8,8,1.0,True,2,False,0.0,8919.391,3349632
one_row/7_738_1_36A41991_82_300_155_359.jpg,one_row,36A41991,36A41931,8,7,0.875,False,1,True,0.0,578.947,3349632
one_row/1_3450_1_36A39142_126_214_511_279.jpg,one_row,36A39142,36A39142,8,8,1.0,True,1,True,0.0,1503.297,3349632
two_rows/1_1874_0_36N3425_472_215_543_295.jpg,two_row_car,36N3425,36N3425,7,7,1.0,True,2,False,0.0,4924.432,2930928
one_row/7_4728_1_36M0423_95_187_480_256.jpg,one_row,36M0423,36M042L,7,6,0.8571428571428571,False,1,True,0.0,1026.49,2930928
one_row/7_4128_1_36C07612_198_232_515_303.jpg,one_row,36C07612,36C07612,8,8,1.0,True,1,True,0.0,763.045,3349632
one_row/1_3817_1_36C09875_198_284_481_338.jpg,one_row,36C09875,36C09875,8,8,1.0,True,1,True,0.0,1148.317,3349632
two_rows/5_544_0_36A22817_468_207_525_278.jpg,two_row_car,36A22817,36A22817,8,8,1.0,True,2,True,0.0,6941.063,3349632
one_row/1_2106_1_29C87949_214_279_431_360.jpg,one_row,29C87949,29C37949,8,7,0.875,False,1,True,0.0,419.689,3349632
two_rows_label_xe_may/1_313_0_14d125130_193_13_337_131.jpg,two_row_motorcycle,14D125130,321241303,9,0,0.0,False,1,False,0.0,1508.789,3768336
one_row/1_2150_1_29Z1615_220_281_447_366.jpg,one_row,29Z1615,2831616,7,4,0.5714285714285714,False,1,True,0.0,199.51,2930928
one_row/5_4046_1_36M5651_71_272_497_344.jpg,one_row,36M5651,36M5651,7,7,1.0,True,1,False,0.0,983.738,2930928
one_row/3_3176_1_36C22834_107_251_558_320.jpg,one_row,36C22834,36C22834,8,8,1.0,True,1,True,0.0,1227.451,3349632
two_rows_label_xe_may/3_481_0_29L139913_472_120_594_249.jpg,two_row_motorcycle,29L139913,29L139913,9,9,1.0,True,2,False,0.0,5784.861,3768336
two_rows/6_980_0_36A42193_441_282_500_349.jpg,two_row_car,36A42193,36AA3193,8,6,0.75,False,2,False,0.0,4615.648,3349632
two_rows_label_xe_may/9_3525_0_30n25995_432_149_553_259.jpg,two_row_motorcycle,30N25995,30N25995,8,8,1.0,True,2,False,0.0,369.27,3349632
one_row/3_2450_1_36A40055_78_208_621_299.jpg,one_row,36A40055,36A40055,8,8,1.0,True,1,True,0.0,818.565,3349632
one_row/3_1555_1_29X9046_73_219_571_302.jpg,one_row,29X9046,29X9046,7,7,1.0,True,1,False,0.0,938.654,2930928
one_row/1_2382_1_36A06527_55_272_539_353.jpg,one_row,36A06527,36A06527,8,8,1.0,True,1,True,0.0,560.872,3349632
one_row/6_2923_1_36B00819_153_216_504_279.jpg,one_row,36B00819,36B00819,8,8,1.0,True,1,True,0.0,1181.087,3349632
two_rows_label_xe_may/4_1035_0_17n50689_231_62_375_175.jpg,two_row_motorcycle,17N50689,32B11301,8,0,0.0,False,1,True,0.0,6911.028,3349632
one_row/6_1728_1_29A78195_127_247_482_320.jpg,one_row,29A78195,29A78195,8,8,1.0,True,1,True,0.0,281.151,3349632
one_row/5_2402_1_36A22673_137_164_509_227.jpg,one_row,36A22673,36A22673,8,8,1.0,True,1,False,0.0,1475.205,3349632
one_row/5_2042_1_35A00103_165_204_510_267.jpg,one_row,35A00103,635A0010,8,1,0.125,False,1,False,0.0,1596.601,3349632
two_rows/5_99_0_29M7862_179_402_226_454.jpg,two_row_car,29M7862,29M7862,7,7,1.0,True,2,False,0.0,3038.437,2930928
one_row/1_3742_1_36C06150_129_285_472_396.jpg,one_row,36C06150,36C06150,8,8,1.0,True,1,False,0.0,575.337,3349632
two_rows_label_xe_may/9_1840_0_24B117468_519_44_625_167.jpg,two_row_motorcycle,24B117468,24B111463,9,7,0.7777777777777778,False,2,False,0.0,5966.69,3768336
two_rows_label_xe_may/1_59_0_89k96523_160_65_296_181.jpg,two_row_motorcycle,89K96523,2B122921,8,1,0.125,False,1,False,0.0,5132.775,3349632
two_rows/6_3954_0_36R00301_254_251_382_338.jpg,two_row_car,36R00301,36R00301,8,8,1.0,True,2,True,2.694,3345.902,3349632
two_rows/7_1657_0_36C07381_184_398_231_439.jpg,two_row_car,36C07381,3CA07381,8,6,0.75,False,2,True,6.009,8507.432,3349632
one_row/7_4681_1_36D01140_65_240_565_332.jpg,one_row,36D01140,36D01140,8,8,1.0,True,1,False,0.0,600.475,3349632
one_row/9_1128_1_29U6102_165_279_444_342.jpg,one_row,29U6102,2906102,7,6,0.8571428571428571,False,1,True,0.0,572.366,2930928
two_rows/6_29_0_29A13931_173_199_237_272.jpg,two_row_car,29A13931,29A13931,8,8,1.0,True,2,False,0.0,3701.486,3349632
one_row/3_2780_1_36C04995_83_192_583_266.jpg,one_row,36C04995,6C045695,8,2,0.25,False,1,True,0.0,385.823,3349632
two_rows/5_1623_0_36M2626_455_238_519_308.jpg,two_row_car,36M2626,36M2626,7,7,1.0,True,2,False,0.0,5473.3,2930928
one_row/4_2295_1_36A40596_80_175_590_288.jpg,one_row,36A40596,36A40596,8,8,1.0,True,1,False,0.0,293.154,3349632
two_rows/6_403_0_36A11486_373_251_438_314.jpg,two_row_car,36A11486,36A11486,8,8,1.0,True,2,False,0.0,4143.442,3349632
one_row/2_1061_1_36A39458_93_206_519_262.jpg,one_row,36A39458,36A39458,8,8,1.0,True,1,False,0.0,1281.429,3349632
one_row/6_3344_1_36C13601_50_216_579_299.jpg,one_row,36C13601,36C13601,8,8,1.0,True,1,True,0.0,843.731,3349632
one_row/4_1774_1_36A13990_57_181_591_299.jpg,one_row,36A13990,36A13990,8,8,1.0,True,1,True,0.0,651.282,3349632
one_row/3_2026_1_36A22375_112_234_546_296.jpg,one_row,36A22375,36A22375,8,8,1.0,True,1,True,0.0,1881.779,3349632
one_row/7_5029_1_98LD00150_107_240_557_313.jpg,one_row,98LD00150,98CD00150,9,8,0.8888888888888888,False,1,True,0.0,651.183,3768336
one_row/7_1272_1_36A43126_95_267_191_330.jpg,one_row,36A43126,36A43126,8,8,1.0,True,1,True,0.0,819.975,3349632
one_row/6_2824_1_36A42284_98_199_569_282.jpg,one_row,36A42284,36A42284,8,8,1.0,True,1,True,0.0,361.255,3349632
one_row/8_1318_1_36A15691_113_262_557_328.jpg,one_row,36A15691,36A15691,8,8,1.0,True,1,True,0.0,280.939,3349632
one_row/7_3646_1_36A43234_137_223_511_289.jpg,one_row,36A43234,36A43234,8,8,1.0,True,1,True,0.0,584.048,3349632
two_rows_label_xe_may/1_35_0_30y25464_230_153_364_273.jpg,two_row_motorcycle,30Y25464,20212222,8,1,0.125,False,1,False,0.0,6037.556,3349632
one_row/4_2132_1_36A40217_133_225_553_322.jpg,one_row,36A40217,36A40217,8,8,1.0,True,1,True,0.0,509.486,3349632
two_rows_label_xe_may/3_914_0_36b198688_410_236_534_338.jpg,two_row_motorcycle,36B198688,36B198688,9,9,1.0,True,2,True,0.0,1324.721,3768336
two_rows_label_xe_may/4_993_0_30z60217_279_57_424_166.jpg,two_row_motorcycle,30Z60217,31091220,8,2,0.25,False,1,True,0.0,4700.832,3349632
two_rows_label_xe_may/8_3071_0_29g157596_247_119_387_248.jpg,two_row_motorcycle,29G157596,29E119929,9,3,0.3333333333333333,False,1,False,0.0,12663.494,3768336
two_rows/4_1032_0_36C10838_279_313_332_370.jpg,two_row_car,36C10838,36C10838,8,8,1.0,True,2,False,0.0,4128.914,3349632
one_row/7_3095_1_36A37961_124_218_531_297.jpg,one_row,36A37961,36A37961,8,8,1.0,True,1,False,0.0,1046.674,3349632
one_row/3_3115_1_36C20678_92_205_535_300.jpg,one_row,36C20678,36C20678,8,8,1.0,True,1,True,0.455,993.332,3349632
one_row/3_1190_1_36C27695_120_390_194_441.jpg,one_row,36C27695,36C27695,8,8,1.0,True,1,True,0.0,2437.947,3349632
one_row/1_3506_1_36B00496_96_239_526_318.jpg,one_row,36B00496,36B00496,8,8,1.0,True,1,True,0.0,1287.856,3349632
two_rows/2_1351_0_36C15003_215_183_447_326.jpg,two_row_car,36C15003,36C15003,8,8,1.0,True,2,True,0.0,783.251,3349632
one_row/4_2881_1_36C10953_138_219_457_288.jpg,one_row,36C10953,36C90953,8,7,0.875,False,1,True,0.0,1925.733,3349632
two_rows/1_4372_0_36R01259_197_217_422_366.jpg,two_row_car,36R01259,36R01259,8,8,1.0,True,2,True,0.0,738.276,3349632
one_row/2_1369_1_36C15373_148_208_513_273.jpg,one_row,36C15373,36C15373,8,8,1.0,True,1,True,0.0,2640.654,3349632
one_row/2_1049_1_36A39417_111_198_529_271.jpg,one_row,36A39417,36A39417,8,8,1.0,True,1,False,0.0,1038.711,3349632
one_row/4_2459_1_36A40997_121_240_472_299.jpg,one_row,36A40997,36A40997,8,8,1.0,True,1,True,0.0,2952.583,3349632
one_row/5_2134_1_36A05517_124_215_496_278.jpg,one_row,36A05517,36A05517,8,8,1.0,True,1,True,0.0,1336.77,3349632
two_rows_label_xe_may/7_2350_0_37z99353_421_75_542_171.jpg,two_row_motorcycle,37Z99353,37299353,8,7,0.875,False,2,True,0.0,5261.71,3349632
two_rows/3_1110_0_36C15732_366_394_423_443.jpg,two_row_car,36C15732,36C15732,8,8,1.0,True,2,False,0.0,10225.687,3349632
one_row/1_3620_1_36B02866_73_263_592_392.jpg,one_row,36B02866,36B02866,8,8,1.0,True,1,True,0.0,233.637,3349632
two_rows/4_368_0_36A19819_470_330_517_391.jpg,two_row_car,36A19819,6A119819,8,5,0.625,False,2,True,0.0,4595.232,3349632
one_row/3_2813_1_36C07137_83_197_553_258.jpg,one_row,36C07137,36C07137,8,8,1.0,True,1,False,0.0,814.079,3349632
one_row/4_2515_1_36B01261_182_209_518_288.jpg,one_row,36B01261,36B01261,8,8,1.0,True,1,True,0.0,446.898,3349632
two_rows_label_xe_may/5_1554_0_29x148612_240_149_378_269.jpg,two_row_motorcycle,29X148612,299211391,9,2,0.2222222222222222,False,1,False,0.0,4295.795,3768336
one_row/6_2770_1_36A42156_88_280_485_343.jpg,one_row,36A42156,36A42156,8,8,1.0,True,1,True,0.0,590.784,3349632
two_rows/5_1751_0_43A17742_456_313_520_387.jpg,two_row_car,43A17742,43A17742,8,8,1.0,True,2,False,0.0,4779.186,3349632
one_row/6_2394_1_36A24088_149_185_510_248.jpg,one_row,36A24088,36A24088,8,8,1.0,True,1,True,0.0,1494.387,3349632
two_rows/1_3872_0_36C14547_196_171_477_265.jpg,two_row_car,36C14547,36C14547,8,8,1.0,True,2,True,0.0,532.769,3349632
one_row/1_2060_1_29B06678_169_276_492_339.jpg,one_row,29B06678,29806678,8,7,0.875,False,1,True,0.0,2412.886,3349632
two_rows/3_1295_0_36D00620_419_225_496_288.jpg,two_row_car,36D00620,36D00620,8,8,1.0,True,2,True,0.0,7909.763,3349632
one_row/8_1049_1_29D09677_116_252_487_309.jpg,one_row,29D09677,29D09677,8,8,1.0,True,1,False,0.0,764.864,3349632
two_rows_label_xe_may/5_870_0_29X717232_401_3_549_123.jpg,two_row_motorcycle,29X717232,29X717232,9,9,1.0,True,2,True,0.0,4327.169,3768336
two_rows/8_1911_0_36C16559_98_162_484_374.jpg,two_row_car,36C16559,36C16559,8,8,1.0,True,2,True,0.0,427.128,3349632
one_row/7_3528_1_36A42970_167_245_472_298.jpg,one_row,36A42970,36A42970,8,8,1.0,True,1,False,0.0,3417.272,3349632
one_row/5_2638_1_36A40758_104_132_539_195.jpg,one_row,36A40758,36A40758,8,8,1.0,True,1,True,0.0,1573.706,3349632
one_row/6_2280_1_36A21357_115_238_558_307.jpg,one_row,36A21357,36A21357,8,8,1.0,True,1,False,0.0,1847.315,3349632
one_row/3_2513_1_36A40231_105_247_555_322.jpg,one_row,36A40231,36A40231,8,8,1.0,True,1,True,0.0,2051.55,3349632
two_rows_label_xe_may/8_3245_0_29p166108_338_69_456_172.jpg,two_row_motorcycle,29P166108,22G119329,9,2,0.2222222222222222,False,1,False,0.0,10378.62,3768336
one_row/1_3037_1_36A38154_65_281_545_344.jpg,one_row,36A38154,36A38154,8,8,1.0,True,1,True,0.0,458.361,3349632
one_row/7_4795_1_36M6241_141_214_487_303.jpg,one_row,36M6241,36M6241,7,7,1.0,True,1,False,0.0,480.889,2930928
one_row/6_3393_1_36C17028_63_243_581_338.jpg,one_row,36C17028,36C17028,8,8,1.0,True,1,True,0.0,714.768,3349632
two_rows/2_80_0_36A02140_431_225_495_295.jpg,two_row_car,36A02140,36A02140,8,8,1.0,True,2,False,0.0,5685.111,3349632
one_row/8_1430_1_36A30358_103_194_524_269.jpg,one_row,36A30358,36A30358,8,8,1.0,True,1,True,0.0,1770.098,3349632
one_row/6_1744_1_29B01254_146_215_459_278.jpg,one_row,29B01254,29B01254,8,8,1.0,True,1,False,0.0,655.968,3349632
one_row/7_1096_1_36A42851_140_276_233_331.jpg,one_row,36A42851,36A42851,8,8,1.0,True,1,True,0.0,1419.474,3349632
one_row/9_1289_1_36A15307_137_217_519_294.jpg,one_row,36A15307,36A15307,8,8,1.0,True,1,True,0.0,599.768,3349632
one_row/6_4018_1_43A29001_104_209_550_306.jpg,one_row,43A29001,43A29001,8,8,1.0,True,1,True,0.0,1668.042,3349632
two_rows/6_975_0_36A42186_454_202_526_283.jpg,two_row_car,36A42186,36A42186,8,8,1.0,True,2,False,0.0,3495.347,3349632
one_row/3_3206_1_36C25765_124_234_527_301.jpg,one_row,36C25765,3B6C2676,8,1,0.125,False,1,True,0.83,933.11,3349632
one_row/6_2870_1_36A42424_119_182_500_253.jpg,one_row,36A42424,36A42424,8,8,1.0,True,1,True,1.042,1218.186,3349632
one_row/2_1083_1_36B00813_50_199_558_284.jpg,one_row,36B00813,36B00813,8,8,1.0,True,1,True,0.0,559.965,3349632
one_row/6_1757_1_29B15738_117_206_565_274.jpg,one_row,29B15738,29B15738,8,8,1.0,True,1,True,0.0,2557.853,3349632
two_rows/6_3481_0_36C21695_221_162_414_271.jpg,two_row_car,36C21695,36C21695,8,8,1.0,True,2,True,0.0,1390.217,3349632
two_rows/8_674_0_36C08928_301_366_353_423.jpg,two_row_car,36C08928,36C68928,8,7,0.875,False,2,False,0.0,2371.295,3349632
two_rows_label_xe_may/4_1150_0_29d194007_381_180_508_283.jpg,two_row_motorcycle,29D194007,29D194007,9,9,1.0,True,2,True,0.0,3674.274,3768336
two_rows/5_94_0_29L1963_185_396_226_449.jpg,two_row_car,29L1963,28C1963,7,5,0.7142857142857143,False,2,True,0.0,3565.799,2930928
two_rows_label_xe_may/1_405_0_29m158863_285_87_404_193.jpg,two_row_motorcycle,29M158863,29G111191,9,3,0.3333333333333333,False,1,False,0.0,5199.637,3768336
one_row/6_2492_1_36A33889_118_245_577_308.jpg,one_row,36A33889,36A33889,8,8,1.0,True,1,True,0.0,1447.692,3349632
two_rows_label_xe_may/7_2449_0_90h50741_485_110_622_240.jpg,two_row_motorcycle,90H50741,90PN0741,8,6,0.75,False,2,False,0.0,2273.734,3349632
one_row/4_1449_1_29X0038_76_192_566_304.jpg,one_row,29X0038,29X0038,7,7,1.0,True,1,True,0.0,542.215,2930928
one_row/8_2259_1_36N2192_49_249_520_343.jpg,one_row,36N2192,3623212,7,3,0.42857142857142855,False,1,True,0.0,657.545,2930928
two_rows_label_xe_may/5_982_0_29C107104_401_141_527_261.jpg,two_row_motorcycle,29C107104,29C107204,9,8,0.8888888888888888,False,2,False,0.0,5380.683,3768336
one_row/3_1116_1_36C15827_392_313_470_352.jpg,one_row,36C15827,36C15827,8,8,1.0,True,1,True,0.0,8223.97,3349632
two_rows/4_3185_0_36C28009_202_212_417_338.jpg,two_row_car,36C28009,36C28009,8,8,1.0,True,2,True,0.0,1262.89,3349632
one_row/1_3781_1_36C08467_10_266_634_359.jpg,one_row,36C08467,36C08467,8,8,1.0,True,1,True,0.0,1281.107,3349632
two_rows/7_1706_0_36C12240_121_299_162_338.jpg,two_row_car,36C12240,36C12240,8,8,1.0,True,2,False,0.0,5601.279,3349632
one_row/5_2097_1_36A02572_128_174_542_248.jpg,one_row,36A02572,36A02572,8,8,1.0,True,1,True,0.0,908.806,3349632
two_rows/9_773_0_36B01397_208_331_249_366.jpg,two_row_car,36B01397,36B01397,8,8,1.0,True,2,False,0.0,4736.902,3349632
one_row/3_3030_1_36C16087_44_102_571_195.jpg,one_row,36C16087,36C16087,8,8,1.0,True,1,True,0.0,380.19,3349632
one_row/7_1214_1_36A42998_69_254_185_307.jpg,one_row,36A42998,66AA7098,8,4,0.5,False,1,True,0.0,344.701,3349632
two_rows_label_xe_may/1_377_0_26k111542_426_185_551_287.jpg,two_row_motorcycle,26K111542,26K111542,9,9,1.0,True,2,True,0.0,1142.725,3768336
one_row/7_2240_1_29A03608_110_246_498_309.jpg,one_row,29A03608,29A03608,8,8,1.0,True,1,True,0.0,638.036,3349632
one_row/8_1768_1_36C04718_47_203_596_312.jpg,one_row,36C04718,36C04718,8,8,1.0,True,1,True,0.63,223.443,3349632
one_row/1_3776_1_36C07792_63_246_492_319.jpg,one_row,36C07792,36C07792,8,8,1.0,True,1,True,0.0,1402.129,3349632
one_row/6_3679_1_36C29393_31_225_496_306.jpg,one_row,36C29393,36C29393,8,8,1.0,True,1,True,0.458,1326.574,3349632
one_row/6_2126_1_36A09355_103_186_559_262.jpg,one_row,36A09355,36A09355,8,8,1.0,True,1,False,0.0,1400.753,3349632
two_rows_label_xe_may/4_1081_0_29k100941_259_179_388_296.jpg,two_row_motorcycle,29K100941,21B112311,9,3,0.3333333333333333,False,1,False,0.0,6049.238,3768336
one_row/7_2960_1_36A24596_152_250_549_330.jpg,one_row,36A24596,36A24596,8,8,1.0,True,1,True,1.005,375.369,3349632
two_rows/3_679_0_36A39627_122_233_180_301.jpg,two_row_car,36A39627,36A39627,8,8,1.0,True,2,False,0.0,4374.254,3349632
two_rows/5_297_0_36A07335_487_200_560_286.jpg,two_row_car,36A07335,36107335,8,7,0.875,False,2,False,0.0,5440.071,3349632
two_rows/9_2145_0_36C28225_224_225_496_360.jpg,two_row_car,36C28225,36C28225,8,8,1.0,True,2,True,0.0,1240.759,3349632
one_row/8_1684_1_36B03134_144_285_479_346.jpg,one_row,36B03134,36B03134,8,8,1.0,True,1,True,0.457,2059.16,3349632
one_row/9_747_1_36A44460_108_279_207_345.jpg,one_row,36A44460,36A44460,8,8,1.0,True,1,True,0.0,5595.851,3349632
one_row/3_2892_1_36C10654_166_146_501_219.jpg,one_row,36C10654,36C10654,8,8,1.0,True,1,True,0.796,1016.11,3349632
one_row/3_2439_1_36A40018_105_228_576_288.jpg,one_row,36A40018,36A40018,8,8,1.0,True,1,False,0.0,1717.131,3349632
two_rows/3_20_0_29A30228_412_235_468_298.jpg,two_row_car,29A30228,29A30228,8,8,1.0,True,2,False,0.0,5501.147,3349632
one_row/3_2254_1_36A39610_77_222_559_284.jpg,one_row,36A39610,36A39610,8,8,1.0,True,1,True,0.0,1527.278,3349632
one_row/3_3359_1_36C28277_100_249_529_345.jpg,one_row,36C28277,36C28277,8,8,1.0,True,1,True,0.0,1399.655,3349632
one_row/6_2132_1_36A09810_151_175_492_238.jpg,one_row,36A09810,36A09810,8,8,1.0,True,1,True,0.0,400.762,3349632
one_row/6_3282_1_36C10665_91_220_576_296.jpg,one_row,36C10665,36C10665,8,8,1.0,True,1,False,0.0,274.178,3349632
two_rows/5_138_0_30E26117_495_218_560_296.jpg,two_row_car,30E26117,30E26117,8,8,1.0,True,2,True,0.0,4936.087,3349632
one_row/4_2503_1_36B01107_103_187_546_255.jpg,one_row,36B01107,36B01107,8,8,1.0,True,1,True,0.0,722.326,3349632
one_row/4_3510_1_36N0621_149_238_499_305.jpg,one_row,36N0621,36N0621,7,7,1.0,True,1,True,0.0,704.277,2930928
one_row/4_3641_1_88C03647_136_250_501_325.jpg,one_row,88C03647,88C03647,8,8,1.0,True,1,True,0.0,326.716,3349632
two_rows_label_xe_may/5_859_0_29H187310_335_4_490_124.jpg,two_row_motorcycle,29H187310,29H187310,9,9,1.0,True,2,True,0.0,5729.195,3768336
one_row/6_2227_1_36A17189_161_160_521_223.jpg,one_row,36A17189,36A17189,8,8,1.0,True,1,True,0.0,1229.92,3349632
two_rows/5_478_0_36A19857_476_305_535_377.jpg,two_row_car,36A19857,16968A57,8,3,0.375,False,1,True,0.0,7273.78,3349632
one_row/9_1664_1_36A44167_93_225_508_292.jpg,one_row,36A44167,36A44167,8,8,1.0,True,1,False,0.0,1425.074,3349632
one_row/3_3503_1_36M5248_32_198_621_287.jpg,one_row,36M5248,36M5248,7,7,1.0,True,1,True,0.0,346.424,2930928
one_row/5_3858_1_36C28735_17_171_544_261.jpg,one_row,36C28735,36C28735,8,8,1.0,True,1,True,0.0,598.425,3349632
one_row/2_1644_1_36N4494_135_191_509_263.jpg,one_row,36N4494,36N4494,7,7,1.0,True,1,True,0.632,456.843,2930928
two_rows/6_3289_0_36C11209_254_204_472_321.jpg,two_row_car,36C11209,36C11209,8,8,1.0,True,2,False,0.0,1310.688,3349632
two_rows_label_xe_may/3_347_0_32522F9_321_55_447_174.jpg,two_row_motorcycle,32522F9,51522F1,7,4,0.5714285714285714,False,2,False,0.0,2332.284,2930928
two_rows/1_4101_0_36C27548_133_152_508_285.jpg,two_row_car,36C27548,36C27548,8,8,1.0,True,2,True,0.0,851.864,3349632
one_row/2_1628_1_36N3141_89_213_514_305.jpg,one_row,36N3141,3N13A41,7,4,0.5714285714285714,False,1,True,0.0,1153.135,2930928
one_row/5_1592_1_36D01323_436_311_531_378.jpg,one_row,36D01323,36001323,8,7,0.875,False,1,True,0.0,3944.025,3349632
one_row/1_3087_1_36A38274_69_235_596_298.jpg,one_row,36A38274,36A38274,8,8,1.0,True,1,False,0.0,1951.783,3349632
one_row/6_3587_1_36C27881_34_191_596_290.jpg,one_row,36C27881,36C27881,8,8,1.0,True,1,False,0.0,464.815,3349632
two_rows_label_xe_may/8_3231_0_29md188963_387_107_507_201.jpg,two_row_motorcycle,29MD188963,29MB188963,10,9,0.9,False,2,True,0.0,4531.804,4187040
two_rows/1_885_0_36A38277_141_238_203_301.jpg,two_row_car,36A38277,36A38277,8,8,1.0,True,2,False,0.0,2104.119,3349632
two_rows/6_1251_0_36C07434_439_314_501_381.jpg,two_row_car,36C07434,073463C4,8,1,0.125,False,1,False,0.0,5860.158,3349632
one_row/8_1993_1_36C22610_35_225_546_301.jpg,one_row,36C22610,36C22610,8,8,1.0,True,1,True,0.0,923.121,3349632
two_rows/1_293_0_36A06088_103_235_176_314.jpg,two_row_car,36A06088,36A06088,8,8,1.0,True,2,False,0.0,1563.377,3349632
two_rows/6_812_0_36A41768_426_294_487_363.jpg,two_row_car,36A41768,36A41768,8,8,1.0,True,2,False,0.0,4506.425,3349632
two_rows/9_927_0_36C29065_101_143_151_197.jpg,two_row_car,36C29065,36C29065,8,8,1.0,True,2,True,0.0,5290.712,3349632
two_rows_label_xe_may/8_3129_0_29e218406_460_106_586_211.jpg,two_row_motorcycle,29E218406,29E218406,9,9,1.0,True,2,True,0.0,3338.304,3768336
two_rows/3_1152_0_36C22122_163_280_229_339.jpg,two_row_car,36C22122,36C22122,8,8,1.0,True,2,True,0.0,2269.982,3349632
one_row/8_1692_1_36B03484_127_262_480_340.jpg,one_row,36B03484,36B03484,8,8,1.0,True,1,True,2.404,1004.792,3349632
one_row/6_1676_1_18C06614_113_253_548_323.jpg,one_row,18C06614,18C06614,8,8,1.0,True,1,False,0.0,1566.165,3349632
two_rows/7_404_0_36A14073_181_302_243_372.jpg,two_row_car,36A14073,36A14073,8,8,1.0,True,2,False,0.0,3369.106,3349632
two_rows/8_224_0_36A10584_421_204_476_270.jpg,two_row_car,36A10584,36A10584,8,8,1.0,True,2,True,0.0,7172.73,3349632
two_rows_label_xe_may/2_613_0_29b105218_212_167_342_285.jpg,two_row_motorcycle,29B105218,229222191,9,1,0.1111111111111111,False,1,False,0.0,4639.887,3768336
two_rows/9_435_0_36A43829_411_290_462_347.jpg,two_row_car,36A43829,36A43829,8,8,1.0,True,2,False,0.0,5367.765,3349632
one_row/7_2950_1_36A24557_50_261_604_361.jpg,one_row,36A24557,36A24557,8,8,1.0,True,1,False,0.0,280.68,3349632
one_row/5_2631_1_36A40732_142_195_560_273.jpg,one_row,36A40732,36A40732,8,8,1.0,True,1,True,0.0,1264.759,3349632
one_row/5_3719_1_36C21887_77_191_583_267.jpg,one_row,36C21887,36C21887,8,8,1.0,True,1,False,0.0,145.745,3349632
one_row/2_1014_1_36A39287_119_194_537_270.jpg,one_row,36A39287,36A39287,8,8,1.0,True,1,True,0.651,1394.749,3349632
two_rows_label_xe_may/6_1168_0_19M114263_380_20_513_121.jpg,two_row_motorcycle,19M114263,19M114263,9,9,1.0,True,2,True,0.0,4453.391,3768336
two_rows/6_1307_0_36C16975_208_381_259_428.jpg,two_row_car,36C16975,36C16975,8,8,1.0,True,2,False,0.0,5022.117,3349632
one_row/4_2229_1_36A40449_119_225_554_309.jpg,one_row,36A40449,36A40449,8,8,1.0,True,1,True,0.574,2195.708,3349632
one_row/4_2571_1_36B02368_121_225_471_288.jpg,one_row,36B02368,36B02368,8,8,1.0,True,1,True,0.0,1044.771,3349632
one_row/1_1709_1_36C38799_118_322_224_388.jpg,one_row,36C38799,36A38799,8,7,0.875,False,1,True,0.0,2804.169,3349632
two_rows/9_1015_0_36M7222_94_292_137_345.jpg,two_row_car,36M7222,36M7242,7,6,0.8571428571428571,False,2,True,0.0,8195.672,2930928
two_rows/5_718_0_36A40280_155_205_229_272.jpg,two_row_car,36A40280,36A40300,8,6,0.75,False,2,False,0.0,2138.341,3349632
two_rows/8_188_0_36A06361_129_216_194_277.jpg,two_row_car,36A06361,36A06361,8,8,1.0,True,2,False,0.0,2319.143,3349632
one_row/7_3390_1_36A42752_159_225_496_291.jpg,one_row,36A42752,36A42752,8,8,1.0,True,1,True,0.486,609.391,3349632
two_rows/2_208_0_36A17559_507_216_575_301.jpg,two_row_car,36A17559,36A17559,8,8,1.0,True,2,True,0.0,6810.635,3349632
two_rows/3_901_0_36A40311_399_273_461_336.jpg,two_row_car,36A40311,36A40311,8,8,1.0,True,2,False,0.0,3817.608,3349632
one_row/4_3467_1_36M7699_142_237_482_304.jpg,one_row,36M7699,36M7699,7,7,1.0,True,1,True,0.0,467.949,2930928
one_row/9_1308_1_36A16653_137_263_515_326.jpg,one_row,36A16653,36A16653,8,8,1.0,True,1,False,0.0,2638.664,3349632
two_rows_label_xe_may/2_3_0_12X114835_369_121_516_252.jpg,two_row_motorcycle,12X114835,12X114835,9,9,1.0,True,2,False,0.0,3759.851,3768336
one_row/6_2277_1_36A21101_99_221_546_300.jpg,one_row,36A21101,36A21101,8,8,1.0,True,1,True,0.0,1138.532,3349632
two_rows/3_224_0_36A06515_373_232_445_300.jpg,two_row_car,36A06515,36A06515,8,8,1.0,True,2,False,0.0,4279.946,3349632
one_row/9_717_1_36A44386_411_271_518_329.jpg,one_row,36A44386,36A44386,8,8,1.0,True,1,True,0.0,2503.568,3349632
one_row/1_4089_1_36C27496_178_265_473_319.jpg,one_row,36C27496,36C27496,8,8,1.0,True,1,True,0.749,1319.778,3349632
one_row/7_3547_1_36A42996_163_265_478_328.jpg,one_row,36A42996,36A42996,8,8,1.0,True,1,True,0.0,381.127,3349632
one_row/6_2992_1_36B01827_179_192_496_247.jpg,one_row,36B01827,36B01827,8,8,1.0,True,1,True,0.0,509.468,3349632
two_rows/4_300_0_36A13832_136_207_203_277.jpg,two_row_car,36A13832,36A13832,8,8,1.0,True,2,False,0.0,2473.889,3349632
one_row/9_1663_1_36A44165_140_237_494_328.jpg,one_row,36A44165,36A44165,8,8,1.0,True,1,True,0.0,1221.21,3349632
two_rows/7_122_0_30A76969_176_294_235_357.jpg,two_row_car,30A76969,30A76969,8,8,1.0,True,2,False,0.0,3554.695,3349632
two_rows/5_677_0_36A28826_471_298_534_373.jpg,two_row_car,36A28826,23886A26,8,2,0.25,False,1,False,0.0,6415.006,3349632
two_rows_label_xe_may/8_3175_0_14u125130_451_50_570_145.jpg,two_row_motorcycle,14U125130,140125130,9,8,0.8888888888888888,False,2,True,1.302,5396.179,3768336
one_row/1_4275_1_36M9741_67_275_536_343.jpg,one_row,36M9741,36M9741,7,7,1.0,True,1,True,0.0,1166.551,2930928
one_row/5_3650_1_36C21221_65_201_596_323.jpg,one_row,36C21221,36C21224,8,7,0.875,False,1,True,0.0,397.163,3349632
one_row/5_3550_1_36C16766_46_183_623_289.jpg,one_row,36C16766,36C16066,8,7,0.875,False,1,True,0.728,514.233,3349632
two_rows_label_xe_may/9_3448_0_29g133218_235_137_368_262.jpg,two_row_motorcycle,29G133218,22E211911,9,2,0.2222222222222222,False,1,False,0.0,6483.274,3768336
one_row/5_4141_1_36N3182_156_225_496_288.jpg,one_row,36N3182,36N3182,7,7,1.0,True,1,True,0.851,1746.214,2930928
one_row/4_2636_1_36C00018_154_225_473_288.jpg,one_row,36C00018,36C00018,8,8,1.0,True,1,True,0.0,1288.206,3349632
one_row/6_2697_1_36A41988_143_185_481_248.jpg,one_row,36A41988,36A41988,8,8,1.0,True,1,True,0.0,429.555,3349632
one_row/9_1312_1_36A18349_222_240_517_303.jpg,one_row,36A18349,36A18349,8,8,1.0,True,1,True,1.58,651.85,3349632
two_rows_label_xe_may/5_1021_0_29X146230_222_19_382_137.jpg,two_row_motorcycle,29X146230,29X146230,9,9,1.0,True,2,False,0.0,3868.507,3768336
one_row/2_1162_1_36C00479_70_256_523_334.jpg,one_row,36C00479,36C00479,8,8,1.0,True,1,True,0.0,294.585,3349632
one_row/8_1485_1_36A43109_118_244_516_304.jpg,one_row,36A43109,36A43109,8,8,1.0,True,1,True,0.0,1153.667,3349632
one_row/9_1218_1_36A05321_116_233_508_309.jpg,one_row,36A05321,36A05321,8,8,1.0,True,1,False,0.0,1119.871,3349632
one_row/1_2334_1_36A04445_212_238_462_318.jpg,one_row,36A04445,36A04445,8,8,1.0,True,1,True,7.888,355.0,3349632
two_rows/4_269_0_36A12767_489_303_549_375.jpg,two_row_car,36A12767,36A12767,8,8,1.0,True,2,True,0.0,2098.62,3349632
one_row/4_2032_1_36A31648_79_169_601_273.jpg,one_row,36A31648,36A31648,8,8,1.0,True,1,False,0.0,590.448,3349632
one_row/6_3127_1_36C02442_99_183_548_254.jpg,one_row,36C02442,36C02442,8,8,1.0,True,1,True,0.0,820.414,3349632
two_rows_label_xe_may/2_256_0_15C115635_499_9_625_133.jpg,two_row_motorcycle,15C115635,15C115635,9,9,1.0,True,2,False,0.0,5251.978,3768336
two_rows/1_1887_0_36N4546_192_374_236_416.jpg,two_row_car,36N4546,36N4546,7,7,1.0,True,2,False,0.0,5135.086,2930928
one_row/2_827_1_36A13075_99_216_566_294.jpg,one_row,36A13075,36A13075,8,8,1.0,True,1,True,0.0,970.649,3349632
two_rows_label_xe_may/2_247_0_30M58380_301_143_418_254.jpg,two_row_motorcycle,30M58380,30M58380,8,8,1.0,True,2,False,0.0,4178.531,3349632
one_row/7_2903_1_36A24062_95_288_573_369.jpg,one_row,36A24062,36A24062,8,8,1.0,True,1,True,0.0,936.062,3349632
two_rows/3_1086_0_36C14998_204_306_239_347.jpg,two_row_car,36C14998,36C14998,8,8,1.0,True,2,False,0.0,7771.438,3349632
one_row/6_2054_1_36A06581_89_231_552_302.jpg,one_row,36A06581,36A06581,8,8,1.0,True,1,True,0.0,1440.62,3349632
two_rows/3_95_0_30A67947_428_225_496_293.jpg,two_row_car,30A67947,30A67947,8,8,1.0,True,2,False,0.0,1492.99,3349632
two_rows/1_839_0_36A38122_97_212_164_275.jpg,two_row_car,36A38122,36362N2A,8,3,0.375,False,1,False,0.0,4152.003,3349632
two_rows/7_1010_0_36A42736_106_177_168_251.jpg,two_row_car,36A42736,36A42736,8,8,1.0,True,2,False,0.0,696.215,3349632
two_rows_label_xe_may/4_991_0_18e106419_300_87_448_203.jpg,two_row_motorcycle,18E106419,96B219E09,9,1,0.1111111111111111,False,1,True,0.0,9797.756,3768336
two_rows/5_745_0_36A40723_137_309_200_381.jpg,two_row_car,36A40723,36A40723,8,8,1.0,True,2,False,0.0,4273.887,3349632
two_rows/8_375_0_36A25389_126_199_182_259.jpg,two_row_car,36A25389,36A25389,8,8,1.0,True,2,False,0.0,2535.191,3349632
two_rows/6_1178_0_36B03139_164_325_206_374.jpg,two_row_car,36B03139,36B03139,8,8,1.0,True,2,False,0.0,5473.677,3349632
two_rows/1_1074_0_36A38757_475_229_534_301.jpg,two_row_car,36A38757,36A38757,8,8,1.0,True,2,True,0.0,7189.012,3349632
one_row/3_2066_1_36A27275_59_236_571_309.jpg,one_row,36A27275,36A27275,8,8,1.0,True,1,True,0.0,542.804,3349632
one_row/2_1072_1_36B00100_54_243_574_313.jpg,one_row,36B00100,36B00100,8,8,1.0,True,1,True,0.0,1641.436,3349632
one_row/8_1541_1_36A43599_106_317_415_376.jpg,one_row,36A43599,36A43599,8,8,1.0,True,1,True,0.0,1788.084,3349632
two_rows/6_307_0_36A06186_139_204_205_277.jpg,two_row_car,36A06186,36A06186,8,8,1.0,True,2,False,0.0,6560.747,3349632
one_row/7_4570_1_36C29234_108_225_542_308.jpg,one_row,36C29234,36C29234,8,8,1.0,True,1,True,0.0,1630.533,3349632
two_rows/1_2268_0_36A00258_200_250_496_353.jpg,two_row_car,36A00258,36A00258,8,8,1.0,True,2,True,1.397,418.381,3349632
one_row/4_1339_1_19A03545_109_180_574_276.jpg,one_row,19A03545,19A03545,8,8,1.0,True,1,True,0.0,302.029,3349632
one_row/5_2772_1_36A41185_124_202_481_261.jpg,one_row,36A41185,36A41185,8,8,1.0,True,1,True,0.0,2333.89,3349632
one_row/9_1353_1_36A25140_155_210_473_264.jpg,one_row,36A25140,36A25140,8,8,1.0,True,1,True,0.247,1883.671,3349632
two_rows/7_333_0_36A10011_138_225_197_283.jpg,two_row_car,36A10011,36A10011,8,8,1.0,True,2,False,0.0,1734.081,3349632
two_rows/8_874_0_36LD00099_367_269_429_332.jpg,two_row_car,36LD00099,36LD00099,9,9,1.0,True,2,False,0.0,5810.495,3768336
two_rows/1_790_0_36A38045_493_228_570_310.jpg,two_row_car,36A38045,36A38045,8,8,1.0,True,2,False,0.0,1918.838,3349632
one_row/6_1855_1_30A34842_143_186_496_252.jpg,one_row,30A34842,30A34842,8,8,1.0,True,1,True,0.285,1878.817,3349632
one_row/7_2234_1_28A04008_89_202_528_277.jpg,one_row,28A04008,28A04008,8,8,1.0,True,1,True,0.886,1064.896,3349632
one_row/1_1460_1_36C08275_413_358_493_402.jpg,one_row,36C08275,36C08275,8,8,1.0,True,1,True,0.0,7828.588,3349632
two_rows/9_323_0_36A43500_206_295_259_349.jpg,two_row_car,36A43500,36A43500,8,8,1.0,True,2,False,0.0,2652.815,3349632
one_row/5_4096_1_36N0794_80_216_524_288.jpg,one_row,36N0794,36N0794,7,7,1.0,True,1,False,0.0,207.453,2930928
one_row/7_2244_1_29A13234_192_250_548_346.jpg,one_row,29A13234,264A1323,8,1,0.125,False,1,True,0.0,254.947,3349632
one_row/4_1597_1_36A02349_120_225_533_301.jpg,one_row,36A02349,36A02349,8,8,1.0,True,1,False,0.0,1319.692,3349632
two_rows/1_1307_0_36B01217_141_334_181_373.jpg,two_row_car,36B01217,3012B173,8,1,0.125,False,1,False,0.0,2070.598,3349632
one_row/7_3298_1_36A42592_113_225_498_295.jpg,one_row,36A42592,36A42592,8,8,1.0,True,1,False,0.0,1096.194,3349632
one_row/6_4019_1_43B01286_68_197_555_301.jpg,one_row,43B01286,43B01286,8,8,1.0,True,1,True,0.0,753.387,3349632
one_row/9_1699_1_36A44245_146_250_547_330.jpg,one_row,36A44245,36A44245,8,8,1.0,True,1,False,0.0,857.849,3349632
two_rows_label_xe_may/2_838_0_29b133154_358_89_478_187.jpg,two_row_motorcycle,29B133154,332112921,9,1,0.1111111111111111,False,1,True,0.0,6823.615,3768336
one_row/6_3471_1_36C21441_139_307_477_367.jpg,one_row,36C21441,36421441,8,7,0.875,False,1,True,0.0,2381.411,3349632
one_row/9_1151_1_30F7602_141_292_467_355.jpg,one_row,30F7602,30C7602,7,6,0.8571428571428571,False,1,True,0.0,519.686,2930928
two_rows/5_199_0_35H0290_186_381_234_426.jpg,two_row_car,35H0290,35H0290,7,7,1.0,True,2,False,0.0,5148.699,2930928
one_row/1_2864_1_36A37423_80_202_564_265.jpg,one_row,36A37423,36A37423,8,8,1.0,True,1,True,0.0,1884.767,3349632
one_row/3_2021_1_36A22258_35_136_565_281.jpg,one_row,36A22258,36A22258,8,8,1.0,True,1,False,0.0,841.401,3349632
two_rows_label_xe_may/5_1792_0_29d163775_298_96_442_226.jpg,two_row_motorcycle,29D163775,23H119021,9,2,0.2222222222222222,False,1,False,0.0,8210.602,3768336
two_rows/7_186_0_36A00824_146_272_199_329.jpg,two_row_car,36A00824,36A00824,8,8,1.0,True,2,False,0.0,5084.0,3349632
one_row/6_2693_1_36A41980_118_149_518_221.jpg,one_row,36A41980,36A41980,8,8,1.0,True,1,False,0.0,752.779,3349632
one_row/1_2886_1_36A37693_210_324_505_368.jpg,one_row,36A37693,36A37693,8,8,1.0,True,1,True,0.0,917.44,3349632
two_rows/6_518_0_36A20298_444_239_504_308.jpg,two_row_car,36A20298,36A20298,8,8,1.0,True,2,False,0.0,4974.077,3349632
one_row/6_3076_1_36B14291_118_246_494_309.jpg,one_row,36B14291,36A14291,8,7,0.875,False,1,True,0.0,1041.443,3349632
one_row/6_3491_1_36C21799_103_184_549_261.jpg,one_row,36C21799,36C21799,8,8,1.0,True,1,True,0.0,692.36,3349632
two_rows/3_3286_0_36C27958_131_163_509_346.jpg,two_row_car,36C27958,36C27958,8,8,1.0,True,2,True,0.0,655.868,3349632
one_row/7_3250_1_36A42512_156_217_523_265.jpg,one_row,36A42512,36A42512,8,8,1.0,True,1,True,0.0,2050.982,3349632
one_row/8_1712_1_36C00961_87_202_556_264.jpg,one_row,36C00961,36C00961,8,8,1.0,True,1,True,0.0,250.183,3349632
one_row/3_3442_1_36L8390_102_295_566_393.jpg,one_row,36L8390,36L8390,7,7,1.0,True,1,True,0.0,982.725,2930928
one_row/1_4287_1_36N0758_14_219_588_310.jpg,one_row,36N0758,36N0708,7,6,0.8571428571428571,False,1,True,0.0,1255.579,2930928
one_row/1_4063_1_36C27299_123_260_399_323.jpg,one_row,36C27299,36C27299,8,8,1.0,True,1,True,0.0,461.586,3349632
one_row/5_2658_1_36A40910_103_151_530_224.jpg,one_row,36A40910,36A40910,8,8,1.0,True,1,False,0.0,852.649,3349632
one_row/5_4066_1_36M8213_125_175_498_255.jpg,one_row,36M8213,36M8213,7,7,1.0,True,1,True,0.0,1599.369,2930928
one_row/6_2526_1_36A41509_95_178_529_256.jpg,one_row,36A41509,36A41509,8,8,1.0,True,1,True,0.0,1464.036,3349632
two_rows/1_755_0_36A37932_62_217_135_293.jpg,two_row_car,36A37932,36A37932,8,8,1.0,True,2,False,0.0,4362.063,3349632
one_row/1_1676_1_36C27666_451_297_530_351.jpg,one_row,36C27666,36C27666,8,8,1.0,True,1,False,0.0,4183.999,3349632
two_rows/5_937_0_36A41308_138_305_210_383.jpg,two_row_car,36A41308,413360A8,8,1,0.125,False,1,False,0.0,3467.54,3349632
two_rows/2_158_0_36A12566_118_235_181_303.jpg,two_row_car,36A12566,36A12566,8,8,1.0,True,2,False,0.0,1490.053,3349632
two_rows_label_xe_may/7_2413_0_29p127962_233_174_384_308.jpg,two_row_motorcycle,29P127962,219112021,9,2,0.2222222222222222,False,1,False,0.0,6567.787,3768336
one_row/6_3318_1_36C11919_99_209_546_280.jpg,one_row,36C11919,36C11919,8,8,1.0,True,1,True,0.0,354.872,3349632
one_row/2_1058_1_36A39443_101_202_533_254.jpg,one_row,36A39443,36A39443,8,8,1.0,True,1,False,0.0,1611.499,3349632
one_row/6_2085_1_36A08048_117_200_480_263.jpg,one_row,36A08048,36A08048,8,8,1.0,True,1,False,0.0,2254.982,3349632
one_row/7_1386_1_36A43295_97_278_188_336.jpg,one_row,36A43295,16A43295,8,7,0.875,False,1,True,0.0,731.414,3349632
two_rows/9_178_0_36A15523_180_311_234_373.jpg,two_row_car,36A15523,36A15523,8,8,1.0,True,2,False,0.0,5232.055,3349632
one_row/6_3252_1_36C07850_39_214_610_309.jpg,one_row,36C07850,36C07850,8,8,1.0,True,1,True,0.0,312.169,3349632
one_row/6_2286_1_36A22755_156_186_504_249.jpg,one_row,36A22755,36A22755,8,8,1.0,True,1,True,0.0,769.061,3349632
two_rows_label_xe_may/9_1704_0_29H120571_212_87_350_208.jpg,two_row_motorcycle,29H120571,291120571,9,8,0.8888888888888888,False,2,False,0.0,2654.005,3768336
one_row/8_1017_1_29B17721_162_248_458_312.jpg,one_row,29B17721,29B17721,8,8,1.0,True,1,True,0.0,2071.261,3349632
one_row/7_3850_1_36B01941_103_216_465_267.jpg,one_row,36B01941,3630194A,8,6,0.75,False,1,True,0.0,423.648,3349632
two_rows_label_xe_may/3_414_0_29V116768_464_24_598_142.jpg,two_row_motorcycle,29V116768,29N116768,9,8,0.8888888888888888,False,2,False,0.0,5063.698,3768336
two_rows/1_1782_0_36M1743_495_240_550_318.jpg,two_row_car,36M1743,36M1743,7,7,1.0,True,2,True,0.0,4622.429,2930928
one_row/7_4248_1_36C12528_175_225_554_292.jpg,one_row,36C12528,36C12528,8,8,1.0,True,1,True,1.712,356.947,3349632
one_row/6_3627_1_36C29016_91_169_537_260.jpg,one_row,36C29016,36C29016,8,8,1.0,True,1,False,0.0,625.059,3349632
two_rows_label_xe_may/2_750_0_36b594470_147_108_311_247.jpg,two_row_motorcycle,36B594470,920129922,9,0,0.0,False,1,False,0.0,4297.014,3768336
two_rows_label_xe_may/7_2380_0_17b932107_199_72_348_181.jpg,two_row_motorcycle,17B932107,21B170991,9,1,0.1111111111111111,False,1,True,0.0,10310.609,3768336
two_rows/1_274_0_36A05198_473_210_546_290.jpg,two_row_car,36A05198,36A05198,8,8,1.0,True,2,False,0.0,1956.904,3349632
two_rows/7_330_0_36A09283_468_204_529_260.jpg,two_row_car,36A09283,36A09283,8,8,1.0,True,2,False,0.0,3383.799,3349632
one_row/8_1439_1_36A31161_92_208_546_291.jpg,one_row,36A31161,36A31161,8,8,1.0,True,1,True,0.0,950.293,3349632
one_row/4_2672_1_36C01739_102_175_594_266.jpg,one_row,36C01739,36C01739,8,8,1.0,True,1,False,0.0,1077.959,3349632
two_rows/1_4088_0_36C27492_274_242_434_325.jpg,two_row_car,36C27492,36C27492,8,8,1.0,True,2,False,0.0,1264.488,3349632
two_rows_label_xe_may/8_3136_0_30m86121_403_122_563_249.jpg,two_row_motorcycle,30M86121,30M86121,8,8,1.0,True,2,True,0.0,2558.038,3349632
one_row/1_4412_1_51D09234_43_313_637_468.jpg,one_row,51D09234,61D09234,8,7,0.875,False,1,False,0.0,2444.301,3349632
two_rows/5_889_0_36A41211_501_312_562_390.jpg,two_row_car,36A41211,46126A11,8,3,0.375,False,1,True,0.0,6327.881,3349632
two_rows/4_494_0_36A32415_139_180_198_242.jpg,two_row_car,36A32415,136A2415,8,4,0.5,False,2,False,0.0,2239.643,3349632
two_rows/1_2988_0_36A38042_266_223_475_334.jpg,two_row_car,36A38042,36A38042,8,8,1.0,True,2,True,0.0,1032.472,3349632
one_row/7_4384_1_36C18363_112_238_486_303.jpg,one_row,36C18363,36C18363,8,8,1.0,True,1,False,0.0,2044.997,3349632
two_rows/6_526_0_36A20444_195_300_257_363.jpg,two_row_car,36A20444,36A20444,8,8,1.0,True,2,False,0.0,6299.12,3349632
two_rows/5_811_0_36A41058_470_210_537_286.jpg,two_row_car,36A41058,36A41058,8,8,1.0,True,2,True,0.0,3142.021,3349632
one_row/7_3451_1_36A42845_100_222_545_288.jpg,one_row,36A42845,36A42845,8,8,1.0,True,1,False,0.0,461.533,3349632
one_row/2_1377_1_36C15487_68_201_576_315.jpg,one_row,36C15487,36C15487,8,8,1.0,True,1,True,0.0,679.385,3349632
one_row/1_2794_1_36A27623_137_206_508_260.jpg,one_row,36A27623,36A27623,8,8,1.0,True,1,True,0.0,3557.797,3349632
two_rows/3_1016_0_36C03513_255_317_313_369.jpg,two_row_car,36C03513,36C03513,8,8,1.0,True,2,False,0.0,4902.878,3349632
two_rows_label_xe_may/9_1719_0_29AA27275_430_32_577_157.jpg,two_row_motorcycle,29AA27275,296A27275,9,8,0.8888888888888888,False,2,False,0.0,1852.122,3768336
two_rows/8_1890_0_36C12773_170_200_444_346.jpg,two_row_car,36C12773,36C12773,8,8,1.0,True,2,True,0.0,446.153,3349632
two_rows_label_xe_may/1_22_0_29e203668_411_168_536_273.jpg,two_row_motorcycle,29E203668,29E20366B,9,8,0.8888888888888888,False,2,True,6.953,1273.496,3768336
one_row/6_2405_1_36A24228_148_192_531_255.jpg,one_row,36A24228,36A24228,8,8,1.0,True,1,True,0.0,985.504,3349632
one_row/6_1699_1_26C09162_148_280_478_343.jpg,one_row,26C09162,26C09162,8,8,1.0,True,1,True,0.0,2299.216,3349632
two_rows/3_698_0_36A39685_455_222_519_285.jpg,two_row_car,36A39685,36A39685,8,8,1.0,True,2,False,0.0,6066.104,3349632
one_row/2_1112_1_36B01501_128_200_481_252.jpg,one_row,36B01501,36B01501,8,8,1.0,True,1,True,0.0,647.075,3349632
one_row/3_2476_1_36A40142_99_240_550_316.jpg,one_row,36A40142,36A40142,8,8,1.0,True,1,True,0.0,1262.95,3349632
one_row/7_2463_1_36A00405_114_263_512_337.jpg,one_row,36A00405,36A00405,8,8,1.0,True,1,True,0.0,862.301,3349632
one_row/9_663_1_36A44283_71_297_143_357.jpg,one_row,36A44283,36A44283,8,8,1.0,True,1,True,0.0,1376.668,3349632
one_row/1_2850_1_36A37069_169_178_485_255.jpg,one_row,36A37069,36A37069,8,8,1.0,True,1,True,0.0,214.348,3349632
two_rows_label_xe_may/7_1433_0_29X730812_217_5_367_122.jpg,two_row_motorcycle,29X730812,29X730812,9,9,1.0,True,2,False,0.0,2749.509,3768336
two_rows/9_436_0_36A43830_166_258_223_316.jpg,two_row_car,36A43830,36A43836,8,7,0.875,False,2,False,0.0,2420.21,3349632
two_rows/3_680_0_36A39631_419_219_490_282.jpg,two_row_car,36A39631,36A39631,8,8,1.0,True,2,False,0.0,4594.078,3349632
one_row/1_3699_1_36C03797_89_264_555_357.jpg,one_row,36C03797,36C03797,8,8,1.0,True,1,True,0.0,409.319,3349632
two_rows_label_xe_may/2_884_0_29l500295_399_125_550_253.jpg,two_row_motorcycle,29L500295,29L500295,9,9,1.0,True,2,False,0.0,1675.8,3768336
one_row/5_3088_1_36B02179_166_225_496_299.jpg,one_row,36B02179,36B02179,8,8,1.0,True,1,True,0.0,923.771,3349632
one_row/7_4249_1_36C12561_129_205_536_328.jpg,one_row,36C12561,36C12561,8,8,1.0,True,1,True,0.0,529.712,3349632
two_rows/9_73_0_30Y0803_170_229_222_280.jpg,two_row_car,30Y0803,30Y0803,7,7,1.0,True,2,False,0.0,2584.386,2930928
one_row/6_1986_1_36A02499_78_271_535_349.jpg,one_row,36A02499,36A02499,8,8,1.0,True,1,True,0.0,1099.056,3349632
one_row/2_598_1_29A05534_130_238_552_316.jpg,one_row,29A05534,29A05534,8,8,1.0,True,1,True,0.0,643.305,3349632
one_row/6_2583_1_36A41736_152_236_541_305.jpg,one_row,36A41736,36A41736,8,8,1.0,True,1,True,0.0,1877.625,3349632
two_rows/9_313_0_36A43374_314_297_380_355.jpg,two_row_car,36A43374,36A43374,8,8,1.0,True,2,False,0.0,2436.904,3349632
two_rows_label_xe_may/4_601_0_29V736732_472_28_606_161.jpg,two_row_motorcycle,29V736732,L9N736732,9,7,0.7777777777777778,False,2,False,0.0,2993.664,3768336
two_rows_label_xe_may/7_1283_0_30L58084_452_14_595_145.jpg,two_row_motorcycle,30L58084,30L54084,8,7,0.875,False,2,False,0.0,4572.187,3349632
one_row/9_2085_1_36C18690_185_311_488_374.jpg,one_row,36C18690,36C18690,8,8,1.0,True,1,True,0.431,2221.487,3349632
one_row/3_2409_1_36A39954_84_283_527_333.jpg,one_row,36A39954,36A39954,8,8,1.0,True,1,False,0.0,1039.949,3349632
two_rows/3_190_0_36A02347_404_252_473_321.jpg,two_row_car,36A02347,36A02347,8,8,1.0,True,2,False,0.0,3593.341,3349632
two_rows/2_109_0_36A05994_479_228_549_301.jpg,two_row_car,36A05994,36A05994,8,8,1.0,True,2,False,0.0,5788.797,3349632
one_row/3_2998_1_36C15696_113_260_551_341.jpg,one_row,36C15696,36C15696,8,8,1.0,True,1,True,0.0,1303.832,3349632
one_row/6_2731_1_36A42087_125_180_508_259.jpg,one_row,36A42087,36A42087,8,8,1.0,True,1,True,0.0,1720.182,3349632
one_row/1_3820_1_36C09905_138_256_416_327.jpg,one_row,36C09905,36C09905,8,8,1.0,True,1,False,0.0,1019.788,3349632
two_rows/4_558_0_36A40173_86_225_135_287.jpg,two_row_car,36A40173,36A40173,8,8,1.0,True,2,True,0.0,7777.302,3349632
two_rows_label_xe_may/6_2109_0_29h140408_341_123_473_231.jpg,two_row_motorcycle,29H140408,140920881,9,1,0.1111111111111111,False,1,True,0.0,1136.141,3768336
two_rows_label_xe_may/9_3367_0_36b544837_451_102_574_206.jpg,two_row_motorcycle,36B544837,36B514837,9,8,0.8888888888888888,False,2,False,0.0,4396.837,3768336
one_row/4_1615_1_36A04794_176_209_491_272.jpg,one_row,36A04794,36A04794,8,8,1.0,True,1,True,0.0,1577.258,3349632
two_rows_label_xe_may/2_633_0_27b151715_264_58_406_168.jpg,two_row_motorcycle,27B151715,211711211,9,3,0.3333333333333333,False,1,True,0.0,10561.539,3768336
one_row/1_4176_1_36D01424_30_227_598_300.jpg,one_row,36D01424,36D01424,8,8,1.0,True,1,True,0.0,560.389,3349632
one_row/6_3472_1_36C21529_76_203_531_286.jpg,one_row,36C21529,36C21529,8,8,1.0,True,1,True,0.0,631.104,3349632
two_rows_label_xe_may/7_2640_0_99d137678_412_92_555_200.jpg,two_row_motorcycle,99D137678,990137678,9,8,0.8888888888888888,False,2,True,0.0,2026.895,3768336
one_row/5_2171_1_36A07603_148_177_637_255.jpg,one_row,36A07603,36A07603,8,8,1.0,True,1,True,0.0,616.093,3349632
one_row/2_1393_1_36C17446_115_197_543_296.jpg,one_row,36C17446,36N61446,8,5,0.625,False,1,True,0.0,973.39,3349632
one_row/1_4160_1_36D00991_66_232_629_310.jpg,one_row,36D00991,36D00997,8,7,0.875,False,1,True,0.0,1139.754,3349632
one_row/8_1298_1_36A15071_137_246_505_320.jpg,one_row,36A15071,36A15071,8,8,1.0,True,1,True,1.548,1084.241,3349632
one_row/4_3135_1_36C24897_133_199_492_262.jpg,one_row,36C24897,36C24897,8,8,1.0,True,1,True,0.0,1869.781,3349632
one_row/9_1398_1_36A27424_69_251_522_314.jpg,one_row,36A27424,36A27424,8,8,1.0,True,1,True,0.0,851.802,3349632
two_rows/3_657_0_36A39568_454_199_531_277.jpg,two_row_car,36A39568,36A39568,8,8,1.0,True,2,False,0.0,4811.707,3349632
one_row/5_2884_1_36A41400_103_177_476_266.jpg,one_row,36A41400,36A41400,8,8,1.0,True,1,True,1.597,839.929,3349632
one_row/7_2579_1_36A06944_131_267_515_336.jpg,one_row,36A06944,36A06944,8,8,1.0,True,1,True,0.0,1463.165,3349632
one_row/6_1837_1_30A00375_84_194_542_278.jpg,one_row,30A00375,30A0037C,8,7,0.875,False,1,True,0.0,1893.151,3349632
two_rows_label_xe_may/4_1012_0_29m152477_208_53_367_152.jpg,two_row_motorcycle,29M152477,298152277,9,7,0.7777777777777778,False,2,True,0.0,9431.563,3768336
one_row/5_2479_1_36A23415_153_166_543_229.jpg,one_row,36A23415,36A23415,8,8,1.0,True,1,True,0.0,1057.214,3349632
one_row/9_2176_1_36C29641_187_265_472_323.jpg,one_row,36C29641,36C29641,8,8,1.0,True,1,True,0.0,3085.776,3349632
one_row/6_2686_1_36A41960_101_180_499_243.jpg,one_row,36A41960,36A41960,8,8,1.0,True,1,True,0.0,676.855,3349632
one_row/2_1504_1_36C27664_137_233_526_298.jpg,one_row,36C27664,36C27664,8,8,1.0,True,1,True,0.0,2314.911,3349632
one_row/7_4028_1_36C03219_122_230_467_319.jpg,one_row,36C03219,36C03219,8,8,1.0,True,1,True,0.0,530.735,3349632
one_row/3_3490_1_36M4026_102_202_555_284.jpg,one_row,36M4026,36M4026,7,7,1.0,True,1,True,0.0,872.103,2930928
two_rows_label_xe_may/1_123_0_29p119214_185_38_327_155.jpg,two_row_motorcycle,29P119214,213119214,9,7,0.7777777777777778,False,2,True,0.0,1416.57,3768336
one_row/5_4105_1_36N1011_162_180_490_272.jpg,one_row,36N1011,36N1011,7,7,1.0,True,1,True,0.179,846.291,2930928
two_rows_label_xe_may/4_627_0_21F23889_139_50_242_128.jpg,two_row_motorcycle,21F23889,21F23889,8,8,1.0,True,2,False,0.0,6097.645,3349632
two_rows/6_507_0_36A19893_433_251_507_320.jpg,two_row_car,36A19893,36A19893,8,8,1.0,True,2,False,0.0,3275.171,3349632
two_rows/5_1282_0_36C07132_231_400_275_448.jpg,two_row_car,36C07132,36C07132,8,8,1.0,True,2,False,0.0,8488.237,3349632
two_rows/6_922_0_36A42047_410_250_478_313.jpg,two_row_car,36A42047,36A42047,8,8,1.0,True,2,False,0.0,5313.156,3349632
one_row/3_2031_1_36A22556_114_224_577_291.jpg,one_row,36A22556,36A22556,8,8,1.0,True,1,True,0.352,1787.151,3349632
one_row/3_3687_1_38N3054_75_230_540_315.jpg,one_row,38N3054,38N3054,7,7,1.0,True,1,True,0.0,1541.977,2930928
one_row/5_4257_1_51C83834_84_225_519_300.jpg,one_row,51C83834,51C83834,8,8,1.0,True,1,True,0.0,1272.274,3349632
two_rows/6_1317_0_36C17254_171_414_216_456.jpg,two_row_car,36C17254,36C17254,8,8,1.0,True,2,False,0.0,12298.633,3349632
two_rows/6_1239_0_36C05207_200_400_241_445.jpg,two_row_car,36C05207,36C05207,8,8,1.0,True,2,False,0.0,8457.281,3349632
two_rows/9_886_0_36C18251_328_351_389_412.jpg,two_row_car,36C18251,36C18251,8,8,1.0,True,2,False,0.0,2919.225,3349632
two_rows_label_xe_may/2_548_0_29h101276_430_120_540_216.jpg,two_row_motorcycle,29H101276,29H101276,9,9,1.0,True,2,False,0.0,3223.001,3768336
one_row/7_5026_1_98C14973_153_258_500_330.jpg,one_row,98C14973,98C14973,8,8,1.0,True,1,False,0.0,1486.332,3349632
one_row/6_2154_1_36A11816_96_244_562_307.jpg,one_row,36A11816,36A11816,8,8,1.0,True,1,False,0.0,1145.587,3349632
two_rows/9_355_0_36A43604_113_312_169_380.jpg,two_row_car,36A43604,36A43604,8,8,1.0,True,2,True,0.0,8600.171,3349632
two_rows_label_xe_may/9_3700_0_30m24712_260_144_396_264.jpg,two_row_motorcycle,30M24712,20729111,8,3,0.375,False,1,False,0.0,9152.662,3349632
two_rows/7_161_0_35C04090_195_378_249_430.jpg,two_row_car,35C04090,35C04090,8,8,1.0,True,2,False,0.0,1503.591,3349632
one_row/7_3157_1_36A42097_115_193_565_268.jpg,one_row,36A42097,36A42097,8,8,1.0,True,1,True,0.173,1662.731,3349632
two_rows_label_xe_may/9_3665_0_29b154913_184_126_336_257.jpg,two_row_motorcycle,29B154913,22G111339,9,2,0.2222222222222222,False,1,False,0.0,5981.639,3768336
one_row/7_3048_1_36A29284_143_225_520_281.jpg,one_row,36A29284,36A29284,8,8,1.0,True,1,False,0.0,1118.781,3349632
two_rows/4_514_0_36A37853_501_207_550_271.jpg,two_row_car,36A37853,36A37853,8,8,1.0,True,2,True,0.0,3914.997,3349632
one_row/2_1172_1_36C01185_106_192_531_273.jpg,one_row,36C01185,36C01185,8,8,1.0,True,1,True,0.0,1004.575,3349632
one_row/4_2888_1_36C11075_164_209_491_275.jpg,one_row,36C11075,36C11075,8,8,1.0,True,1,False,0.0,2836.17,3349632
two_rows/8_850_0_36HC00529_220_330_272_381.jpg,two_row_car,36HC00529,36HC00529,9,9,1.0,True,2,False,0.0,4834.515,3768336
two_rows/3_3346_0_36C28228_214_158_523_296.jpg,two_row_car,36C28228,36C28228,8,8,1.0,True,2,True,0.0,204.559,3349632
one_row/2_1547_1_36L4602_113_200_576_270.jpg,one_row,36L4602,36L4502,7,6,0.8571428571428571,False,1,False,0.0,436.572,2930928
one_row/5_2172_1_36A07670_108_187_560_279.jpg,one_row,36A07670,36A07670,8,8,1.0,True,1,False,0.0,1212.64,3349632
two_rows/4_264_0_36A12515_136_198_199_262.jpg,two_row_car,36A12515,36A12515,8,8,1.0,True,2,False,0.0,4054.611,3349632
one_row/6_2199_1_36A14680_100_249_526_312.jpg,one_row,36A14680,36A14680,8,8,1.0,True,1,False,0.0,620.279,3349632
one_row/9_2014_1_36C12667_137_317_462_380.jpg,one_row,36C12667,36C12667,8,8,1.0,True,1,True,0.0,1561.643,3349632
two_rows_label_xe_may/5_1572_0_29p154979_248_144_387_272.jpg,two_row_motorcycle,29P154979,22G111392,9,2,0.2222222222222222,False,1,False,0.0,6356.325,3768336
one_row/7_3381_1_36A42736_162_250_491_306.jpg,one_row,36A42736,36A42736,8,8,1.0,True,1,False,0.0,145.173,3349632
one_row/1_3360_1_36A38907_168_238_507_304.jpg,one_row,36A38907,36A38907,8,8,1.0,True,1,True,0.0,2654.382,3349632
one_row/8_1669_1_36B02293_136_248_473_307.jpg,one_row,36B02293,36B02293,8,8,1.0,True,1,True,0.0,2639.516,3349632
two_rows_label_xe_may/5_1810_0_30n43091_273_47_390_138.jpg,two_row_motorcycle,30N43091,B3A23119,8,1,0.125,False,2,True,0.0,7625.99,3349632
two_rows/4_309_0_36A14179_117_197_166_257.jpg,two_row_car,36A14179,36A14179,8,8,1.0,True,2,True,0.0,10574.691,3349632
one_row/6_2766_1_36A42149_114_193_499_256.jpg,one_row,36A42149,36A42149,8,8,1.0,True,1,True,0.0,809.684,3349632
two_rows/1_4359_0_36R00335_228_278_426_380.jpg,two_row_car,36R00335,36R00335,8,8,1.0,True,2,True,0.0,1813.834,3349632
two_rows_label_xe_may/4_1091_0_17b615906_375_168_501_273.jpg,two_row_motorcycle,17B615906,17B615906,9,9,1.0,True,2,True,0.0,2915.081,3768336
two_rows_label_xe_may/8_3016_0_29t113316_166_223_309_350.jpg,two_row_motorcycle,29T113316,119111223,9,2,0.2222222222222222,False,1,False,0.0,2853.319,3768336
two_rows/1_1733_0_36D00693_137_244_202_310.jpg,two_row_car,36D00693,36D00693,8,8,1.0,True,2,False,0.0,1442.478,3349632
one_row/7_2762_1_36A14659_104_235_553_305.jpg,one_row,36A14659,36A14659,8,8,1.0,True,1,True,0.0,705.763,3349632
one_row/5_1813_1_19A43761_73_162_568_268.jpg,one_row,19A43761,19A13761,8,7,0.875,False,1,False,0.0,745.038,3349632
one_row/6_2749_1_36A42114_148_214_531_277.jpg,one_row,36A42114,36A42114,8,8,1.0,True,1,True,0.0,525.912,3349632
one_row/8_1858_1_36C11953_92_259_495_333.jpg,one_row,36C11953,36C11953,8,8,1.0,True,1,True,0.0,214.071,3349632
two_rows/6_838_0_36A41818_115_239_163_300.jpg,two_row_car,36A41818,36A41818,8,8,1.0,True,2,True,0.0,4501.108,3349632
one_row/1_2645_1_36A20084_64_220_599_305.jpg,one_row,36A20084,36A29384,8,6,0.75,False,1,True,0.0,428.594,3349632
one_row/6_2233_1_36A17326_139_229_514_292.jpg,one_row,36A17326,36A17326,8,8,1.0,True,1,True,0.776,896.734,3349632
one_row/3_1923_1_36A19219_122_223_545_288.jpg,one_row,36A19219,36A19219,8,8,1.0,True,1,False,0.0,1968.668,3349632
one_row/7_2182_1_12B00181_189_255_582_327.jpg,one_row,12B00181,12B00181,8,8,1.0,True,1,False,0.0,201.341,3349632
one_row/4_2775_1_36C06849_100_210_510_294.jpg,one_row,36C06849,36C06849,8,8,1.0,True,1,True,0.0,941.701,3349632
two_rows_label_xe_may/2_755_0_14v114608_263_210_404_332.jpg,two_row_motorcycle,14V114608,141412391,9,3,0.3333333333333333,False,1,False,0.0,6765.56,3768336
two_rows_label_xe_may/8_2864_0_59k194722_386_86_513_186.jpg,two_row_motorcycle,59K194722,59K194722,9,9,1.0,True,2,True,0.0,2634.012,3768336
two_rows/6_113_0_29Y2382_398_237_463_300.jpg,two_row_car,29Y2382,29Y2382,7,7,1.0,True,2,False,0.0,2625.497,2930928
one_row/8_1640_1_36B01279_131_243_508_329.jpg,one_row,36B01279,36B01279,8,8,1.0,True,1,True,0.0,469.263,3349632
one_row/6_3006_1_36B02030_109_253_549_316.jpg,one_row,36B02030,36B02030,8,8,1.0,True,1,True,0.0,1734.156,3349632
two_rows/8_888_0_36M3109_408_381_444_427.jpg,two_row_car,36M3109,36M3109,7,7,1.0,True,2,False,0.0,8922.337,2930928
one_row/7_2197_1_16K9839_105_225_549_308.jpg,one_row,16K9839,16N9839,7,6,0.8571428571428571,False,1,True,0.0,666.755,2930928
two_rows_label_xe_may/9_3663_0_29m157059_242_115_405_263.jpg,two_row_motorcycle,29M157059,22M111391,9,3,0.3333333333333333,False,1,False,0.0,835.428,3768336
one_row/6_3816_1_36M4244_57_199_568_317.jpg,one_row,36M4244,33M4244,7,6,0.8571428571428571,False,1,True,0.0,641.185,2930928
two_rows/3_623_0_36A39473_157_253_220_317.jpg,two_row_car,36A39473,36A39473,8,8,1.0,True,2,False,0.0,3963.299,3349632
two_rows/6_918_0_36A42043_471_309_522_382.jpg,two_row_car,36A42043,46260A43,8,3,0.375,False,1,True,0.0,4797.59,3349632
one_row/5_2065_1_36A00660_87_150_551_222.jpg,one_row,36A00660,36A00660,8,8,1.0,True,1,True,0.0,2886.499,3349632
one_row/8_1979_1_36C22182_91_256_490_314.jpg,one_row,36C22182,36C22182,8,8,1.0,True,1,True,0.0,619.367,3349632
two_rows/1_815_0_36A38080_412_216_489_285.jpg,two_row_car,36A38080,36A38080,8,8,1.0,True,2,False,0.0,2552.831,3349632
one_row/9_565_1_36A44108_115_303_207_357.jpg,one_row,36A44108,36A44108,8,8,1.0,True,1,True,0.0,3077.012,3349632
one_row/1_4213_1_36M1620_80_295_535_355.jpg,one_row,36M1620,36M1620,7,7,1.0,True,1,True,0.0,1675.522,2930928
two_rows/4_1256_0_36N1879_167_300_213_361.jpg,two_row_car,36N1879,36N1679,7,6,0.8571428571428571,False,2,True,0.0,2705.19,2930928
one_row/7_4638_1_36C29616_146_252_495_320.jpg,one_row,36C29616,36C29616,8,8,1.0,True,1,False,0.0,170.309,3349632
one_row/5_2651_1_36A40827_150_208_499_288.jpg,one_row,36A40827,36A40827,8,8,1.0,True,1,True,0.0,1356.08,3349632
one_row/4_2900_1_36C11707_138_215_514_288.jpg,one_row,36C11707,36C11707,8,8,1.0,True,1,True,0.0,1778.264,3349632
two_rows/6_253_0_36A02501_438_227_493_283.jpg,two_row_car,36A02501,36A02501,8,8,1.0,True,2,False,0.0,2681.632,3349632
one_row/4_1855_1_36A19819_128_237_577_333.jpg,one_row,36A19819,36A19819,8,8,1.0,True,1,True,0.0,731.19,3349632
one_row/6_2340_1_36A23722_128_204_538_280.jpg,one_row,36A23722,36A23722,8,8,1.0,True,1,True,0.142,1070.792,3349632
two_rows/6_1248_0_36C06362_209_393_249_431.jpg,two_row_car,36C06362,36M06362,8,7,0.875,False,2,False,0.0,6552.015,3349632
one_row/7_3594_1_36A43129_106_256_505_317.jpg,one_row,36A43129,36A43129,8,8,1.0,True,1,True,0.0,1309.984,3349632
one_row/9_397_1_36A43741_80_315_182_383.jpg,one_row,36A43741,36A43741,8,8,1.0,True,1,True,0.0,615.2,3349632
one_row/6_1919_1_31F0830_185_211_523_285.jpg,one_row,31F0830,31F0830,7,7,1.0,True,1,True,0.0,1137.502,2930928
one_row/9_1288_1_36A15284_111_251_493_322.jpg,one_row,36A15284,36A15284,8,8,1.0,True,1,False,0.0,411.008,3349632
one_row/5_3726_1_36C23310_101_208_510_290.jpg,one_row,36C23310,30C23310,8,7,0.875,False,1,False,0.0,990.801,3349632
one_row/4_2552_1_36B01931_47_257_559_364.jpg,one_row,36B01931,36B01931,8,8,1.0,True,1,True,0.0,1452.579,3349632
one_row/5_2533_1_36A27723_75_136_608_217.jpg,one_row,36A27723,36A27723,8,8,1.0,True,1,True,0.0,1541.799,3349632
one_row/3_2345_1_36A39824_80_216_595_278.jpg,one_row,36A39824,36A39824,8,8,1.0,True,1,False,0.0,1744.104,3349632
two_rows_label_xe_may/2_253_0_29Y96682_423_145_512_259.jpg,two_row_motorcycle,29Y96682,29196683,8,6,0.75,False,2,True,0.0,3085.406,3349632
one_row/5_4296_1_77H3488_142_174_517_235.jpg,one_row,77H3488,77H3488,7,7,1.0,True,1,True,0.0,552.611,2930928
one_row/1_1553_1_36C19965_481_314_556_371.jpg,one_row,36C19965,36C19965,8,8,1.0,True,1,True,0.0,5380.814,3349632
two_rows/1_390_0_36A11933_99_216_171_288.jpg,two_row_car,36A11933,36A11933,8,8,1.0,True,2,False,0.0,1732.198,3349632
one_row/7_1465_1_36A43491_78_315_171_367.jpg,one_row,36A43491,36A43491,8,8,1.0,True,1,True,0.0,747.332,3349632
one_row/9_1712_1_36A44279_127_219_532_302.jpg,one_row,36A44279,36A44279,8,8,1.0,True,1,False,0.0,364.051,3349632
one_row/2_737_1_36A04750_84_245_570_322.jpg,one_row,36A04750,36A04750,8,8,1.0,True,1,True,0.0,360.699,3349632
one_row/7_1864_1_36C29094_147_261_230_308.jpg,one_row,36C29094,36C29094,8,8,1.0,True,1,False,0.0,3796.221,3349632
one_row/1_3121_1_36A38357_115_257_558_320.jpg,one_row,36A38357,36A38357,8,8,1.0,True,1,True,0.0,1073.258,3349632
one_row/9_1739_1_36A44339_131_212_521_280.jpg,one_row,36A44339,36A44339,8,8,1.0,True,1,True,0.0,2014.872,3349632
two_rows/6_3999_0_36R01992_175_180_444_364.jpg,two_row_car,36R01992,36R01992,8,8,1.0,True,2,True,0.0,502.987,3349632
one_row/5_1961_1_30A01670_130_196_535_265.jpg,one_row,30A01670,30A01670,8,8,1.0,True,1,False,0.0,1077.19,3349632
two_rows/5_1504_0_36C28522_184_396_228_444.jpg,two_row_car,36C28522,36C28522,8,8,1.0,True,2,False,0.0,7537.807,3349632
one_row/6_3122_1_36C02278_65_207_568_283.jpg,one_row,36C02278,36C02278,8,8,1.0,True,1,True,0.0,422.924,3349632
one_row/6_3666_1_36C29355_47_233_544_344.jpg,one_row,36C29355,36C29355,8,8,1.0,True,1,True,0.0,794.709,3349632
one_row/1_2757_1_36A23892_54_181_610_311.jpg,one_row,36A23892,36A23892,8,8,1.0,True,1,True,0.0,405.858,3349632
one_row/9_1380_1_36A25498_160_201_487_273.jpg,one_row,36A25498,36A25498,8,8,1.0,True,1,True,0.0,2919.062,3349632
two_rows/5_1629_0_36M4344_229_408_264_444.jpg,two_row_car,36M4344,36M4344,7,7,1.0,True,2,False,0.0,11394.875,2930928
one_row/1_4404_1_43H4417_140_256_513_373.jpg,one_row,43H4417,43H4417,7,7,1.0,True,1,True,0.0,783.981,2930928
two_rows_label_xe_may/7_1534_0_88H111869_386_61_521_174.jpg,two_row_motorcycle,88H111869,88H111869,9,9,1.0,True,2,False,0.0,4929.737,3768336
one_row/6_3727_1_36D01053_90_236_547_309.jpg,one_row,36D01053,36D01053,8,8,1.0,True,1,True,0.0,2174.209,3349632
two_rows/5_334_0_36A08685_459_206_531_284.jpg,two_row_car,36A08685,36A08685,8,8,1.0,True,2,False,0.0,2145.562,3349632
two_rows/7_2161_0_90C04095_157_334_197_378.jpg,two_row_car,90C04095,90C04098,8,7,0.875,False,2,False,0.0,6279.688,3349632
one_row/5_2824_1_36A41275_121_208_464_268.jpg,one_row,36A41275,36A41275,8,8,1.0,True,1,True,0.0,1916.88,3349632
two_rows/7_248_0_36A05883_457_247_502_309.jpg,two_row_car,36A05883,36A05883,8,8,1.0,True,2,True,0.0,1832.119,3349632
one_row/7_2543_1_36A04881_78_232_538_312.jpg,one_row,36A04881,36A04881,8,8,1.0,True,1,False,0.0,559.765,3349632
two_rows_label_xe_may/9_3518_0_29g147855_297_162_429_278.jpg,two_row_motorcycle,29G147855,299111551,9,4,0.4444444444444444,False,1,False,0.0,1887.388,3768336
two_rows/9_203_0_36A21542_378_264_431_317.jpg,two_row_car,36A21542,36A215A2,8,7,0.875,False,2,False,0.0,2402.444,3349632
one_row/7_2274_1_29C03357_189_200_527_249.jpg,one_row,29C03357,29C03357,8,8,1.0,True,1,True,0.0,782.609,3349632
two_rows/2_297_0_36A39261_462_207_539_289.jpg,two_row_car,36A39261,36A39261,8,8,1.0,True,2,False,0.0,3434.682,3349632
one_row/5_3576_1_36C16952_65_212_496_307.jpg,one_row,36C16952,36C16952,8,8,1.0,True,1,False,0.0,627.053,3349632
two_rows_label_xe_may/5_1872_0_29aa04429_255_80_409_204.jpg,two_row_motorcycle,29AA04429,22911239A,9,1,0.1111111111111111,False,1,True,0.0,5144.57,3768336
one_row/2_859_1_36A15585_139_225_586_277.jpg,one_row,36A15585,36A15585,8,8,1.0,True,1,False,0.0,310.841,3349632
one_row/3_2109_1_36A36286_115_230_528_293.jpg,one_row,36A36286,36A36286,8,8,1.0,True,1,False,0.0,1864.94,3349632
one_row/2_1122_1_36B01766_72_204_557_261.jpg,one_row,36B01766,36B01766,8,8,1.0,True,1,False,0.0,1455.218,3349632
two_rows_label_xe_may/3_442_0_29U113079_501_118_624_247.jpg,two_row_motorcycle,29U113079,290113079,9,8,0.8888888888888888,False,2,False,0.0,5139.951,3768336
two_rows_label_xe_may/6_2330_0_29b164819_171_96_302_214.jpg,two_row_motorcycle,29B164819,22E111191,9,2,0.2222222222222222,False,1,False,0.0,990.902,3768336
two_rows/1_1356_0_36B02010_182_401_226_442.jpg,two_row_car,36B02010,36B02010,8,8,1.0,True,2,False,0.0,10442.031,3349632
two_rows/7_2_0_14A13847_139_258_190_310.jpg,two_row_car,14A13847,14A13847,8,8,1.0,True,2,False,0.0,899.499,3349632
two_rows/6_139_0_30A67671_471_207_534_277.jpg,two_row_car,30A67671,30A67671,8,8,1.0,True,2,False,0.0,4751.969,3349632
one_row/7_2843_1_36A19578_122_235_521_310.jpg,one_row,36A19578,36A19578,8,8,1.0,True,1,True,0.0,926.12,3349632
one_row/2_1497_1_36C27570_114_221_563_296.jpg,one_row,36C27570,36C27570,8,8,1.0,True,1,True,0.0,2428.201,3349632
two_rows_label_xe_may/4_1234_0_90b160942_282_46_425_157.jpg,two_row_motorcycle,90B160942,600124121,9,2,0.2222222222222222,False,1,True,0.0,8152.924,3768336
two_rows/7_370_0_36A12366_113_179_181_253.jpg,two_row_car,36A12366,36A12366,8,8,1.0,True,2,False,0.0,2001.727,3349632
two_rows/3_1349_0_36M7468_427_221_510_301.jpg,two_row_car,36M7468,36M7468,7,7,1.0,True,2,False,0.0,2539.779,2930928
two_rows_label_xe_may/8_3282_0_20m74609_197_177_312_282.jpg,two_row_motorcycle,20M74609,2B201937,8,1,0.125,False,1,False,0.0,8179.013,3349632
one_row/3_2402_1_36A39941_116_224_567_286.jpg,one_row,36A39941,36A39941,8,8,1.0,True,1,True,0.0,1964.171,3349632
one_row/7_2361_1_30A05889_66_256_604_329.jpg,one_row,30A05889,30A05889,8,8,1.0,True,1,True,0.0,1128.742,3349632
two_rows/9_135_0_36A09139_441_215_497_271.jpg,two_row_car,36A09139,36A09139,8,8,1.0,True,2,False,0.0,4586.654,3349632
two_rows_label_xe_may/3_375_0_12U111658_460_22_591_153.jpg,two_row_motorcycle,12U111658,120111653,9,7,0.7777777777777778,False,2,False,0.0,5340.637,3768336
one_row/1_3374_1_36A38943_71_198_586_261.jpg,one_row,36A38943,36A38943,8,8,1.0,True,1,False,0.0,1525.445,3349632
one_row/4_1500_1_30M3437_191_195_480_258.jpg,one_row,30M3437,30M3437,7,7,1.0,True,1,True,0.0,632.449,2930928
one_row/5_2316_1_36A16943_87_138_533_213.jpg,one_row,36A16943,36A16943,8,8,1.0,True,1,False,0.0,628.019,3349632
one_row/2_1464_1_36C22708_85_167_569_251.jpg,one_row,36C22708,36C22708,8,8,1.0,True,1,True,0.0,1508.715,3349632
two_rows/7_207_0_36A02177_175_243_237_300.jpg,two_row_car,36A02177,36A02177,8,8,1.0,True,2,False,0.0,1540.439,3349632
two_rows_label_xe_may/2_15_0_18B146676_402_16_543_141.jpg,two_row_motorcycle,18B146676,13B146676,9,8,0.8888888888888888,False,2,False,0.0,5149.794,3768336
one_row/7_2751_1_36A14474_176_248_525_315.jpg,one_row,36A14474,36A14474,8,8,1.0,True,1,True,0.0,466.197,3349632
two_rows/1_1344_0_36B01706_206_307_254_350.jpg,two_row_car,36B01706,36B01706,8,8,1.0,True,2,False,0.0,10838.747,3349632
one_row/4_2114_1_36A40127_63_230_572_345.jpg,one_row,36A40127,36A40127,8,8,1.0,True,1,False,0.0,565.147,3349632
two_rows/4_695_0_36A40648_503_233_552_291.jpg,two_row_car,36A40648,36A40648,8,8,1.0,True,2,False,0.0,10032.074,3349632
one_row/6_3645_1_36C29102_180_203_481_266.jpg,one_row,36C29102,36C29102,8,8,1.0,True,1,True,0.0,1785.437,3349632
two_rows/4_796_0_36A40952_75_225_121_289.jpg,two_row_car,36A40952,36A40952,8,8,1.0,True,2,True,0.0,9399.336,3349632
two_rows_label_xe_may/7_1289_0_30Y94363_362_6_530_133.jpg,two_row_motorcycle,30Y94363,30Y94363,8,8,1.0,True,2,False,0.0,4058.727,3349632
one_row/1_3095_1_36A38291_37_269_544_346.jpg,one_row,36A38291,36A38291,8,8,1.0,True,1,True,0.0,232.142,3349632
two_rows/5_511_0_36A22220_462_205_531_273.jpg,two_row_car,36A22220,36A22220,8,8,1.0,True,2,False,0.0,4039.261,3349632
one_row/8_1579_1_36A43731_137_259_530_340.jpg,one_row,36A43731,36A43731,8,8,1.0,True,1,True,0.902,1223.31,3349632
two_rows/3_777_0_36A39888_170_283_230_349.jpg,two_row_car,36A39888,36A39888,8,8,1.0,True,2,False,0.0,2666.554,3349632
one_row/6_3206_1_36C05722_51_191_508_271.jpg,one_row,36C05722,36C05722,8,8,1.0,True,1,True,0.0,386.873,3349632
one_row/3_2299_1_36A39730_126_217_510_288.jpg,one_row,36A39730,36A39730,8,8,1.0,True,1,True,0.0,2056.981,3349632
two_rows_label_xe_may/7_1357_0_29E126302_276_1_430_108.jpg,two_row_motorcycle,29E126302,29E126302,9,9,1.0,True,2,True,0.0,3859.479,3768336
one_row/2_1417_1_36C20032_63_189_570_265.jpg,one_row,36C20032,36C20032,8,8,1.0,True,1,True,0.0,2052.005,3349632
one_row/1_3096_1_36A38292_25_188_617_267.jpg,one_row,36A38292,36A38292,8,8,1.0,True,1,False,0.0,712.237,3349632
two_rows/3_3209_0_36C26033_130_154_496_319.jpg,two_row_car,36C26033,36C26033,8,8,1.0,True,2,True,0.0,740.438,3349632
one_row/1_3193_1_36A38539_107_281_503_353.jpg,one_row,36A38539,36A38539,8,8,1.0,True,1,True,0.0,1368.583,3349632
one_row/3_1891_1_36A15733_119_216_554_275.jpg,one_row,36A15733,36A15733,8,8,1.0,True,1,True,0.0,610.119,3349632
one_row/7_4470_1_36C24359_107_198_463_269.jpg,one_row,36C24359,36C24359,8,8,1.0,True,1,True,0.0,1460.076,3349632
one_row/1_2176_1_30A95395_141_214_556_277.jpg,one_row,30A95395,30A95395,8,8,1.0,True,1,True,0.0,2619.171,3349632
one_row/4_1818_1_36A17618_80_166_631_277.jpg,one_row,36A17618,36A17618,8,8,1.0,True,1,True,0.0,921.552,3349632
two_rows/7_722_0_36A41479_498_177_556_244.jpg,two_row_car,36A41479,36A41479,8,8,1.0,True,2,False,0.0,4350.259,3349632
two_rows/3_759_0_36A39841_486_291_564_351.jpg,two_row_car,36A39841,36A39841,8,8,1.0,True,1,True,0.0,1488.371,3349632
one_row/4_2883_1_36C10969_161_278_498_348.jpg,one_row,36C10969,36C10969,8,8,1.0,True,1,True,0.0,1537.851,3349632
one_row/2_932_1_36A30024_139_151_567_213.jpg,one_row,36A30024,36A30024,8,8,1.0,True,1,False,0.0,1717.341,3349632
two_rows/5_524_0_36A22593_457_220_512_281.jpg,two_row_car,36A22593,36A22593,8,8,1.0,True,2,False,0.0,3322.272,3349632
one_row/7_3639_1_36A43220_103_213_496_271.jpg,one_row,36A43220,36A43220,8,8,1.0,True,1,True,0.548,1493.607,3349632
one_row/9_1327_1_36A22232_187_244_496_306.jpg,one_row,36A22232,36A22232,8,8,1.0,True,1,False,0.0,2263.97,3349632
one_row/6_3532_1_36C22292_116_227_557_313.jpg,one_row,36C22292,36C22292,8,8,1.0,True,1,True,0.0,696.515,3349632
one_row/6_3683_1_36C29409_193_314_436_377.jpg,one_row,36C29409,36C29409,8,8,1.0,True,1,True,0.0,4315.145,3349632
one_row/3_1694_1_36A02332_137_218_517_292.jpg,one_row,36A02332,36A02332,8,8,1.0,True,1,True,0.0,998.153,3349632
one_row/1_1114_1_36A38865_96_349_202_407.jpg,one_row,36A38865,36A38865,8,8,1.0,True,1,True,0.0,4092.001,3349632
two_rows_label_xe_may/2_77_0_14U117164_403_42_551_164.jpg,two_row_motorcycle,14U117164,14U117164,9,9,1.0,True,2,True,0.0,3452.095,3768336
one_row/8_1867_1_36C12192_172_305_496_361.jpg,one_row,36C12192,36C12192,8,8,1.0,True,1,True,0.0,848.713,3349632
one_row/8_1423_1_36A28493_58_225_537_288.jpg,one_row,36A28493,36A28493,8,8,1.0,True,1,False,0.0,774.954,3349632
one_row/6_2717_1_36A42057_64_196_551_269.jpg,one_row,36A42057,36A42057,8,8,1.0,True,1,True,0.327,1458.439,3349632
two_rows_label_xe_may/1_371_0_33p94108_214_41_352_145.jpg,two_row_motorcycle,33P94108,B3H94101,8,5,0.625,False,2,True,0.0,3757.285,3349632
one_row/6_2841_1_36A42336_135_167_497_230.jpg,one_row,36A42336,36A42336,8,8,1.0,True,1,True,0.0,1156.448,3349632
one_row/5_2258_1_36A13703_127_201_498_264.jpg,one_row,36A13703,36A13703,8,8,1.0,True,1,True,0.0,1270.492,3349632
one_row/1_3003_1_36A38074_128_265_484_334.jpg,one_row,36A38074,36A38074,8,8,1.0,True,1,True,0.0,1512.76,3349632
one_row/9_659_1_36A44280_121_305_209_363.jpg,one_row,36A44280,36A44280,8,8,1.0,True,1,True,0.0,4253.975,3349632
one_row/5_2112_1_36A04488_87_163_514_248.jpg,one_row,36A04488,36A04488,8,8,1.0,True,1,True,0.0,1592.557,3349632
one_row/3_2990_1_36C15646_109_207_564_272.jpg,one_row,36C15646,36C15646,8,8,1.0,True,1,True,0.0,602.062,3349632
one_row/1_692_1_36A37658_146_318_278_377.jpg,one_row,36A37658,36A37658,8,8,1.0,True,1,True,0.0,2106.933,3349632
one_row/1_2183_1_30E35800_93_214_543_291.jpg,one_row,30E35800,30E35800,8,8,1.0,True,1,True,0.0,1019.849,3349632
two_rows_label_xe_may/1_118_0_29g100902_276_108_377_193.jpg,two_row_motorcycle,29G100902,299190102,9,6,0.6666666666666666,False,2,False,0.0,2384.925,3768336
two_rows/2_104_0_36A05541_468_249_533_323.jpg,two_row_car,36A05541,35105541,8,6,0.75,False,2,False,0.0,2687.362,3349632
one_row/4_2354_1_36A40752_71_211_527_308.jpg,one_row,36A40752,36A40752,8,8,1.0,True,1,True,0.0,877.154,3349632
two_rows/8_75_0_30A00107_457_231_510_290.jpg,two_row_car,30A00107,30A00107,8,8,1.0,True,2,False,0.0,4465.669,3349632
one_row/8_1234_1_36A08958_108_235_479_309.jpg,one_row,36A08958,36A08958,8,8,1.0,True,1,True,1.428,586.356,3349632
one_row/4_3291_1_36C28518_151_207_496_288.jpg,one_row,36C28518,36C28518,8,8,1.0,True,1,True,0.0,1747.925,3349632
two_rows/1_4123_0_36C27702_223_228_477_371.jpg,two_row_car,36C27702,36C27702,8,8,1.0,True,2,False,0.0,1042.504,3349632
two_rows/5_1317_0_36C11154_204_392_252_443.jpg,two_row_car,36C11154,36C11154,8,8,1.0,True,2,False,0.0,5088.382,3349632
one_row/5_3915_1_36C28914_97_197_595_305.jpg,one_row,36C28914,36C28914,8,8,1.0,True,1,False,0.0,567.107,3349632
one_row/7_3797_1_36B01141_196_254_476_313.jpg,one_row,36B01141,36B01141,8,8,1.0,True,1,False,0.0,520.697,3349632
one_row/5_3204_1_36C01630_54_197_572_289.jpg,one_row,36C01630,36C01630,8,8,1.0,True,1,True,0.594,439.377,3349632
one_row/5_3876_1_36C28787_39_238_566_324.jpg,one_row,36C28787,36C28787,8,8,1.0,True,1,True,0.0,1197.814,3349632
two_rows/9_971_0_36C29945_151_372_181_408.jpg,two_row_car,36C29945,32329945,8,6,0.75,False,2,False,0.0,7331.284,3349632
two_rows/6_1516_0_36M2470_157_372_204_420.jpg,two_row_car,36M2470,36M2470,7,7,1.0,True,2,False,0.0,6201.828,2930928
one_row/9_1698_1_36A44244_118_195_530_281.jpg,one_row,36A44244,36A44244,8,8,1.0,True,1,False,0.0,428.159,3349632
two_rows/9_13_0_29A89491_361_265_422_322.jpg,two_row_car,29A89491,29A89491,8,8,1.0,True,2,False,0.0,5263.894,3349632
one_row/1_2200_1_30F06474_85_196_557_264.jpg,one_row,30F06474,30F06474,8,8,1.0,True,1,True,0.0,1242.391,3349632
one_row/7_3112_1_36A39541_159_239_539_305.jpg,one_row,36A39541,36A39541,8,8,1.0,True,1,True,0.0,469.189,3349632
two_rows/8_510_0_36A43663_148_234_205_293.jpg,two_row_car,36A43663,36A43663,8,8,1.0,True,2,False,0.0,2584.211,3349632
two_rows_label_xe_may/2_156_0_36B243292_300_45_441_166.jpg,two_row_motorcycle,36B243292,36B243292,9,9,1.0,True,2,False,0.0,4682.185,3768336
one_row/6_2471_1_36A29421_109_257_495_320.jpg,one_row,36A29421,36A29421,8,8,1.0,True,1,True,0.0,1862.354,3349632
two_rows/4_129_0_36A00389_79_200_133_270.jpg,two_row_car,36A00389,36A00389,8,8,1.0,True,2,True,0.0,4642.172,3349632
one_row/1_3772_1_36C07612_127_268_503_368.jpg,one_row,36C07612,36C07612,8,8,1.0,True,1,True,0.0,1493.544,3349632
two_rows_label_xe_may/3_491_0_29H52815_307_25_436_131.jpg,two_row_motorcycle,29H52815,29H52815,8,8,1.0,True,2,False,0.0,5286.737,3349632
one_row/3_1792_1_36A10085_98_209_546_278.jpg,one_row,36A10085,36A10085,8,8,1.0,True,1,True,0.0,1932.699,3349632
one_row/1_3808_1_36C09702_22_200_526_321.jpg,one_row,36C09702,36C09702,8,8,1.0,True,1,True,0.0,832.577,3349632
one_row/6_3651_1_36C29165_143_225_496_288.jpg,one_row,36C29165,36C29165,8,8,1.0,True,1,True,0.0,2113.047,3349632
one_row/3_2281_1_36A39683_102_182_565_254.jpg,one_row,36A39683,36A39683,8,8,1.0,True,1,False,0.0,1088.143,3349632
one_row/4_3203_1_36C28058_112_224_514_288.jpg,one_row,36C28058,36C28058,8,8,1.0,True,1,True,0.0,2490.904,3349632
two_rows_label_xe_may/9_1803_0_29G127044_323_90_477_220.jpg,two_row_motorcycle,29G127044,29G127044,9,9,1.0,True,2,False,0.0,2777.415,3768336
two_rows/6_318_0_36A06878_138_219_207_294.jpg,two_row_car,36A06878,36A06878,8,8,1.0,True,2,False,0.0,2806.728,3349632
two_rows_label_xe_may/7_2486_0_30y49671_228_166_352_277.jpg,two_row_motorcycle,30Y49671,92321A12,8,0,0.0,False,1,False,0.0,5115.693,3349632
one_row/1_3494_1_36B00164_88_219_521_281.jpg,one_row,36B00164,36B00164,8,8,1.0,True,1,True,0.0,2092.943,3349632
two_rows/1_1841_0_36M9578_220_321_285_383.jpg,two_row_car,36M9578,36M9678,7,6,0.8571428571428571,False,2,False,0.0,6328.707,2930928
one_row/6_3038_1_36B02896_127_244_529_280.jpg,one_row,36B02896,36B02896,8,8,1.0,True,1,False,0.0,1104.055,3349632
one_row/3_3421_1_36D01486_82_230_577_299.jpg,one_row,36D01486,36D01486,8,8,1.0,True,1,True,0.244,1139.563,3349632
one_row/3_2938_1_36C14755_81_217_530_310.jpg,one_row,36C14755,36C14755,8,8,1.0,True,1,False,0.0,1063.383,3349632
two_rows_label_xe_may/3_931_0_17k12832_438_86_544_174.jpg,two_row_motorcycle,17K12832,17K12832,8,8,1.0,True,2,True,0.0,6078.857,3349632
one_row/8_2297_1_37C16755_199_216_487_275.jpg,one_row,37C16755,37C16755,8,8,1.0,True,1,True,1.657,1341.599,3349632
two_rows/1_365_0_36A09787_150_227_223_302.jpg,two_row_car,36A09787,36A09787,8,8,1.0,True,2,False,0.0,2224.955,3349632
one_row/6_1970_1_36A01081_106_247_572_321.jpg,one_row,36A01081,36401081,8,7,0.875,False,1,False,0.0,750.564,3349632
one_row/7_2216_1_19B00981_56_174_545_257.jpg,one_row,19B00981,19B00981,8,8,1.0,True,1,True,0.0,1147.632,3349632
one_row/7_3400_1_36A42765_173_232_486_289.jpg,one_row,36A42765,36A42765,8,8,1.0,True,1,True,0.295,865.384,3349632
one_row/1_2465_1_36A10780_101_185_579_239.jpg,one_row,36A10780,36A10780,8,8,1.0,True,1,False,0.0,2924.086,3349632
two_rows/3_1365_0_36M9930_441_351_483_396.jpg,two_row_car,36M9930,36M9930,7,7,1.0,True,2,False,0.0,3620.057,2930928
two_rows_label_xe_may/2_529_0_37b118459_256_84_405_192.jpg,two_row_motorcycle,37B118459,183125191,9,1,0.1111111111111111,False,1,True,0.0,9127.185,3768336
one_row/6_3051_1_36B03287_143_253_520_316.jpg,one_row,36B03287,36B03287,8,8,1.0,True,1,True,0.0,874.018,3349632
one_row/8_2216_1_36M5688_27_196_638_315.jpg,one_row,36M5688,36M5688,7,7,1.0,True,1,True,0.0,163.982,2930928
one_row/6_3804_1_36M2721_84_225_544_299.jpg,one_row,36M2721,36M2721,7,7,1.0,True,1,True,0.0,733.424,2930928
one_row/4_1573_1_36A00988_105_225_527_308.jpg,one_row,36A00988,36A00988,8,8,1.0,True,1,True,0.0,767.977,3349632
one_row/4_2880_1_36C10952_102_179_501_255.jpg,one_row,36C10952,36C10952,8,8,1.0,True,1,False,0.0,872.669,3349632
two_rows_label_xe_may/1_341_0_29b157692_388_130_485_206.jpg,two_row_motorcycle,29B157692,29B157692,9,9,1.0,True,2,True,0.0,4210.891,3768336
one_row/3_1487_1_29A96043_65_211_575_294.jpg,one_row,29A96043,29A96043,8,8,1.0,True,1,True,0.0,1429.817,3349632
one_row/7_2403_1_30H9475_147_250_500_332.jpg,one_row,30H9475,30H9475,7,7,1.0,True,1,True,0.0,417.995,2930928
two_rows/4_1307_0_98A05434_123_304_186_382.jpg,two_row_car,98A05434,059483A4,8,1,0.125,False,1,True,0.0,1227.982,3349632
two_rows/6_1110_0_36B01477_129_313_169_356.jpg,two_row_car,36B01477,36B01477,8,8,1.0,True,2,False,0.0,8430.037,3349632
two_rows/3_791_0_36A39918_448_220_517_297.jpg,two_row_car,36A39918,36A39918,8,8,1.0,True,2,False,0.0,2358.207,3349632
two_rows/5_957_0_36A41366_122_192_185_262.jpg,two_row_car,36A41366,36A41366,8,8,1.0,True,2,False,0.0,1205.321,3349632
one_row/8_1133_1_33H6042_41_225_503_316.jpg,one_row,33H6042,33H1601,7,3,0.42857142857142855,False,1,True,0.0,101.322,2930928
one_row/5_2761_1_36A41165_142_178_506_261.jpg,one_row,36A41165,36A41165,8,8,1.0,True,1,False,0.0,1643.505,3349632
two_rows/3_1405_0_36R01279_221_314_259_350.jpg,two_row_car,36R01279,36R01279,8,8,1.0,True,2,False,0.0,7614.957,3349632
one_row/3_1527_1_29D50003_49_240_555_316.jpg,one_row,29D50003,29D50003,8,8,1.0,True,1,True,0.0,666.165,3349632
one_row/6_2343_1_36A23740_150_160_530_223.jpg,one_row,36A23740,36A23740,8,8,1.0,True,1,True,0.0,1483.199,3349632
one_row/6_3179_1_36C04941_44_214_568_277.jpg,one_row,36C04941,36C04947,8,7,0.875,False,1,False,0.0,1220.683,3349632
one_row/1_4146_1_36D00382_65_205_525_284.jpg,one_row,36D00382,36D00382,8,8,1.0,True,1,True,0.0,1504.289,3349632
one_row/1_3728_1_36C05430_124_246_562_313.jpg,one_row,36C05430,36C05930,8,7,0.875,False,1,False,0.0,354.541,3349632
one_row/4_1423_1_29KT00065_83_219_517_305.jpg,one_row,29KT00065,29KT00065,9,9,1.0,True,1,True,0.0,586.948,3768336
one_row/6_3672_1_36C29374_129_166_523_234.jpg,one_row,36C29374,36C29374,8,8,1.0,True,1,True,0.0,1708.127,3349632
one_row/1_4199_1_36LD00299_188_309_404_354.jpg,one_row,36LD00299,36LD00299,9,9,1.0,True,1,True,0.0,622.628,3768336
two_rows_label_xe_may/7_2567_0_29b191328_369_118_497_218.jpg,two_row_motorcycle,29B191328,29B191328,9,9,1.0,True,2,True,0.0,2513.77,3768336
one_row/5_1481_1_36C26588_424_298_507_358.jpg,one_row,36C26588,36C26588,8,8,1.0,True,1,True,0.0,5999.928,3349632
one_row/9_1862_1_36C00222_21_152_608_291.jpg,one_row,36C00222,36C00222,8,8,1.0,True,1,True,0.0,842.213,3349632
one_row/4_2717_1_36C03847_87_199_557_286.jpg,one_row,36C03847,36C03847,8,8,1.0,True,1,True,0.0,881.483,3349632
one_row/3_2144_1_36A39294_110_197_533_284.jpg,one_row,36A39294,36A39294,8,8,1.0,True,1,True,0.0,882.661,3349632
one_row/8_1832_1_36C08953_146_318_478_366.jpg,one_row,36C08953,36C08953,8,8,1.0,True,1,True,0.0,1850.654,3349632
one_row/1_2184_1_30E35905_80_297_557_360.jpg,one_row,30E35905,30E35905,8,8,1.0,True,1,True,0.0,293.331,3349632
two_rows/3_1316_0_36L8252_169_311_207_352.jpg,two_row_car,36L8252,36L8252,7,7,1.0,True,2,False,0.0,6054.051,2930928
one_row/8_51_1_29C99798_444_277_516_320.jpg,one_row,29C99798,29C99798,8,8,1.0,True,1,True,0.0,6324.794,3349632
one_row/4_1600_1_36A02399_156_225_506_313.jpg,one_row,36A02399,36A02399,8,8,1.0,True,1,False,0.0,1074.801,3349632
one_row/6_3492_1_36C21807_57_216_578_293.jpg,one_row,36C21807,36C21807,8,8,1.0,True,1,True,0.343,480.983,3349632
two_rows/4_3048_0_36C20877_211_232_414_352.jpg,two_row_car,36C20877,36C20877,8,8,1.0,True,2,True,1.432,982.839,3349632
two_rows_label_xe_may/5_1732_0_29p161848_302_152_438_271.jpg,two_row_motorcycle,29P161848,61E112311,9,1,0.1111111111111111,False,1,False,0.0,9692.168,3768336
one_row/1_2572_1_36A15121_105_212_579_276.jpg,one_row,36A15121,36A15121,8,8,1.0,True,1,False,0.0,435.117,3349632
two_rows/9_516_0_36A43969_102_267_172_339.jpg,two_row_car,36A43969,36A43969,8,8,1.0,True,2,False,0.0,5678.631,3349632
one_row/1_3166_1_36A38461_93_277_528_346.jpg,one_row,36A38461,36A38461,8,8,1.0,True,1,False,0.0,799.823,3349632
one_row/8_1044_1_29D01563_132_264_510_339.jpg,one_row,29D01563,29D01563,8,8,1.0,True,1,False,0.0,861.714,3349632
two_rows_label_xe_may/1_229_0_29d116629_258_71_409_193.jpg,two_row_motorcycle,29D116629,290116119,9,6,0.6666666666666666,False,2,True,0.0,1990.009,3768336
two_rows_label_xe_may/3_939_0_30k90970_397_91_513_188.jpg,two_row_motorcycle,30K90970,30K90970,8,8,1.0,True,2,False,0.0,443.717,3349632
two_rows/5_741_0_36A40717_509_197_567_274.jpg,two_row_car,36A40717,36A40717,8,8,1.0,True,2,True,0.0,6925.048,3349632
two_rows/9_866_0_36C12716_409_356_454_404.jpg,two_row_car,36C12716,36C12716,8,8,1.0,True,2,False,0.0,4378.207,3349632
one_row/6_3802_1_36M2513_139_225_452_308.jpg,one_row,36M2513,36M2513,7,7,1.0,True,1,True,0.0,360.167,2930928
one_row/9_1724_1_36A44304_202_225_496_288.jpg,one_row,36A44304,36A44304,8,8,1.0,True,1,True,0.0,799.712,3349632
one_row/9_1231_1_36A08097_81_237_554_295.jpg,one_row,36A08097,36A08097,8,8,1.0,True,1,False,0.0,548.931,3349632
one_row/1_3326_1_36A38839_58_206_496_304.jpg,one_row,36A38839,36A38839,8,8,1.0,True,1,True,0.0,1139.809,3349632
one_row/4_1358_1_29A33416_119_193_481_256.jpg,one_row,29A33416,29A33416,8,8,1.0,True,1,True,0.0,806.532,3349632
two_rows/4_105_0_30T2605_482_232_535_299.jpg,two_row_car,30T2605,3072605,7,6,0.8571428571428571,False,2,True,0.0,4708.834,2930928
one_row/6_2078_1_36A07831_145_167_535_230.jpg,one_row,36A07831,36A07831,8,8,1.0,True,1,True,0.0,1183.307,3349632
one_row/7_1796_1_36C22108_155_303_237_342.jpg,one_row,36C22108,36C22108,8,8,1.0,True,1,True,0.0,2533.263,3349632
one_row/1_2245_1_34A07444_192_274_492_318.jpg,one_row,34A07444,34A07444,8,8,1.0,True,1,True,0.0,573.164,3349632
one_row/5_3375_1_36C07705_84_225_496_315.jpg,one_row,36C07705,360C0770,8,3,0.375,False,1,True,0.255,545.746,3349632
two_rows/8_185_0_36A05994_484_207_544_278.jpg,two_row_car,36A05994,36A05994,8,8,1.0,True,2,False,0.0,6746.732,3349632
one_row/7_4253_1_36C12759_119_231_499_304.jpg,one_row,36C12759,36C12759,8,8,1.0,True,1,True,0.0,755.369,3349632
one_row/2_1459_1_36C22135_123_220_507_305.jpg,one_row,36C22135,36C22135,8,8,1.0,True,1,True,0.0,701.816,3349632
one_row/6_1765_1_29C10676_159_211_531_283.jpg,one_row,29C10676,29C10676,8,8,1.0,True,1,True,0.322,634.954,3349632
two_rows/4_1086_0_36C20711_196_359_234_403.jpg,two_row_car,36C20711,36C20711,8,8,1.0,True,2,False,0.0,11255.466,3349632
two_rows/5_1302_0_36C09997_180_286_234_336.jpg,two_row_car,36C09997,36C09997,8,8,1.0,True,2,False,0.0,5351.289,3349632
one_row/3_3673_1_37C02550_76_193_541_286.jpg,one_row,37C02550,37C02550,8,8,1.0,True,1,True,0.0,1106.221,3349632
one_row/1_2306_1_36A01979_170_246_507_316.jpg,one_row,36A01979,36A01979,8,8,1.0,True,1,False,0.0,815.346,3349632
two_rows_label_xe_may/4_673_0_18D147980_362_26_508_158.jpg,two_row_motorcycle,18D147980,183147980,9,8,0.8888888888888888,False,2,False,0.0,4394.278,3768336
two_rows_label_xe_may/1_408_0_29e197590_403_223_532_337.jpg,two_row_motorcycle,29E197590,29E197590,9,9,1.0,True,2,True,11.535,1569.08,3768336
two_rows/7_477_0_36A16985_118_271_170_344.jpg,two_row_car,36A16985,163968A5,8,3,0.375,False,1,True,0.0,1570.643,3349632
one_row/9_1207_1_36A03448_126_199_485_259.jpg,one_row,36A03448,36A03448,8,8,1.0,True,1,True,0.0,2763.65,3349632
two_rows/5_4210_0_36R01325_256_234_381_325.jpg,two_row_car,36R01325,36R01325,8,8,1.0,True,2,True,0.0,5568.658,3349632
one_row/5_3128_1_36B02935_193_195_510_275.jpg,one_row,36B02935,36B02935,8,8,1.0,True,1,True,0.211,1374.739,3349632
one_row/3_2732_1_36C02623_11_248_600_345.jpg,one_row,36C02623,36C02623,8,8,1.0,True,1,True,0.0,404.925,3349632
two_rows_label_xe_may/7_2782_0_90b232746_432_94_561_213.jpg,two_row_motorcycle,90B232746,90B232746,9,9,1.0,True,2,False,0.0,5091.206,3768336
two_rows/8_211_0_36A08838_520_228_561_288.jpg,two_row_car,36A08838,36A10883,8,4,0.5,False,2,False,0.0,1675.803,3349632
two_rows_label_xe_may/7_1285_0_29E163795_201_48_363_171.jpg,two_row_motorcycle,29E163795,29E153795,9,8,0.8888888888888888,False,2,True,0.0,2418.375,3768336
two_rows/9_258_0_36A25683_179_311_236_365.jpg,two_row_car,36A25683,36A25683,8,8,1.0,True,2,False,0.0,2481.147,3349632
one_row/5_3300_1_36C04874_36_230_582_310.jpg,one_row,36C04874,36C04874,8,8,1.0,True,1,True,0.0,896.552,3349632
two_rows/7_2007_0_36M2948_271_294_319_344.jpg,two_row_car,36M2948,36M2946,7,6,0.8571428571428571,False,2,False,0.0,3308.907,2930928
one_row/1_3294_1_36A38767_175_233_498_282.jpg,one_row,36A38767,36A38767,8,8,1.0,True,1,True,0.0,1899.323,3349632
one_row/9_1800_1_36B01489_48_142_539_236.jpg,one_row,36B01489,36B01489,8,8,1.0,True,1,True,0.0,200.239,3349632
two_rows_label_xe_may/8_3168_0_29y323082_262_173_394_292.jpg,two_row_motorcycle,29Y323082,29Y323082,9,9,1.0,True,2,True,17.7,7258.022,3768336
one_row/6_3065_1_36B03464_137_190_496_253.jpg,one_row,36B03464,36B03464,8,8,1.0,True,1,True,0.0,1353.583,3349632
one_row/5_4235_1_38C10190_89_225_632_324.jpg,one_row,38C10190,38C10190,8,8,1.0,True,1,False,0.0,364.147,3349632
two_rows/7_1978_0_36L8228_160_189_214_241.jpg,two_row_car,36L8228,36L8228,7,7,1.0,True,2,False,0.0,1437.906,2930928
two_rows/2_40_0_29V9745_100_240_160_311.jpg,two_row_car,29V9745,29V9745,7,7,1.0,True,2,False,0.0,6105.742,2930928
two_rows/6_196_0_31F6323_160_301_202_345.jpg,two_row_car,31F6323,31F6323,7,7,1.0,True,2,False,0.0,10339.986,2930928
one_row/7_3359_1_36A42701_181_262_467_326.jpg,one_row,36A42701,32A42701,8,7,0.875,False,1,False,0.0,406.276,3349632
one_row/2_1139_1_36B02491_63_235_555_280.jpg,one_row,36B02491,36B02491,8,8,1.0,True,1,False,0.0,2453.32,3349632
one_row/4_3451_1_36M6287_153_225_496_305.jpg,one_row,36M6287,36M6287,7,7,1.0,True,1,True,0.0,417.379,2930928
one_row/1_3105_1_36A38320_123_282_428_360.jpg,one_row,36A38320,36A38320,8,8,1.0,True,1,True,0.0,1720.368,3349632
one_row/2_453_1_36C15354_443_318_524_394.jpg,one_row,36C15354,36C15354,8,8,1.0,True,1,True,0.0,2091.962,3349632
two_rows/9_833_0_36C02398_264_389_307_433.jpg,two_row_car,36C02398,36C02398,8,8,1.0,True,2,False,0.0,4599.793,3349632
one_row/3_3371_1_36C28337_38_192_581_283.jpg,one_row,36C28337,36C28337,8,8,1.0,True,1,False,0.0,2219.256,3349632
two_rows/1_4005_0_36C24225_202_231_454_333.jpg,two_row_car,36C24225,36C24225,8,8,1.0,True,2,True,0.0,956.61,3349632
two_rows/1_932_0_36A38407_486_216_546_290.jpg,two_row_car,36A38407,36A38407,8,8,1.0,True,2,True,0.0,6196.073,3349632
one_row/5_3588_1_36C17119_37_253_609_351.jpg,one_row,36C17119,36C17119,8,8,1.0,True,1,False,0.0,223.766,3349632
one_row/5_2522_1_36A26530_29_138_616_228.jpg,one_row,36A26530,36A26530,8,8,1.0,True,1,True,0.0,852.624,3349632
one_row/7_3872_1_36B02405_172_244_477_286.jpg,one_row,36B02405,36B02405,8,8,1.0,True,1,True,0.0,1436.962,3349632
one_row/3_1051_1_36C09666_404_310_481_361.jpg,one_row,36C09666,36C09666,8,8,1.0,True,1,True,0.0,2386.802,3349632
one_row/6_930_1_36A42068_106_321_202_387.jpg,one_row,36A42068,36A42068,8,8,1.0,True,1,True,0.0,1746.393,3349632
one_row/1_4178_1_36L4456_101_297_560_347.jpg,one_row,36L4456,36L4456,7,7,1.0,True,1,False,0.0,563.303,2930928
two_rows/7_1951_0_36D00904_437_213_493_266.jpg,two_row_car,36D00904,36000904,8,7,0.875,False,2,False,0.0,5502.261,3349632
one_row/5_3101_1_36B02514_135_205_496_288.jpg,one_row,36B02514,36B02514,8,8,1.0,True,1,True,0.401,391.254,3349632
two_rows_label_xe_may/8_3188_0_29f120763_209_157_339_267.jpg,two_row_motorcycle,29F120763,21G111339,9,2,0.2222222222222222,False,1,False,0.0,11556.332,3768336
two_rows/4_863_0_36B01213_140_283_180_326.jpg,two_row_car,36B01213,36B01213,8,8,1.0,True,2,False,0.0,5364.139,3349632
two_rows/8_471_0_36A43480_137_243_192_303.jpg,two_row_car,36A43480,36A43480,8,8,1.0,True,2,False,0.0,3600.641,3349632
two_rows/8_806_0_36C29822_88_300_136_349.jpg,two_row_car,36C29822,36C29822,8,8,1.0,True,2,False,0.0,5010.092,3349632
one_row/6_2442_1_36A26847_132_197_510_269.jpg,one_row,36A26847,36A26847,8,8,1.0,True,1,True,0.0,1854.146,3349632
one_row/3_2051_1_36A25496_90_234_550_303.jpg,one_row,36A25496,36A25496,8,8,1.0,True,1,True,0.0,709.415,3349632
two_rows/5_1263_0_36C04519_259_319_306_360.jpg,two_row_car,36C04519,36C04519,8,8,1.0,True,2,False,0.0,3783.734,3349632
one_row/9_1907_1_36C02739_155_295_450_358.jpg,one_row,36C02739,36C02739,8,8,1.0,True,1,True,0.0,824.561,3349632
two_rows_label_xe_may/7_1302_0_29E244794_387_67_531_202.jpg,two_row_motorcycle,29E244794,29E244794,9,9,1.0,True,2,False,0.0,4013.83,3768336
two_rows_label_xe_may/1_77_0_36b412830_124_26_248_129.jpg,two_row_motorcycle,36B412830,069212132,9,4,0.4444444444444444,False,2,True,0.0,3601.242,3768336
two_rows/1_1587_0_36C26821_263_424_314_468.jpg,two_row_car,36C26821,36C26821,8,8,1.0,True,2,True,8.13,6317.287,3349632
one_row/8_1266_1_36A12518_128_184_501_246.jpg,one_row,36A12518,36A12518,8,8,1.0,True,1,False,0.0,1454.392,3349632
one_row/9_1173_1_34L7080_203_252_488_305.jpg,one_row,34L7080,34L7080,7,7,1.0,True,1,True,0.0,1439.577,2930928
two_rows/7_154_0_34A06522_223_240_286_307.jpg,two_row_car,34A06522,34A06622,8,7,0.875,False,2,False,0.0,2491.059,3349632
one_row/6_2220_1_36A16852_109_187_484_260.jpg,one_row,36A16852,36A16852,8,8,1.0,True,1,True,0.0,647.47,3349632
two_rows_label_xe_may/2_810_0_89f122822_423_94_550_207.jpg,two_row_motorcycle,89F122822,89F122822,9,9,1.0,True,2,False,0.0,3108.699,3768336
one_row/1_2552_1_36A13356_49_239_529_319.jpg,one_row,36A13356,36A13356,8,8,1.0,True,1,True,0.0,781.751,3349632
one_row/5_2734_1_36A41119_127_204_541_291.jpg,one_row,36A41119,36A41149,8,7,0.875,False,1,False,0.0,851.301,3349632
one_row/3_2669_1_36C00293_57_210_555_286.jpg,one_row,36C00293,36C00293,8,8,1.0,True,1,True,0.0,472.174,3349632
two_rows/7_772_0_36A42170_141_247_202_315.jpg,two_row_car,36A42170,36A42170,8,8,1.0,True,2,False,0.0,3230.498,3349632
one_row/1_2158_1_30A17065_61_170_560_264.jpg,one_row,30A17065,30A07065,8,7,0.875,False,1,True,0.0,641.495,3349632
two_rows/5_230_0_36A02382_461_220_526_288.jpg,two_row_car,36A02382,36A02382,8,8,1.0,True,2,False,0.0,4487.321,3349632
one_row/5_2839_1_36A41306_138_193_500_256.jpg,one_row,36A41306,36A41306,8,8,1.0,True,1,True,0.0,628.488,3349632
one_row/4_2931_1_36C15287_137_267_448_330.jpg,one_row,36C15287,36C15287,8,8,1.0,True,1,True,0.0,1114.04,3349632
one_row/6_3890_1_36N1573_111_225_496_288.jpg,one_row,36N1573,36N1573,7,7,1.0,True,1,True,0.0,355.435,2930928
one_row/9_1528_1_36A43810_85_274_475_330.jpg,one_row,36A43810,36A43810,8,8,1.0,True,1,False,0.0,1207.893,3349632
one_row/2_1040_1_36A39381_99_224_527_287.jpg,one_row,36A39381,36A39381,8,8,1.0,True,1,True,0.431,893.692,3349632
one_row/9_2144_1_36C28038_153_313_493_376.jpg,one_row,36C28038,36C28038,8,8,1.0,True,1,True,0.0,927.333,3349632
two_rows_label_xe_may/5_1623_0_29h184686_283_147_427_272.jpg,two_row_motorcycle,29H184686,29H184686,9,9,1.0,True,2,True,18.435,9152.497,3768336
two_rows/6_1362_0_36C22271_390_360_442_411.jpg,two_row_car,36C22271,22326751,8,2,0.25,False,1,False,0.0,8365.764,3349632
one_row/5_3571_1_36C16909_53_207_567_288.jpg,one_row,36C16909,36C16900,8,7,0.875,False,1,True,0.0,491.451,3349632
one_row/2_761_1_36A06662_47_274_605_344.jpg,one_row,36A06662,36A06662,8,8,1.0,True,1,False,0.0,2483.603,3349632
one_row/3_1488_1_29A96186_155_213_525_274.jpg,one_row,29A96186,29A96186,8,8,1.0,True,1,True,0.0,991.192,3349632
one_row/5_2960_1_36A41575_103_225_515_291.jpg,one_row,36A41575,36A41575,8,8,1.0,True,1,True,0.0,1937.82,3349632
one_row/7_3588_1_36A43115_93_259_540_356.jpg,one_row,36A43115,36A43115,8,8,1.0,True,1,False,0.0,605.154,3349632
one_row/5_2440_1_36A23081_122_183_529_254.jpg,one_row,36A23081,36A23081,8,8,1.0,True,1,True,0.0,516.899,3349632
two_rows/2_164_0_36A12684_113_236_174_305.jpg,two_row_car,36A12684,36A12684,8,8,1.0,True,2,False,0.0,2536.341,3349632
one_row/2_1243_1_36C06692_132_200_567_281.jpg,one_row,36C06692,36C06692,8,8,1.0,True,1,True,0.851,1545.014,3349632
one_row/1_1586_1_36C26821_132_370_202_419.jpg,one_row,36C26821,36C26821,8,8,1.0,True,1,True,0.0,1305.089,3349632
one_row/7_2493_1_36A02057_115_258_555_329.jpg,one_row,36A02057,36A02057,8,8,1.0,True,1,True,0.421,712.456,3349632
two_rows_label_xe_may/9_3477_0_30f41891_367_18_482_103.jpg,two_row_motorcycle,30F41891,10119F12,8,1,0.125,False,1,True,0.0,4317.65,3349632
one_row/7_698_1_36A38268_88_235_190_294.jpg,one_row,36A38268,36A38268,8,8,1.0,True,1,True,0.0,1610.927,3349632
two_rows/6_679_0_36A28243_408_199_471_267.jpg,two_row_car,36A28243,36A28243,8,8,1.0,True,2,False,0.0,2618.904,3349632
one_row/6_2738_1_36A42098_140_211_462_274.jpg,one_row,36A42098,36A42098,8,8,1.0,True,1,False,0.0,2101.136,3349632
two_rows_label_xe_may/5_1728_0_29h134379_257_111_399_234.jpg,two_row_motorcycle,29H134379,32E111399,9,3,0.3333333333333333,False,1,False,0.0,6590.347,3768336
one_row/3_2422_1_36A39974_109_231_506_288.jpg,one_row,36A39974,36A39974,8,8,1.0,True,1,True,0.0,2489.435,3349632
one_row/9_1868_1_36C00302_153_225_479_303.jpg,one_row,36C00302,36C00302,8,8,1.0,True,1,True,0.0,1236.075,3349632
one_row/5_4219_1_37C08960_64_180_595_283.jpg,one_row,37C08960,37C08960,8,8,1.0,True,1,True,0.0,131.417,3349632
two_rows/1_3751_0_36C06610_208_196_432_320.jpg,two_row_car,36C06610,36C06610,8,8,1.0,True,2,True,0.0,1127.636,3349632
one_row/9_1987_1_36C08939_119_212_507_287.jpg,one_row,36C08939,36C08939,8,8,1.0,True,1,True,0.0,2708.36,3349632
one_row/7_1370_1_36A43269_87_258_179_313.jpg,one_row,36A43269,36A43269,8,8,1.0,True,1,True,0.0,1543.526,3349632
one_row/6_2390_1_36A24074_125_227_524_293.jpg,one_row,36A24074,36A24074,8,8,1.0,True,1,False,0.0,1243.505,3349632
one_row/7_4291_1_36C17153_162_263_466_310.jpg,one_row,36C17153,36C17153,8,8,1.0,True,1,False,0.0,2913.538,3349632
one_row/7_4356_1_36C17824_52_167_590_260.jpg,one_row,36C17824,36C17824,8,8,1.0,True,1,True,0.0,1129.803,3349632
one_row/8_1991_1_36C22576_118_225_496_299.jpg,one_row,36C22576,36C22576,8,8,1.0,True,1,False,0.0,2476.289,3349632
one_row/7_2752_1_36A14516_105_250_528_320.jpg,one_row,36A14516,36A14516,8,8,1.0,True,1,True,0.0,850.17,3349632
one_row/7_3974_1_36C00983_150_238_499_300.jpg,one_row,36C00983,36C00983,8,8,1.0,True,1,True,0.386,1078.159,3349632
two_rows/4_388_0_36A22030_128_268_190_335.jpg,two_row_car,36A22030,36A22030,8,8,1.0,True,2,False,0.0,2752.603,3349632
two_rows/4_95_0_30K6569_439_304_482_354.jpg,two_row_car,30K6569,30K6569,7,7,1.0,True,2,False,0.0,8299.56,2930928
one_row/6_3033_1_36B02723_113_223_563_288.jpg,one_row,36B02723,36B02723,8,8,1.0,True,1,True,0.0,2308.412,3349632
one_row/5_2821_1_36A41268_105_183_488_249.jpg,one_row,36A41268,36A41268,8,8,1.0,True,1,True,0.603,1706.17,3349632
one_row/2_596_1_26C01701_91_200_534_282.jpg,one_row,26C01701,26C01701,8,8,1.0,True,1,True,0.0,793.827,3349632
two_rows/1_1819_0_36M7171_96_251_160_324.jpg,two_row_car,36M7171,36M7171,7,7,1.0,True,2,False,0.0,3663.133,2930928
one_row/4_3564_1_36N4965_165_226_461_298.jpg,one_row,36N4965,36N4965,7,7,1.0,True,1,True,0.0,1453.18,2930928
two_rows/7_1009_0_36A42735_119_219_178_281.jpg,two_row_car,36A42735,36A42735,8,8,1.0,True,2,False,0.0,3727.413,3349632
one_row/1_3402_1_36A39014_63_259_401_346.jpg,one_row,36A39014,36A39014,8,8,1.0,True,1,True,0.0,957.604,3349632
one_row/4_2138_1_36A40248_106_225_541_312.jpg,one_row,36A40248,36A40248,8,8,1.0,True,1,True,0.0,1034.002,3349632
one_row/7_1011_1_36A42738_125_280_222_336.jpg,one_row,36A42738,36A42738,8,8,1.0,True,1,True,0.0,2300.19,3349632
one_row/1_2730_1_36A21378_216_175_525_230.jpg,one_row,36A21378,36A21378,8,8,1.0,True,1,True,0.0,2423.66,3349632
one_row/7_2601_1_36A08067_114_171_507_242.jpg,one_row,36A08067,36A08067,8,8,1.0,True,1,True,0.0,754.626,3349632
one_row/7_690_1_36A37384_122_203_212_245.jpg,one_row,36A37384,36A37384,8,8,1.0,True,1,True,0.0,805.496,3349632
one_row/6_2331_1_36A23667_144_188_526_253.jpg,one_row,36A23667,36A23667,8,8,1.0,True,1,True,0.0,764.97,3349632
two_rows_label_xe_may/1_61_0_30l28181_404_65_529_158.jpg,two_row_motorcycle,30L28181,30L28181,8,8,1.0,True,2,True,0.0,943.331,3349632
one_row/3_2706_1_36C01972_125_325_471_373.jpg,one_row,36C01972,36C01972,8,8,1.0,True,1,True,0.0,1716.101,3349632
two_rows_label_xe_may/4_1178_0_30x68333_193_172_318_287.jpg,two_row_motorcycle,30X68333,10121412,8,1,0.125,False,1,False,0.0,6172.33,3349632
two_rows/8_538_0_36A43771_114_326_175_401.jpg,two_row_car,36A43771,36A43771,8,8,1.0,True,2,False,0.0,1461.372,3349632
two_rows/4_1089_0_36C20896_160_314_205_365.jpg,two_row_car,36C20896,36C20896,8,8,1.0,True,2,False,0.0,6196.611,3349632
one_row/1_1988_1_18A09283_28_227_580_331.jpg,one_row,18A09283,18A09283,8,8,1.0,True,1,True,0.862,482.121,3349632
one_row/4_2996_1_36C16698_90_195_510_265.jpg,one_row,36C16698,36C16698,8,8,1.0,True,1,True,0.0,2157.67,3349632
two_rows/6_708_0_36A30544_439_315_505_381.jpg,two_row_car,36A30544,36A30544,8,8,1.0,True,2,False,0.0,6677.284,3349632
two_rows/4_607_0_36A40374_82_209_146_287.jpg,two_row_car,36A40374,36A40374,8,8,1.0,True,2,True,0.0,5683.001,3349632
one_row/6_2082_1_36A07936_117_224_506_287.jpg,one_row,36A07936,136A0319,8,0,0.0,False,1,True,0.0,275.666,3349632
two_rows/4_2843_0_36C10390_206_192_459_361.jpg,two_row_car,36C10390,36C10390,8,8,1.0,True,2,True,0.0,686.797,3349632
two_rows/6_1177_0_36B03123_127_302_160_341.jpg,two_row_car,36B03123,63B21233,8,2,0.25,False,2,False,0.0,10400.618,3349632
two_rows_label_xe_may/9_1729_0_29G169317_398_4_524_129.jpg,two_row_motorcycle,29G169317,29G769317,9,8,0.8888888888888888,False,2,False,0.0,6212.952,3768336
two_rows/3_595_0_36A39290_146_216_218_293.jpg,two_row_car,36A39290,36A39290,8,8,1.0,True,2,False,0.0,1698.4,3349632
two_rows/6_1234_0_36C04403_198_369_244_423.jpg,two_row_car,36C04403,36C04403,8,8,1.0,True,2,False,0.0,4291.448,3349632
two_rows_label_xe_may/4_1352_0_29y141116_435_103_570_215.jpg,two_row_motorcycle,29Y141116,29Y141116,9,9,1.0,True,2,True,0.0,4169.584,3768336
one_row/3_1834_1_36A13204_115_205_540_269.jpg,one_row,36A13204,36A13204,8,8,1.0,True,1,True,0.0,1021.769,3349632
one_row/8_1400_1_36A25314_127_212_496_277.jpg,one_row,36A25314,36A25314,8,8,1.0,True,1,False,0.0,1837.602,3349632
one_row/4_1769_1_36A13832_144_188_504_251.jpg,one_row,36A13832,36A13832,8,8,1.0,True,1,False,0.0,2244.168,3349632
one_row/9_2381_1_38C00789_159_322_487_385.jpg,one_row,38C00789,38C00789,8,8,1.0,True,1,True,0.0,1286.462,3349632
one_row/6_2177_1_36A13795_121_209_464_288.jpg,one_row,36A13795,36A13795,8,8,1.0,True,1,True,0.0,1218.361,3349632
two_rows_label_xe_may/4_981_0_30z58552_403_131_511_224.jpg,two_row_motorcycle,30Z58552,13202225,8,0,0.0,False,1,False,0.0,4873.018,3349632
two_rows/7_1176_0_36A42951_100_249_153_308.jpg,two_row_car,36A42951,36A42951,8,8,1.0,True,2,False,0.0,4135.296,3349632
one_row/1_631_1_36A29676_508_325_601_408.jpg,one_row,36A29676,36A29676,8,8,1.0,True,1,False,0.0,6153.182,3349632
one_row/8_1435_1_36A30861_108_254_483_317.jpg,one_row,36A30861,36A30861,8,8,1.0,True,1,False,0.0,988.002,3349632
two_rows/3_961_0_36B02148_197_372_237_408.jpg,two_row_car,36B02148,36B02148,8,8,1.0,True,2,False,0.0,4153.715,3349632
one_row/9_1751_1_36A44374_193_261_470_304.jpg,one_row,36A44374,36A44374,8,8,1.0,True,1,True,0.0,1508.006,3349632
two_rows/4_838_0_36B0877_209_376_244_415.jpg,two_row_car,36B0877,613A43A,7,0,0.0,False,2,False,0.0,3714.893,2930928
one_row/1_3052_1_36A38191_241_260_533_319.jpg,one_row,36A38191,36A38191,8,8,1.0,True,1,True,0.0,186.508,3349632
one_row/3_3111_1_36C20649_23_254_626_374.jpg,one_row,36C20649,36C20649,8,8,1.0,True,1,False,0.0,519.964,3349632
one_row/1_3660_1_36C00196_42_289_489_375.jpg,one_row,36C00196,36C00196,8,8,1.0,True,1,True,0.0,274.941,3349632
two_rows_label_xe_may/6_2153_0_99c124273_410_93_546_200.jpg,two_row_motorcycle,99C124273,99C124273,9,9,1.0,True,2,True,0.0,2188.121,3768336
two_rows/7_1331_0_36A43219_142_237_209_305.jpg,two_row_car,36A43219,36A43219,8,8,1.0,True,2,False,0.0,3949.468,3349632
one_row/4_3136_1_36C24920_122_225_496_288.jpg,one_row,36C24920,36C24920,8,8,1.0,True,1,True,0.0,1115.094,3349632
two_rows_label_xe_may/9_1712_0_17B700239_403_9_576_161.jpg,two_row_motorcycle,17B700239,17B700233,9,8,0.8888888888888888,False,2,False,0.0,3695.481,3768336
one_row/5_3091_1_36B02253_189_247_518_309.jpg,one_row,36B02253,36B02253,8,8,1.0,True,1,True,0.747,445.318,3349632
two_rows/5_3826_0_36C28613_207_211_451_333.jpg,two_row_car,36C28613,6C286139,8,0,0.0,False,2,True,0.0,832.932,3349632
one_row/3_1883_1_36A14962_136_211_535_279.jpg,one_row,36A14962,29A14962,8,6,0.75,False,1,True,0.0,1384.899,3349632
two_rows_label_xe_may/3_415_0_29B185939_454_188_583_324.jpg,two_row_motorcycle,29B185939,2895B9139,9,3,0.3333333333333333,False,1,False,0.0,6292.799,3768336
two_rows_label_xe_may/9_3706_0_25f29966_292_184_422_303.jpg,two_row_motorcycle,25F29966,19922229,8,1,0.125,False,1,False,0.0,8065.889,3349632
one_row/1_2369_1_36A06206_10_100_610_193.jpg,one_row,36A06206,36A06206,8,8,1.0,True,1,True,0.0,225.921,3349632
two_rows_label_xe_may/6_2123_0_29l163045_308_51_451_171.jpg,two_row_motorcycle,29L163045,239112221,9,2,0.2222222222222222,False,1,False,0.0,8857.654,3768336
one_row/2_1047_1_36A39404_162_301_467_348.jpg,one_row,36A39404,36A39404,8,8,1.0,True,1,False,0.0,821.113,3349632
one_row/6_1698_1_24B00790_156_158_491_221.jpg,one_row,24B00790,24B00790,8,8,1.0,True,1,False,0.0,2434.064,3349632
two_rows/1_100_0_29S4719_491_242_551_317.jpg,two_row_car,29S4719,2954719,7,6,0.8571428571428571,False,2,True,0.0,7489.037,2930928
two_rows/6_292_0_36A05370_447_199_514_278.jpg,two_row_car,36A05370,36A05370,8,8,1.0,True,2,False,0.0,2884.718,3349632
one_row/3_1899_1_36A16090_120_251_550_338.jpg,one_row,36A16090,36A16090,8,8,1.0,True,1,False,0.0,581.943,3349632
one_row/9_1821_1_36B02102_63_150_519_271.jpg,one_row,36B02102,36B02162,8,7,0.875,False,1,False,0.0,610.026,3349632
one_row/1_1768_1_36LD00299_129_346_263_399.jpg,one_row,36LD00299,36L000299,9,8,0.8888888888888888,False,1,False,0.0,699.987,3768336
one_row/3_3093_1_36C20500_19_365_584_448.jpg,one_row,36C20500,36C205M9,8,6,0.75,False,1,True,0.0,4796.262,3349632
one_row/5_4115_1_36N1483_41_181_497_280.jpg,one_row,36N1483,36N1483,7,7,1.0,True,1,False,0.0,136.336,2930928
one_row/4_2990_1_36C16556_83_198_565_288.jpg,one_row,36C16556,36C16556,8,8,1.0,True,1,True,0.0,837.68,3349632
two_rows/1_1070_0_36A38747_211_244_279_299.jpg,two_row_car,36A38747,36A38747,8,8,1.0,True,2,True,0.0,1369.598,3349632
one_row/6_3257_1_36C07958_57_192_595_314.jpg,one_row,36C07958,36C07958,8,8,1.0,True,1,False,0.0,433.246,3349632
one_row/3_2705_1_36C01959_82_250_527_342.jpg,one_row,36C01959,36C01953,8,7,0.875,False,1,True,0.826,692.558,3349632
one_row/1_2071_1_29B40930_178_301_524_359.jpg,one_row,29B40930,29B40930,8,8,1.0,True,1,True,0.0,954.632,3349632
two_rows/6_14_0_20A11463_136_310_202_379.jpg,two_row_car,20A11463,20A11463,8,8,1.0,True,2,False,0.0,3513.312,3349632
one_row/6_3613_1_36C28868_64_194_544_283.jpg,one_row,36C28868,36C28868,8,8,1.0,True,1,True,0.0,622.078,3349632
one_row/8_1592_1_36A43772_125_165_556_245.jpg,one_row,36A43772,36A43772,8,8,1.0,True,1,True,0.0,921.681,3349632
two_rows/9_413_0_36A43783_453_297_511_361.jpg,two_row_car,36A43783,36A43783,8,8,1.0,True,2,False,0.0,2914.184,3349632
one_row/1_2588_1_36A15832_36_275_604_338.jpg,one_row,36A15832,36A15832,8,8,1.0,True,1,False,0.0,219.134,3349632
two_rows_label_xe_may/1_300_0_29x732707_167_137_297_252.jpg,two_row_motorcycle,29X732707,914732107,9,5,0.5555555555555556,False,2,False,0.0,1962.666,3768336
two_rows/7_1532_0_36B01422_218_306_263_353.jpg,two_row_car,36B01422,36B61422,8,7,0.875,False,2,False,0.0,3027.512,3349632
two_rows_label_xe_may/4_1059_0_30f41891_225_22_350_122.jpg,two_row_motorcycle,30F41891,01429199,8,1,0.125,False,2,True,0.0,9455.586,3349632
one_row/3_1856_1_36A13526_151_260_506_321.jpg,one_row,36A13526,36A13526,8,8,1.0,True,1,True,0.0,1207.219,3349632
one_row/9_1828_1_36B02395_121_185_523_268.jpg,one_row,36B02395,36B02395,8,8,1.0,True,1,True,0.0,443.794,3349632
two_rows/3_437_0_36A21413_423_230_489_290.jpg,two_row_car,36A21413,36A21413,8,8,1.0,True,2,False,0.0,2632.776,3349632
two_rows/4_295_0_36A13781_83_179_150_248.jpg,two_row_car,36A13781,36A23781,8,7,0.875,False,2,False,0.0,3144.361,3349632
one_row/2_1678_1_82A02089_148_218_528_263.jpg,one_row,82A02089,82A02089,8,8,1.0,True,1,False,0.0,1466.153,3349632
one_row/5_2370_1_36A21810_84_225_547_288.jpg,one_row,36A21810,36A21810,8,8,1.0,True,1,False,0.0,699.007,3349632
two_rows/7_291_0_36A08186_155_217_200_268.jpg,two_row_car,36A08186,36A08186,8,8,1.0,True,2,False,0.0,3536.634,3349632
two_rows/3_1243_0_36C28138_214_388_250_422.jpg,two_row_car,36C28138,36C28138,8,8,1.0,True,2,False,0.0,9369.3,3349632
one_row/9_2099_1_36C21999_148_219_521_302.jpg,one_row,36C21999,36C21999,8,8,1.0,True,1,False,0.0,1516.71,3349632
one_row/6_1752_1_29B08656_116_229_548_306.jpg,one_row,29B08656,29B08656,8,8,1.0,True,1,False,0.0,1445.968,3349632
two_rows/9_132_0_36A09063_445_224_509_290.jpg,two_row_car,36A09063,36A09063,8,8,1.0,True,2,False,0.0,1998.434,3349632
two_rows/7_188_0_36A01094_158_202_209_255.jpg,two_row_car,36A01094,36A01094,8,8,1.0,True,2,False,0.0,1554.833,3349632
one_row/6_2850_1_36A42366_126_182_495_242.jpg,one_row,36A42366,36A42366,8,8,1.0,True,1,True,0.0,1306.292,3349632
one_row/3_3297_1_36C27988_89_231_546_304.jpg,one_row,36C27988,36C27988,8,8,1.0,True,1,True,0.0,554.681,3349632
one_row/1_2091_1_29C35134_110_236_539_325.jpg,one_row,29C35134,29C35134,8,8,1.0,True,1,True,0.0,804.12,3349632
two_rows/7_282_0_36A08001_138_201_204_266.jpg,two_row_car,36A08001,36A08001,8,8,1.0,True,2,False,0.0,3926.059,3349632
two_rows/4_355_0_36A19347_102_229_160_295.jpg,two_row_car,36A19347,36A19347,8,8,1.0,True,2,False,0.0,2982.608,3349632
two_rows_label_xe_may/4_782_0_17B629560_454_14_583_142.jpg,two_row_motorcycle,17B629560,17B629560,9,9,1.0,True,2,False,0.0,4550.112,3768336
two_rows_label_xe_may/3_436_0_99V11288_562_154_636_291.jpg,two_row_motorcycle,99V11288,91921818,8,3,0.375,False,1,True,0.0,5066.038,3349632
two_rows/1_1901_0_37A10088_462_224_534_302.jpg,two_row_car,37A10088,37A10088,8,8,1.0,True,2,False,0.0,2221.463,3349632
one_row/6_3486_1_36C21736_62_225_526_301.jpg,one_row,36C21736,36C21736,8,8,1.0,True,1,False,0.0,579.405,3349632
one_row/6_4049_1_89C03513_47_207_559_296.jpg,one_row,89C03513,89C03513,8,8,1.0,True,1,False,0.0,627.939,3349632
one_row/5_2242_1_36A12703_121_191_491_254.jpg,one_row,36A12703,36A12703,8,8,1.0,True,1,True,0.0,915.322,3349632
one_row/5_3608_1_36C17643_77_194_557_283.jpg,one_row,36C17643,36C17643,8,8,1.0,True,1,True,0.0,1097.62,3349632
one_row/6_2828_1_36A42298_138_183_465_246.jpg,one_row,36A42298,36A42298,8,8,1.0,True,1,True,0.217,1135.293,3349632
one_row/8_2184_1_36LD00092_108_269_500_339.jpg,one_row,36LD00092,36LD00092,9,9,1.0,True,1,False,0.0,1611.882,3768336
one_row/1_4341_1_36N3971_140_226_557_286.jpg,one_row,36N3971,36N3971,7,7,1.0,True,1,True,0.0,2373.587,2930928
one_row/7_3494_1_36A42914_161_253_497_308.jpg,one_row,36A42914,36A42914,8,8,1.0,True,1,True,0.0,2037.356,3349632
one_row/6_1688_1_17C04722_28_195_615_283.jpg,one_row,17C04722,17C04722,8,8,1.0,True,1,False,0.0,661.741,3349632
two_rows/4_374_0_36A20707_75_211_125_275.jpg,two_row_car,36A20707,336AC707,8,4,0.5,False,2,True,0.0,6617.469,3349632
two_rows_label_xe_may/1_410_0_29g174621_261_88_416_217.jpg,two_row_motorcycle,29G174621,92E219911,9,1,0.1111111111111111,False,1,True,0.0,2601.857,3768336
one_row/5_2502_1_36A23818_86_198_563_306.jpg,one_row,36A23818,36A23818,8,8,1.0,True,1,False,0.0,1345.017,3349632
two_rows_label_xe_may/9_1783_0_29M162419_181_2_330_119.jpg,two_row_motorcycle,29M162419,29M162419,9,9,1.0,True,2,True,0.0,2233.289,3768336
two_rows/1_1714_0_36C39194_129_283_192_352.jpg,two_row_car,36C39194,36A39194,8,7,0.875,False,2,False,0.0,7410.155,3349632
two_rows/3_3656_0_36R01274_202_89_427_235.jpg,two_row_car,36R01274,36R01274,8,8,1.0,True,2,True,0.0,841.683,3349632
one_row/6_3606_1_36C28765_23_171_543_279.jpg,one_row,36C28765,36C28765,8,8,1.0,True,1,False,0.0,241.736,3349632
two_rows_label_xe_may/9_3446_0_37b134889_396_115_524_228.jpg,two_row_motorcycle,37B134889,37B134889,9,9,1.0,True,2,False,0.0,4171.154,3768336
one_row/8_2293_1_37A23567_145_225_545_291.jpg,one_row,37A23567,37A23567,8,8,1.0,True,1,True,0.0,1474.193,3349632
two_rows/1_795_0_36A38050_94_207_163_281.jpg,two_row_car,36A38050,36A38050,8,8,1.0,True,2,False,0.0,2741.393,3349632
two_rows_label_xe_may/5_1770_0_29m144165_245_32_382_140.jpg,two_row_motorcycle,29M144165,332116121,9,2,0.2222222222222222,False,1,True,0.0,9897.614,3768336
two_rows/9_898_0_36C20743_160_394_204_439.jpg,two_row_car,36C20743,36C20743,8,8,1.0,True,2,False,0.0,2900.89,3349632
two_rows/7_260_0_36A06555_159_303_216_365.jpg,two_row_car,36A06555,36A06555,8,8,1.0,True,2,False,0.0,1565.107,3349632
one_row/4_2490_1_36B00938_97_199_550_288.jpg,one_row,36B00938,36B00938,8,8,1.0,True,1,True,0.0,1159.067,3349632
one_row/3_1711_1_36A05530_56_206_569_309.jpg,one_row,36A05530,36A05530,8,8,1.0,True,1,True,0.0,795.686,3349632
two_rows/9_88_0_36A01810_131_199_191_264.jpg,two_row_car,36A01810,36A01810,8,8,1.0,True,2,False,0.0,5632.41,3349632
two_rows_label_xe_may/6_1147_0_29V737379_489_42_605_151.jpg,two_row_motorcycle,29V737379,29V737379,9,9,1.0,True,2,False,0.0,5940.768,3768336
one_row/7_3901_1_36B02824_112_225_496_301.jpg,one_row,36B02824,36B02824,8,8,1.0,True,1,True,0.0,362.705,3349632
one_row/4_1730_1_36A12513_95_244_497_328.jpg,one_row,36A12513,36A12513,8,8,1.0,True,1,True,0.0,522.386,3349632
two_rows/4_682_0_36A40604_91_202_152_276.jpg,two_row_car,36A40604,36A40604,8,8,1.0,True,2,True,0.0,6953.018,3349632
one_row/1_2621_1_36A17837_49_190_620_291.jpg,one_row,36A17837,36A17037,8,7,0.875,False,1,True,0.0,359.387,3349632
one_row/7_1362_1_36A43259_98_275_176_334.jpg,one_row,36A43259,36A43259,8,8,1.0,True,1,True,0.0,1591.454,3349632
two_rows_label_xe_may/7_1373_0_19M115077_405_5_547_126.jpg,two_row_motorcycle,19M115077,19M115077,9,9,1.0,True,2,False,0.0,5428.848,3768336
two_rows/7_2536_0_36A04275_195_191_415_292.jpg,two_row_car,36A04275,36A04275,8,8,1.0,True,2,False,0.0,552.026,3349632
two_rows/8_873_0_36LD00092_136_301_192_369.jpg,two_row_car,36LD00092,36L000092,9,8,0.8888888888888888,False,2,False,0.0,1503.053,3768336
one_row/7_2635_1_36A08816_140_251_496_317.jpg,one_row,36A08816,36A08816,8,8,1.0,True,1,True,0.0,1028.23,3349632
two_rows/2_375_0_36B01583_161_338_195_375.jpg,two_row_car,36B01583,36B01583,8,8,1.0,True,2,False,0.0,3831.811,3349632
one_row/9_1295_1_36A15545_75_193_521_262.jpg,one_row,36A15545,36A15545,8,8,1.0,True,1,False,0.0,1465.487,3349632
one_row/9_1285_1_36A15124_117_218_483_287.jpg,one_row,36A15124,36A15124,8,8,1.0,True,1,False,0.0,448.702,3349632
two_rows_label_xe_may/8_2874_0_30m16014_268_136_423_267.jpg,two_row_motorcycle,30M16014,20019029,8,3,0.375,False,1,False,0.0,5624.2,3349632
one_row/4_1529_1_34C04288_88_248_505_323.jpg,one_row,34C04288,34C04288,8,8,1.0,True,1,True,0.0,1092.029,3349632
one_row/1_2240_1_31F1683_11_168_633_295.jpg,one_row,31F1683,31F1683,7,7,1.0,True,1,False,0.0,700.65,2930928
two_rows/6_995_0_36A42236_497_207_551_274.jpg,two_row_car,36A42236,36A42236,8,8,1.0,True,2,True,0.0,5579.371,3349632
one_row/6_2352_1_36A23774_72_182_550_261.jpg,one_row,36A23774,36A23774,8,8,1.0,True,1,True,0.451,1771.506,3349632
one_row/8_2085_1_36C29768_131_243_488_312.jpg,one_row,36C29768,36C29768,8,8,1.0,True,1,True,0.0,996.023,3349632
one_row/4_2312_1_36A40642_144_225_535_313.jpg,one_row,36A40642,36A40642,8,8,1.0,True,1,True,0.0,1572.409,3349632
one_row/9_1373_1_36A25407_109_244_509_317.jpg,one_row,36A25407,36A25407,8,8,1.0,True,1,True,0.0,1006.393,3349632
two_rows_label_xe_may/6_1131_0_89F120844_379_82_508_218.jpg,two_row_motorcycle,89F120844,89F120844,9,9,1.0,True,2,False,0.0,4416.65,3768336
one_row/6_2339_1_36A23717_122_249_547_330.jpg,one_row,36A23717,36A23717,8,8,1.0,True,1,False,0.0,692.145,3349632
two_rows/3_891_0_36A40237_436_237_503_306.jpg,two_row_car,36A40237,36A40237,8,8,1.0,True,2,False,0.0,2758.679,3349632
one_row/6_3163_1_36C04251_53_196_541_262.jpg,one_row,36C04251,36C04251,8,8,1.0,True,1,True,0.0,311.548,3349632
one_row/7_4402_1_36C20923_127_225_487_297.jpg,one_row,36C20923,36C20923,8,8,1.0,True,1,False,0.0,776.253,3349632
one_row/5_3189_1_36C00867_55_215_555_264.jpg,one_row,36C00867,36000967,8,6,0.75,False,1,False,0.0,606.538,3349632
one_row/2_1643_1_36N4445_158_307_472_365.jpg,one_row,36N4445,36N4445,7,7,1.0,True,1,True,0.83,3300.914,2930928
one_row/6_2716_1_36A42056_119_196_502_277.jpg,one_row,36A42056,36A42056,8,8,1.0,True,1,True,1.169,1002.407,3349632
one_row/3_2351_1_36A39841_198_257_502_336.jpg,one_row,36A39841,36A39841,8,8,1.0,True,1,False,0.0,622.895,3349632
one_row/5_3006_1_36B00281_41_192_569_264.jpg,one_row,36B00281,36B00281,8,8,1.0,True,1,True,0.0,346.359,3349632
two_rows_label_xe_may/7_1517_0_29Z136342_452_50_559_169.jpg,two_row_motorcycle,29Z136342,292136342,9,8,0.8888888888888888,False,2,False,0.0,4735.205,3768336
one_row/5_3890_1_36C28834_161_348_486_409.jpg,one_row,36C28834,36C28834,8,8,1.0,True,1,True,0.0,1819.538,3349632
two_rows/6_1272_0_36C11533_399_355_452_418.jpg,two_row_car,36C11533,36C11533,8,8,1.0,True,2,False,0.0,6650.048,3349632
one_row/4_3301_1_36C28570_157_201_477_264.jpg,one_row,36C28570,36C28570,8,8,1.0,True,1,True,0.0,3681.854,3349632
two_rows/6_321_0_36A07182_382_261_454_322.jpg,two_row_car,36A07182,36A07182,8,8,1.0,True,2,False,0.0,3296.867,3349632
one_row/5_2408_1_36A22726_143_216_496_288.jpg,one_row,36A22726,36A22726,8,8,1.0,True,1,True,0.0,1211.89,3349632
one_row/8_1323_1_36A15912_97_250_501_320.jpg,one_row,36A15912,36A15912,8,8,1.0,True,1,True,0.0,362.836,3349632
two_rows/7_280_0_36A07949_108_241_169_303.jpg,two_row_car,36A07949,36A07949,8,8,1.0,True,2,False,0.0,4137.106,3349632
one_row/1_2770_1_36A24803_53_235_559_292.jpg,one_row,36A24803,6A248033,8,1,0.125,False,1,False,0.0,553.27,3349632
one_row/3_2251_1_36A39603_106_214_502_286.jpg,one_row,36A39603,36A39603,8,8,1.0,True,1,True,1.621,433.627,3349632
one_row/6_2354_1_36A23787_184_241_487_304.jpg,one_row,36A23787,36A23787,8,8,1.0,True,1,True,0.632,2171.318,3349632
one_row/4_3140_1_36C25021_120_225_504_308.jpg,one_row,36C25021,36C25021,8,8,1.0,True,1,True,0.0,1080.577,3349632
one_row/7_889_1_36A42566_100_267_194_332.jpg,one_row,36A42566,36A42566,8,8,1.0,True,1,True,0.0,353.034,3349632
one_row/7_4705_1_36L7203_69_183_531_281.jpg,one_row,36L7203,36L7203,7,7,1.0,True,1,True,0.0,533.864,2930928
two_rows/7_182_0_36A00600_127_201_185_264.jpg,two_row_car,36A00600,36A00600,8,8,1.0,True,2,False,0.0,3879.578,3349632
two_rows_label_xe_may/4_697_0_99F100587_408_22_569_154.jpg,two_row_motorcycle,99F100587,99F100517,9,8,0.8888888888888888,False,2,True,0.0,1332.417,3768336
two_rows/3_323_0_36A13204_396_304_463_386.jpg,two_row_car,36A13204,13362A04,8,2,0.25,False,1,True,0.0,4906.806,3349632
two_rows/3_489_0_36A21949_472_311_532_387.jpg,two_row_car,36A21949,23169A49,8,2,0.25,False,1,True,0.0,3117.21,3349632
one_row/3_2386_1_36A39904_90_231_535_304.jpg,one_row,36A39904,36A39904,8,8,1.0,True,1,True,0.0,892.192,3349632
one_row/9_1320_1_36A21206_117_225_478_311.jpg,one_row,36A21206,36A21206,8,8,1.0,True,1,False,0.0,618.085,3349632
one_row/2_1192_1_36C02602_120_152_513_246.jpg,one_row,36C02602,36C02602,8,8,1.0,True,1,True,0.0,678.931,3349632
one_row/1_3220_1_36A38602_57_229_596_300.jpg,one_row,36A38602,36A38602,8,8,1.0,True,1,True,0.0,689.242,3349632
two_rows/5_611_0_36A23441_124_324_187_396.jpg,two_row_car,36A23441,23364A41,8,2,0.25,False,1,False,0.0,3656.784,3349632
one_row/5_3724_1_36C23170_74_187_565_288.jpg,one_row,36C23170,36C23170,8,8,1.0,True,1,True,0.0,183.799,3349632
one_row/4_2998_1_36C16799_122_205_488_268.jpg,one_row,36C16799,36C16799,8,8,1.0,True,1,True,0.322,1780.578,3349632
two_rows/8_64_0_29N8303_235_270_312_333.jpg,two_row_car,29N8303,29N8303,7,7,1.0,True,2,True,0.0,2532.979,2930928
one_row/5_2667_1_36A41004_137_195_506_255.jpg,one_row,36A41004,36A41004,8,8,1.0,True,1,False,0.0,1931.192,3349632
one_row/3_2115_1_36A38516_35_209_592_297.jpg,one_row,36A38516,36A38516,8,8,1.0,True,1,False,0.0,269.451,3349632
one_row/4_2262_1_36A40523_118_180_539_267.jpg,one_row,36A40523,36A40523,8,8,1.0,True,1,False,0.0,2335.475,3349632
one_row/9_1604_1_36A43986_103_264_452_341.jpg,one_row,36A43986,36A43986,8,8,1.0,True,1,True,0.0,1137.153,3349632
two_rows/8_208_0_36A08788_488_273_553_340.jpg,two_row_car,36A08788,36A08788,8,8,1.0,True,2,False,0.0,6883.132,3349632
one_row/7_3200_1_36A42364_75_183_578_276.jpg,one_row,36A42364,36A42364,8,8,1.0,True,1,False,0.0,470.129,3349632
one_row/9_2081_1_36C18449_97_226_524_309.jpg,one_row,36C18449,36C18449,8,8,1.0,True,1,True,0.0,1875.237,3349632
one_row/7_2581_1_36A07006_123_249_533_328.jpg,one_row,36A07006,36A07006,8,8,1.0,True,1,True,0.516,1371.235,3349632
one_row/3_1920_1_36A18926_76_160_572_229.jpg,one_row,36A18926,36A18926,8,8,1.0,True,1,True,0.0,901.98,3349632
two_rows/1_4081_0_36C27452_162_267_414_396.jpg,two_row_car,36C27452,36C27452,8,8,1.0,True,2,True,0.415,463.584,3349632
two_rows/9_514_0_36A43965_77_297_129_369.jpg,two_row_car,36A43965,433366A5,8,1,0.125,False,1,True,0.0,1971.356,3349632
one_row/6_2751_1_36A42117_160_262_521_329.jpg,one_row,36A42117,36A42117,8,8,1.0,True,1,False,0.0,1631.649,3349632
one_row/6_1857_1_30A50558_68_188_567_272.jpg,one_row,30A50558,30A50558,8,8,1.0,True,1,True,0.818,1245.849,3349632
two_rows/6_560_0_36A23547_401_343_470_412.jpg,two_row_car,36A23547,36A23547,8,8,1.0,True,2,False,0.0,5474.458,3349632
one_row/5_3488_1_36C12232_79_197_569_291.jpg,one_row,36C12232,36C12232,8,8,1.0,True,1,False,0.0,637.605,3349632
one_row/5_3577_1_36C16958_106_225_515_280.jpg,one_row,36C16958,36C16958,8,8,1.0,True,1,True,0.0,1175.94,3349632
one_row/7_1229_1_36A43049_470_280_547_346.jpg,one_row,36A43049,36A43049,8,8,1.0,True,1,True,0.0,1527.002,3349632
one_row/4_1880_1_36A21988_64_178_606_288.jpg,one_row,36A21988,36A21988,8,8,1.0,True,1,True,0.0,796.171,3349632
one_row/3_2742_1_36C03513_98_211_502_285.jpg,one_row,36C03513,36C03513,8,8,1.0,True,1,False,0.0,1085.913,3349632
one_row/1_3495_1_36B00193_159_253_437_332.jpg,one_row,36B00193,36B00193,8,8,1.0,True,1,False,0.0,290.617,3349632
one_row/7_1116_1_36A42874_87_254_173_312.jpg,one_row,36A42874,36A42874,8,8,1.0,True,1,False,0.0,2521.822,3349632
one_row/5_2211_1_36A09973_133_170_475_233.jpg,one_row,36A09973,36A09973,8,8,1.0,True,1,True,0.0,1449.093,3349632
two_rows_label_xe_may/9_3487_0_99d107306_252_42_367_138.jpg,two_row_motorcycle,99D107306,210119021,9,1,0.1111111111111111,False,1,True,0.0,6757.972,3768336
one_row/2_899_1_36A21022_153_199_575_284.jpg,one_row,36A21022,36A21022,8,8,1.0,True,1,True,0.0,1305.679,3349632
one_row/1_1996_1_18N3212_136_210_513_270.jpg,one_row,18N3212,18N3212,7,7,1.0,True,1,True,0.308,520.158,2930928
one_row/1_2063_1_29B09514_229_270_479_325.jpg,one_row,29B09514,29B09514,8,8,1.0,True,1,True,0.0,92.461,3349632
one_row/1_3674_1_36C01792_166_316_499_365.jpg,one_row,36C01792,36C01792,8,8,1.0,True,1,True,0.0,1593.099,3349632
one_row/4_2363_1_36A40783_117_167_517_263.jpg,one_row,36A40783,36A40783,8,8,1.0,True,1,True,0.0,1214.24,3349632
one_row/3_1241_1_36C28119_142_311_226_365.jpg,one_row,36C28119,36C2B113,8,6,0.75,False,1,False,0.0,3396.373,3349632
one_row/3_3349_1_36C28240_89_215_531_300.jpg,one_row,36C28240,36C28240,8,8,1.0,True,1,True,0.483,1003.338,3349632
two_rows/4_172_0_36A03873_370_262_440_325.jpg,two_row_car,36A03873,36A03873,8,8,1.0,True,2,False,0.0,5745.337,3349632
two_rows/3_296_0_36A11015_421_242_482_295.jpg,two_row_car,36A11015,36A11015,8,8,1.0,True,2,False,0.0,7580.577,3349632
two_rows_label_xe_may/1_130_0_30n74892_409_104_543_205.jpg,two_row_motorcycle,30N74892,30N73489,8,4,0.5,False,2,True,0.0,1870.185,3349632
one_row/5_2540_1_36A28237_144_194_499_257.jpg,one_row,36A28237,36A28237,8,8,1.0,True,1,True,0.248,2057.816,3349632
one_row/5_2261_1_36A13858_113_186_500_249.jpg,one_row,36A13858,36A13858,8,8,1.0,True,1,True,0.365,350.879,3349632
one_row/3_1912_1_36A18550_83_204_602_280.jpg,one_row,36A18550,36A18550,8,8,1.0,True,1,False,0.0,377.677,3349632
two_rows/1_1902_0_37A11466_468_282_526_346.jpg,two_row_car,37A11466,37A11466,8,8,1.0,True,2,False,0.0,4403.365,3349632
one_row/3_3595_1_36N2345_43_181_583_248.jpg,one_row,36N2345,36N2345,7,7,1.0,True,1,False,0.0,1122.758,2930928
one_row/6_1689_1_17C10637_79_227_613_315.jpg,one_row,17C10637,17C10637,8,8,1.0,True,1,True,0.509,955.549,3349632
one_row/7_3064_1_36A30093_135_183_562_266.jpg,one_row,36A30093,36A30093,8,8,1.0,True,1,False,0.0,891.75,3349632
two_rows_label_xe_may/6_1991_0_29z65567_253_54_401_167.jpg,two_row_motorcycle,29Z65567,1E313726,8,0,0.0,False,1,True,0.0,1772.217,3349632
two_rows_label_xe_may/6_2232_0_29v732124_242_46_375_147.jpg,two_row_motorcycle,29V732124,219722192,9,4,0.4444444444444444,False,2,True,0.0,3528.461,3768336
two_rows/4_527_0_36A39744_497_239_553_307.jpg,two_row_car,36A39744,36A39744,8,8,1.0,True,2,True,0.0,4502.559,3349632
two_rows/9_820_0_36C00302_190_309_251_366.jpg,two_row_car,36C00302,36C00302,8,8,1.0,True,2,False,0.0,3347.765,3349632
one_row/5_3829_1_36C28630_116_158_515_229.jpg,one_row,36C28630,36C28630,8,8,1.0,True,1,True,0.569,2047.908,3349632
one_row/7_2715_1_36A12950_77_228_581_303.jpg,one_row,36A12950,36A12950,8,8,1.0,True,1,False,0.0,408.355,3349632
two_rows_label_xe_may/5_1715_0_20b175143_246_69_386_186.jpg,two_row_motorcycle,20B175143,122113831,9,1,0.1111111111111111,False,1,False,0.0,7634.18,3768336
one_row/4_1092_1_36C21057_110_304_190_351.jpg,one_row,36C21057,36C21057,8,8,1.0,True,1,True,0.0,5008.838,3349632
one_row/8_2267_1_36N3470_96_207_536_288.jpg,one_row,36N3470,36N3470,7,7,1.0,True,1,False,0.0,747.082,2930928
one_row/7_3065_1_36A30128_88_248_540_331.jpg,one_row,36A30128,36A30128,8,8,1.0,True,1,True,0.69,1345.663,3349632
one_row/8_1534_1_36A43564_118_204_501_261.jpg,one_row,36A43564,36A43564,8,8,1.0,True,1,True,0.705,1174.721,3349632
two_rows/2_396_0_36B02718_75_293_107_336.jpg,two_row_car,36B02718,3B122718,8,5,0.625,False,2,False,0.0,10087.486,3349632
one_row/5_3432_1_36C11138_149_225_528_288.jpg,one_row,36C11138,36C11138,8,8,1.0,True,1,False,0.0,1059.831,3349632
two_rows/1_1369_0_36B02460_174_317_218_357.jpg,two_row_car,36B02460,36B02460,8,8,1.0,True,2,False,0.0,15609.63,3349632
two_rows/3_3101_0_36C20570_175_178_471_289.jpg,two_row_car,36C20570,36C20570,8,8,1.0,True,2,True,0.707,1789.673,3349632
one_row/3_3152_1_36C20984_65_236_520_314.jpg,one_row,36C20984,36C20984,8,8,1.0,True,1,True,0.0,1174.628,3349632
one_row/5_2777_1_36A41193_140_327_473_395.jpg,one_row,36A41193,36A41193,8,8,1.0,True,1,True,0.0,2668.495,3349632
one_row/1_2487_1_36A12219_63_159_547_231.jpg,one_row,36A12219,36A12219,8,8,1.0,True,1,True,0.129,870.898,3349632
one_row/6_3263_1_36C08929_118_250_522_313.jpg,one_row,36C08929,36C08929,8,8,1.0,True,1,True,0.514,586.644,3349632
two_rows_label_xe_may/2_166_0_29X39637_352_28_499_155.jpg,two_row_motorcycle,29X39637,29T33631,8,5,0.625,False,2,False,0.0,3794.997,3349632
one_row/3_2481_1_36A40156_97_247_583_319.jpg,one_row,36A40156,36A40156,8,8,1.0,True,1,True,0.0,1204.289,3349632
two_rows_label_xe_may/5_899_0_19M115077_417_6_571_126.jpg,two_row_motorcycle,19M115077,19M115077,9,9,1.0,True,2,True,0.0,5128.642,3768336
one_row/4_1545_1_36A00094_178_225_517_296.jpg,one_row,36A00094,36A00094,8,8,1.0,True,1,True,0.0,324.508,3349632
two_rows_label_xe_may/6_1095_0_34F122319_441_26_591_171.jpg,two_row_motorcycle,34F122319,34F122319,9,9,1.0,True,2,False,0.0,4113.411,3768336
two_rows/8_436_0_36A42945_154_230_218_301.jpg,two_row_car,36A42945,36A42945,8,8,1.0,True,2,False,0.0,2331.244,3349632
one_row/7_4524_1_36C28996_181_247_519_332.jpg,one_row,36C28996,36C28996,8,8,1.0,True,1,False,0.0,1285.674,3349632
one_row/2_790_1_36A11264_72_209_558_264.jpg,one_row,36A11264,36A11264,8,8,1.0,True,1,False,0.0,688.075,3349632
one_row/5_3383_1_36C07798_41_231_587_334.jpg,one_row,36C07798,36C07798,8,8,1.0,True,1,True,0.0,526.843,3349632
two_rows/4_1292_0_57L6410_122_261_166_306.jpg,two_row_car,57L6410,57L6410,7,7,1.0,True,2,False,0.0,4707.892,2930928
two_rows/4_836_0_36B00755_141_299_178_342.jpg,two_row_car,36B00755,36B00755,8,8,1.0,True,2,False,0.0,12288.357,3349632
one_row/5_4150_1_36N3668_102_188_540_272.jpg,one_row,36N3668,36N3668,7,7,1.0,True,1,True,0.0,573.522,2930928
one_row/3_1756_1_36A07348_117_242_579_316.jpg,one_row,36A07348,36A07348,8,8,1.0,True,1,True,0.0,955.88,3349632
two_rows/1_237_0_36A01419_372_268_441_336.jpg,two_row_car,36A01419,36A01419,8,8,1.0,True,2,False,0.0,7975.177,3349632
two_rows_label_xe_may/2_218_0_30L61669_386_23_521_125.jpg,two_row_motorcycle,30L61669,30L61669,8,8,1.0,True,2,False,0.0,5148.444,3349632
one_row/2_634_1_29C44993_108_202_535_288.jpg,one_row,29C44993,29C44993,8,8,1.0,True,1,False,0.0,1315.962,3349632
one_row/5_3106_1_36B02601_68_232_551_330.jpg,one_row,36B02601,36B02601,8,8,1.0,True,1,False,0.0,808.058,3349632
two_rows_label_xe_may/5_1621_0_29m154716_254_57_406_180.jpg,two_row_motorcycle,29M154716,22E111M21,9,2,0.2222222222222222,False,1,True,0.0,6710.763,3768336
one_row/7_2976_1_36A24708_65_268_489_335.jpg,one_row,36A24708,36A24708,8,8,1.0,True,1,True,0.0,362.874,3349632
one_row/3_3344_1_36C28226_126_232_544_290.jpg,one_row,36C28226,36C28226,8,8,1.0,True,1,True,0.0,1644.097,3349632
one_row/2_917_1_36A25055_102_210_521_265.jpg,one_row,36A25055,36A25055,8,8,1.0,True,1,True,0.0,1994.71,3349632
one_row/7_2840_1_36A19125_88_225_519_311.jpg,one_row,36A19125,36A19125,8,8,1.0,True,1,True,0.0,747.862,3349632
one_row/1_2182_1_30E35733_106_225_496_291.jpg,one_row,30E35733,30E35733,8,8,1.0,True,1,True,0.0,1250.264,3349632
one_row/5_2067_1_36A00724_102_135_562_213.jpg,one_row,36A00724,36A00724,8,8,1.0,True,1,True,0.0,961.869,3349632
two_rows_label_xe_may/1_38_0_29t172977_295_22_401_105.jpg,two_row_motorcycle,29T172977,722997371,9,1,0.1111111111111111,False,1,True,0.0,3502.399,3768336
two_rows_label_xe_may/9_1735_0_18F103436_336_142_507_290.jpg,two_row_motorcycle,18F103436,1083A4136,9,3,0.3333333333333333,False,1,False,0.0,2372.267,3768336
two_rows/7_222_0_36A02792_129_210_188_262.jpg,two_row_car,36A02792,36A02792,8,8,1.0,True,2,False,0.0,2426.401,3349632
two_rows/9_601_0_36A44168_415_280_473_342.jpg,two_row_car,36A44168,36A44168,8,8,1.0,True,2,False,0.0,9349.548,3349632
one_row/7_4048_1_36C03994_163_225_477_302.jpg,one_row,36C03994,36C03994,8,8,1.0,True,1,True,0.0,638.947,3349632
one_row/1_2426_1_36A08509_163_225_520_268.jpg,one_row,36A08509,36A08509,8,8,1.0,True,1,False,0.0,2662.045,3349632
two_rows/7_298_0_36A08529_188_216_240_267.jpg,two_row_car,36A08529,36A08529,8,8,1.0,True,2,False,0.0,3018.194,3349632
one_row/4_3485_1_36M8723_111_203_550_276.jpg,one_row,36M8723,36M8723,7,7,1.0,True,1,True,0.0,574.864,2930928
two_rows/5_843_0_36A41121_461_223_524_292.jpg,two_row_car,36A41121,36A41121,8,8,1.0,True,2,False,0.0,2642.528,3349632
two_rows/6_514_0_36A20177_147_317_205_378.jpg,two_row_car,36A20177,36A20177,8,8,1.0,True,2,False,0.0,4970.482,3349632
two_rows/2_329_0_36A39417_108_185_185_271.jpg,two_row_car,36A39417,36A39417,8,8,1.0,True,2,False,0.0,2611.253,3349632
two_rows/1_1538_0_36C17710_442_279_489_320.jpg,two_row_car,36C17710,36C17710,8,8,1.0,True,2,False,0.0,6930.051,3349632
one_row/6_3191_1_36C05222_29_213_590_288.jpg,one_row,36C05222,36C05222,8,8,1.0,True,1,True,0.0,519.77,3349632
two_rows/6_1469_0_36D00838_179_304_230_357.jpg,two_row_car,36D00838,96C00838,8,6,0.75,False,2,False,0.0,5590.362,3349632
two_rows/7_92_0_29U8226_451_384_484_424.jpg,two_row_car,29U8226,2628243,7,3,0.42857142857142855,False,2,False,0.0,3167.121,2930928
two_rows_label_xe_may/5_1650_0_29x104617_258_71_397_187.jpg,two_row_motorcycle,29X104617,22E191171,9,2,0.2222222222222222,False,1,False,0.0,2036.259,3768336
two_rows/1_1576_0_36C25823_202_270_245_312.jpg,two_row_car,36C25823,36C25823,8,8,1.0,True,2,False,0.0,8318.427,3349632
two_rows/6_548_0_36A23196_377_233_441_290.jpg,two_row_car,36A23196,36A23196,8,8,1.0,True,2,False,0.0,6837.576,3349632
one_row/7_2875_1_36A22542_131_143_493_204.jpg,one_row,36A22542,36A22542,8,8,1.0,True,1,True,0.0,707.232,3349632
two_rows_label_xe_may/9_1730_0_29T145116_327_49_443_180.jpg,two_row_motorcycle,29T145116,29T145116,9,9,1.0,True,2,False,0.0,2769.319,3768336
one_row/4_3264_1_36C28438_124_214_521_288.jpg,one_row,36C28438,36C28438,8,8,1.0,True,1,False,0.0,2386.997,3349632
one_row/5_3651_1_36C21245_66_256_574_357.jpg,one_row,36C21245,36C21245,8,8,1.0,True,1,True,0.0,321.212,3349632
two_rows_label_xe_may/6_1898_0_90b259408_346_32_458_121.jpg,two_row_motorcycle,90B259408,290040929,9,0,0.0,False,1,True,0.0,7801.071,3768336
two_rows_label_xe_may/5_1737_0_17b426544_347_71_490_188.jpg,two_row_motorcycle,17B426544,22B114442,9,2,0.2222222222222222,False,1,True,0.0,8296.896,3768336
two_rows/7_1848_0_36C28210_189_356_235_399.jpg,two_row_car,36C28210,36C28210,8,8,1.0,True,2,False,0.0,3531.026,3349632
two_rows/8_249_0_36A13251_183_213_244_268.jpg,two_row_car,36A13251,36A13251,8,8,1.0,True,2,False,0.0,1734.416,3349632
one_row/7_3990_1_36C01786_137_225_496_286.jpg,one_row,36C01786,36C01786,8,8,1.0,True,1,True,0.0,1463.387,3349632
one_row/5_675_1_36A28728_442_218_540_280.jpg,one_row,36A28728,36A28728,8,8,1.0,True,1,True,0.0,5171.415,3349632
two_rows/7_4315_0_36C17568_218_225_404_337.jpg,two_row_car,36C17568,36C17568,8,8,1.0,True,2,True,0.849,1526.376,3349632
one_row/7_3012_1_36A25922_126_225_507_285.jpg,one_row,36A25922,36A25922,8,8,1.0,True,1,True,0.0,1644.581,3349632
two_rows_label_xe_may/1_248_0_29g147084_152_43_292_154.jpg,two_row_motorcycle,29G147084,229127192,9,3,0.3333333333333333,False,2,True,0.0,1785.062,3768336
two_rows_label_xe_may/2_813_0_29t113016_307_202_430_295.jpg,two_row_motorcycle,29T113016,291113016,9,8,0.8888888888888888,False,2,True,0.0,3353.116,3768336
one_row/5_3710_1_36C21772_145_225_468_272.jpg,one_row,36C21772,36C21772,8,8,1.0,True,1,True,0.0,607.908,3349632
one_row/2_969_1_36A39005_121_218_521_273.jpg,one_row,36A39005,36A39005,8,8,1.0,True,1,False,0.0,1728.219,3349632
one_row/1_4166_1_36D01088_162_254_546_328.jpg,one_row,36D01088,36D01088,8,8,1.0,True,1,False,0.0,559.64,3349632
two_rows/6_814_0_36A41772_137_260_190_323.jpg,two_row_car,36A41772,36A41772,8,8,1.0,True,2,False,0.0,2177.002,3349632
one_row/7_4471_1_36C24492_121_225_516_296.jpg,one_row,36C24492,36C24492,8,8,1.0,True,1,True,0.0,1078.132,3349632
one_row/3_2295_1_36A39720_58_237_597_307.jpg,one_row,36A39720,36A39720,8,8,1.0,True,1,False,0.0,547.835,3349632
two_rows_label_xe_may/9_3390_0_29n167797_267_71_420_193.jpg,two_row_motorcycle,29N167797,27E719371,9,1,0.1111111111111111,False,1,True,0.0,8588.941,3768336
two_rows/7_423_0_36A14638_119_188_178_254.jpg,two_row_car,36A14638,36A14638,8,8,1.0,True,2,False,0.0,1648.582,3349632
one_row/7_2905_1_36A24080_209_250_503_306.jpg,one_row,36A24080,36A24080,8,8,1.0,True,1,False,0.0,332.05,3349632
one_row/4_2259_1_36A40519_89_187_564_288.jpg,one_row,36A40519,36A40519,8,8,1.0,True,1,True,0.0,1588.182,3349632
one_row/5_3321_1_36C05330_36_224_571_325.jpg,one_row,36C05330,36C05330,8,8,1.0,True,1,True,0.0,905.914,3349632
two_rows/5_1786_0_36C17021_180_146_450_278.jpg,two_row_car,36C17021,36C17021,8,8,1.0,True,2,True,0.0,1476.501,3349632
one_row/4_2849_1_36C10529_102_238_516_331.jpg,one_row,36C10529,36C10529,8,8,1.0,True,1,False,0.0,946.554,3349632
two_rows/2_249_0_36A28345_482_326_539_407.jpg,two_row_car,36A28345,26863A45,8,3,0.375,False,1,True,0.0,7758.492,3349632
one_row/7_3026_1_36A27138_155_175_556_281.jpg,one_row,36A27138,36A27138,8,8,1.0,True,1,True,0.0,1310.219,3349632
one_row/2_1185_1_36C02017_44_197_587_300.jpg,one_row,36C02017,36C02017,8,8,1.0,True,1,False,0.0,302.416,3349632
one_row/4_2033_1_36A32032_144_304_484_367.jpg,one_row,36A32032,36A32032,8,8,1.0,True,1,True,0.0,1470.014,3349632
one_row/6_3170_1_36C04669_87_256_582_319.jpg,one_row,36C04669,36C04669,8,8,1.0,True,1,True,0.0,1274.212,3349632
two_rows_label_xe_may/8_3263_0_29l163045_332_57_462_161.jpg,two_row_motorcycle,29L163045,299112221,9,3,0.3333333333333333,False,1,True,0.0,9646.051,3768336
one_row/3_1874_1_36A14219_95_194_530_260.jpg,one_row,36A14219,36A14219,8,8,1.0,True,1,True,0.0,677.558,3349632
one_row/1_3300_1_36A38782_69_209_591_281.jpg,one_row,36A38782,36A38782,8,8,1.0,True,1,False,0.0,985.96,3349632
two_rows_label_xe_may/3_427_0_29M165479_306_22_431_128.jpg,two_row_motorcycle,29M165479,29M465479,9,8,0.8888888888888888,False,2,False,0.0,2156.186,3768336
one_row/4_3324_1_36C28750_86_224_583_322.jpg,one_row,36C28750,36C28750,8,8,1.0,True,1,True,0.0,672.504,3349632
two_rows_label_xe_may/2_454_0_90b123006_417_105_541_203.jpg,two_row_motorcycle,90B123006,90B123006,9,9,1.0,True,2,True,0.0,1805.545,3768336
one_row/4_1749_1_36A13536_97_226_576_329.jpg,one_row,36A13536,36A13536,8,8,1.0,True,1,True,0.0,893.713,3349632
one_row/6_3237_1_36C07445_108_229_558_292.jpg,one_row,36C07445,36C07445,8,8,1.0,True,1,True,0.0,1082.068,3349632
two_rows/8_129_0_35A05683_439_250_489_306.jpg,two_row_car,35A05683,35A05683,8,8,1.0,True,2,False,0.0,6743.173,3349632
two_rows_label_xe_may/6_2112_0_29z77581_311_33_459_151.jpg,two_row_motorcycle,29Z77581,99598217,8,1,0.125,False,1,True,0.0,2529.507,3349632
two_rows_label_xe_may/8_1574_0_38X131133_330_9_479_133.jpg,two_row_motorcycle,38X131133,38X131133,9,9,1.0,True,2,True,0.0,3965.897,3768336
two_rows_label_xe_may/4_1315_0_29g119827_293_79_451_205.jpg,two_row_motorcycle,29G119827,99E119991,9,4,0.4444444444444444,False,1,True,0.0,7601.237,3768336
one_row/5_3760_1_36C25304_44_219_624_322.jpg,one_row,36C25304,36C25304,8,8,1.0,True,1,False,0.0,669.379,3349632
two_rows/7_1291_0_36A43154_153_185_220_250.jpg,two_row_car,36A43154,36A43154,8,8,1.0,True,2,False,0.0,1559.407,3349632
one_row/1_2180_1_30E18086_127_203_553_266.jpg,one_row,30E18086,30E18086,8,8,1.0,True,1,False,0.0,2082.611,3349632
one_row/6_3541_1_36C22380_80_201_571_293.jpg,one_row,36C22380,36C22380,8,8,1.0,True,1,True,0.0,411.356,3349632
one_row/6_3445_1_36C17903_95_246_533_309.jpg,one_row,36C17903,36C17903,8,8,1.0,True,1,False,0.0,848.774,3349632
one_row/5_3387_1_36C07888_68_176_599_288.jpg,one_row,36C07888,3AC07888,8,7,0.875,False,1,True,0.0,188.292,3349632
one_row/3_1819_1_36A12680_90_241_570_311.jpg,one_row,36A12680,36A12680,8,8,1.0,True,1,True,0.0,565.323,3349632
one_row/2_869_1_36A17563_89_215_543_267.jpg,one_row,36A17563,36A17563,8,8,1.0,True,1,False,0.0,685.842,3349632
two_rows_label_xe_may/5_1686_0_29h58142_276_111_397_213.jpg,two_row_motorcycle,29H58142,19913223,8,1,0.125,False,1,False,0.0,3171.846,3349632
one_row/2_1087_1_36B00855_38_209_614_294.jpg,one_row,36B00855,36B00855,8,8,1.0,True,1,True,0.0,758.755,3349632
one_row/6_2754_1_36A42126_113_174_524_261.jpg,one_row,36A42126,36A42126,8,8,1.0,True,1,False,0.0,891.858,3349632
one_row/1_1473_1_36C09753_468_322_542_376.jpg,one_row,36C09753,36C09753,8,8,1.0,True,1,True,0.0,3294.524,3349632
two_rows_label_xe_may/8_1555_0_29N137901_420_13_573_121.jpg,two_row_motorcycle,29N137901,29N137901,9,9,1.0,True,2,True,0.0,4185.432,3768336
two_rows/8_107_0_30H6447_121_254_181_317.jpg,two_row_car,30H6447,30H6447,7,7,1.0,True,2,False,0.0,2688.944,2930928
one_row/1_2005_1_25B00132_146_289_514_343.jpg,one_row,25B00132,25B00132,8,8,1.0,True,1,False,0.0,583.352,3349632
two_rows/6_1247_0_36C06141_212_391_260_440.jpg,two_row_car,36C06141,36C06141,8,8,1.0,True,2,False,0.0,5504.099,3349632
one_row/1_2425_1_36A08368_95_269_548_328.jpg,one_row,36A08368,36A08368,8,8,1.0,True,1,True,0.0,1221.605,3349632
two_rows_label_xe_may/9_1820_0_29C117611_311_30_486_165.jpg,two_row_motorcycle,29C117611,26C117611,9,8,0.8888888888888888,False,2,False,0.0,3007.544,3768336
one_row/2_1066_1_36A39484_25_211_574_286.jpg,one_row,36A39484,36A39484,8,8,1.0,True,1,False,0.0,101.092,3349632
one_row/3_2118_1_36A39003_64_222_590_318.jpg,one_row,36A39003,36A39003,8,8,1.0,True,1,True,0.0,2613.665,3349632
one_row/6_2131_1_36A09649_133_224_536_287.jpg,one_row,36A09649,36A09649,8,8,1.0,True,1,True,0.535,788.284,3349632
two_rows/3_850_0_36A40117_121_243_186_312.jpg,two_row_car,36A40117,36A40117,8,8,1.0,True,2,False,0.0,3118.616,3349632
one_row/4_2353_1_36A40750_68_172_594_282.jpg,one_row,36A40750,36A40750,8,8,1.0,True,1,True,0.0,820.202,3349632
two_rows/2_489_0_36C27593_183_379_218_411.jpg,two_row_car,36C27593,36C27593,8,8,1.0,True,2,False,0.0,9990.871,3349632
one_row/6_3150_1_36C03634_32_222_539_309.jpg,one_row,36C03634,36C03634,8,8,1.0,True,1,False,0.0,125.99,3349632
two_rows/2_436_0_36C09173_190_400_236_443.jpg,two_row_car,36C09173,36C09173,8,8,1.0,True,2,False,0.0,5059.157,3349632
one_row/5_4021_1_36M3587_74_225_532_296.jpg,one_row,36M3587,36M3587,7,7,1.0,True,1,True,0.0,1724.748,2930928
one_row/4_3304_1_36C28599_117_214_542_288.jpg,one_row,36C28599,36C28599,8,8,1.0,True,1,True,0.0,861.698,3349632
one_row/4_131_1_36A00444_478_220_555_265.jpg,one_row,36A00444,36A00444,8,8,1.0,True,1,True,0.0,3352.472,3349632
one_row/3_2459_1_36A40086_90_265_578_328.jpg,one_row,36A40086,36A40086,8,8,1.0,True,1,True,0.0,1793.188,3349632
one_row/7_3175_1_36A42229_122_225_496_289.jpg,one_row,36A42229,36A42229,8,8,1.0,True,1,True,0.0,1188.716,3349632
two_rows/8_79_0_30A07932_372_270_428_328.jpg,two_row_car,30A07932,30A07932,8,8,1.0,True,2,False,0.0,4386.069,3349632
two_rows/5_1415_0_36C20733_194_386_247_437.jpg,two_row_car,36C20733,36C20733,8,8,1.0,True,2,False,0.0,4314.253,3349632
two_rows/1_704_0_36A37749_125_261_180_320.jpg,two_row_car,36A37749,6A377493,8,1,0.125,False,2,False,0.0,3895.701,3349632
two_rows/1_534_0_36A20765_141_218_214_281.jpg,two_row_car,36A20765,36A20765,8,8,1.0,True,2,False,0.0,2126.894,3349632
one_row/3_2275_1_36A39664_87_231_575_293.jpg,one_row,36A39664,36A39664,8,8,1.0,True,1,False,0.0,1125.264,3349632
one_row/7_4702_1_36L6921_110_209_508_262.jpg,one_row,36L6921,36L6921,7,7,1.0,True,1,True,0.0,1529.566,2930928
one_row/1_3384_1_36A38971_91_211_528_283.jpg,one_row,36A38971,36A38971,8,8,1.0,True,1,True,0.0,2107.111,3349632
two_rows/7_317_0_36A08823_145_197_209_262.jpg,two_row_car,36A08823,36A08823,8,8,1.0,True,2,False,0.0,2251.938,3349632
two_rows/7_2102_0_36R01649_394_267_443_317.jpg,two_row_car,36R01649,36R01649,8,8,1.0,True,2,False,0.0,3555.1,3349632
one_row/8_2235_1_36M8811_134_247_513_318.jpg,one_row,36M8811,3668831,7,5,0.7142857142857143,False,1,False,0.0,1382.272,2930928
one_row/7_2511_1_36A02635_121_260_490_324.jpg,one_row,36A02635,36A02635,8,8,1.0,True,1,True,0.0,1294.291,3349632
one_row/8_1844_1_36C10078_46_203_567_331.jpg,one_row,36C10078,36C10078,8,8,1.0,True,1,False,0.0,273.268,3349632
one_row/7_2350_1_29X9203_204_209_496_288.jpg,one_row,29X9203,29X9203,7,7,1.0,True,1,False,0.0,290.012,2930928
two_rows/4_784_0_36A40919_99_216_158_276.jpg,two_row_car,36A40919,36A40919,8,8,1.0,True,2,False,0.0,8155.753,3349632
two_rows/9_303_0_36A43039_175_228_228_286.jpg,two_row_car,36A43039,36A43033,8,7,0.875,False,2,False,0.0,5556.627,3349632
two_rows/8_318_0_36A23183_482_234_533_297.jpg,two_row_car,36A23183,36A23183,8,8,1.0,True,2,True,0.0,5416.478,3349632
two_rows/1_601_0_36A27116_67_228_123_291.jpg,two_row_car,36A27116,36A27116,8,8,1.0,True,2,True,0.0,2813.934,3349632
one_row/4_3364_1_36L8062_151_200_534_274.jpg,one_row,36L8062,36L8062,7,7,1.0,True,1,True,0.0,806.647,2930928
one_row/4_2385_1_36A40851_115_199_534_303.jpg,one_row,36A40851,36A40851,8,8,1.0,True,1,False,0.0,2363.123,3349632
one_row/5_3389_1_36C07981_36_222_601_322.jpg,one_row,36C07981,36C07987,8,7,0.875,False,1,False,0.0,266.553,3349632
one_row/5_2670_1_36A41010_90_213_550_299.jpg,one_row,36A41010,36A41010,8,8,1.0,True,1,True,0.0,608.367,3349632
one_row/5_3192_1_36C00948_85_234_539_307.jpg,one_row,36C00948,36C00948,8,8,1.0,True,1,False,0.0,599.132,3349632
one_row/7_1255_1_36A43099_82_235_179_296.jpg,one_row,36A43099,336A4309,8,2,0.25,False,1,True,0.0,2684.02,3349632
one_row/7_2395_1_30E70066_155_243_489_301.jpg,one_row,30E70066,30E70066,8,8,1.0,True,1,True,0.0,1183.92,3349632
one_row/5_2218_1_36A10982_110_157_523_220.jpg,one_row,36A10982,36A10982,8,8,1.0,True,1,True,0.0,1399.89,3349632
two_rows_label_xe_may/4_790_0_29G172472_235_13_377_129.jpg,two_row_motorcycle,29G172472,29G172472,9,9,1.0,True,2,True,0.0,2342.003,3768336
one_row/1_3162_1_36A38455_125_260_568_328.jpg,one_row,36A38455,36A38455,8,8,1.0,True,1,True,0.0,731.58,3349632
one_row/7_3202_1_36A42369_111_191_560_269.jpg,one_row,36A42369,36A42369,8,8,1.0,True,1,True,0.0,1092.508,3349632
one_row/1_3316_1_36A38814_143_170_513_233.jpg,one_row,36A38814,36A38814,8,8,1.0,True,1,True,0.0,1633.579,3349632
two_rows_label_xe_may/9_3685_0_15b223135_125_6_221_80.jpg,two_row_motorcycle,15B223135,821227248,9,2,0.2222222222222222,False,1,True,0.0,8010.735,3768336
one_row/5_2050_1_35B00383_32_224_555_300.jpg,one_row,35B00383,35B00383,8,8,1.0,True,1,True,0.0,1354.94,3349632
one_row/2_637_1_29C73737_86_211_537_294.jpg,one_row,29C73737,29C73737,8,8,1.0,True,1,True,0.0,1395.675,3349632
two_rows/5_867_0_36A41172_157_256_229_324.jpg,two_row_car,36A41172,36A41122,8,7,0.875,False,2,False,0.0,1690.029,3349632
one_row/7_4215_1_36C12087_174_232_508_314.jpg,one_row,36C12087,36C12087,8,8,1.0,True,1,True,0.0,214.365,3349632
two_rows/7_901_0_36A42587_178_246_229_294.jpg,two_row_car,36A42587,36A42587,8,8,1.0,True,2,False,0.0,3933.795,3349632
one_row/1_3891_1_36C14855_193_309_500_394.jpg,one_row,36C14855,36C14855,8,8,1.0,True,1,False,0.0,562.101,3349632
two_rows/4_385_0_36A21988_96_199_145_254.jpg,two_row_car,36A21988,36A21988,8,8,1.0,True,2,False,0.0,5367.665,3349632
two_rows/4_770_0_36A40894_120_223_179_291.jpg,two_row_car,36A40894,36A40894,8,8,1.0,True,2,False,0.0,7012.763,3349632
one_row/4_3407_1_36M2297_128_212_497_283.jpg,one_row,36M2297,36M2297,7,7,1.0,True,1,True,0.0,181.499,2930928
one_row/7_4041_1_36C03719_207_236_534_314.jpg,one_row,36C03719,36C03719,8,8,1.0,True,1,True,0.0,585.557,3349632
one_row/1_2297_1_36A01603_141_215_500_308.jpg,one_row,36A01603,36A01603,8,8,1.0,True,1,True,0.0,1041.793,3349632
two_rows/3_21_0_29A35124_436_236_495_299.jpg,two_row_car,29A35124,29A35124,8,8,1.0,True,2,False,0.0,1932.283,3349632
two_rows/7_963_0_36A42665_125_306_181_374.jpg,two_row_car,36A42665,36A42665,8,8,1.0,True,2,True,0.0,4514.931,3349632
one_row/4_1443_1_29U8800_65_193_543_305.jpg,one_row,29U8800,29U8800,7,7,1.0,True,1,True,0.0,1562.599,2930928
two_rows/8_267_0_36A14763_143_272_192_327.jpg,two_row_car,36A14763,36A14763,8,8,1.0,True,2,False,0.0,3358.109,3349632
two_rows/6_699_0_36A29240_448_234_503_293.jpg,two_row_car,36A29240,36A29240,8,8,1.0,True,2,False,0.0,8728.182,3349632
one_row/5_1793_1_14C10390_57_197_551_299.jpg,one_row,14C10390,14C10390,8,8,1.0,True,1,True,0.0,257.057,3349632
one_row/1_3352_1_36A38891_128_228_461_291.jpg,one_row,36A38891,36A38891,8,8,1.0,True,1,True,0.0,1654.332,3349632
one_row/7_3186_1_36A42302_134_225_554_294.jpg,one_row,36A42302,36A42302,8,8,1.0,True,1,True,0.0,1082.518,3349632
two_rows/3_2871_0_36C10241_193_215_451_322.jpg,two_row_car,36C10241,36C10241,8,8,1.0,True,2,True,0.0,1198.675,3349632
two_rows/1_1658_0_36C27520_186_378_224_418.jpg,two_row_car,36C27520,36C27520,8,8,1.0,True,2,False,0.0,8219.573,3349632
two_rows_label_xe_may/6_2242_0_36b492126_471_116_604_229.jpg,two_row_motorcycle,36B492126,36B492126,9,9,1.0,True,2,False,0.0,2585.531,3768336
two_rows_label_xe_may/9_3612_0_36p30137_285_73_406_164.jpg,two_row_motorcycle,36P30137,36P30137,8,8,1.0,True,2,True,0.0,8798.205,3349632
two_rows_label_xe_may/1_66_0_30f20760_129_42_300_169.jpg,two_row_motorcycle,30F20760,03706F14,8,0,0.0,False,1,True,0.0,709.007,3349632
one_row/1_3385_1_36A38973_60_251_541_353.jpg,one_row,36A38973,36A38973,8,8,1.0,True,1,True,0.0,355.814,3349632
two_rows_label_xe_may/4_625_0_30N11011_459_155_571_286.jpg,two_row_motorcycle,30N11011,30N11011,8,8,1.0,True,2,False,0.0,3763.094,3349632
one_row/5_4225_1_37C27780_61_193_558_286.jpg,one_row,37C27780,37C27780,8,8,1.0,True,1,False,0.0,391.158,3349632
two_rows/7_606_0_36A24946_131_280_196_355.jpg,two_row_car,36A24946,36A24946,8,8,1.0,True,2,False,0.0,1609.589,3349632
one_row/8_1500_1_36A43351_129_283_479_353.jpg,one_row,36A43351,36A43351,8,8,1.0,True,1,True,0.0,1812.94,3349632
two_rows/4_3043_0_36C20750_184_176_461_337.jpg,two_row_car,36C20750,36C20750,8,8,1.0,True,2,True,0.0,904.967,3349632
two_rows/4_1102_0_36C21768_198_348_236_390.jpg,two_row_car,36C21768,36C21768,8,8,1.0,True,2,False,0.0,6498.697,3349632
two_rows/8_907_0_36M8811_415_213_475_282.jpg,two_row_car,36M8811,36M6811,7,6,0.8571428571428571,False,2,False,0.0,4357.562,2930928
two_rows/5_1565_0_36C28904_177_305_247_365.jpg,two_row_car,36C28904,36428904,8,7,0.875,False,2,True,0.0,3736.771,3349632
one_row/5_2036_1_34C05507_35_221_582_300.jpg,one_row,34C05507,34C05507,8,8,1.0,True,1,False,0.0,399.701,3349632
one_row/9_708_1_36A44371_367_291_453_344.jpg,one_row,36A44371,36A44371,8,8,1.0,True,1,True,0.0,481.286,3349632
two_rows_label_xe_may/8_3120_0_29g141153_219_57_376_186.jpg,two_row_motorcycle,29G141153,29G121939,9,5,0.5555555555555556,False,1,False,0.0,8888.804,3768336
one_row/9_1764_1_36A44415_49_207_504_295.jpg,one_row,36A44415,36A44415,8,8,1.0,True,1,False,0.0,518.396,3349632
two_rows/3_68_0_29U2454_248_426_283_463.jpg,two_row_car,29U2454,2602454,7,5,0.7142857142857143,False,2,False,0.0,7873.58,2930928
two_rows/7_523_0_36A23388_154_214_212_269.jpg,two_row_car,36A23388,6A233883,8,2,0.25,False,2,False,0.0,1739.495,3349632
two_rows_label_xe_may/7_2502_0_29h156862_196_122_334_242.jpg,two_row_motorcycle,29H156862,662192121,9,1,0.1111111111111111,False,1,False,0.0,4350.51,3768336
two_rows/3_212_0_36A05682_439_199_513_282.jpg,two_row_car,36A05682,36A05682,8,8,1.0,True,2,False,0.0,4045.368,3349632
one_row/3_3358_1_36C28275_76_186_477_258.jpg,one_row,36C28275,36C28275,8,8,1.0,True,1,True,0.0,1924.966,3349632
two_rows/9_136_0_36A09160_456_302_505_362.jpg,two_row_car,36A09160,66A09160,8,7,0.875,False,2,True,0.0,5436.433,3349632
one_row/7_2289_1_29C32514_127_280_520_343.jpg,one_row,29C32514,29C32514,8,8,1.0,True,1,True,0.358,1760.057,3349632
one_row/9_320_1_36A43476_490_334_566_386.jpg,one_row,36A43476,36A43475,8,7,0.875,False,1,True,0.0,758.033,3349632
two_rows/5_1579_0_36C28982_166_373_199_409.jpg,two_row_car,36C28982,36C28982,8,8,1.0,True,2,False,0.0,7195.293,3349632
one_row/8_1422_1_36A27877_143_214_538_275.jpg,one_row,36A27877,36A27877,8,8,1.0,True,1,False,0.0,1016.736,3349632
one_row/2_1031_1_36A39360_158_242_502_300.jpg,one_row,36A39360,36A39360,8,8,1.0,True,1,True,0.886,181.653,3349632
two_rows/5_137_0_30E08556_462_210_518_278.jpg,two_row_car,30E08556,30E08556,8,8,1.0,True,2,True,0.0,5592.01,3349632
one_row/6_2801_1_36A42225_163_199_498_267.jpg,one_row,36A42225,36A42225,8,8,1.0,True,1,True,0.0,1081.391,3349632
two_rows/1_1850_0_36N1029_76_201_143_288.jpg,two_row_car,36N1029,36N1029,7,7,1.0,True,2,True,0.0,2081.374,2930928
one_row/4_3532_1_36N2356_148_243_450_306.jpg,one_row,36N2356,36N2356,7,7,1.0,True,1,True,0.0,286.402,2930928
two_rows_label_xe_may/1_68_0_29x739413_169_123_293_236.jpg,two_row_motorcycle,29X739413,39E211417,9,3,0.3333333333333333,False,1,False,0.0,1549.009,3768336
two_rows/9_491_0_36A43945_174_217_240_273.jpg,two_row_car,36A43945,36A43942,8,7,0.875,False,2,False,0.0,1309.963,3349632
two_rows_label_xe_may/4_765_0_35H90029_323_8_475_126.jpg,two_row_motorcycle,35H90029,35H90029,8,8,1.0,True,2,True,0.0,5191.509,3349632
one_row/2_1391_1_36C17071_87_192_542_272.jpg,one_row,36C17071,36C17071,8,8,1.0,True,1,False,0.0,1142.724,3349632
two_rows/2_216_0_36A19801_475_229_552_306.jpg,two_row_car,36A19801,36A19801,8,8,1.0,True,2,False,0.0,5720.477,3349632
two_rows_label_xe_may/5_1006_0_29V340262_17_119_189_278.jpg,two_row_motorcycle,29V340262,299340262,9,8,0.8888888888888888,False,2,False,0.0,1079.132,3768336
two_rows/8_358_0_36A25183_149_285_205_349.jpg,two_row_car,36A25183,36A25183,8,8,1.0,True,2,False,0.0,1122.729,3349632
one_row/4_2052_1_36A36082_78_142_509_225.jpg,one_row,36A36082,36A36082,8,8,1.0,True,1,True,0.0,1461.372,3349632
one_row/6_2849_1_36A42356_122_171_514_240.jpg,one_row,36A42356,36A42356,8,8,1.0,True,1,True,0.0,817.277,3349632
two_rows/1_971_0_36A38499_517_305_574_383.jpg,two_row_car,36A38499,36864A99,8,4,0.5,False,1,True,0.0,9440.132,3349632
two_rows/7_79_0_29N8994_124_280_169_337.jpg,two_row_car,29N8994,20MA894,7,3,0.42857142857142855,False,2,True,0.0,1642.474,2930928
one_row/5_3335_1_36C06461_182_251_496_326.jpg,one_row,36C06461,36C06461,8,8,1.0,True,1,True,0.0,338.033,3349632
one_row/5_2458_1_36A23240_145_185_525_264.jpg,one_row,36A23240,36A23240,8,8,1.0,True,1,True,0.0,1829.346,3349632
one_row/1_3345_1_36A38875_112_232_461_295.jpg,one_row,36A38875,36A38875,8,8,1.0,True,1,False,0.0,281.653,3349632
one_row/4_1992_1_36A26044_74_225_536_317.jpg,one_row,36A26044,36A26044,8,8,1.0,True,1,True,0.0,781.504,3349632
two_rows/3_620_0_36A39457_118_204_188_274.jpg,two_row_car,36A39457,36A39453,8,7,0.875,False,2,False,0.0,2624.654,3349632
one_row/1_2447_1_36A10220_106_207_520_265.jpg,one_row,36A10220,36A10220,8,8,1.0,True,1,True,0.884,606.296,3349632
two_rows_label_xe_may/6_1955_0_15af03686_278_107_428_225.jpg,two_row_motorcycle,15AF03686,031518AF6,9,1,0.1111111111111111,False,1,True,0.0,1296.8,3768336
one_row/7_2346_1_29V9166_112_207_520_283.jpg,one_row,29V9166,29U9166,7,6,0.8571428571428571,False,1,True,0.0,733.705,2930928
one_row/1_3265_1_36A38720_23_227_596_303.jpg,one_row,36A38720,36A38720,8,8,1.0,True,1,True,0.0,382.823,3349632
one_row/5_2133_1_36A05379_134_182_487_245.jpg,one_row,36A05379,36A05379,8,8,1.0,True,1,True,0.0,2483.498,3349632
two_rows/3_252_0_36A07396_374_223_447_291.jpg,two_row_car,36A07396,36A07396,8,8,1.0,True,2,True,10.204,5864.64,3349632
one_row/3_3633_1_36N4289_107_232_544_309.jpg,one_row,36N4289,36N4289,7,7,1.0,True,1,True,0.0,1938.595,2930928
two_rows/5_1641_0_36M7462_406_220_464_283.jpg,two_row_car,36M7462,36M7462,7,7,1.0,True,2,False,0.0,6714.079,2930928
one_row/7_4127_1_36C07596_112_260_484_322.jpg,one_row,36C07596,336C5963,8,1,0.125,False,1,True,0.0,2059.797,3349632
one_row/6_3490_1_36C21798_81_200_530_284.jpg,one_row,36C21798,36C21798,8,8,1.0,True,1,True,0.0,1501.171,3349632
one_row/7_5015_1_89C04611_87_208_578_309.jpg,one_row,89C04611,89C04611,8,8,1.0,True,1,True,0.516,434.939,3349632
one_row/6_2576_1_36A41724_124_186_509_272.jpg,one_row,36A41724,36A41724,8,8,1.0,True,1,True,1.093,1870.853,3349632
one_row/8_1185_1_36A03431_115_227_518_293.jpg,one_row,36A03431,36A03431,8,8,1.0,True,1,True,0.0,1979.496,3349632
one_row/3_3357_1_36C28274_112_215_530_304.jpg,one_row,36C28274,36C28274,8,8,1.0,True,1,False,0.0,1988.817,3349632
two_rows/3_320_0_36A13153_402_312_469_382.jpg,two_row_car,36A13153,36A13153,8,8,1.0,True,2,False,0.0,4379.798,3349632
one_row/5_2796_1_36A41231_129_246_532_320.jpg,one_row,36A41231,36A41231,8,8,1.0,True,1,True,0.822,974.383,3349632
two_rows/5_1589_0_36D00987_441_272_498_337.jpg,two_row_car,36D00987,36D00987,8,8,1.0,True,2,False,0.0,2682.657,3349632
one_row/8_1680_1_36B03029_91_209_528_295.jpg,one_row,36B03029,36B03029,8,8,1.0,True,1,True,1.66,368.356,3349632
one_row/7_4469_1_36C24284_179_255_443_357.jpg,one_row,36C24284,36C24264,8,7,0.875,False,1,True,0.0,510.364,3349632
two_rows/4_218_0_36A07739_505_225_560_293.jpg,two_row_car,36A07739,36A07739,8,8,1.0,True,2,True,0.0,3367.202,3349632
two_rows/1_2960_0_36A37968_217_249_569_368.jpg,two_row_car,36A37968,30A37968,8,7,0.875,False,2,True,0.0,145.14,3349632
two_rows_label_xe_may/4_1007_0_29c104859_209_62_354_163.jpg,two_row_motorcycle,29C104859,295122159,9,5,0.5555555555555556,False,2,True,0.0,6765.759,3768336
one_row/1_4019_1_36C25823_132_235_459_311.jpg,one_row,36C25823,36C25823,8,8,1.0,True,1,True,0.0,632.476,3349632
one_row/1_3180_1_36A38500_89_230_534_283.jpg,one_row,36A38500,36A38500,8,8,1.0,True,1,False,0.0,2778.598,3349632
one_row/3_1836_1_36A13234_119_198_547_265.jpg,one_row,36A13234,36A13234,8,8,1.0,True,1,True,0.0,699.178,3349632
one_row/3_3479_1_36M2609_41_209_556_284.jpg,one_row,36M2609,36M2609,7,7,1.0,True,1,True,0.0,454.413,2930928
one_row/1_2345_1_36A05386_104_221_576_293.jpg,one_row,36A05386,36A05386,8,8,1.0,True,1,False,0.0,641.73,3349632
one_row/8_2118_1_36D00586_105_225_497_314.jpg,one_row,36D00586,36D00586,8,8,1.0,True,1,False,0.0,391.872,3349632
one_row/7_2348_1_29X4247_69_180_532_245.jpg,one_row,29X4247,29X4247,7,7,1.0,True,1,True,0.0,522.254,2930928
one_row/8_875_1_36LD00202_443_342_513_390.jpg,one_row,36LD00202,36L000202,9,8,0.8888888888888888,False,1,True,0.0,3979.322,3768336
one_row/5_4165_1_36N4632_108_225_513_288.jpg,one_row,36N4632,36N4632,7,7,1.0,True,1,True,0.0,215.989,2930928
one_row/1_3386_1_36A38979_174_198_575_266.jpg,one_row,36A38979,36A38979,8,8,1.0,True,1,False,0.0,744.256,3349632
one_row/1_3708_1_36C04059_172_243_467_306.jpg,one_row,36C04059,36C04059,8,8,1.0,True,1,True,0.0,222.565,3349632
one_row/5_1949_1_29U2454_103_183_549_275.jpg,one_row,29U2454,29L2454,7,6,0.8571428571428571,False,1,True,0.0,301.293,2930928
one_row/3_1637_1_34A06924_107_199_516_273.jpg,one_row,34A06924,34A06924,8,8,1.0,True,1,True,0.0,2214.567,3349632
two_rows/2_1365_0_36C15331_217_180_446_311.jpg,two_row_car,36C15331,36C17331,8,7,0.875,False,2,True,0.0,800.514,3349632
one_row/5_3405_1_36C10200_47_184_628_295.jpg,one_row,36C10200,36C10200,8,8,1.0,True,1,False,0.0,129.36,3349632
one_row/9_2142_1_36C27622_159_302_459_365.jpg,one_row,36C27622,36C27622,8,8,1.0,True,1,True,0.0,1094.395,3349632
one_row/1_4015_1_36C25648_135_305_215_386.jpg,one_row,36C25648,36C25648,8,8,1.0,True,2,False,0.0,1312.731,3349632
two_rows_label_xe_may/7_2570_0_29l149114_351_160_489_280.jpg,two_row_motorcycle,29L149114,29L149114,9,9,1.0,True,2,False,0.0,2983.575,3768336
one_row/7_3454_1_36A42849_62_177_574_245.jpg,one_row,36A42849,36A42849,8,8,1.0,True,1,False,0.0,698.313,3349632
one_row/8_1593_1_36A43777_105_240_493_317.jpg,one_row,36A43777,36A43777,8,8,1.0,True,1,True,0.0,506.196,3349632
one_row/9_1148_1_30E60463_90_210_497_312.jpg,one_row,30E60463,30E60463,8,8,1.0,True,1,False,0.0,1357.836,3349632
one_row/6_2621_1_36A41817_135_247_567_310.jpg,one_row,36A41817,36A41817,8,8,1.0,True,1,False,0.0,1722.675,3349632
one_row/1_3100_1_36A38305_112_224_557_308.jpg,one_row,36A38305,36838305,8,7,0.875,False,1,True,0.0,290.182,3349632
two_rows/3_1326_0_36M1953_425_264_483_332.jpg,two_row_car,36M1953,36M1953,7,7,1.0,True,2,False,0.0,3601.752,2930928
one_row/8_1457_1_36A36796_153_225_496_288.jpg,one_row,36A36796,36A36796,8,8,1.0,True,1,True,0.0,1528.623,3349632
one_row/6_2171_1_36A12946_98_178_503_251.jpg,one_row,36A12946,36A12946,8,8,1.0,True,1,True,0.713,980.87,3349632
two_rows_label_xe_may/4_1093_0_29l148086_191_156_314_261.jpg,two_row_motorcycle,29L148086,29E129221,9,3,0.3333333333333333,False,1,False,0.0,8594.37,3768336
two_rows/4_1289_0_51G29215_397_232_456_292.jpg,two_row_car,51G29215,51G29215,8,8,1.0,True,2,False,0.0,7185.473,3349632
two_rows/5_659_0_36A28088_475_240_543_320.jpg,two_row_car,36A28088,36A28088,8,8,1.0,True,2,True,1.081,6272.218,3349632
one_row/6_2136_1_36A10207_146_260_522_323.jpg,one_row,36A10207,36A10207,8,8,1.0,True,1,True,0.0,1398.551,3349632
two_rows/4_790_0_36A40940_121_182_181_251.jpg,two_row_car,36A40940,36A40940,8,8,1.0,True,2,False,0.0,5767.916,3349632
one_row/4_2075_1_36A39694_38_193_575_304.jpg,one_row,36A39694,36A39694,8,8,1.0,True,1,True,0.0,807.913,3349632
two_rows/8_156_0_36A02510_451_234_498_289.jpg,two_row_car,36A02510,36A02510,8,8,1.0,True,2,False,0.0,2922.212,3349632
one_row/7_3665_1_36A43270_123_243_564_311.jpg,one_row,36A43270,36A43270,8,8,1.0,True,1,True,0.846,804.299,3349632
one_row/6_2215_1_36A16458_116_241_537_304.jpg,one_row,36A16458,33A16458,8,7,0.875,False,1,False,0.0,670.793,3349632
one_row/9_679_1_36A44311_439_281_526_343.jpg,one_row,36A44311,36A44311,8,8,1.0,True,1,True,0.0,1808.275,3349632
one_row/9_1824_1_36B02256_146_377_458_440.jpg,one_row,36B02256,36B02256,8,8,1.0,True,1,True,0.0,2050.354,3349632
one_row/1_3585_1_36B02091_167_326_446_390.jpg,one_row,36B02091,36B02091,8,8,1.0,True,1,True,0.0,1655.261,3349632
one_row/7_2808_1_36A15480_132_237_534_317.jpg,one_row,36A15480,36A15480,8,8,1.0,True,1,True,0.423,951.485,3349632
one_row/7_4070_1_36C05177_132_251_492_324.jpg,one_row,36C05177,36C05177,8,8,1.0,True,1,True,0.0,2606.298,3349632
two_rows/1_1044_0_36A38655_136_250_206_320.jpg,two_row_car,36A38655,36A38655,8,8,1.0,True,2,False,0.0,4080.946,3349632
one_row/6_2654_1_36A41891_129_179_495_240.jpg,one_row,36A41891,36A41891,8,8,1.0,True,1,True,0.492,1722.663,3349632
two_rows/6_1792_0_29C78529_170_164_441_331.jpg,two_row_car,29C78529,29C78529,8,8,1.0,True,2,True,0.0,232.432,3349632
one_row/7_4298_1_36C17382_179_262_476_336.jpg,one_row,36C17382,36C17382,8,8,1.0,True,1,True,1.703,1344.311,3349632
one_row/7_3084_1_36A34246_135_237_490_313.jpg,one_row,36A34246,36A34246,8,8,1.0,True,1,False,0.0,838.376,3349632
one_row/7_4413_1_36C21921_7_259_538_360.jpg,one_row,36C21921,36C21921,8,8,1.0,True,1,True,0.0,918.457,3349632
one_row/9_522_1_36A43978_387_306_474_354.jpg,one_row,36A43978,36A43978,8,8,1.0,True,1,True,0.0,899.92,3349632
two_rows_label_xe_may/5_1577_0_29f92240_290_82_417_195.jpg,two_row_motorcycle,29F92240,29F02240,8,7,0.875,False,2,False,0.0,9672.216,3349632
one_row/7_3856_1_36B02092_186_267_481_319.jpg,one_row,36B02092,36B02092,8,8,1.0,True,1,True,0.0,568.603,3349632
one_row/7_4806_1_36M8088_4_225_622_377.jpg,one_row,36M8088,36M8388,7,6,0.8571428571428571,False,1,False,0.0,438.717,2930928
one_row/5_78_1_29C34538_158_300_254_363.jpg,one_row,29C34538,29C34538,8,8,1.0,True,1,True,0.0,2215.355,3349632
one_row/7_3429_1_36A42804_196_219_503_269.jpg,one_row,36A42804,36A42804,8,8,1.0,True,1,True,0.0,389.103,3349632
one_row/2_755_1_36A06449_84_176_516_250.jpg,one_row,36A06449,370A6449,8,5,0.625,False,1,False,0.0,1070.244,3349632
one_row/1_3559_1_36B01548_137_303_549_351.jpg,one_row,36B01548,36B01548,8,8,1.0,True,1,False,0.0,642.497,3349632
one_row/7_4067_1_36C04893_192_242_495_319.jpg,one_row,36C04893,36C04893,8,8,1.0,True,1,False,0.0,244.074,3349632
two_rows_label_xe_may/4_675_0_36B370233_391_41_518_160.jpg,two_row_motorcycle,36B370233,36B370233,9,9,1.0,True,2,False,0.0,3263.616,3768336
two_rows/1_22_0_20K5861_129_248_195_324.jpg,two_row_car,20K5861,2015861,7,6,0.8571428571428571,False,2,True,0.0,1623.979,2930928
two_rows/3_669_0_36A39592_179_259_239_307.jpg,two_row_car,36A39592,36A39592,8,8,1.0,True,2,True,0.0,2503.209,3349632
one_row/1_1978_1_15A18260_87_176_508_248.jpg,one_row,15A18260,15A18260,8,8,1.0,True,1,True,0.0,600.317,3349632
two_rows_label_xe_may/3_930_0_29m153956_460_177_572_278.jpg,two_row_motorcycle,29M153956,29M153956,9,9,1.0,True,2,True,1.432,5889.077,3768336
one_row/5_2475_1_36A23358_124_178_515_250.jpg,one_row,36A23358,36A23358,8,8,1.0,True,1,False,0.0,813.283,3349632
one_row/7_1281_1_36A43140_94_287_177_339.jpg,one_row,36A43140,36A43140,8,8,1.0,True,1,True,0.0,2479.264,3349632
two_rows/6_1575_0_36N2878_184_261_247_326.jpg,two_row_car,36N2878,36N2878,7,7,1.0,True,2,False,0.0,2910.203,2930928
two_rows/2_350_0_36B00440_150_313_196_357.jpg,two_row_car,36B00440,33660440,8,5,0.625,False,2,False,0.0,3965.49,3349632
two_rows/8_441_0_36A43069_133_286_201_355.jpg,two_row_car,36A43069,36A43069,8,8,1.0,True,2,False,0.0,2136.473,3349632
one_row/4_2318_1_36A40658_122_225_496_311.jpg,one_row,36A40658,36A40658,8,8,1.0,True,1,True,0.0,1002.05,3349632
one_row/9_1222_1_36A06515_132_276_475_339.jpg,one_row,36A06515,36A06515,8,8,1.0,True,1,True,0.0,1103.938,3349632
two_rows_label_xe_may/2_201_0_37N92980_343_73_480_205.jpg,two_row_motorcycle,37N92980,37N92980,8,8,1.0,True,2,False,0.0,1303.932,3349632
one_row/6_3550_1_36C23404_93_248_532_311.jpg,one_row,36C23404,36C23404,8,8,1.0,True,1,True,0.277,1175.325,3349632
one_row/6_2671_1_36A41927_85_336_177_399.jpg,one_row,36A41927,36A41927,8,8,1.0,True,1,True,0.0,2264.014,3349632
two_rows/5_422_0_36A14452_163_324_230_396.jpg,two_row_car,36A14452,36A14452,8,8,1.0,True,2,False,0.0,3750.696,3349632
one_row/3_2711_1_36C02025_88_275_562_359.jpg,one_row,36C02025,36C02025,8,8,1.0,True,1,True,0.0,1106.659,3349632
two_rows/4_477_0_36A27502_480_287_531_359.jpg,two_row_car,36A27502,36A27502,8,8,1.0,True,2,True,0.0,6261.382,3349632
two_rows/5_1833_0_29A02152_211_186_421_279.jpg,two_row_car,29A02152,29A02152,8,8,1.0,True,2,True,0.0,1347.646,3349632
two_rows/6_1416_0_36C29101_447_304_517_380.jpg,two_row_car,36C29101,36C29101,8,8,1.0,True,2,False,0.0,3969.562,3349632
two_rows_label_xe_may/9_3386_0_35b246688_273_82_419_196.jpg,two_row_motorcycle,35B246688,260228282,9,2,0.2222222222222222,False,1,True,0.0,3666.009,3768336
one_row/4_1412_1_29C84753_107_221_510_284.jpg,one_row,29C84753,29C84753,8,8,1.0,True,1,True,0.0,904.802,3349632
two_rows/1_1813_0_36M6167_358_289_403_341.jpg,two_row_car,36M6167,36M6167,7,7,1.0,True,2,False,0.0,2114.397,2930928
one_row/1_3652_1_36C00092_136_262_452_361.jpg,one_row,36C00092,36C00092,8,8,1.0,True,1,True,0.0,175.746,3349632
one_row/2_1662_1_37C31253_134_180_517_259.jpg,one_row,37C31253,37C31253,8,8,1.0,True,1,True,0.0,1521.26,3349632
two_rows/3_601_0_36A39335_454_302_531_384.jpg,two_row_car,36A39335,33963A35,8,3,0.375,False,1,False,0.0,2153.246,3349632
two_rows/2_530_0_36L7819_136_206_203_288.jpg,two_row_car,36L7819,36L7819,7,7,1.0,True,2,True,0.0,2273.683,2930928
one_row/1_3131_1_36A38388_141_194_490_257.jpg,one_row,36A38388,36A38388,8,8,1.0,True,1,True,0.0,1686.948,3349632
one_row/7_4465_1_36C23815_31_345_632_453.jpg,one_row,36C23815,36C23815,8,8,1.0,True,1,False,0.0,4537.161,3349632
one_row/7_4060_1_36C04741_135_318_520_406.jpg,one_row,36C04741,36C04741,8,8,1.0,True,1,False,0.0,2355.943,3349632
two_rows/3_10_0_20B01178_185_300_223_333.jpg,two_row_car,20B01178,20B01178,8,8,1.0,True,2,False,0.0,4396.147,3349632
one_row/2_1173_1_36C01214_132_206_494_276.jpg,one_row,36C01214,36C01214,8,8,1.0,True,1,True,0.0,2294.827,3349632
two_rows/4_829_0_36B00415_165_301_205_343.jpg,two_row_car,36B00415,336B0415,8,5,0.625,False,2,False,0.0,6554.25,3349632
two_rows/5_491_0_36A21121_440_214_507_284.jpg,two_row_car,36A21121,6A321121,8,5,0.625,False,2,False,0.0,4802.471,3349632
one_row/9_2322_1_36M8536_95_213_470_288.jpg,one_row,36M8536,36M8536,7,7,1.0,True,1,True,0.0,207.44,2930928
two_rows/8_381_0_36A26567_431_196_489_259.jpg,two_row_car,36A26567,36A26567,8,8,1.0,True,2,False,0.0,2747.398,3349632
two_rows/4_671_0_36A40564_106_187_169_261.jpg,two_row_car,36A40564,36A40564,8,8,1.0,True,2,False,0.0,8572.613,3349632
two_rows_label_xe_may/2_27_0_29F127925_382_3_521_109.jpg,two_row_motorcycle,29F127925,29F1279C5,9,8,0.8888888888888888,False,2,True,0.0,5455.359,3768336
one_row/8_2027_1_36C25565_17_225_612_354.jpg,one_row,36C25565,36C25565,8,8,1.0,True,1,False,0.0,710.305,3349632
two_rows/3_60_0_29L7926_377_239_452_311.jpg,two_row_car,29L7926,29L7926,7,7,1.0,True,2,False,0.0,3104.087,2930928
one_row/8_1271_1_36A13162_76_301_514_373.jpg,one_row,36A13162,36A13162,8,8,1.0,True,1,True,1.315,1068.776,3349632
two_rows_label_xe_may/3_910_0_29y75372_416_219_529_317.jpg,two_row_motorcycle,29Y75372,29175372,8,7,0.875,False,2,False,0.0,2758.134,3349632
one_row/7_2476_1_36A01094_142_184_496_261.jpg,one_row,36A01094,36A01094,8,8,1.0,True,1,False,0.0,1275.686,3349632
two_rows/7_1815_0_36C22482_377_358_414_399.jpg,two_row_car,36C22482,36122482,8,7,0.875,False,2,False,0.0,4296.008,3349632
one_row/3_3519_1_36M6876_94_231_547_306.jpg,one_row,36M6876,36M6876,7,7,1.0,True,1,True,0.0,917.851,2930928
one_row/4_3142_1_36C25183_109_225_496_288.jpg,one_row,36C25183,36C25183,8,8,1.0,True,1,True,0.0,1530.762,3349632
one_row/6_3013_1_36B02205_46_240_589_305.jpg,one_row,36B02205,36B02285,8,7,0.875,False,1,False,0.0,1160.904,3349632
one_row/7_3100_1_36A38420_149_270_474_331.jpg,one_row,36A38420,36A38420,8,8,1.0,True,1,True,0.235,1722.513,3349632
one_row/7_3506_1_36A42933_141_244_500_315.jpg,one_row,36A42933,36A42933,8,8,1.0,True,1,True,0.0,1143.248,3349632
two_rows_label_xe_may/8_3119_0_29g147618_246_143_372_260.jpg,two_row_motorcycle,29G147618,29E11B999,9,3,0.3333333333333333,False,1,False,0.0,8948.228,3768336
two_rows/1_1546_0_36C19833_224_354_262_391.jpg,two_row_car,36C19833,36C19833,8,8,1.0,True,2,False,0.0,5730.336,3349632
two_rows/6_508_0_36A20004_168_229_236_292.jpg,two_row_car,36A20004,36A20004,8,8,1.0,True,2,False,0.0,2577.995,3349632
one_row/6_2118_1_36A08473_45_227_620_332.jpg,one_row,36A08473,36A08473,8,8,1.0,True,1,True,0.0,279.402,3349632
one_row/6_3534_1_36C22300_93_202_493_277.jpg,one_row,36C22300,36C22300,8,8,1.0,True,1,False,0.0,1209.328,3349632
two_rows_label_xe_may/2_683_0_29g171880_383_96_505_192.jpg,two_row_motorcycle,29G171880,29G171880,9,9,1.0,True,2,True,0.0,3124.988,3768336
one_row/7_4492_1_36C25894_164_235_475_312.jpg,one_row,36C25894,36C25894,8,8,1.0,True,1,True,5.075,1577.898,3349632
one_row/5_1953_1_29V2589_92_225_594_288.jpg,one_row,29V2589,29V2589,7,7,1.0,True,1,False,0.0,471.871,2930928
one_row/2_1487_1_36C26721_85_208_587_298.jpg,one_row,36C26721,36C26721,8,8,1.0,True,1,True,2.495,212.17,3349632
two_rows_label_xe_may/4_1311_0_90b261274_308_63_446_172.jpg,two_row_motorcycle,90B261274,290119822,9,0,0.0,False,1,True,0.0,11954.859,3768336
one_row/1_3443_1_36A39120_113_214_492_267.jpg,one_row,36A39120,36A39120,8,8,1.0,True,1,True,0.0,3076.268,3349632
one_row/4_3482_1_36M8631_91_185_551_270.jpg,one_row,36M8631,36M8631,7,7,1.0,True,1,False,0.0,419.326,2930928
two_rows_label_xe_may/6_1887_0_30m86121_300_41_440_149.jpg,two_row_motorcycle,30M86121,30901391,8,3,0.375,False,1,True,0.0,1368.864,3349632
one_row/5_2892_1_36A41413_113_140_528_227.jpg,one_row,36A41413,36A41413,8,8,1.0,True,1,True,0.814,1210.959,3349632
two_rows/3_103_0_30E15568_111_214_172_273.jpg,two_row_car,30E15568,30E15568,8,8,1.0,True,2,False,0.0,4444.47,3349632
one_row/3_1505_1_29C22184_164_275_509_338.jpg,one_row,29C22184,A29C2218,8,1,0.125,False,1,True,0.0,764.101,3349632
two_rows/5_197_0_35C03696_197_361_249_408.jpg,two_row_car,35C03696,35C03696,8,8,1.0,True,2,False,0.0,3717.247,3349632
one_row/4_1613_1_36A04699_81_190_577_288.jpg,one_row,36A04699,36A04699,8,8,1.0,True,1,True,0.0,517.44,3349632
two_rows/5_529_0_36A22681_494_218_561_299.jpg,two_row_car,36A22681,36A22681,8,8,1.0,True,2,True,0.0,5524.657,3349632
one_row/8_1114_1_30M3732_119_225_496_277.jpg,one_row,30M3732,30M3732,7,7,1.0,True,1,False,0.0,779.484,2930928
two_rows/7_1540_0_36B01562_155_312_193_350.jpg,two_row_car,36B01562,36B01562,8,8,1.0,True,2,False,0.0,2521.788,3349632
one_row/6_3214_1_36C06104_50_173_585_263.jpg,one_row,36C06104,36C06104,8,8,1.0,True,1,False,0.0,1077.054,3349632
one_row/9_1063_1_14M5966_115_245_476_313.jpg,one_row,14M5966,14M5966,7,7,1.0,True,1,True,1.084,382.444,2930928
one_row/7_3949_1_36C00095_102_176_511_249.jpg,one_row,36C00095,36C00095,8,8,1.0,True,1,True,0.0,1620.394,3349632
one_row/6_1978_1_36A01890_98_194_569_276.jpg,one_row,36A01890,36A01890,8,8,1.0,True,1,True,0.0,458.21,3349632
two_rows/5_1738_0_37A23173_244_319_318_391.jpg,two_row_car,37A23173,37A23173,8,8,1.0,True,2,False,0.0,5510.114,3349632
one_row/4_1973_1_36A23059_102_220_526_288.jpg,one_row,36A23059,36A23059,8,8,1.0,True,1,False,0.0,1421.714,3349632
two_rows/6_863_0_36A41875_490_254_548_326.jpg,two_row_car,36A41875,36A41875,8,8,1.0,True,2,True,0.0,7386.811,3349632
one_row/3_988_1_36B03314_164_288_239_325.jpg,one_row,36B03314,36B03314,8,8,1.0,True,1,True,0.0,9918.88,3349632
one_row/5_3958_1_36L4602_116_174_532_264.jpg,one_row,36L4602,36L4602,7,7,1.0,True,1,True,0.947,969.907,2930928
one_row/9_2271_1_36LD00024_52_193_608_275.jpg,one_row,36LD00024,36LD00024,9,9,1.0,True,1,True,0.0,265.876,3768336
one_row/3_1727_1_36A06411_115_204_531_277.jpg,one_row,36A06411,36A06411,8,8,1.0,True,1,True,0.0,835.006,3349632
one_row/6_3346_1_36C13708_44_194_587_282.jpg,one_row,36C13708,36C13708,8,8,1.0,True,1,True,0.0,292.186,3349632
two_rows_label_xe_may/2_63_0_37B280739_222_6_354_108.jpg,two_row_motorcycle,37B280739,37B280739,9,9,1.0,True,2,True,0.0,3937.772,3768336
one_row/2_905_1_36A21340_140_220_570_283.jpg,one_row,36A21340,36A21340,8,8,1.0,True,1,True,0.0,1511.5,3349632
two_rows_label_xe_may/6_2046_0_16n83937_300_33_440_144.jpg,two_row_motorcycle,16N83937,36923N11,8,2,0.25,False,1,True,0.0,3016.209,3349632
two_rows/6_1657_0_61A42873_485_309_554_392.jpg,two_row_car,61A42873,42681A73,8,2,0.25,False,1,False,0.0,3144.546,3349632
two_rows/3_1057_0_36C10184_122_387_160_426.jpg,two_row_car,36C10184,35C101B4,8,6,0.75,False,2,False,0.0,8496.677,3349632
one_row/5_1762_1_52T8080_427_233_529_290.jpg,one_row,52T8080,52T8080,7,7,1.0,True,1,True,0.0,5049.814,2930928
two_rows/5_181_0_33H6042_197_369_237_408.jpg,two_row_car,33H6042,33H6042,7,7,1.0,True,2,False,0.0,3858.049,2930928
one_row/9_2055_1_36C17850_148_389_511_460.jpg,one_row,36C17850,36C17850,8,8,1.0,True,1,True,0.0,4879.065,3349632
one_row/6_3546_1_36C22982_13_220_619_288.jpg,one_row,36C22982,36C22982,8,8,1.0,True,1,False,0.0,342.221,3349632
one_row/4_1997_1_36A26405_89_206_560_297.jpg,one_row,36A26405,36A26405,8,8,1.0,True,1,True,0.0,1466.835,3349632
two_rows/3_782_0_36A39901_452_289_525_369.jpg,two_row_car,36A39901,33969A01,8,4,0.5,False,1,False,0.0,4345.225,3349632
two_rows/8_260_0_36A14536_481_209_532_265.jpg,two_row_car,36A14536,36A14536,8,8,1.0,True,2,False,0.0,9409.146,3349632
two_rows/5_1679_0_36N1274_161_301_205_355.jpg,two_row_car,36N1274,36N1274,7,7,1.0,True,2,True,0.0,3471.235,2930928
one_row/2_919_1_36A25629_125_204_560_269.jpg,one_row,36A25629,36A25629,8,8,1.0,True,1,True,0.0,471.599,3349632
one_row/5_3827_1_36C28615_129_238_565_303.jpg,one_row,36C28615,36C28615,8,8,1.0,True,1,True,0.0,284.081,3349632
two_rows/1_3900_0_36C14954_226_186_408_287.jpg,two_row_car,36C14954,36C14954,8,8,1.0,True,2,True,0.703,1472.554,3349632
two_rows_label_xe_may/7_2652_0_30y30568_256_175_385_298.jpg,two_row_motorcycle,30Y30568,03206113,8,0,0.0,False,1,False,0.0,6774.226,3349632
two_rows/6_991_0_36A42224_440_215_506_288.jpg,two_row_car,36A42224,36A42224,8,8,1.0,True,2,False,0.0,4456.742,3349632
two_rows/1_1468_0_36C09607_230_414_291_464.jpg,two_row_car,36C09607,36C09607,8,8,1.0,True,2,True,0.0,5739.273,3349632
two_rows/5_3_0_14A24537_315_307_382_370.jpg,two_row_car,14A24537,14A24537,8,8,1.0,True,2,False,0.0,4530.868,3349632
one_row/7_2416_1_30V5591_157_250_513_313.jpg,one_row,30V5591,30V5591,7,7,1.0,True,1,True,0.0,1359.742,2930928
two_rows/4_301_0_36A13846_95_222_145_288.jpg,two_row_car,36A13846,36A13846,8,8,1.0,True,2,True,0.0,5155.31,3349632
one_row/3_2167_1_36A39408_174_262_452_314.jpg,one_row,36A39408,36A39408,8,8,1.0,True,1,True,0.0,3123.67,3349632
one_row/3_2276_1_36A39669_84_279_566_341.jpg,one_row,36A39669,36A39669,8,8,1.0,True,1,True,0.0,1714.939,3349632
one_row/7_2827_1_36A16985_141_250_519_315.jpg,one_row,36A16985,36A16980,8,7,0.875,False,1,True,0.0,307.266,3349632
one_row/3_2715_1_36C02055_102_242_571_302.jpg,one_row,36C02055,36C02055,8,8,1.0,True,1,True,0.0,1301.497,3349632
two_rows_label_xe_may/8_2866_0_30z87862_154_177_280_299.jpg,two_row_motorcycle,30Z87862,70212B11,8,1,0.125,False,1,False,0.0,7644.639,3349632
one_row/6_3875_1_36N0555_36_215_566_312.jpg,one_row,36N0555,36N0555,7,7,1.0,True,1,True,0.0,458.631,2930928
one_row/8_2330_1_72B00233_97_225_521_293.jpg,one_row,72B00233,72B00233,8,8,1.0,True,1,True,0.0,2142.471,3349632
one_row/6_3638_1_36C29064_62_257_524_320.jpg,one_row,36C29064,36C29064,8,8,1.0,True,1,False,0.0,801.912,3349632
two_rows_label_xe_may/9_1870_0_36B356787_465_60_587_199.jpg,two_row_motorcycle,36B356787,36B356787,9,9,1.0,True,2,False,0.0,6453.566,3768336
one_row/4_1957_1_36A22793_112_178_540_251.jpg,one_row,36A22793,36A22793,8,8,1.0,True,1,True,0.0,1747.029,3349632
one_row/1_2379_1_36A06455_152_226_504_296.jpg,one_row,36A06455,36A06455,8,8,1.0,True,1,True,0.0,3395.631,3349632
one_row/9_1135_1_29Z9960_116_262_534_358.jpg,one_row,29Z9960,2929960,7,6,0.8571428571428571,False,1,False,0.0,1300.43,2930928
two_rows/6_1658_0_61B01974_117_342_158_389.jpg,two_row_car,61B01974,61B01974,8,8,1.0,True,2,False,0.0,9366.699,3349632
two_rows/8_422_0_36A36788_136_226_199_290.jpg,two_row_car,36A36788,36A36788,8,8,1.0,True,2,False,0.0,3330.439,3349632
one_row/1_2574_1_36A15313_23_125_624_270.jpg,one_row,36A15313,36A15313,8,8,1.0,True,1,False,0.0,56.262,3349632
one_row/9_331_1_36A43537_121_325_198_373.jpg,one_row,36A43537,66A43537,8,7,0.875,False,1,True,0.0,872.517,3349632
one_row/4_1804_1_36A16457_120_261_528_324.jpg,one_row,36A16457,36A16457,8,8,1.0,True,1,True,0.0,939.121,3349632
two_rows/5_322_0_36A08004_327_236_404_299.jpg,two_row_car,36A08004,36A08004,8,8,1.0,True,2,True,0.0,2650.692,3349632
one_row/9_2273_1_36M0035_148_295_456_358.jpg,one_row,36M0035,36M0035,7,7,1.0,True,1,True,0.0,797.357,2930928
two_rows/1_1424_0_36C01896_237_395_288_442.jpg,two_row_car,36C01896,36C01896,8,8,1.0,True,2,False,0.0,2900.238,3349632
one_row/9_2034_1_36C14210_98_306_494_381.jpg,one_row,36C14210,36C14210,8,8,1.0,True,1,True,0.0,1884.854,3349632
one_row/1_2153_1_30A03676_88_225_479_331.jpg,one_row,30A03676,30A03676,8,8,1.0,True,1,False,0.0,1572.345,3349632
one_row/6_2302_1_36A23306_128_189_511_271.jpg,one_row,36A23306,36A23306,8,8,1.0,True,1,False,0.0,1574.928,3349632
two_rows_label_xe_may/7_2456_0_29g143669_369_30_495_129.jpg,two_row_motorcycle,29G143669,223166991,9,2,0.2222222222222222,False,1,True,0.0,8454.891,3768336
one_row/2_1451_1_36C20402_45_207_524_277.jpg,one_row,36C20402,36C20402,8,8,1.0,True,1,True,0.0,1498.769,3349632
two_rows/8_476_0_36A43502_102_213_158_282.jpg,two_row_car,36A43502,36A43502,8,8,1.0,True,2,True,0.0,2537.812,3349632
two_rows/7_114_0_30A47949_247_281_305_330.jpg,two_row_car,30A47949,30A47949,8,8,1.0,True,2,True,0.0,2054.359,3349632
one_row/6_4054_1_89L0434_115_254_557_317.jpg,one_row,89L0434,69L0434,7,6,0.8571428571428571,False,1,False,0.0,2361.831,2930928
one_row/9_1391_1_36A25950_221_236_486_280.jpg,one_row,36A25950,36A25950,8,8,1.0,True,1,True,0.0,1275.282,3349632
one_row/9_1536_1_36A43836_96_229_480_292.jpg,one_row,36A43836,36A43836,8,8,1.0,True,1,True,0.682,1124.962,3349632
two_rows/5_756_0_36A40763_134_203_196_272.jpg,two_row_car,36A40763,36A40763,8,8,1.0,True,2,False,0.0,3990.901,3349632
one_row/7_2454_1_36A00219_134_240_501_296.jpg,one_row,36A00219,36A00219,8,8,1.0,True,1,True,0.0,755.318,3349632
two_rows/9_75_0_34C02311_227_351_277_406.jpg,two_row_car,34C02311,34CB2311,8,7,0.875,False,2,False,0.0,1631.859,3349632
two_rows/5_810_0_36A41057_470_190_539_276.jpg,two_row_car,36A41057,36A41057,8,8,1.0,True,2,True,0.0,2858.973,3349632
two_rows/8_551_0_36A43845_131_218_189_282.jpg,two_row_car,36A43845,36A43845,8,8,1.0,True,2,False,0.0,2559.692,3349632
two_rows/3_939_0_36B01563_157_310_203_350.jpg,two_row_car,36B01563,36B01563,8,8,1.0,True,2,False,0.0,9446.529,3349632
one_row/3_3724_1_90C07338_86_230_542_294.jpg,one_row,90C07338,190C0338,8,3,0.375,False,1,True,0.0,1073.544,3349632
one_row/9_1582_1_36A43949_166_254_553_319.jpg,one_row,36A43949,36A43949,8,8,1.0,True,1,True,0.0,551.582,3349632
two_rows/1_426_0_36A12728_113_220_185_295.jpg,two_row_car,36A12728,36A12728,8,8,1.0,True,2,False,0.0,1906.181,3349632
two_rows_label_xe_may/8_3014_0_36b591953_296_63_429_173.jpg,two_row_motorcycle,36B591953,069511123,9,4,0.4444444444444444,False,2,True,0.0,11081.415,3768336
one_row/6_2295_1_36A23063_148_131_508_194.jpg,one_row,36A23063,36A23063,8,8,1.0,True,1,True,0.199,802.123,3349632
two_rows_label_xe_may/4_1046_0_37l201312_431_120_561_228.jpg,two_row_motorcycle,37L201312,37L201312,9,9,1.0,True,2,True,0.0,4985.602,3768336
one_row/4_3040_1_36C20711_107_193_486_257.jpg,one_row,36C20711,36C20711,8,8,1.0,True,1,False,0.0,2832.727,3349632
two_rows/8_624_0_36b03484_124_291_164_333.jpg,two_row_car,36B03484,336B3484,8,5,0.625,False,2,False,0.0,8270.053,3349632
one_row/9_746_1_36A44460_122_280_221_336.jpg,one_row,36A44460,36A44460,8,8,1.0,True,1,True,0.0,4118.195,3349632
one_row/3_3300_1_36C27997_174_223_501_282.jpg,one_row,36C27997,36C27997,8,8,1.0,True,1,True,0.0,1743.7,3349632
one_row/7_4703_1_36L7047_169_236_491_300.jpg,one_row,36L7047,36L7047,7,7,1.0,True,1,True,0.0,452.897,2930928
two_rows/3_354_0_36A13747_393_245_461_301.jpg,two_row_car,36A13747,36A13747,8,8,1.0,True,2,True,0.0,3509.36,3349632
two_rows_label_xe_may/4_608_0_29B186735_303_3_456_125.jpg,two_row_motorcycle,29B186735,29B186735,9,9,1.0,True,2,True,0.0,3193.614,3768336
two_rows/6_1569_0_36N1975_194_303_238_349.jpg,two_row_car,36N1975,36N1975,7,7,1.0,True,2,False,0.0,3092.194,2930928
one_row/3_2527_1_36A40311_82_207_601_268.jpg,one_row,36A40311,36A40311,8,8,1.0,True,1,False,0.0,1605.348,3349632
one_row/7_2622_1_36A08632_103_227_521_307.jpg,one_row,36A08632,36A08632,8,8,1.0,True,1,True,0.0,1729.845,3349632
one_row/2_682_1_30M8527_129_192_506_260.jpg,one_row,30M8527,30M8527,7,7,1.0,True,1,True,0.0,2057.965,2930928
two_rows/1_472_0_36A16591_97_204_174_271.jpg,two_row_car,36A16591,36A16591,8,8,1.0,True,2,False,0.0,1644.629,3349632
two_rows_label_xe_may/9_1796_0_22S100227_421_7_577_147.jpg,two_row_motorcycle,22S100227,22S100227,9,9,1.0,True,2,False,0.0,4325.998,3768336
two_rows/3_717_0_36A39732_439_225_509_294.jpg,two_row_car,36A39732,36A39732,8,8,1.0,True,2,False,0.0,6928.39,3349632
two_rows/6_346_0_36A08099_448_213_513_288.jpg,two_row_car,36A08099,36A08099,8,8,1.0,True,2,False,0.0,2629.202,3349632
one_row/4_1559_1_36A00536_119_222_470_301.jpg,one_row,36A00536,36A00536,8,8,1.0,True,1,True,0.181,315.267,3349632
one_row/5_3325_1_36C05601_17_207_551_317.jpg,one_row,36C05601,36C05601,8,8,1.0,True,1,False,0.0,379.592,3349632
two_rows_label_xe_may/9_1856_0_99E116218_415_68_548_211.jpg,two_row_motorcycle,99E116218,99E116218,9,9,1.0,True,2,False,0.0,4205.731,3768336
one_row/6_2279_1_36A21224_63_164_598_243.jpg,one_row,36A21224,36A21224,8,8,1.0,True,1,True,0.0,1080.235,3349632
two_rows/1_902_0_36A38312_171_264_236_329.jpg,two_row_car,36A38312,36A38312,8,8,1.0,True,2,False,0.0,2417.819,3349632
two_rows/8_779_0_36C29527_175_310_225_370.jpg,two_row_car,36C29527,36C29527,8,8,1.0,True,2,True,0.0,12921.793,3349632
one_row/3_2036_1_36A23954_83_186_541_254.jpg,one_row,36A23954,36A23954,8,8,1.0,True,1,True,0.0,584.395,3349632
two_rows/1_3971_0_36C20129_147_222_532_351.jpg,two_row_car,36C20129,36C20129,8,8,1.0,True,2,True,0.807,452.198,3349632
one_row/2_1581_1_36M4756_125_224_554_306.jpg,one_row,36M4756,36M4756,7,7,1.0,True,1,True,0.644,398.862,2930928
two_rows/4_483_0_36A28438_88_219_141_286.jpg,two_row_car,36A28438,36A2B438,8,7,0.875,False,2,True,0.0,3585.986,3349632
one_row/5_4242_1_51A81278_151_190_510_256.jpg,one_row,51A81278,51A81278,8,8,1.0,True,1,True,0.0,1489.625,3349632
one_row/3_2889_1_36C10578_111_263_530_316.jpg,one_row,36C10578,36C10578,8,8,1.0,True,1,True,0.0,1426.136,3349632
two_rows/4_3336_0_36D00845_222_183_450_316.jpg,two_row_car,36D00845,36000845,8,7,0.875,False,2,True,0.0,1469.233,3349632
two_rows/6_701_0_36A29321_143_326_199_394.jpg,two_row_car,36A29321,36A29321,8,8,1.0,True,2,True,0.0,2617.574,3349632
two_rows/4_997_0_36C06712_228_391_272_435.jpg,two_row_car,36C06712,36C06712,8,8,1.0,True,2,False,0.0,3660.384,3349632
two_rows/4_3576_0_36R00588_246_231_392_331.jpg,two_row_car,36R00588,36R00588,8,8,1.0,True,2,True,0.0,2438.603,3349632
two_rows/3_736_0_36A39788_121_206_195_275.jpg,two_row_car,36A39788,36A39788,8,8,1.0,True,2,False,0.0,4503.984,3349632
two_rows/4_92_0_30H6045_396_300_444_350.jpg,two_row_car,30H6045,30H6045,7,7,1.0,True,2,False,0.0,4833.06,2930928
two_rows_label_xe_may/3_903_0_34b242916_236_50_373_161.jpg,two_row_motorcycle,34B242916,42B149222,9,2,0.2222222222222222,False,1,True,0.0,9432.174,3768336
one_row/3_2727_1_36C02197_82_212_503_288.jpg,one_row,36C02197,36C02197,8,8,1.0,True,1,True,0.0,969.508,3349632
one_row/8_1729_1_36C02372_100_225_554_296.jpg,one_row,36C02372,36C02372,8,8,1.0,True,1,True,0.0,2645.732,3349632
two_rows/6_1467_0_36D00718_444_206_516_277.jpg,two_row_car,36D00718,36D00718,8,8,1.0,True,2,False,0.0,3915.848,3349632
two_rows_label_xe_may/8_1642_0_29F123212_404_47_521_159.jpg,two_row_motorcycle,29F123212,29F123212,9,9,1.0,True,2,False,0.0,5094.521,3768336
one_row/6_2012_1_36A04033_102_175_529_259.jpg,one_row,36A04033,36A04033,8,8,1.0,True,1,False,0.0,742.375,3349632
two_rows/4_909_0_36B02226_156_310_192_351.jpg,two_row_car,36B02226,36B02226,8,8,1.0,True,2,False,0.0,9373.455,3349632
one_row/5_4227_1_37D00649_123_225_546_288.jpg,one_row,37D00649,37D00649,8,8,1.0,True,1,True,0.0,654.059,3349632
two_rows/6_315_0_36A06581_282_294_343_349.jpg,two_row_car,36A06581,36A06581,8,8,1.0,True,2,False,0.0,3132.448,3349632
two_rows/6_1570_0_36N2099_203_421_242_462.jpg,two_row_car,36N2099,36N2099,7,7,1.0,True,2,False,0.0,10123.742,2930928
one_row/7_3896_1_36B02764_25_169_566_273.jpg,one_row,36B02764,36B02764,8,8,1.0,True,1,False,0.0,1193.782,3349632
one_row/4_2496_1_36B00980_124_195_498_259.jpg,one_row,36B00980,36B00980,8,8,1.0,True,1,True,0.0,1110.614,3349632
one_row/6_2083_1_36A07965_79_151_538_240.jpg,one_row,36A07965,36A07965,8,8,1.0,True,1,True,2.093,1471.884,3349632
one_row/5_2328_1_36A18932_119_188_491_251.jpg,one_row,36A18932,36A18932,8,8,1.0,True,1,False,0.0,1000.964,3349632
one_row/5_3894_1_36C28854_153_213_496_288.jpg,one_row,36C28854,36C28854,8,8,1.0,True,1,False,0.0,1233.928,3349632
two_rows_label_xe_may/7_1403_0_29B147163_453_112_589_256.jpg,two_row_motorcycle,29B147163,29B147163,9,9,1.0,True,2,False,0.0,4751.731,3768336
one_row/4_2146_1_36A40269_211_192_417_308.jpg,one_row,36A40269,36A40269,8,8,1.0,True,2,True,0.0,669.445,3349632
one_row/8_2221_1_36M6371_156_327_484_398.jpg,one_row,36M6371,36M6371,7,7,1.0,True,1,True,0.302,488.767,2930928
one_row/7_4581_1_36C29259_124_257_515_334.jpg,one_row,36C29259,36C29259,8,8,1.0,True,1,True,1.935,1587.986,3349632
two_rows/4_604_0_36A40371_122_253_180_328.jpg,two_row_car,36A40371,36A40371,8,8,1.0,True,2,True,0.0,8952.031,3349632
two_rows_label_xe_may/5_821_0_29M146813_71_12_233_134.jpg,two_row_motorcycle,29M146813,29M146813,9,9,1.0,True,2,True,0.0,1621.177,3768336
one_row/7_3372_1_36A42722_91_216_532_288.jpg,one_row,36A42722,36A42722,8,8,1.0,True,1,False,0.0,703.872,3349632
one_row/9_2234_1_36D00020_119_162_549_245.jpg,one_row,36D00020,36D00020,8,8,1.0,True,1,True,1.422,565.046,3349632
one_row/3_2533_1_36A40352_87_225_608_293.jpg,one_row,36A40352,36A40352,8,8,1.0,True,1,False,0.0,2176.771,3349632
two_rows/1_2000_0_20C08747_223_225_478_330.jpg,two_row_car,20C08747,20087473,8,2,0.25,False,2,True,0.0,186.533,3349632
one_row/5_2438_1_36A23055_74_164_555_236.jpg,one_row,36A23055,36A23055,8,8,1.0,True,1,False,0.0,1647.019,3349632
one_row/4_2337_1_36A40707_117_198_502_261.jpg,one_row,36A40707,36A40707,8,8,1.0,True,1,True,0.0,1274.241,3349632
two_rows/6_1263_0_36C10563_201_378_256_432.jpg,two_row_car,36C10563,36C10563,8,8,1.0,True,2,False,0.0,2560.018,3349632
one_row/3_3572_1_36N0504_140_260_467_320.jpg,one_row,36N0504,36N0504,7,7,1.0,True,1,True,0.0,448.315,2930928
one_row/6_1874_1_30E37204_62_205_576_304.jpg,one_row,30E37204,30E37204,8,8,1.0,True,1,True,0.0,479.023,3349632
two_rows_label_xe_may/8_2881_0_29n105084_249_72_380_187.jpg,two_row_motorcycle,29N105084,12B199121,9,1,0.1111111111111111,False,1,False,0.0,7075.783,3768336
two_rows/3_121_0_30M8239_410_225_480_290.jpg,two_row_car,30M8239,30M8239,7,7,1.0,True,2,False,0.0,3983.741,2930928
two_rows_label_xe_may/2_104_0_29G170402_288_49_450_169.jpg,two_row_motorcycle,29G170402,29G170402,9,9,1.0,True,2,False,0.0,2938.468,3768336
two_rows_label_xe_may/8_2976_0_29c148307_226_106_375_220.jpg,two_row_motorcycle,29C148307,21E110299,9,2,0.2222222222222222,False,1,True,0.0,10346.541,3768336
one_row/1_2630_1_36A18102_93_222_532_285.jpg,one_row,36A18102,36A18102,8,8,1.0,True,1,True,0.0,1464.128,3349632
one_row/7_2209_1_18C07306_179_243_453_313.jpg,one_row,18C07306,18C07306,8,8,1.0,True,1,True,0.0,490.334,3349632
one_row/5_3024_1_36B00909_80_225_511_294.jpg,one_row,36B00909,36B00909,8,8,1.0,True,1,False,0.0,1123.598,3349632
two_rows/2_230_0_36A21010_497_211_561_291.jpg,two_row_car,36A21010,36A21010,8,8,1.0,True,2,True,0.0,5234.228,3349632
one_row/5_2241_1_36A12477_115_179_517_252.jpg,one_row,36A12477,36A12477,8,8,1.0,True,1,True,0.0,1238.533,3349632
one_row/6_2283_1_36A22356_124_251_499_314.jpg,one_row,36A22356,36A22356,8,8,1.0,True,1,False,0.0,2381.162,3349632
one_row/4_2444_1_36A40970_132_244_573_330.jpg,one_row,36A40970,36A40970,8,8,1.0,True,1,True,0.0,1258.057,3349632
one_row/2_1439_1_36C20317_83_193_561_298.jpg,one_row,36C20317,36C20317,8,8,1.0,True,1,True,0.0,2135.236,3349632
one_row/7_2405_1_30M2130_137_223_524_285.jpg,one_row,30M2130,36M2130,7,6,0.8571428571428571,False,1,True,1.273,366.753,2930928
two_rows/7_4897_0_36R00196_183_157_455_349.jpg,two_row_car,36R00196,36R00196,8,8,1.0,True,2,True,0.0,823.215,3349632
two_rows_label_xe_may/3_538_0_29B177155_442_3_588_117.jpg,two_row_motorcycle,29B177155,29B577155,9,8,0.8888888888888888,False,2,True,0.0,5907.278,3768336
two_rows_label_xe_may/5_1014_0_17AA41388_256_37_403_156.jpg,two_row_motorcycle,17AA41388,174A41380,9,7,0.7777777777777778,False,2,True,0.0,4628.523,3768336
one_row/4_2178_1_36A40342_125_236_511_312.jpg,one_row,36A40342,36A40342,8,8,1.0,True,1,False,0.0,142.893,3349632
two_rows/3_446_0_36A21533_388_240_442_294.jpg,two_row_car,36A21533,36A21533,8,8,1.0,True,2,False,0.0,4145.84,3349632
one_row/4_3000_1_36C17344_102_202_488_278.jpg,one_row,36C17344,36C17344,8,8,1.0,True,1,False,0.0,1849.648,3349632
two_rows_label_xe_may/2_451_0_29z77581_287_50_444_167.jpg,two_row_motorcycle,29Z77581,21277581,8,6,0.75,False,2,True,0.0,8779.657,3349632
one_row/7_1374_1_36A43272_41_258_118_327.jpg,one_row,36A43272,36A43272,8,8,1.0,True,1,True,0.0,1394.974,3349632
two_rows/6_535_0_36A22418_381_256_453_319.jpg,two_row_car,36A22418,36A22418,8,8,1.0,True,2,False,0.0,2095.554,3349632
one_row/1_3080_1_36A38251_120_279_444_351.jpg,one_row,36A38251,36A38251,8,8,1.0,True,1,True,2.161,362.874,3349632
one_row/6_1704_1_29A00122_100_228_560_301.jpg,one_row,29A00122,29A00722,8,7,0.875,False,1,True,0.0,519.653,3349632
one_row/5_1947_1_29U0047_99_194_604_302.jpg,one_row,29U0047,2900047,7,6,0.8571428571428571,False,1,False,0.0,199.022,2930928
two_rows/7_1260_0_36A43105_180_228_251_286.jpg,two_row_car,36A43105,36A43105,8,8,1.0,True,2,False,0.0,4169.004,3349632
one_row/1_2081_1_29C20791_158_245_495_305.jpg,one_row,29C20791,29C20791,8,8,1.0,True,1,True,1.79,522.408,3349632
one_row/5_3391_1_36C08059_58_198_572_304.jpg,one_row,36C08059,36C08059,8,8,1.0,True,1,True,0.0,1572.586,3349632
two_rows/1_328_0_36A07704_156_187_218_250.jpg,two_row_car,36A07704,36A07704,8,8,1.0,True,2,False,0.0,2532.346,3349632
one_row/1_4187_1_36L7353_184_219_596_337.jpg,one_row,36L7353,36L7353,7,7,1.0,True,1,False,0.0,341.485,2930928
one_row/6_3264_1_36C08957_120_234_526_314.jpg,one_row,36C08957,36C08957,8,8,1.0,True,1,True,0.0,1984.613,3349632
two_rows/5_1115_0_36B01600_199_335_242_374.jpg,two_row_car,36B01600,336B1600,8,5,0.625,False,2,False,0.0,2164.528,3349632
one_row/8_1373_1_36A24750_77_225_500_309.jpg,one_row,36A24750,36A24750,8,8,1.0,True,1,False,0.0,1004.891,3349632
one_row/7_3361_1_36A42705_71_225_513_293.jpg,one_row,36A42705,36A42705,8,8,1.0,True,1,True,0.0,743.887,3349632
two_rows/5_1005_0_36A41468_446_182_515_260.jpg,two_row_car,36A41468,36A41468,8,8,1.0,True,2,False,0.0,3006.287,3349632
one_row/6_2289_1_36A22955_96_228_557_291.jpg,one_row,36A22955,36A22955,8,8,1.0,True,1,True,0.451,618.554,3349632
one_row/7_2706_1_36A12652_93_226_536_302.jpg,one_row,36A12652,36A12652,8,8,1.0,True,1,True,0.0,1255.117,3349632
one_row/1_3112_1_36A38336_86_237_508_302.jpg,one_row,36A38336,36A38336,8,8,1.0,True,1,True,0.0,771.807,3349632
two_rows_label_xe_may/6_2305_0_36p59026_183_43_330_156.jpg,two_row_motorcycle,36P59026,06H59322,8,4,0.5,False,2,True,0.0,7970.245,3349632
one_row/4_2753_1_36C05230_130_206_520_277.jpg,one_row,36C05230,36C05230,8,8,1.0,True,1,True,0.0,2333.445,3349632
two_rows/6_819_0_36A41789_179_195_243_259.jpg,two_row_car,36A41789,36A41789,8,8,1.0,True,2,False,0.0,2089.454,3349632
two_rows_label_xe_may/3_311_0_18B146676_357_12_495_119.jpg,two_row_motorcycle,18B146676,18B146676,9,9,1.0,True,2,True,0.0,4812.135,3768336
two_rows_label_xe_may/6_1914_0_29t156928_343_83_488_200.jpg,two_row_motorcycle,29T156928,229129319,9,2,0.2222222222222222,False,1,True,0.0,3858.214,3768336
two_rows_label_xe_may/5_1673_0_90b275003_326_51_472_164.jpg,two_row_motorcycle,90B275003,159010232,9,0,0.0,False,1,True,0.0,6176.568,3768336
one_row/7_1076_1_36A42819_79_242_189_297.jpg,one_row,36A42819,36A42819,8,8,1.0,True,1,True,0.0,1010.007,3349632
one_row/4_2017_1_36A28373_62_190_565_313.jpg,one_row,36A28373,36A28373,8,8,1.0,True,1,False,0.0,1172.519,3349632
two_rows/5_118_0_30A01670_466_216_537_289.jpg,two_row_car,30A01670,30A01670,8,8,1.0,True,2,False,0.0,3409.436,3349632
one_row/4_2028_1_36A31293_113_206_523_286.jpg,one_row,36A31293,36A31293,8,8,1.0,True,1,True,0.0,664.159,3349632
one_row/4_2462_1_36B00032_152_215_480_278.jpg,one_row,36B00032,36B00032,8,8,1.0,True,1,True,0.0,1740.062,3349632
two_rows_label_xe_may/9_3524_0_29g139860_415_167_540_272.jpg,two_row_motorcycle,29G139860,29G139G60,9,8,0.8888888888888888,False,2,True,5.356,1877.091,3768336
two_rows/1_311_0_36A06617_166_227_224_290.jpg,two_row_car,36A06617,36A06617,8,8,1.0,True,2,False,0.0,5386.442,3349632
two_rows/5_1075_0_36A41759_119_217_188_288.jpg,two_row_car,36A41759,36A41759,8,8,1.0,True,2,False,0.0,2165.168,3349632
one_row/4_1081_1_36C19273_159_300_243_351.jpg,one_row,36C19273,36C19273,8,8,1.0,True,1,True,0.0,4146.787,3349632
one_row/6_2447_1_36A27673_135_186_502_249.jpg,one_row,36A27673,36A27673,8,8,1.0,True,1,True,0.503,916.61,3349632
one_row/3_1561_1_30A12423_118_184_564_277.jpg,one_row,30A12423,30A12423,8,8,1.0,True,1,True,0.579,1623.589,3349632
two_rows/9_696_0_36A44344_159_209_221_272.jpg,two_row_car,36A44344,36A44344,8,8,1.0,True,2,False,0.0,5001.156,3349632
one_row/1_4143_1_36C39194_128_269_534_342.jpg,one_row,36C39194,36A39194,8,7,0.875,False,1,True,0.0,1047.368,3349632
one_row/6_1914_1_30Y5012_85_225_496_301.jpg,one_row,30Y5012,30Y5012,7,7,1.0,True,1,False,0.0,1444.292,2930928
one_row/3_2656_1_36C00031_49_244_552_325.jpg,one_row,36C00031,36C00031,8,8,1.0,True,1,True,0.0,979.61,3349632
two_rows/8_418_0_36A34341_177_205_233_269.jpg,two_row_car,36A34341,36A34341,8,8,1.0,True,2,False,0.0,1690.944,3349632
one_row/5_3223_1_36C02451_117_211_567_281.jpg,one_row,36C02451,36C02451,8,8,1.0,True,1,True,0.0,736.552,3349632
one_row/6_1549_1_36M9638_344_365_438_411.jpg,one_row,36M9638,36M9638,7,7,1.0,True,1,True,0.0,6209.92,2930928
two_rows/1_700_0_36A37737_107_249_173_329.jpg,two_row_car,36A37737,36A37737,8,8,1.0,True,2,True,0.0,2294.973,3349632
one_row/4_1645_1_36A7079_154_203_495_266.jpg,one_row,36A7079,36M7079,7,6,0.8571428571428571,False,1,True,0.0,1156.354,2930928
one_row/4_2194_1_36A40379_112_205_496_288.jpg,one_row,36A40379,36A40373,8,7,0.875,False,1,True,0.0,2645.473,3349632
two_rows/4_754_0_36A40862_109_224_176_295.jpg,two_row_car,36A40862,36A40862,8,8,1.0,True,2,False,0.0,6422.463,3349632
one_row/7_3480_1_36A42886_141_237_472_302.jpg,one_row,36A42886,36A42886,8,8,1.0,True,1,True,1.736,1059.435,3349632
one_row/6_2638_1_36A41852_119_153_527_230.jpg,one_row,36A41852,36A41852,8,8,1.0,True,1,True,0.603,591.059,3349632
one_row/6_1840_1_30A03352_80_174_563_256.jpg,one_row,30A03352,30A03352,8,8,1.0,True,1,True,0.0,697.197,3349632
two_rows/7_1290_0_36A43152_124_305_182_377.jpg,two_row_car,36A43152,36A43152,8,8,1.0,True,2,True,0.0,2474.755,3349632
two_rows_label_xe_may/5_1697_0_37b281383_297_108_457_229.jpg,two_row_motorcycle,37B281383,193111131,9,1,0.1111111111111111,False,1,True,0.0,7674.546,3768336
two_rows/7_825_0_36A42420_533_214_580_288.jpg,two_row_car,36A42420,36A42420,8,8,1.0,True,2,True,0.0,8162.988,3349632
two_rows_label_xe_may/6_1981_0_29e180173_332_84_422_154.jpg,two_row_motorcycle,29E180173,29E180173,9,9,1.0,True,2,True,0.0,1303.535,3768336
one_row/1_2684_1_36A20765_181_219_500_279.jpg,one_row,36A20765,36A20765,8,8,1.0,True,1,True,0.0,668.144,3349632
one_row/4_2767_1_36C06181_113_200_472_260.jpg,one_row,36C06181,36C06181,8,8,1.0,True,1,True,0.0,760.028,3349632
one_row/3_3348_1_36C28235_80_198_530_273.jpg,one_row,36C28235,36C28235,8,8,1.0,True,1,True,0.0,2052.72,3349632
one_row/3_3518_1_36M6865_82_209_548_303.jpg,one_row,36M6865,36M6B65,7,6,0.8571428571428571,False,1,True,0.0,646.807,2930928
one_row/5_2487_1_36A23441_155_154_525_217.jpg,one_row,36A23441,36A23441,8,8,1.0,True,1,False,0.0,1999.39,3349632
two_rows/3_502_0_36A22332_414_247_481_308.jpg,two_row_car,36A22332,36A22332,8,8,1.0,True,2,False,0.0,6521.702,3349632
one_row/2_727_1_36A02893_107_234_533_294.jpg,one_row,36A02893,36A02893,8,8,1.0,True,1,True,0.0,608.83,3349632
one_row/2_1450_1_36C20383_145_198_526_261.jpg,one_row,36C20383,36C20383,8,8,1.0,True,1,True,0.0,3802.446,3349632
two_rows/4_237_0_36A09420_396_266_453_328.jpg,two_row_car,36A09420,36A09420,8,8,1.0,True,2,False,0.0,4335.825,3349632
two_rows/5_542_0_36A22790_440_205_510_285.jpg,two_row_car,36A22790,36A22790,8,8,1.0,True,2,False,0.0,3211.631,3349632
one_row/8_966_1_15B00091_145_269_515_329.jpg,one_row,15B00091,15B00091,8,8,1.0,True,1,True,0.0,109.906,3349632
two_rows/7_1179_0_36A42954_153_242_209_299.jpg,two_row_car,36A42954,36A42954,8,8,1.0,True,2,False,0.0,3119.915,3349632
two_rows_label_xe_may/9_1813_0_17B122555_325_125_453_256.jpg,two_row_motorcycle,17B122555,17B122555,9,9,1.0,True,2,False,0.0,2553.505,3768336
one_row/1_3825_1_36C09969_220_271_475_326.jpg,one_row,36C09969,36C09969,8,8,1.0,True,1,True,1.652,548.351,3349632
two_rows/7_631_0_36A27116_143_232_201_295.jpg,two_row_car,36A27116,36A27116,8,8,1.0,True,2,False,0.0,3935.662,3349632
one_row/5_2537_1_36A28130_118_137_518_213.jpg,one_row,36A28130,36A28130,8,8,1.0,True,1,True,1.671,915.086,3349632
one_row/6_2209_1_36A15769_120_183_509_252.jpg,one_row,36A15769,36A15769,8,8,1.0,True,1,True,0.0,615.719,3349632
one_row/4_2050_1_36A35616_66_199_564_305.jpg,one_row,36A35616,36A35616,8,8,1.0,True,1,True,0.0,1538.1,3349632
one_row/6_3132_1_36C02576_117_225_457_288.jpg,one_row,36C02576,36C02576,8,8,1.0,True,1,False,0.0,436.361,3349632
two_rows_label_xe_may/6_1182_0_29E211227_487_4_628_149.jpg,two_row_motorcycle,29E211227,29E211227,9,9,1.0,True,2,False,0.0,2850.843,3768336
two_rows_label_xe_may/6_1261_0_14T62849_350_11_508_126.jpg,two_row_motorcycle,14T62849,14T62849,8,8,1.0,True,2,True,0.0,3227.563,3349632
two_rows/8_483_0_36A43554_136_291_202_360.jpg,two_row_car,36A43554,36A43554,8,8,1.0,True,2,False,0.0,2239.577,3349632
one_row/2_1320_1_36C11608_92_221_517_296.jpg,one_row,36C11608,36C11608,8,8,1.0,True,1,True,0.0,756.324,3349632
one_row/7_4794_1_36M6185_95_165_536_273.jpg,one_row,36M6185,36M6185,7,7,1.0,True,1,True,0.0,637.658,2930928
two_rows/2_443_0_36C11009_173_392_209_440.jpg,two_row_car,36C11009,36C11009,8,8,1.0,True,2,False,0.0,8445.846,3349632
two_rows_label_xe_may/7_2405_0_17b118966_453_186_567_297.jpg,two_row_motorcycle,17B118966,11B118966,9,8,0.8888888888888888,False,2,False,0.0,4324.651,3768336
one_row/8_1328_1_36A17535_61_204_507_275.jpg,one_row,36A17535,36A17535,8,8,1.0,True,1,True,0.0,201.518,3349632
one_row/6_2018_1_36A04638_124_137_545_213.jpg,one_row,36A04638,36A04638,8,8,1.0,True,1,False,0.0,1894.44,3349632
one_row/1_3511_1_36B00668_160_222_479_273.jpg,one_row,36B00668,36B00668,8,8,1.0,True,1,True,0.0,329.641,3349632
one_row/4_2364_1_36A40785_117_227_505_297.jpg,one_row,36A40785,36A40785,8,8,1.0,True,1,True,0.0,1954.75,3349632
one_row/9_1424_1_36A42089_105_244_528_311.jpg,one_row,36A42089,36A42089,8,8,1.0,True,1,False,0.0,1729.757,3349632
two_rows/3_1209_0_36C27883_199_364_241_400.jpg,two_row_car,36C27883,36C27883,8,8,1.0,True,2,False,0.0,9242.277,3349632
one_row/1_4001_1_36C24029_27_119_614_226.jpg,one_row,36C24029,36C24029,8,8,1.0,True,1,True,0.122,622.7,3349632
one_row/6_2135_1_36A10139_167_177_546_240.jpg,one_row,36A10139,36A10139,8,8,1.0,True,1,True,0.0,644.161,3349632
two_rows/8_230_0_36A11351_124_299_183_368.jpg,two_row_car,36A11351,36A11351,8,8,1.0,True,2,False,0.0,3313.086,3349632
one_row/4_1692_1_36A09240_78_144_577_242.jpg,one_row,36A09240,36HA0924,8,2,0.25,False,1,True,0.0,1023.425,3349632
two_rows_label_xe_may/1_342_0_88l123229_148_73_282_181.jpg,two_row_motorcycle,88L123229,22B219291,9,1,0.1111111111111111,False,1,True,0.0,4319.212,3768336
one_row/3_2611_1_36B02275_85_235_576_307.jpg,one_row,36B02275,36B02275,8,8,1.0,True,1,True,0.0,1594.714,3349632
two_rows_label_xe_may/2_107_0_29V535057_247_3_417_119.jpg,two_row_motorcycle,29V535057,29N535057,9,8,0.8888888888888888,False,2,False,0.0,4545.815,3768336
one_row/2_1434_1_36C20282_134_206_533_290.jpg,one_row,36C20282,36C20282,8,8,1.0,True,1,True,0.0,2413.733,3349632
two_rows/5_1556_0_36C28860_210_360_247_399.jpg,two_row_car,36C28860,36C28860,8,8,1.0,True,2,False,0.0,7795.509,3349632
one_row/7_2540_1_36A04619_77_225_543_313.jpg,one_row,36A04619,36A04619,8,8,1.0,True,1,True,0.0,819.43,3349632
one_row/3_2932_1_36C14230_126_248_522_311.jpg,one_row,36C14230,36C14230,8,8,1.0,True,1,True,0.0,413.189,3349632
one_row/7_3622_1_36A43174_106_228_536_295.jpg,one_row,36A43174,36A43174,8,8,1.0,True,1,True,0.0,756.793,3349632
two_rows/3_557_0_36A30701_258_262_332_327.jpg,two_row_car,36A30701,36A30701,8,8,1.0,True,2,False,0.0,4346.859,3349632
one_row/7_4211_1_36C12027_141_210_472_311.jpg,one_row,36C12027,36C12027,8,8,1.0,True,1,False,0.0,113.718,3349632
two_rows/7_4387_0_36C18463_270_225_440_342.jpg,two_row_car,36C18463,36C18463,8,8,1.0,True,2,False,0.0,1800.949,3349632
one_row/5_3727_1_36C23312_84_256_570_327.jpg,one_row,36C23312,36C23312,8,8,1.0,True,1,False,0.0,552.878,3349632
one_row/5_2217_1_36A10848_127_157_530_240.jpg,one_row,36A10848,36A10848,8,8,1.0,True,1,False,0.0,763.599,3349632
two_rows/3_564_0_36A33853_135_218_189_274.jpg,two_row_car,36A33853,33A33853,8,7,0.875,False,2,False,0.0,3054.15,3349632
two_rows/7_830_0_36A42436_105_312_175_388.jpg,two_row_car,36A42436,36A42436,8,8,1.0,True,2,False,0.0,592.76,3349632
one_row/7_1447_1_36A43462_510_277_582_334.jpg,one_row,36A43462,36A43462,8,8,1.0,True,1,True,0.0,1790.581,3349632
two_rows/5_1077_0_36B00274_144_388_182_434.jpg,two_row_car,36B00274,36B00274,8,8,1.0,True,2,False,0.0,5316.083,3349632
one_row/3_1800_1_36A10925_99_225_535_310.jpg,one_row,36A10925,36A10925,8,8,1.0,True,1,True,0.0,817.089,3349632
one_row/5_2718_1_36A41089_147_189_504_251.jpg,one_row,36A41089,36A41089,8,8,1.0,True,1,True,0.0,1271.603,3349632
two_rows/8_2290_0_36R02067_203_168_501_354.jpg,two_row_car,36R02067,36R02067,8,8,1.0,True,2,True,0.799,1098.978,3349632
one_row/4_2414_1_36A40909_123_225_524_306.jpg,one_row,36A40909,36A40909,8,8,1.0,True,1,True,0.0,719.614,3349632
one_row/1_4322_1_36N3345_38_265_532_357.jpg,one_row,36N3345,36N3345,7,7,1.0,True,1,True,0.781,372.954,2930928
two_rows/6_31_0_29A17262_139_257_194_308.jpg,two_row_car,29A17262,29A17262,8,8,1.0,True,2,False,0.0,7022.602,3349632
one_row/9_1310_1_36A17944_138_246_504_316.jpg,one_row,36A17944,36A17944,8,8,1.0,True,1,True,2.083,2020.94,3349632
one_row/5_3100_1_36B02508_100_225_496_279.jpg,one_row,36B02508,36B02508,8,8,1.0,True,1,True,0.0,1095.473,3349632
one_row/8_2222_1_36M6625_119_293_507_355.jpg,one_row,36M6625,36M6625,7,7,1.0,True,1,True,0.0,1103.868,2930928
two_rows/6_302_0_36A06052_437_233_500_301.jpg,two_row_car,36A06052,36A06052,8,8,1.0,True,2,False,0.0,4637.913,3349632
one_row/2_696_1_35C09765_73_174_563_268.jpg,one_row,35C09765,35C09765,8,8,1.0,True,1,True,0.0,1873.543,3349632
two_rows_label_xe_may/4_1209_0_36z60217_285_60_431_172.jpg,two_row_motorcycle,36Z60217,01017220,8,1,0.125,False,1,True,0.0,4196.317,3349632
two_rows_label_xe_may/2_804_0_29h191518_356_203_479_304.jpg,two_row_motorcycle,29H191518,29H191518,9,9,1.0,True,2,True,0.0,1458.141,3768336
two_rows/7_594_0_36A24820_164_313_231_383.jpg,two_row_car,36A24820,36A24820,8,8,1.0,True,2,False,0.0,1701.667,3349632
two_rows/7_144_0_30U2181_128_223_185_288.jpg,two_row_car,30U2181,3002181,7,6,0.8571428571428571,False,2,False,0.0,1827.011,2930928
two_rows_label_xe_may/3_530_0_29P146460_393_40_526_168.jpg,two_row_motorcycle,29P146460,293146460,9,8,0.8888888888888888,False,2,False,0.0,3957.135,3768336
two_rows/6_494_0_36A17914_441_214_512_287.jpg,two_row_car,36A17914,36A17914,8,8,1.0,True,2,False,0.0,3812.718,3349632
one_row/5_2073_1_36A01206_66_137_535_211.jpg,one_row,36A01206,36A01206,8,8,1.0,True,1,True,0.0,249.245,3349632
one_row/7_5030_1_99B00466_99_238_576_316.jpg,one_row,99B00466,99B00466,8,8,1.0,True,1,True,0.0,708.578,3349632
one_row/6_2123_1_36A09191_155_234_497_297.jpg,one_row,36A09191,36A09191,8,8,1.0,True,1,True,0.0,370.579,3349632
one_row/7_3631_1_36A43197_117_288_506_354.jpg,one_row,36A43197,36A43197,8,8,1.0,True,1,False,0.0,1016.935,3349632
two_rows/8_650_0_36C03556_208_421_246_463.jpg,two_row_car,36C03556,36C03556,8,8,1.0,True,2,False,0.0,4021.362,3349632
two_rows/4_330_0_36A16483_89_223_135_288.jpg,two_row_car,36A16483,36A16483,8,8,1.0,True,2,True,0.0,3493.438,3349632
one_row/9_724_1_36A44401_120_300_224_363.jpg,one_row,36A44401,36A44401,8,8,1.0,True,1,False,0.0,751.12,3349632
two_rows/7_4347_0_36C17784_242_208_466_346.jpg,two_row_car,36C17784,36C17784,8,8,1.0,True,2,True,0.716,979.361,3349632
two_rows/4_674_0_36A40581_114_310_165_371.jpg,two_row_car,36A40581,36A40581,8,8,1.0,True,2,True,0.0,5665.516,3349632
two_rows/4_635_0_36A40470_149_215_214_281.jpg,two_row_car,36A40470,36A80470,8,7,0.875,False,2,False,0.0,3774.414,3349632
two_rows/6_1403_0_36C29016_431_303_491_374.jpg,two_row_car,36C29016,36C29016,8,8,1.0,True,2,True,0.0,3968.651,3349632
two_rows/7_1418_0_36A43367_172_201_229_263.jpg,two_row_car,36A43367,36A43367,8,8,1.0,True,2,False,0.0,5479.305,3349632
one_row/9_1417_1_36A39433_78_132_505_219.jpg,one_row,36A39433,36A39433,8,8,1.0,True,1,True,0.0,416.649,3349632
one_row/2_1285_1_36C09659_131_201_523_288.jpg,one_row,36C09659,36C09659,8,8,1.0,True,1,True,0.0,1503.579,3349632
one_row/7_4736_1_36M1057_125_250_493_320.jpg,one_row,36M1057,39M1097,7,5,0.7142857142857143,False,1,True,0.0,1291.098,2930928
two_rows/4_323_0_36A16185_508_203_574_279.jpg,two_row_car,36A16185,36A16182,8,7,0.875,False,2,False,0.0,2948.476,3349632
two_rows_label_xe_may/6_2158_0_29e146760_450_233_559_331.jpg,two_row_motorcycle,29E146760,29E146760,9,9,1.0,True,2,False,0.0,4496.999,3768336
one_row/5_3306_1_36C04939_87_257_547_335.jpg,one_row,36C04939,36C04939,8,8,1.0,True,1,True,0.437,582.378,3349632
one_row/5_2519_1_36A26303_92_153_514_225.jpg,one_row,36A26303,36A26303,8,8,1.0,True,1,True,0.0,907.433,3349632
one_row/4_1387_1_29B61764_168_235_481_301.jpg,one_row,29B61764,29B61764,8,8,1.0,True,1,True,0.0,1447.557,3349632
one_row/8_1215_1_36A07097_148_247_487_323.jpg,one_row,36A07097,36A07097,8,8,1.0,True,1,True,0.0,789.106,3349632
one_row/7_4199_1_36C11617_23_54_635_185.jpg,one_row,36C11617,36C11617,8,8,1.0,True,1,False,0.0,699.069,3349632
one_row/5_2092_1_36A02433_145_199_496_262.jpg,one_row,36A02433,36A02433,8,8,1.0,True,1,True,0.0,998.019,3349632
two_rows/4_401_0_36A22202_111_309_163_387.jpg,two_row_car,36A22202,223260A2,8,2,0.25,False,1,True,0.0,5068.801,3349632
one_row/5_1948_1_29U1105_185_213_497_280.jpg,one_row,29U1105,29U1105,7,7,1.0,True,1,True,0.0,97.061,2930928
two_rows/3_2935_0_36C14464_145_178_549_303.jpg,two_row_car,36C14464,36C14464,8,8,1.0,True,2,True,0.0,345.927,3349632
one_row/8_1062_1_29S8023_44_225_570_352.jpg,one_row,29S8023,21S8023,7,6,0.8571428571428571,False,1,False,0.0,219.05,2930928
two_rows/8_460_0_36A43395_121_299_179_371.jpg,two_row_car,36A43395,36A43395,8,8,1.0,True,2,True,0.0,2003.199,3349632
two_rows/7_2042_0_36M9465_274_312_314_353.jpg,two_row_car,36M9465,36M9465,7,7,1.0,True,2,False,0.0,4940.096,2930928
one_row/4_2119_1_36A40158_153_275_527_347.jpg,one_row,36A40158,36A40158,8,8,1.0,True,1,True,0.0,836.557,3349632
one_row/6_1923_1_33H9417_188_234_468_297.jpg,one_row,33H9417,3383947,7,3,0.42857142857142855,False,1,True,2.49,213.021,2930928
one_row/1_3153_1_36A38436_113_207_556_270.jpg,one_row,36A38436,36A38436,8,8,1.0,True,1,False,0.0,1002.643,3349632
one_row/3_2463_1_36A40107_112_218_562_286.jpg,one_row,36A40107,36A40107,8,8,1.0,True,1,True,0.0,2474.625,3349632
one_row/7_2696_1_36A12363_130_246_508_310.jpg,one_row,36A12363,36A12363,8,8,1.0,True,1,True,0.42,576.498,3349632
one_row/4_2846_1_36C10469_127_225_457_288.jpg,one_row,36C10469,36C10469,8,8,1.0,True,1,True,0.0,1110.918,3349632
one_row/7_2953_1_36A24570_157_225_496_286.jpg,one_row,36A24570,36A24570,8,8,1.0,True,1,True,0.0,2389.29,3349632
two_rows/1_3966_0_36C20086_183_213_412_318.jpg,two_row_car,36C20086,36C20086,8,8,1.0,True,2,False,0.0,1017.699,3349632
two_rows/9_882_0_36C17114_196_400_243_444.jpg,two_row_car,36C17114,36C17114,8,8,1.0,True,2,False,0.0,4325.823,3349632
two_rows/6_186_0_30V9474_254_278_323_347.jpg,two_row_car,30V9474,30R9474,7,6,0.8571428571428571,False,2,False,0.0,1251.353,2930928
two_rows/7_1043_0_36A42780_149_277_201_342.jpg,two_row_car,36A42780,36A42780,8,8,1.0,True,2,False,0.0,4644.083,3349632
two_rows/5_1573_0_36C28946_209_413_258_463.jpg,two_row_car,36C28946,36C28946,8,8,1.0,True,2,False,0.0,6905.634,3349632
two_rows/8_2047_0_36C27579_195_214_428_334.jpg,two_row_car,36C27579,36C27579,8,8,1.0,True,2,False,0.0,699.538,3349632
one_row/2_768_1_36A06905_89_256_526_330.jpg,one_row,36A06905,36A06905,8,8,1.0,True,1,False,0.0,1841.336,3349632
one_row/8_1257_1_36A11448_40_229_613_352.jpg,one_row,36A11448,36A11448,8,8,1.0,True,1,False,0.0,501.388,3349632
one_row/7_4938_1_37B00727_171_242_501_301.jpg,one_row,37B00727,37B00727,8,8,1.0,True,1,True,0.0,356.384,3349632
two_rows/6_1536_0_36M7174_393_223_456_284.jpg,two_row_car,36M7174,36M7174,7,7,1.0,True,2,False,0.0,3054.755,2930928
one_row/5_2663_1_36A40986_115_187_504_251.jpg,one_row,36A40986,36A40986,8,8,1.0,True,1,False,0.0,2213.523,3349632
one_row/8_2228_1_36M7476_175_315_438_367.jpg,one_row,36M7476,36M7476,7,7,1.0,True,1,True,0.0,2160.719,2930928
two_rows/1_1275_0_36B00446_131_314_175_358.jpg,two_row_car,36B00446,36B00446,8,8,1.0,True,2,False,0.0,4552.538,3349632
two_rows/4_547_0_36A40095_107_253_158_311.jpg,two_row_car,36A40095,36A40095,8,8,1.0,True,2,False,0.0,8438.788,3349632
one_row/9_1500_1_36A43725_168_236_558_299.jpg,one_row,36A43725,36A43725,8,8,1.0,True,1,True,0.0,713.457,3349632
one_row/5_3939_1_36D00564_156_186_468_249.jpg,one_row,36D00564,36D00564,8,8,1.0,True,1,True,0.0,1517.133,3349632
two_rows_label_xe_may/2_662_0_30k12241_273_41_425_161.jpg,two_row_motorcycle,30K12241,01312221,8,4,0.5,False,2,True,0.0,6033.434,3349632
one_row/2_1455_1_36C20450_92_217_570_300.jpg,one_row,36C20450,36C20450,8,8,1.0,True,1,True,0.0,828.918,3349632
two_rows/1_819_0_36A38084_132_226_203_305.jpg,two_row_car,36A38084,36A38084,8,8,1.0,True,2,False,0.0,2820.528,3349632
one_row/4_1958_1_36A22814_25_145_605_277.jpg,one_row,36A22814,36A22814,8,8,1.0,True,1,True,0.114,831.729,3349632
one_row/7_4573_1_36C29245_124_170_548_268.jpg,one_row,36C29245,36C29245,8,8,1.0,True,1,True,0.0,1227.925,3349632
two_rows/1_1493_0_36C12737_149_291_212_354.jpg,two_row_car,36C12737,36C12737,8,8,1.0,True,2,True,2.726,2290.434,3349632
one_row/5_2980_1_36A41656_102_243_481_324.jpg,one_row,36A41656,36A41656,8,8,1.0,True,1,True,0.0,1827.467,3349632
two_rows_label_xe_may/9_3540_0_29l137543_372_134_503_248.jpg,two_row_motorcycle,29L137543,29L137543,9,9,1.0,True,2,False,0.0,1532.273,3768336
two_rows_label_xe_may/7_2741_0_30k41656_406_91_532_189.jpg,two_row_motorcycle,30K41656,30K40656,8,7,0.875,False,2,True,0.0,2129.648,3349632
two_rows/6_1245_0_36C05882_213_405_254_451.jpg,two_row_car,36C05882,36C05882,8,8,1.0,True,2,False,0.0,4796.146,3349632
one_row/4_1353_1_28H7256_118_192_524_273.jpg,one_row,28H7256,28H7256,7,7,1.0,True,1,True,0.0,500.912,2930928
one_row/3_3042_1_36C16755_68_234_571_302.jpg,one_row,36C16755,336C1675,8,2,0.25,False,1,True,0.0,2307.546,3349632
one_row/5_2823_1_36A41272_133_184_537_267.jpg,one_row,36A41272,36A41272,8,8,1.0,True,1,False,0.0,193.197,3349632
two_rows/1_1001_0_36A38570_82_215_146_295.jpg,two_row_car,36A38570,36A38570,8,8,1.0,True,2,True,0.0,1831.955,3349632
one_row/7_2467_1_36A00549_121_242_513_294.jpg,one_row,36A00549,367A0059,8,4,0.5,False,1,True,0.0,891.792,3349632
one_row/5_3285_1_36C04519_108_207_527_293.jpg,one_row,36C04519,36C04519,8,8,1.0,True,1,True,0.354,1549.215,3349632
two_rows/9_59_0_30F90699_436_259_481_308.jpg,two_row_car,30F90699,30F90699,8,8,1.0,True,2,False,0.0,9723.911,3349632
one_row/9_2074_1_36C18413_155_340_496_403.jpg,one_row,36C18413,36C18413,8,8,1.0,True,1,True,0.0,792.786,3349632
two_rows/3_1139_0_36C20584_280_320_334_373.jpg,two_row_car,36C20584,36C20584,8,8,1.0,True,2,False,0.0,2743.806,3349632
two_rows/1_1215_0_36A39127_490_204_552_282.jpg,two_row_car,36A39127,36A39127,8,8,1.0,True,2,True,0.0,4010.324,3349632
two_rows_label_xe_may/8_3021_0_29a125224_325_67_440_161.jpg,two_row_motorcycle,29A125224,229212A41,9,1,0.1111111111111111,False,1,True,0.0,12482.758,3768336
two_rows/9_983_0_36D00534_483_202_536_271.jpg,two_row_car,36D00534,36D00534,8,8,1.0,True,2,True,0.0,9459.901,3349632
one_row/1_2610_1_36A17475_88_195_558_279.jpg,one_row,36A17475,36A17475,8,8,1.0,True,1,True,0.0,476.783,3349632
two_rows/5_782_0_36A41003_173_203_240_275.jpg,two_row_car,36A41003,36A41003,8,8,1.0,True,2,False,0.0,795.641,3349632
one_row/7_4554_1_36C29167_123_203_521_279.jpg,one_row,36C29167,36C29167,8,8,1.0,True,1,False,0.0,1065.65,3349632
one_row/1_3057_1_36A38203_127_301_448_366.jpg,one_row,36A38203,36A38203,8,8,1.0,True,1,True,0.0,989.544,3349632
two_rows/5_1439_0_36C21614_162_402_204_454.jpg,two_row_car,36C21614,36C21614,8,8,1.0,True,2,False,0.0,1727.297,3349632
one_row/5_1856_1_29A71699_118_196_488_259.jpg,one_row,29A71699,29A71699,8,8,1.0,True,1,True,0.0,523.36,3349632
two_rows/4_1007_0_36C07848_373_411_413_457.jpg,two_row_car,36C07848,36C07848,8,8,1.0,True,2,False,0.0,6378.075,3349632
one_row/3_1943_1_36A21076_86_225_571_296.jpg,one_row,36A21076,36A21C76,8,7,0.875,False,1,True,0.0,1705.85,3349632
one_row/7_4236_1_36C12392_194_263_568_344.jpg,one_row,36C12392,36C12392,8,8,1.0,True,1,False,0.0,1387.189,3349632
two_rows/7_103_0_30A02481_241_283_297_343.jpg,two_row_car,30A02481,36A02481,8,7,0.875,False,2,False,0.0,3582.495,3349632
one_row/6_2433_1_36A26235_103_178_538_251.jpg,one_row,36A26235,36A26235,8,8,1.0,True,1,False,0.0,1958.633,3349632
one_row/3_2512_1_36A40230_89_225_575_307.jpg,one_row,36A40230,36A40230,8,8,1.0,True,1,True,0.0,2125.529,3349632
one_row/6_2025_1_36A05258_113_266_517_329.jpg,one_row,36A05258,36S65250,8,5,0.625,False,1,True,0.0,1106.954,3349632
two_rows/1_1729_0_36D00649_127_219_195_297.jpg,two_row_car,36D00649,36D00649,8,8,1.0,True,2,False,0.0,7467.25,3349632
one_row/4_3652_1_90B00060_138_203_493_270.jpg,one_row,90B00060,90B00060,8,8,1.0,True,1,True,0.9,714.268,3349632
two_rows/7_1817_0_36C22809_301_424_348_475.jpg,two_row_car,36C22809,36C22809,8,8,1.0,True,2,False,0.0,4621.9,3349632
one_row/3_2285_1_36A39701_101_187_494_260.jpg,one_row,36A39701,36A39701,8,8,1.0,True,1,True,0.0,1341.21,3349632
one_row/1_628_1_36A29379_482_328_566_407.jpg,one_row,36A29379,66A21379,8,6,0.75,False,1,False,0.0,6606.166,3349632
one_row/6_2512_1_36A41302_43_176_557_251.jpg,one_row,36A41302,36A41302,8,8,1.0,True,1,True,0.0,1056.897,3349632
one_row/5_1844_1_29A33103_124_206_493_269.jpg,one_row,29A33103,29A33103,8,8,1.0,True,1,True,0.458,1260.762,3349632
two_rows/3_1332_0_36M2934_460_225_531_290.jpg,two_row_car,36M2934,36M2934,7,7,1.0,True,2,False,0.0,4979.691,2930928
one_row/9_1359_1_36A25217_180_254_479_305.jpg,one_row,36A25217,36A25217,8,8,1.0,True,1,True,0.0,998.703,3349632
two_rows_label_xe_may/7_1549_0_16F29717_316_8_486_128.jpg,two_row_motorcycle,16F29717,1GF29717,8,7,0.875,False,2,False,0.0,4002.716,3349632
two_rows/8_2086_0_36C29776_118_196_438_314.jpg,two_row_car,36C29776,36C29776,8,8,1.0,True,2,True,0.0,456.139,3349632
two_rows_label_xe_may/5_1683_0_29m135815_125_35_224_128.jpg,two_row_motorcycle,29M135815,23B121122,9,2,0.2222222222222222,False,1,False,0.0,12473.148,3768336
one_row/5_3900_1_36C28869_87_226_540_301.jpg,one_row,36C28869,36C28869,8,8,1.0,True,1,True,0.0,887.056,3349632
two_rows/6_796_0_36A41729_472_198_539_271.jpg,two_row_car,36A41729,36A41729,8,8,1.0,True,2,False,0.0,5964.414,3349632
one_row/4_1491_1_30H6045_141_214_523_300.jpg,one_row,30H6045,30H6045,7,7,1.0,True,1,True,0.0,2405.405,2930928
one_row/6_3404_1_36C17226_71_153_520_226.jpg,one_row,36C17226,36C17226,8,8,1.0,True,1,False,0.0,1202.971,3349632
two_rows/7_1460_0_36A43482_156_281_222_353.jpg,two_row_car,36A43482,36A43462,8,7,0.875,False,2,False,0.0,2833.468,3349632
one_row/3_1582_1_30E07809_54_210_561_291.jpg,one_row,30E07809,30E07809,8,8,1.0,True,1,True,0.572,1010.42,3349632
two_rows/5_1065_0_36A41706_470_205_535_276.jpg,two_row_car,36A41706,36A41706,8,8,1.0,True,2,False,0.0,5070.406,3349632
one_row/5_1414_1_36C20731_462_295_543_361.jpg,one_row,36C20731,36C20731,8,8,1.0,True,1,False,0.0,2873.445,3349632
one_row/6_603_1_36A23886_415_325_511_395.jpg,one_row,36A23886,36A23886,8,8,1.0,True,1,True,0.0,3125.769,3349632
two_rows/1_1161_0_36A38982_105_218_170_295.jpg,two_row_car,36A38982,36A38982,8,8,1.0,True,2,False,0.0,2949.939,3349632
two_rows/6_740_0_36A41297_447_196_515_268.jpg,two_row_car,36A41297,36A41297,8,8,1.0,True,2,False,0.0,1699.389,3349632
one_row/7_949_1_36A42643_70_206_172_272.jpg,one_row,36A42643,36A42643,8,8,1.0,True,1,True,0.0,1441.014,3349632
one_row/7_3867_1_36B02288_158_258_498_333.jpg,one_row,36B02288,36B02288,8,8,1.0,True,1,True,0.0,1259.053,3349632
one_row/5_4302_1_89A01171_141_199_528_268.jpg,one_row,89A01171,89A01171,8,8,1.0,True,1,True,0.0,337.596,3349632
two_rows/4_3579_0_36R00958_232_194_389_314.jpg,two_row_car,36R00958,36R00958,8,8,1.0,True,2,True,0.0,1515.073,3349632
two_rows/5_1501_0_36C28513_165_368_213_423.jpg,two_row_car,36C28513,36C28513,8,8,1.0,True,2,False,0.0,7480.253,3349632
one_row/7_3301_1_36A42598_162_255_501_305.jpg,one_row,36A42598,36A42598,8,8,1.0,True,1,True,0.0,1557.059,3349632
two_rows/6_727_0_36A37118_453_251_506_309.jpg,two_row_car,36A37118,36A31118,8,7,0.875,False,2,False,0.0,3392.742,3349632
