batch_characters,iteration,model,latency_ns
1,0,dense,295100
1,0,structured_50,181700
1,1,structured_50,161500
1,1,dense,204400
1,2,dense,176400
1,2,structured_50,169800
1,3,structured_50,157800
1,3,dense,178500
1,4,dense,664900
1,4,structured_50,165500
1,5,structured_50,149500
1,5,dense,163000
1,6,dense,268700
1,6,structured_50,164800
1,7,structured_50,156800
1,7,dense,168000
1,8,dense,166200
1,8,structured_50,154500
1,9,structured_50,152100
1,9,dense,164000
1,10,dense,193500
1,10,structured_50,161200
1,11,structured_50,153400
1,11,dense,176000
1,12,dense,165500
1,12,structured_50,153300
1,13,structured_50,151100
1,13,dense,163500
1,14,dense,163400
1,14,structured_50,153700
1,15,structured_50,153500
1,15,dense,574400
1,16,dense,616200
1,16,structured_50,211700
1,17,structured_50,166400
1,17,dense,175700
1,18,dense,172700
1,18,structured_50,181100
1,19,structured_50,284300
1,19,dense,215700
1,20,dense,209100
1,20,structured_50,176500
1,21,structured_50,160500
1,21,dense,170400
1,22,dense,652100
1,22,structured_50,181000
1,23,structured_50,159000
1,23,dense,169600
1,24,dense,267100
1,24,structured_50,188100
1,25,structured_50,170500
1,25,dense,180900
1,26,dense,171400
1,26,structured_50,160600
1,27,structured_50,159000
1,27,dense,255900
1,28,dense,177900
1,28,structured_50,162500
1,29,structured_50,182200
1,29,dense,191300
1,30,dense,188300
1,30,structured_50,161000
1,31,structured_50,154900
1,31,dense,166600
1,32,dense,167900
1,32,structured_50,157400
1,33,structured_50,153300
1,33,dense,165500
1,34,dense,164700
1,34,structured_50,158700
1,35,structured_50,154100
1,35,dense,182100
1,36,dense,189400
1,36,structured_50,162400
1,37,structured_50,156300
1,37,dense,169200
1,38,dense,165600
1,38,structured_50,157700
1,39,structured_50,152300
1,39,dense,166500
1,40,dense,164900
1,40,structured_50,154000
1,41,structured_50,153200
1,41,dense,164500
1,42,dense,195100
1,42,structured_50,161200
1,43,structured_50,948500
1,43,dense,359600
1,44,dense,511800
1,44,structured_50,204000
1,45,structured_50,171700
1,45,dense,181400
1,46,dense,174100
1,46,structured_50,164100
1,47,structured_50,248400
1,47,dense,228900
1,48,dense,165700
1,48,structured_50,153900
1,49,structured_50,146000
1,49,dense,157500
1,50,dense,166900
1,50,structured_50,156100
1,51,structured_50,151300
1,51,dense,162900
1,52,dense,180800
1,52,structured_50,160900
1,53,structured_50,150500
1,53,dense,207600
1,54,dense,266100
1,54,structured_50,156500
1,55,structured_50,147000
1,55,dense,157200
1,56,dense,161800
1,56,structured_50,154200
1,57,structured_50,144800
1,57,dense,155900
1,58,dense,184600
1,58,structured_50,154100
1,59,structured_50,145800
1,59,dense,168600
1,60,dense,155000
1,60,structured_50,146200
1,61,structured_50,144300
1,61,dense,159700
1,62,dense,166400
1,62,structured_50,156100
1,63,structured_50,156400
1,63,dense,170200
1,64,dense,193100
1,64,structured_50,174500
1,65,structured_50,164500
1,65,dense,180800
1,66,dense,184000
1,66,structured_50,304800
1,67,structured_50,170000
1,67,dense,222500
1,68,dense,187900
1,68,structured_50,196600
1,69,structured_50,187400
1,69,dense,191100
1,70,dense,193900
1,70,structured_50,191300
1,71,structured_50,329900
1,71,dense,349900
1,72,dense,290500
1,72,structured_50,173500
1,73,structured_50,159500
1,73,dense,170500
1,74,dense,170600
1,74,structured_50,172100
1,75,structured_50,172700
1,75,dense,177800
1,76,dense,188800
1,76,structured_50,182200
1,77,structured_50,174500
1,77,dense,175800
1,78,dense,169400
1,78,structured_50,160600
1,79,structured_50,156100
1,79,dense,171900
1,80,dense,169800
1,80,structured_50,157200
1,81,structured_50,157000
1,81,dense,168900
1,82,dense,197100
1,82,structured_50,171800
1,83,structured_50,159700
1,83,dense,172400
1,84,dense,167300
1,84,structured_50,157000
1,85,structured_50,154400
1,85,dense,168500
1,86,dense,169000
1,86,structured_50,161900
1,87,structured_50,155400
1,87,dense,168500
1,88,dense,190600
1,88,structured_50,165500
1,89,structured_50,154000
1,89,dense,168400
1,90,dense,169100
1,90,structured_50,156600
1,91,structured_50,155900
1,91,dense,168000
1,92,dense,163900
1,92,structured_50,156300
1,93,structured_50,154200
1,93,dense,166100
1,94,dense,186000
1,94,structured_50,168700
1,95,structured_50,158800
1,95,dense,167700
1,96,dense,165400
1,96,structured_50,155800
1,97,structured_50,150300
1,97,dense,164100
1,98,dense,383200
1,98,structured_50,452000
1,99,structured_50,189200
1,99,dense,201300
1,100,dense,177800
1,100,structured_50,167600
1,101,structured_50,172200
1,101,dense,206600
1,102,dense,245300
1,102,structured_50,320500
1,103,structured_50,242900
1,103,dense,201500
1,104,dense,181100
1,104,structured_50,160200
1,105,structured_50,166600
1,105,dense,198700
1,106,dense,197500
1,106,structured_50,186800
1,107,structured_50,167100
1,107,dense,161800
1,108,dense,160100
1,108,structured_50,158400
1,109,structured_50,182700
1,109,dense,167200
1,110,dense,161700
1,110,structured_50,151800
1,111,structured_50,147900
1,111,dense,163200
1,112,dense,160000
1,112,structured_50,146600
1,113,structured_50,145300
1,113,dense,159500
1,114,dense,157900
1,114,structured_50,145900
1,115,structured_50,171300
1,115,dense,173700
1,116,dense,160600
1,116,structured_50,189100
1,117,structured_50,146400
1,117,dense,159700
1,118,dense,170200
1,118,structured_50,158700
1,119,structured_50,148100
1,119,dense,155700
1,120,dense,156900
1,120,structured_50,145000
1,121,structured_50,141900
1,121,dense,184200
1,122,dense,163300
1,122,structured_50,149600
1,123,structured_50,143200
1,123,dense,155300
1,124,dense,154800
1,124,structured_50,146400
1,125,structured_50,142800
1,125,dense,162800
1,126,dense,164700
1,126,structured_50,145900
1,127,structured_50,150000
1,127,dense,218700
1,128,dense,180200
1,128,structured_50,155200
1,129,structured_50,156200
1,129,dense,173800
1,130,dense,168300
1,130,structured_50,152300
1,131,structured_50,147900
1,131,dense,158400
1,132,dense,157400
1,132,structured_50,155900
1,133,structured_50,148500
1,133,dense,156600
1,134,dense,272700
1,134,structured_50,806000
1,135,structured_50,419900
1,135,dense,224100
1,136,dense,231200
1,136,structured_50,213200
1,137,structured_50,199200
1,137,dense,215600
1,138,dense,214500
1,138,structured_50,196600
1,139,structured_50,177800
1,139,dense,173400
1,140,dense,167900
1,140,structured_50,156400
1,141,structured_50,173600
1,141,dense,173200
1,142,dense,162000
1,142,structured_50,169600
1,143,structured_50,151900
1,143,dense,162200
1,144,dense,189500
1,144,structured_50,166600
1,145,structured_50,154600
1,145,dense,173900
1,146,dense,162200
1,146,structured_50,146100
1,147,structured_50,160300
1,147,dense,164100
1,148,dense,155400
1,148,structured_50,157100
1,149,structured_50,152500
1,149,dense,166000
1,150,dense,184800
1,150,structured_50,162400
1,151,structured_50,144400
1,151,dense,155900
1,152,dense,154800
1,152,structured_50,143100
1,153,structured_50,142400
1,153,dense,180200
1,154,dense,158300
1,154,structured_50,146100
1,155,structured_50,141800
1,155,dense,153400
1,156,dense,171000
1,156,structured_50,148200
1,157,structured_50,142300
1,157,dense,154100
1,158,dense,183900
1,158,structured_50,172100
1,159,structured_50,144800
1,159,dense,164300
1,160,dense,153500
1,160,structured_50,145000
1,161,structured_50,185700
1,161,dense,194700
1,162,dense,171300
1,162,structured_50,173400
1,163,structured_50,154600
1,163,dense,165600
1,164,dense,167300
1,164,structured_50,155600
1,165,structured_50,151600
1,165,dense,183700
1,166,dense,184300
1,166,structured_50,159200
1,167,structured_50,155800
1,167,dense,166900
1,168,dense,342600
1,168,structured_50,207100
1,169,structured_50,158500
1,169,dense,169300
1,170,dense,159300
1,170,structured_50,151800
1,171,structured_50,187400
1,171,dense,176300
1,172,dense,170000
1,172,structured_50,155900
1,173,structured_50,142500
1,173,dense,153200
1,174,dense,171800
1,174,structured_50,155500
1,175,structured_50,144500
1,175,dense,155000
1,176,dense,170800
1,176,structured_50,148900
1,177,structured_50,347900
1,177,dense,415900
1,178,dense,279800
1,178,structured_50,273000
1,179,structured_50,272000
1,179,dense,277000
1,180,dense,309000
1,180,structured_50,367100
1,181,structured_50,280500
1,181,dense,337600
1,182,dense,274200
1,182,structured_50,199000
1,183,structured_50,186500
1,183,dense,237400
1,184,dense,216300
1,184,structured_50,187600
1,185,structured_50,172100
1,185,dense,184100
1,186,dense,206500
1,186,structured_50,199900
1,187,structured_50,192900
1,187,dense,186200
1,188,dense,183500
1,188,structured_50,169600
1,189,structured_50,205300
1,189,dense,195800
1,190,dense,182000
1,190,structured_50,177700
1,191,structured_50,341100
1,191,dense,200800
1,192,dense,194000
1,192,structured_50,186900
1,193,structured_50,183100
1,193,dense,205300
1,194,dense,215600
1,194,structured_50,214300
1,195,structured_50,200100
1,195,dense,263300
1,196,dense,223500
1,196,structured_50,176800
1,197,structured_50,282000
1,197,dense,204300
1,198,dense,173100
1,198,structured_50,161200
1,199,structured_50,178000
1,199,dense,184400
1,200,dense,172600
1,200,structured_50,161700
1,201,structured_50,156400
1,201,dense,297700
1,202,dense,176800
1,202,structured_50,160800
1,203,structured_50,166400
1,203,dense,166400
1,204,dense,703700
1,204,structured_50,185800
1,205,structured_50,157500
1,205,dense,167900
1,206,dense,267900
1,206,structured_50,169400
1,207,structured_50,155700
1,207,dense,169100
1,208,dense,165200
1,208,structured_50,169200
1,209,structured_50,174300
1,209,dense,170200
1,210,dense,165700
1,210,structured_50,157300
1,211,structured_50,154100
1,211,dense,159700
1,212,dense,172200
1,212,structured_50,160800
1,213,structured_50,156200
1,213,dense,403100
1,214,dense,286800
1,214,structured_50,227900
1,215,structured_50,194700
1,215,dense,204100
1,216,dense,200800
1,216,structured_50,177300
1,217,structured_50,162400
1,217,dense,195100
1,218,dense,209200
1,218,structured_50,395600
1,219,structured_50,281500
1,219,dense,199700
1,220,dense,207200
1,220,structured_50,184800
1,221,structured_50,187900
1,221,dense,220500
1,222,dense,203900
1,222,structured_50,196900
1,223,structured_50,190800
1,223,dense,181600
1,224,dense,174300
1,224,structured_50,165000
1,225,structured_50,164600
1,225,dense,173800
1,226,dense,168800
1,226,structured_50,157900
1,227,structured_50,154000
1,227,dense,167100
1,228,dense,165500
1,228,structured_50,188000
1,229,structured_50,164200
1,229,dense,171700
1,230,dense,167300
1,230,structured_50,155900
1,231,structured_50,153800
1,231,dense,165000
1,232,dense,164600
1,232,structured_50,158600
1,233,structured_50,155200
1,233,dense,167200
1,234,dense,166900
1,234,structured_50,189000
1,235,structured_50,166000
1,235,dense,171000
1,236,dense,167800
1,236,structured_50,157100
1,237,structured_50,154600
1,237,dense,166100
1,238,dense,166700
1,238,structured_50,158700
1,239,structured_50,153500
1,239,dense,168000
1,240,dense,166000
1,240,structured_50,180900
1,241,structured_50,166100
1,241,dense,172100
1,242,dense,168500
1,242,structured_50,156900
1,243,structured_50,153800
1,243,dense,167800
1,244,dense,163300
1,244,structured_50,154500
1,245,structured_50,151100
1,245,dense,163500
1,246,dense,163400
1,246,structured_50,169600
1,247,structured_50,171800
1,247,dense,171100
1,248,dense,166200
1,248,structured_50,619500
1,249,structured_50,336100
1,249,dense,265300
1,250,dense,196300
1,250,structured_50,269500
1,251,structured_50,225100
1,251,dense,189900
1,252,dense,172900
1,252,structured_50,159500
1,253,structured_50,154600
1,253,dense,169400
1,254,dense,166000
1,254,structured_50,157900
1,255,structured_50,153900
1,255,dense,199000
1,256,dense,177300
1,256,structured_50,164600
1,257,structured_50,157300
1,257,dense,168600
1,258,dense,166700
1,258,structured_50,156300
1,259,structured_50,153600
1,259,dense,170500
1,260,dense,165700
1,260,structured_50,159600
1,261,structured_50,245500
1,261,dense,362300
1,262,dense,329500
1,262,structured_50,394600
1,263,structured_50,223900
1,263,dense,185200
1,264,dense,163800
1,264,structured_50,174500
1,265,structured_50,173500
1,265,dense,213300
1,266,dense,187900
1,266,structured_50,211300
1,267,structured_50,176300
1,267,dense,169200
1,268,dense,160000
1,268,structured_50,207600
1,269,structured_50,162700
1,269,dense,163800
1,270,dense,161300
1,270,structured_50,149800
1,271,structured_50,159000
1,271,dense,169100
1,272,dense,175300
1,272,structured_50,172700
1,273,structured_50,162200
1,273,dense,170000
1,274,dense,162600
1,274,structured_50,164100
1,275,structured_50,169200
1,275,dense,170400
1,276,dense,176100
1,276,structured_50,400300
1,277,structured_50,318700
1,277,dense,315200
1,278,dense,184400
1,278,structured_50,170200
1,279,structured_50,167500
1,279,dense,180200
1,280,dense,191300
1,280,structured_50,306700
1,281,structured_50,191000
1,281,dense,205100
1,282,dense,735000
1,282,structured_50,166400
1,283,structured_50,152100
1,283,dense,172500
1,284,dense,280700
1,284,structured_50,168000
1,285,structured_50,164300
1,285,dense,189200
1,286,dense,162400
1,286,structured_50,148600
1,287,structured_50,146700
1,287,dense,167700
1,288,dense,171700
1,288,structured_50,151000
1,289,structured_50,143100
1,289,dense,154100
1,290,dense,159500
1,290,structured_50,219500
1,291,structured_50,157400
1,291,dense,187500
1,292,dense,165400
1,292,structured_50,148100
1,293,structured_50,141900
1,293,dense,154200
1,294,dense,160600
1,294,structured_50,145700
1,295,structured_50,141100
1,295,dense,153900
1,296,dense,153800
1,296,structured_50,144600
1,297,structured_50,143700
1,297,dense,162500
1,298,dense,181100
1,298,structured_50,155700
1,299,structured_50,143500
1,299,dense,156100
1,300,dense,154400
1,300,structured_50,154500
1,301,structured_50,141900
1,301,dense,153100
1,302,dense,153600
1,302,structured_50,145300
1,303,structured_50,141000
1,303,dense,155000
1,304,dense,741700
1,304,structured_50,497600
1,305,structured_50,405300
1,305,dense,202900
1,306,dense,183100
1,306,structured_50,173100
1,307,structured_50,168900
1,307,dense,205900
1,308,dense,422000
1,308,structured_50,217100
1,309,structured_50,161900
1,309,dense,172500
1,310,dense,167900
1,310,structured_50,155400
1,311,structured_50,152700
1,311,dense,165600
1,312,dense,164900
1,312,structured_50,155100
1,313,structured_50,151600
1,313,dense,165600
1,314,dense,200900
1,314,structured_50,162000
1,315,structured_50,156300
1,315,dense,165300
1,316,dense,166500
1,316,structured_50,158400
1,317,structured_50,292700
1,317,dense,274900
1,318,dense,173600
1,318,structured_50,159800
1,319,structured_50,162400
1,319,dense,169400
1,320,dense,169000
1,320,structured_50,154700
1,321,structured_50,149800
1,321,dense,162500
1,322,dense,208900
1,322,structured_50,162200
1,323,structured_50,154500
1,323,dense,165000
1,324,dense,163000
1,324,structured_50,154900
1,325,structured_50,162500
1,325,dense,167600
1,326,dense,163100
1,326,structured_50,160300
1,327,structured_50,155700
1,327,dense,169600
1,328,dense,203100
1,328,structured_50,163600
1,329,structured_50,152800
1,329,dense,165800
1,330,dense,167800
1,330,structured_50,163900
1,331,structured_50,162700
1,331,dense,168800
1,332,dense,163400
1,332,structured_50,157400
1,333,structured_50,155400
1,333,dense,168400
1,334,dense,296000
1,334,structured_50,253800
1,335,structured_50,401200
1,335,dense,332500
1,336,dense,193500
1,336,structured_50,171100
1,337,structured_50,165700
1,337,dense,183500
1,338,dense,171300
1,338,structured_50,158000
1,339,structured_50,153400
1,339,dense,167700
1,340,dense,208400
1,340,structured_50,175400
1,341,structured_50,159900
1,341,dense,172000
1,342,dense,167400
1,342,structured_50,158600
1,343,structured_50,155300
1,343,dense,172300
1,344,dense,172700
1,344,structured_50,161200
1,345,structured_50,165200
1,345,dense,189800
1,346,dense,189500
1,346,structured_50,163900
1,347,structured_50,162400
1,347,dense,172800
1,348,dense,169700
1,348,structured_50,157000
1,349,structured_50,156400
1,349,dense,167300
1,350,dense,166200
1,350,structured_50,162500
1,351,structured_50,161400
1,351,dense,183500
1,352,dense,183100
1,352,structured_50,161400
1,353,structured_50,156500
1,353,dense,166900
1,354,dense,165900
1,354,structured_50,157000
1,355,structured_50,154300
1,355,dense,166000
1,356,dense,164100
1,356,structured_50,157000
1,357,structured_50,151600
1,357,dense,180100
1,358,dense,183900
1,358,structured_50,162600
1,359,structured_50,155100
1,359,dense,168600
1,360,dense,606100
1,360,structured_50,306100
1,361,structured_50,717400
1,361,dense,427500
1,362,dense,328800
1,362,structured_50,359000
1,363,structured_50,182700
1,363,dense,352700
1,364,dense,270000
1,364,structured_50,201200
1,365,structured_50,187900
1,365,dense,215300
1,366,dense,179200
1,366,structured_50,167200
1,367,structured_50,162200
1,367,dense,177200
1,368,dense,182800
1,368,structured_50,177300
1,369,structured_50,160200
1,369,dense,171800
1,370,dense,171900
1,370,structured_50,159000
1,371,structured_50,168200
1,371,dense,186400
1,372,dense,172700
1,372,structured_50,161200
1,373,structured_50,156200
1,373,dense,167400
1,374,dense,191800
1,374,structured_50,306000
1,375,structured_50,179100
1,375,dense,173100
1,376,dense,166500
1,376,structured_50,155400
1,377,structured_50,153400
1,377,dense,163000
1,378,dense,163300
1,378,structured_50,155000
1,379,structured_50,153900
1,379,dense,199800
1,380,dense,170800
1,380,structured_50,162600
1,381,structured_50,157300
1,381,dense,167700
1,382,dense,167100
1,382,structured_50,156600
1,383,structured_50,155300
1,383,dense,167700
1,384,dense,167500
1,384,structured_50,169900
1,385,structured_50,160600
1,385,dense,197800
1,386,dense,173000
1,386,structured_50,161600
1,387,structured_50,155300
1,387,dense,175200
1,388,dense,179600
1,388,structured_50,162300
1,389,structured_50,156200
1,389,dense,169500
1,390,dense,164400
1,390,structured_50,152800
1,391,structured_50,460700
1,391,dense,603600
1,392,dense,251300
1,392,structured_50,177900
1,393,structured_50,163300
1,393,dense,177200
1,394,dense,188100
1,394,structured_50,171300
1,395,structured_50,158600
1,395,dense,170500
1,396,dense,188400
1,396,structured_50,177300
1,397,structured_50,158900
1,397,dense,176700
1,398,dense,170500
1,398,structured_50,162300
1,399,structured_50,155900
1,399,dense,172500
1,400,dense,167700
1,400,structured_50,160000
1,401,structured_50,159400
1,401,dense,170000
1,402,dense,197900
1,402,structured_50,171800
1,403,structured_50,157700
1,403,dense,168800
1,404,dense,168900
1,404,structured_50,159100
1,405,structured_50,154900
1,405,dense,166600
1,406,dense,165300
1,406,structured_50,154500
1,407,structured_50,154000
1,407,dense,166100
1,408,dense,188200
1,408,structured_50,168500
1,409,structured_50,158000
1,409,dense,169800
1,410,dense,168400
1,410,structured_50,155800
1,411,structured_50,152700
1,411,dense,164800
1,412,dense,165200
1,412,structured_50,154800
1,413,structured_50,152000
1,413,dense,163300
1,414,dense,178700
1,414,structured_50,174900
1,415,structured_50,157200
1,415,dense,168800
1,416,dense,164700
1,416,structured_50,154400
1,417,structured_50,152200
1,417,dense,166200
1,418,dense,168800
1,418,structured_50,158600
1,419,structured_50,155300
1,419,dense,170600
1,420,dense,181100
1,420,structured_50,177200
1,421,structured_50,160800
1,421,dense,170800
1,422,dense,337800
1,422,structured_50,384500
1,423,structured_50,338100
1,423,dense,197700
1,424,dense,179800
1,424,structured_50,172700
1,425,structured_50,175400
1,425,dense,327300
1,426,dense,193000
1,426,structured_50,166300
1,427,structured_50,192000
1,427,dense,176400
1,428,dense,170800
1,428,structured_50,160900
1,429,structured_50,155100
1,429,dense,168600
1,430,dense,167700
1,430,structured_50,159400
1,431,structured_50,158800
1,431,dense,168100
1,432,dense,168300
1,432,structured_50,159200
1,433,structured_50,187500
1,433,dense,175400
1,434,dense,171600
1,434,structured_50,279200
1,435,structured_50,185200
1,435,dense,170600
1,436,dense,167700
1,436,structured_50,157500
1,437,structured_50,155600
1,437,dense,169100
1,438,dense,177100
1,438,structured_50,191200
1,439,structured_50,158000
1,439,dense,168800
1,440,dense,192500
1,440,structured_50,170400
1,441,structured_50,154500
1,441,dense,167400
1,442,dense,166600
1,442,structured_50,156300
1,443,structured_50,152200
1,443,dense,166400
1,444,dense,179800
1,444,structured_50,173400
1,445,structured_50,157000
1,445,dense,166400
1,446,dense,165700
1,446,structured_50,156500
1,447,structured_50,158600
1,447,dense,166600
1,448,dense,165700
1,448,structured_50,154000
1,449,structured_50,151700
1,449,dense,163800
1,450,dense,162700
1,450,structured_50,183600
1,451,structured_50,159600
1,451,dense,355400
1,452,dense,348400
1,452,structured_50,261400
1,453,structured_50,169600
1,453,dense,172800
1,454,dense,169100
1,454,structured_50,167700
1,455,structured_50,168800
1,455,dense,205000
1,456,dense,197000
1,456,structured_50,231200
1,457,structured_50,245900
1,457,dense,207600
1,458,dense,308700
1,458,structured_50,193800
1,459,structured_50,162400
1,459,dense,174900
1,460,dense,170200
1,460,structured_50,159500
1,461,structured_50,178300
1,461,dense,178800
1,462,dense,170300
1,462,structured_50,158600
1,463,structured_50,154400
1,463,dense,166000
1,464,dense,162200
1,464,structured_50,155000
1,465,structured_50,154400
1,465,dense,164100
1,466,dense,163300
1,466,structured_50,153700
1,467,structured_50,161200
1,467,dense,185600
1,468,dense,169000
1,468,structured_50,155300
1,469,structured_50,151500
1,469,dense,163200
1,470,dense,163300
1,470,structured_50,154800
1,471,structured_50,151500
1,471,dense,165400
1,472,dense,163000
1,472,structured_50,152100
1,473,structured_50,152600
1,473,dense,188700
1,474,dense,170200
1,474,structured_50,157700
1,475,structured_50,154400
1,475,dense,163300
1,476,dense,162500
1,476,structured_50,152300
1,477,structured_50,150000
1,477,dense,163300
1,478,dense,163700
1,478,structured_50,158000
1,479,structured_50,151400
1,479,dense,182900
1,480,dense,174400
1,480,structured_50,157400
1,481,structured_50,152900
1,481,dense,162600
1,482,dense,165600
1,482,structured_50,230300
1,483,structured_50,290400
1,483,dense,180400
1,484,dense,353200
1,484,structured_50,205600
1,485,structured_50,167400
1,485,dense,181300
1,486,dense,179200
1,486,structured_50,170900
1,487,structured_50,160000
1,487,dense,192600
1,488,dense,193400
1,488,structured_50,222700
1,489,structured_50,171600
1,489,dense,185800
1,490,dense,177200
1,490,structured_50,163000
1,491,structured_50,160800
1,491,dense,167900
1,492,dense,167300
1,492,structured_50,160000
1,493,structured_50,155300
1,493,dense,168000
1,494,dense,190300
1,494,structured_50,174800
1,495,structured_50,159500
1,495,dense,170200
1,496,dense,167800
1,496,structured_50,157800
1,497,structured_50,154800
1,497,dense,167000
1,498,dense,168000
1,498,structured_50,155300
1,499,structured_50,151400
1,499,dense,164300
1,500,dense,178600
1,500,structured_50,172000
1,501,structured_50,156700
1,501,dense,167700
1,502,dense,167900
1,502,structured_50,162500
1,503,structured_50,152300
1,503,dense,165200
1,504,dense,162900
1,504,structured_50,273500
1,505,structured_50,163100
1,505,dense,168700
1,506,dense,191900
1,506,structured_50,163800
1,507,structured_50,154500
1,507,dense,167000
1,508,dense,163900
1,508,structured_50,153300
1,509,structured_50,151700
1,509,dense,164200
1,510,dense,163400
1,510,structured_50,157600
1,511,structured_50,151900
1,511,dense,163100
1,512,dense,187100
1,512,structured_50,163000
1,513,structured_50,154000
1,513,dense,167100
1,514,dense,165900
1,514,structured_50,299900
1,515,structured_50,168900
1,515,dense,182600
1,516,dense,174900
1,516,structured_50,161800
1,517,structured_50,261100
1,517,dense,194700
1,518,dense,182600
1,518,structured_50,162500
1,519,structured_50,186900
1,519,dense,182400
1,520,dense,276400
1,520,structured_50,185000
1,521,structured_50,159300
1,521,dense,177000
1,522,dense,168600
1,522,structured_50,160000
1,523,structured_50,154800
1,523,dense,165100
1,524,dense,163000
1,524,structured_50,181000
1,525,structured_50,163700
1,525,dense,166500
1,526,dense,164100
1,526,structured_50,155200
1,527,structured_50,151900
1,527,dense,310300
1,528,dense,201500
1,528,structured_50,163400
1,529,structured_50,157200
1,529,dense,167400
1,530,dense,191200
1,530,structured_50,167400
1,531,structured_50,154400
1,531,dense,165600
1,532,dense,164100
1,532,structured_50,154200
1,533,structured_50,151400
1,533,dense,164200
1,534,dense,163200
1,534,structured_50,153800
1,535,structured_50,152000
1,535,dense,163300
1,536,dense,179700
1,536,structured_50,175400
1,537,structured_50,158000
1,537,dense,167900
1,538,dense,163400
1,538,structured_50,154300
1,539,structured_50,151300
1,539,dense,164400
1,540,dense,162400
1,540,structured_50,153400
1,541,structured_50,152900
1,541,dense,163900
1,542,dense,162900
1,542,structured_50,184900
1,543,structured_50,157900
1,543,dense,167500
1,544,dense,164200
1,544,structured_50,155200
1,545,structured_50,157000
1,545,dense,162800
1,546,dense,359500
1,546,structured_50,241200
1,547,structured_50,162300
1,547,dense,172700
1,548,dense,168000
1,548,structured_50,155400
1,549,structured_50,176100
1,549,dense,170200
1,550,dense,165900
1,550,structured_50,156000
1,551,structured_50,152300
1,551,dense,171500
1,552,dense,187700
1,552,structured_50,161000
1,553,structured_50,154400
1,553,dense,174500
1,554,dense,166300
1,554,structured_50,155500
1,555,structured_50,152300
1,555,dense,165100
1,556,dense,162700
1,556,structured_50,198600
1,557,structured_50,164000
1,557,dense,169500
1,558,dense,171200
1,558,structured_50,156900
1,559,structured_50,187900
1,559,dense,200000
1,560,dense,173200
1,560,structured_50,182200
1,561,structured_50,165600
1,561,dense,169700
1,562,dense,201000
1,562,structured_50,169500
1,563,structured_50,160900
1,563,dense,194100
1,564,dense,172700
1,564,structured_50,157600
1,565,structured_50,154100
1,565,dense,166200
1,566,dense,165900
1,566,structured_50,182400
1,567,structured_50,160000
1,567,dense,168400
1,568,dense,166500
1,568,structured_50,155000
1,569,structured_50,152200
1,569,dense,193400
1,570,dense,171300
1,570,structured_50,160900
1,571,structured_50,155600
1,571,dense,168200
1,572,dense,166100
1,572,structured_50,405400
1,573,structured_50,170000
1,573,dense,174400
1,574,dense,170400
1,574,structured_50,187900
1,575,structured_50,161500
1,575,dense,169500
1,576,dense,164900
1,576,structured_50,154800
1,577,structured_50,152900
1,577,dense,352000
1,578,dense,229200
1,578,structured_50,173900
1,579,structured_50,173300
1,579,dense,196700
1,580,dense,185200
1,580,structured_50,199200
1,581,structured_50,194500
1,581,dense,241400
1,582,dense,207500
1,582,structured_50,206200
1,583,structured_50,174500
1,583,dense,178000
1,584,dense,171100
1,584,structured_50,162600
1,585,structured_50,156400
1,585,dense,179400
1,586,dense,166900
1,586,structured_50,154300
1,587,structured_50,321100
1,587,dense,352200
1,588,dense,191000
1,588,structured_50,184500
1,589,structured_50,157400
1,589,dense,169200
1,590,dense,171800
1,590,structured_50,158800
1,591,structured_50,154800
1,591,dense,197400
1,592,dense,181000
1,592,structured_50,161800
1,593,structured_50,157700
1,593,dense,172100
1,594,dense,170100
1,594,structured_50,160800
1,595,structured_50,158400
1,595,dense,170400
1,596,dense,169500
1,596,structured_50,158800
1,597,structured_50,157000
1,597,dense,203200
1,598,dense,180200
1,598,structured_50,163500
1,599,structured_50,158200
1,599,dense,169400
1,600,dense,168600
1,600,structured_50,162600
1,601,structured_50,157900
1,601,dense,167000
1,602,dense,168300
1,602,structured_50,165900
1,603,structured_50,160400
1,603,dense,196000
1,604,dense,174300
1,604,structured_50,158700
1,605,structured_50,156100
1,605,dense,169300
1,606,dense,170000
1,606,structured_50,162500
1,607,structured_50,169400
1,607,dense,171600
1,608,dense,199200
1,608,structured_50,193200
1,609,structured_50,185600
1,609,dense,361900
1,610,dense,649000
1,610,structured_50,268200
1,611,structured_50,246400
1,611,dense,248200
1,612,dense,213800
1,612,structured_50,364200
1,613,structured_50,312500
1,613,dense,215800
1,614,dense,179700
1,614,structured_50,168400
1,615,structured_50,167500
1,615,dense,188500
1,616,dense,211600
1,616,structured_50,204100
1,617,structured_50,183700
1,617,dense,185900
1,618,dense,177000
1,618,structured_50,170000
1,619,structured_50,165300
1,619,dense,178400
1,620,dense,176800
1,620,structured_50,167600
1,621,structured_50,161000
1,621,dense,189000
1,622,dense,195100
1,622,structured_50,170600
1,623,structured_50,156000
1,623,dense,172600
1,624,dense,170000
1,624,structured_50,157700
1,625,structured_50,155000
1,625,dense,165800
1,626,dense,166600
1,626,structured_50,155300
1,627,structured_50,156400
1,627,dense,183000
1,628,dense,187200
1,628,structured_50,160700
1,629,structured_50,156500
1,629,dense,169500
1,630,dense,170200
1,630,structured_50,158000
1,631,structured_50,154500
1,631,dense,171200
1,632,dense,168800
1,632,structured_50,160000
1,633,structured_50,155300
1,633,dense,187200
1,634,dense,188700
1,634,structured_50,162100
1,635,structured_50,155400
1,635,dense,455600
1,636,dense,333500
1,636,structured_50,231700
1,637,structured_50,167400
1,637,dense,178000
1,638,dense,170000
1,638,structured_50,161400
1,639,structured_50,156000
1,639,dense,165700
1,640,dense,168100
1,640,structured_50,159200
1,641,structured_50,187900
1,641,dense,180400
1,642,dense,174700
1,642,structured_50,161100
1,643,structured_50,157400
1,643,dense,173400
1,644,dense,172700
1,644,structured_50,158700
1,645,structured_50,160800
1,645,dense,175900
1,646,dense,173000
1,646,structured_50,160300
1,647,structured_50,189800
1,647,dense,180400
1,648,dense,172200
1,648,structured_50,161000
1,649,structured_50,164200
1,649,dense,171100
1,650,dense,184000
1,650,structured_50,163200
1,651,structured_50,157700
1,651,dense,169800
1,652,dense,166000
1,652,structured_50,174600
1,653,structured_50,178500
1,653,dense,176100
1,654,dense,169400
1,654,structured_50,161500
1,655,structured_50,154100
1,655,dense,167400
1,656,dense,165200
1,656,structured_50,156300
1,657,structured_50,156800
1,657,dense,169900
1,658,dense,170900
1,658,structured_50,174800
1,659,structured_50,178000
1,659,dense,175800
1,660,dense,170100
1,660,structured_50,159600
1,661,structured_50,154800
1,661,dense,168000
1,662,dense,169200
1,662,structured_50,156500
1,663,structured_50,155300
1,663,dense,167500
1,664,dense,166000
1,664,structured_50,174100
1,665,structured_50,168600
1,665,dense,172000
1,666,dense,167800
1,666,structured_50,156500
1,667,structured_50,297200
1,667,dense,483400
1,668,dense,282900
1,668,structured_50,186400
1,669,structured_50,228500
1,669,dense,199200
1,670,dense,174600
1,670,structured_50,192100
1,671,structured_50,171400
1,671,dense,173700
1,672,dense,173700
1,672,structured_50,170500
1,673,structured_50,160400
1,673,dense,172100
1,674,dense,169800
1,674,structured_50,161100
1,675,structured_50,160700
1,675,dense,173500
1,676,dense,170600
1,676,structured_50,195000
1,677,structured_50,165800
1,677,dense,176900
1,678,dense,174100
1,678,structured_50,162300
1,679,structured_50,158000
1,679,dense,171100
1,680,dense,169000
1,680,structured_50,159000
1,681,structured_50,166300
1,681,dense,172700
1,682,dense,184100
1,682,structured_50,177900
1,683,structured_50,160600
1,683,dense,172300
1,684,dense,169600
1,684,structured_50,269500
1,685,structured_50,166700
1,685,dense,170500
1,686,dense,169100
1,686,structured_50,176600
1,687,structured_50,173600
1,687,dense,183100
1,688,dense,186700
1,688,structured_50,162200
1,689,structured_50,155800
1,689,dense,169200
1,690,dense,165600
1,690,structured_50,156100
1,691,structured_50,153300
1,691,dense,166800
1,692,dense,166900
1,692,structured_50,160100
1,693,structured_50,169100
1,693,dense,198000
1,694,dense,196000
1,694,structured_50,167700
1,695,structured_50,158500
1,695,dense,166500
1,696,dense,166700
1,696,structured_50,158300
1,697,structured_50,338300
1,697,dense,187000
1,698,dense,230700
1,698,structured_50,439600
1,699,structured_50,283600
1,699,dense,204800
1,700,dense,288100
1,700,structured_50,237800
1,701,structured_50,175700
1,701,dense,206400
1,702,dense,319600
1,702,structured_50,193800
1,703,structured_50,167300
1,703,dense,180200
1,704,dense,215700
1,704,structured_50,172100
1,705,structured_50,160500
1,705,dense,180300
1,706,dense,173900
1,706,structured_50,162100
1,707,structured_50,161100
1,707,dense,177300
1,708,dense,178100
1,708,structured_50,192500
1,709,structured_50,196300
1,709,dense,258000
1,710,dense,253400
1,710,structured_50,220800
1,711,structured_50,208900
1,711,dense,205800
1,712,dense,221900
1,712,structured_50,213000
1,713,structured_50,185700
1,713,dense,246200
1,714,dense,236400
1,714,structured_50,169400
1,715,structured_50,164700
1,715,dense,170600
1,716,dense,165700
1,716,structured_50,156400
1,717,structured_50,157700
1,717,dense,165500
1,718,dense,165700
1,718,structured_50,158600
1,719,structured_50,210300
1,719,dense,319700
1,720,dense,184100
1,720,structured_50,166500
1,721,structured_50,160900
1,721,dense,326700
1,722,dense,197200
1,722,structured_50,158100
1,723,structured_50,158700
1,723,dense,367600
1,724,dense,223300
1,724,structured_50,173800
1,725,structured_50,172200
1,725,dense,177700
1,726,dense,173500
1,726,structured_50,166500
1,727,structured_50,161800
1,727,dense,170000
1,728,dense,168600
1,728,structured_50,198200
1,729,structured_50,204000
1,729,dense,192100
1,730,dense,176700
1,730,structured_50,170800
1,731,structured_50,169800
1,731,dense,183000
1,732,dense,165900
1,732,structured_50,154800
1,733,structured_50,2945200
1,733,dense,343100
1,734,dense,186200
1,734,structured_50,184200
1,735,structured_50,154100
1,735,dense,165500
1,736,dense,167700
1,736,structured_50,150700
1,737,structured_50,141500
1,737,dense,195900
1,738,dense,171400
1,738,structured_50,159500
1,739,structured_50,144000
1,739,dense,156100
1,740,dense,154700
1,740,structured_50,145300
1,741,structured_50,141900
1,741,dense,161500
1,742,dense,153900
1,742,structured_50,142800
1,743,structured_50,140300
1,743,dense,169900
1,744,dense,172100
1,744,structured_50,173400
1,745,structured_50,144300
1,745,dense,154500
1,746,dense,153900
1,746,structured_50,144800
1,747,structured_50,151700
1,747,dense,638300
1,748,dense,395700
1,748,structured_50,189900
1,749,structured_50,162600
1,749,dense,172200
1,750,dense,173900
1,750,structured_50,171600
1,751,structured_50,164300
1,751,dense,185800
1,752,dense,316700
1,752,structured_50,181100
1,753,structured_50,161700
1,753,dense,191800
1,754,dense,191500
1,754,structured_50,166300
1,755,structured_50,158800
1,755,dense,170500
1,756,dense,171500
1,756,structured_50,232500
1,757,structured_50,371200
1,757,dense,308100
1,758,dense,202900
1,758,structured_50,197500
1,759,structured_50,170500
1,759,dense,188800
1,760,dense,216400
1,760,structured_50,287000
1,761,structured_50,343800
1,761,dense,192300
1,762,dense,174200
1,762,structured_50,161900
1,763,structured_50,149100
1,763,dense,160400
1,764,dense,159000
1,764,structured_50,160500
1,765,structured_50,160700
1,765,dense,217500
1,766,dense,174100
1,766,structured_50,157600
1,767,structured_50,151200
1,767,dense,166500
1,768,dense,170700
1,768,structured_50,153200
1,769,structured_50,150200
1,769,dense,163800
1,770,dense,162600
1,770,structured_50,154200
1,771,structured_50,149400
1,771,dense,196400
1,772,dense,169400
1,772,structured_50,154800
1,773,structured_50,149300
1,773,dense,158700
1,774,dense,158700
1,774,structured_50,157700
1,775,structured_50,155600
1,775,dense,406200
1,776,dense,185500
1,776,structured_50,359700
1,777,structured_50,248300
1,777,dense,286400
1,778,dense,290800
1,778,structured_50,211300
1,779,structured_50,190300
1,779,dense,193600
1,780,dense,184600
1,780,structured_50,175700
1,781,structured_50,296800
1,781,dense,260000
1,782,dense,203600
1,782,structured_50,189900
1,783,structured_50,180800
1,783,dense,185100
1,784,dense,182600
1,784,structured_50,172400
1,785,structured_50,164900
1,785,dense,181400
1,786,dense,174600
1,786,structured_50,162100
1,787,structured_50,212600
1,787,dense,182600
1,788,dense,201900
1,788,structured_50,332700
1,789,structured_50,168500
1,789,dense,174800
1,790,dense,167400
1,790,structured_50,156700
1,791,structured_50,153000
1,791,dense,166200
1,792,dense,164900
1,792,structured_50,158600
1,793,structured_50,151400
1,793,dense,178600
1,794,dense,184500
1,794,structured_50,159500
1,795,structured_50,154300
1,795,dense,165700
1,796,dense,165100
1,796,structured_50,157000
1,797,structured_50,152300
1,797,dense,166000
1,798,dense,164800
1,798,structured_50,154900
1,799,structured_50,151700
1,799,dense,166200
1,800,dense,196300
1,800,structured_50,161900
1,801,structured_50,156300
1,801,dense,164500
1,802,dense,162300
1,802,structured_50,154600
1,803,structured_50,153800
1,803,dense,162100
1,804,dense,643700
1,804,structured_50,392000
1,805,structured_50,178000
1,805,dense,182600
1,806,dense,176100
1,806,structured_50,274300
1,807,structured_50,244900
1,807,dense,179000
1,808,dense,622500
1,808,structured_50,190500
1,809,structured_50,158900
1,809,dense,169200
1,810,dense,288300
1,810,structured_50,180200
1,811,structured_50,161100
1,811,dense,169400
1,812,dense,172900
1,812,structured_50,159400
1,813,structured_50,152500
1,813,dense,165600
1,814,dense,167200
1,814,structured_50,306600
1,815,structured_50,196100
1,815,dense,182500
1,816,dense,168100
1,816,structured_50,185900
1,817,structured_50,159400
1,817,dense,167500
1,818,dense,188700
1,818,structured_50,160200
1,819,structured_50,153400
1,819,dense,164800
1,820,dense,162300
1,820,structured_50,153200
1,821,structured_50,174000
1,821,dense,170100
1,822,dense,166000
1,822,structured_50,153700
1,823,structured_50,149500
1,823,dense,162700
1,824,dense,184800
1,824,structured_50,158200
1,825,structured_50,151500
1,825,dense,163500
1,826,dense,163700
1,826,structured_50,152700
1,827,structured_50,170000
1,827,dense,173700
1,828,dense,169400
1,828,structured_50,153100
1,829,structured_50,151900
1,829,dense,174700
1,830,dense,183500
1,830,structured_50,163900
1,831,structured_50,154000
1,831,dense,166100
1,832,dense,567200
1,832,structured_50,627100
1,833,structured_50,300800
1,833,dense,186700
1,834,dense,163600
1,834,structured_50,186200
1,835,structured_50,166900
1,835,dense,163700
1,836,dense,157800
1,836,structured_50,145200
1,837,structured_50,143800
1,837,dense,182400
1,838,dense,182100
1,838,structured_50,156200
1,839,structured_50,148100
1,839,dense,169200
1,840,dense,168000
1,840,structured_50,161200
1,841,structured_50,143900
1,841,dense,156600
1,842,dense,156800
1,842,structured_50,328000
1,843,structured_50,242800
1,843,dense,182300
1,844,dense,172800
1,844,structured_50,158000
1,845,structured_50,153800
1,845,dense,165200
1,846,dense,163500
1,846,structured_50,153000
1,847,structured_50,150400
1,847,dense,187700
1,848,dense,602800
1,848,structured_50,163400
1,849,structured_50,153300
1,849,dense,167200
1,850,dense,164100
1,850,structured_50,223100
1,851,structured_50,155900
1,851,dense,166700
1,852,dense,182400
1,852,structured_50,171800
1,853,structured_50,155000
1,853,dense,165900
1,854,dense,163200
1,854,structured_50,152800
1,855,structured_50,150000
1,855,dense,163500
1,856,dense,164000
1,856,structured_50,153700
1,857,structured_50,151300
1,857,dense,164200
1,858,dense,161600
1,858,structured_50,185100
1,859,structured_50,159100
1,859,dense,166700
1,860,dense,196600
1,860,structured_50,253600
1,861,structured_50,292600
1,861,dense,294900
1,862,dense,203100
1,862,structured_50,158000
1,863,structured_50,177700
1,863,dense,176500
1,864,dense,167500
1,864,structured_50,155300
1,865,structured_50,153000
1,865,dense,163500
1,866,dense,162700
1,866,structured_50,154200
1,867,structured_50,149800
1,867,dense,164300
1,868,dense,161600
1,868,structured_50,652700
1,869,structured_50,159500
1,869,dense,166500
1,870,dense,164000
1,870,structured_50,260000
1,871,structured_50,155400
1,871,dense,163300
1,872,dense,170100
1,872,structured_50,151300
1,873,structured_50,150000
1,873,dense,161500
1,874,dense,192500
1,874,structured_50,160600
1,875,structured_50,151100
1,875,dense,165000
1,876,dense,161700
1,876,structured_50,151900
1,877,structured_50,149500
1,877,dense,162800
1,878,dense,163200
1,878,structured_50,151600
1,879,structured_50,150600
1,879,dense,161900
1,880,dense,186300
1,880,structured_50,164200
1,881,structured_50,155300
1,881,dense,163900
1,882,dense,163100
1,882,structured_50,154500
1,883,structured_50,150600
1,883,dense,163400
1,884,dense,334000
1,884,structured_50,194000
1,885,structured_50,166600
1,885,dense,168400
1,886,dense,164500
1,886,structured_50,153800
1,887,structured_50,152400
1,887,dense,164500
1,888,dense,163500
1,888,structured_50,152600
1,889,structured_50,185400
1,889,dense,172600
1,890,dense,682600
1,890,structured_50,193000
1,891,structured_50,162100
1,891,dense,403300
1,892,dense,189000
1,892,structured_50,162700
1,893,structured_50,148500
1,893,dense,162800
1,894,dense,166900
1,894,structured_50,165000
1,895,structured_50,159200
1,895,dense,158700
1,896,dense,185000
1,896,structured_50,163200
1,897,structured_50,152500
1,897,dense,157600
1,898,dense,155100
1,898,structured_50,146800
1,899,structured_50,142400
1,899,dense,154300
1,900,dense,158400
1,900,structured_50,152300
1,901,structured_50,141300
1,901,dense,155500
1,902,dense,155800
1,902,structured_50,165300
1,903,structured_50,155800
1,903,dense,168200
1,904,dense,174800
1,904,structured_50,156800
1,905,structured_50,155400
1,905,dense,167100
1,906,dense,164300
1,906,structured_50,157000
1,907,structured_50,153000
1,907,dense,160000
1,908,dense,153600
1,908,structured_50,147000
1,909,structured_50,188800
1,909,dense,171200
1,910,dense,161900
1,910,structured_50,145800
1,911,structured_50,146500
1,911,dense,166400
1,912,dense,166900
1,912,structured_50,156800
1,913,structured_50,154100
1,913,dense,169500
1,914,dense,157300
1,914,structured_50,152400
1,915,structured_50,166700
1,915,dense,163100
1,916,dense,168100
1,916,structured_50,157300
1,917,structured_50,153700
1,917,dense,159400
1,918,dense,213400
1,918,structured_50,157500
1,919,structured_50,150000
1,919,dense,160900
1,920,dense,155000
1,920,structured_50,145700
1,921,structured_50,173400
1,921,dense,172400
1,922,dense,162200
1,922,structured_50,452500
1,923,structured_50,645600
1,923,dense,438300
1,924,dense,295300
1,924,structured_50,180900
1,925,structured_50,174900
1,925,dense,178200
1,926,dense,171300
1,926,structured_50,166300
1,927,structured_50,221600
1,927,dense,225300
1,928,dense,173600
1,928,structured_50,158100
1,929,structured_50,152900
1,929,dense,167500
1,930,dense,166700
1,930,structured_50,599800
1,931,structured_50,175100
1,931,dense,201700
1,932,dense,174400
1,932,structured_50,398500
1,933,structured_50,242500
1,933,dense,184500
1,934,dense,171600
1,934,structured_50,160300
1,935,structured_50,216900
1,935,dense,385700
1,936,dense,211200
1,936,structured_50,164600
1,937,structured_50,155000
1,937,dense,165500
1,938,dense,163700
1,938,structured_50,153900
1,939,structured_50,154900
1,939,dense,165300
1,940,dense,195100
1,940,structured_50,163400
1,941,structured_50,155900
1,941,dense,168000
1,942,dense,167900
1,942,structured_50,160500
1,943,structured_50,153100
1,943,dense,166400
1,944,dense,167900
1,944,structured_50,158100
1,945,structured_50,154800
1,945,dense,168200
1,946,dense,196900
1,946,structured_50,179300
1,947,structured_50,161800
1,947,dense,176400
1,948,dense,433800
1,948,structured_50,254700
1,949,structured_50,364100
1,949,dense,257800
1,950,dense,230800
1,950,structured_50,174800
1,951,structured_50,186500
1,951,dense,179800
1,952,dense,175500
1,952,structured_50,229100
1,953,structured_50,199800
1,953,dense,391700
1,954,dense,220400
1,954,structured_50,170500
1,955,structured_50,164900
1,955,dense,181400
1,956,dense,185400
1,956,structured_50,174300
1,957,structured_50,176000
1,957,dense,232900
1,958,dense,186900
1,958,structured_50,178500
1,959,structured_50,169500
1,959,dense,181300
1,960,dense,177700
1,960,structured_50,166000
1,961,structured_50,202900
1,961,dense,220700
1,962,dense,175400
1,962,structured_50,174200
1,963,structured_50,174900
1,963,dense,177400
1,964,dense,173200
1,964,structured_50,164400
1,965,structured_50,158900
1,965,dense,168900
1,966,dense,168300
1,966,structured_50,158000
1,967,structured_50,155100
1,967,dense,164700
1,968,dense,175300
1,968,structured_50,171700
1,969,structured_50,169600
1,969,dense,167700
1,970,dense,167900
1,970,structured_50,156300
1,971,structured_50,152400
1,971,dense,164700
1,972,dense,165600
1,972,structured_50,157100
1,973,structured_50,152500
1,973,dense,165300
1,974,dense,163800
1,974,structured_50,155400
1,975,structured_50,183800
1,975,dense,172100
1,976,dense,165400
1,976,structured_50,157800
1,977,structured_50,155700
1,977,dense,168900
1,978,dense,448900
1,978,structured_50,515700
1,979,structured_50,450300
1,979,dense,487400
1,980,dense,488000
1,980,structured_50,453200
1,981,structured_50,449500
1,981,dense,484500
1,982,dense,526800
1,982,structured_50,474000
1,983,structured_50,456300
1,983,dense,515600
1,984,dense,483800
1,984,structured_50,463500
1,985,structured_50,453900
1,985,dense,489500
1,986,dense,483000
1,986,structured_50,485800
1,987,structured_50,445700
1,987,dense,471000
1,988,dense,434600
1,988,structured_50,433800
1,989,structured_50,455200
1,989,dense,469200
1,990,dense,478300
1,990,structured_50,455500
1,991,structured_50,415500
1,991,dense,437700
1,992,dense,433500
1,992,structured_50,417100
1,993,structured_50,480600
1,993,dense,444200
1,994,dense,436800
1,994,structured_50,434800
1,995,structured_50,412900
1,995,dense,452900
1,996,dense,431600
1,996,structured_50,420800
1,997,structured_50,407300
1,997,dense,449500
1,998,dense,436400
1,998,structured_50,411700
1,999,structured_50,403600
1,999,dense,438700
1,1000,dense,452900
1,1000,structured_50,410000
1,1001,structured_50,404700
1,1001,dense,425700
1,1002,dense,429100
1,1002,structured_50,464000
1,1003,structured_50,419500
1,1003,dense,443100
1,1004,dense,428300
1,1004,structured_50,427800
1,1005,structured_50,409500
1,1005,dense,429500
1,1006,dense,430500
1,1006,structured_50,405800
1,1007,structured_50,422300
1,1007,dense,427200
1,1008,dense,461100
1,1008,structured_50,422100
1,1009,structured_50,409100
1,1009,dense,456200
1,1010,dense,431600
1,1010,structured_50,408500
1,1011,structured_50,403200
1,1011,dense,440400
1,1012,dense,429300
1,1012,structured_50,408300
1,1013,structured_50,414100
1,1013,dense,426700
1,1014,dense,442000
1,1014,structured_50,408100
1,1015,structured_50,404000
1,1015,dense,448000
1,1016,dense,449300
1,1016,structured_50,443600
1,1017,structured_50,407900
1,1017,dense,437500
1,1018,dense,561200
1,1018,structured_50,435000
1,1019,structured_50,406100
1,1019,dense,453000
1,1020,dense,467600
1,1020,structured_50,452200
1,1021,structured_50,438000
1,1021,dense,465300
1,1022,dense,456400
1,1022,structured_50,440700
1,1023,structured_50,450800
1,1023,dense,461500
1,1024,dense,467700
1,1024,structured_50,438800
1,1025,structured_50,455300
1,1025,dense,455500
1,1026,dense,459000
1,1026,structured_50,428700
1,1027,structured_50,435100
1,1027,dense,653400
1,1028,dense,496200
1,1028,structured_50,424300
1,1029,structured_50,420900
1,1029,dense,442500
1,1030,dense,463900
1,1030,structured_50,450600
1,1031,structured_50,434800
1,1031,dense,501500
1,1032,dense,446400
1,1032,structured_50,428500
1,1033,structured_50,419000
1,1033,dense,531300
1,1034,dense,259100
1,1034,structured_50,171600
1,1035,structured_50,156500
1,1035,dense,386900
1,1036,dense,482200
1,1036,structured_50,425000
1,1037,structured_50,418800
1,1037,dense,466700
1,1038,dense,443600
1,1038,structured_50,419600
1,1039,structured_50,417100
1,1039,dense,455000
1,1040,dense,453100
1,1040,structured_50,454400
1,1041,structured_50,447200
1,1041,dense,460500
1,1042,dense,468100
1,1042,structured_50,424300
1,1043,structured_50,416100
1,1043,dense,445900
1,1044,dense,456500
1,1044,structured_50,425200
1,1045,structured_50,415100
1,1045,dense,438900
1,1046,dense,445000
1,1046,structured_50,439100
1,1047,structured_50,416400
1,1047,dense,437800
1,1048,dense,437600
1,1048,structured_50,414300
1,1049,structured_50,433400
1,1049,dense,440100
1,1050,dense,439700
1,1050,structured_50,420600
1,1051,structured_50,431400
1,1051,dense,443300
1,1052,dense,438700
1,1052,structured_50,634300
1,1053,structured_50,513800
1,1053,dense,568500
1,1054,dense,484500
1,1054,structured_50,266000
1,1055,structured_50,165700
1,1055,dense,196300
1,1056,dense,186500
1,1056,structured_50,163600
1,1057,structured_50,146800
1,1057,dense,155800
1,1058,dense,153000
1,1058,structured_50,144800
1,1059,structured_50,165500
1,1059,dense,181500
1,1060,dense,181800
1,1060,structured_50,170500
1,1061,structured_50,165000
1,1061,dense,214700
1,1062,dense,217400
1,1062,structured_50,181900
1,1063,structured_50,173000
1,1063,dense,194900
1,1064,dense,183800
1,1064,structured_50,179000
1,1065,structured_50,176500
1,1065,dense,195200
1,1066,dense,189900
1,1066,structured_50,176800
1,1067,structured_50,209800
1,1067,dense,193800
1,1068,dense,188700
1,1068,structured_50,174800
1,1069,structured_50,171000
1,1069,dense,182600
1,1070,dense,180800
1,1070,structured_50,398800
1,1071,structured_50,491600
1,1071,dense,468300
1,1072,dense,468300
1,1072,structured_50,471900
1,1073,structured_50,435500
1,1073,dense,459100
1,1074,dense,453500
1,1074,structured_50,487400
1,1075,structured_50,446300
1,1075,dense,477100
1,1076,dense,575200
1,1076,structured_50,361800
1,1077,structured_50,170500
1,1077,dense,424700
1,1078,dense,475300
1,1078,structured_50,433200
1,1079,structured_50,413400
1,1079,dense,466400
1,1080,dense,457700
1,1080,structured_50,442300
1,1081,structured_50,444600
1,1081,dense,479800
1,1082,dense,470300
1,1082,structured_50,431600
1,1083,structured_50,437100
1,1083,dense,454200
1,1084,dense,477400
1,1084,structured_50,436900
1,1085,structured_50,592500
1,1085,dense,533400
1,1086,dense,443700
1,1086,structured_50,454400
1,1087,structured_50,451700
1,1087,dense,473300
1,1088,dense,438000
1,1088,structured_50,454300
1,1089,structured_50,440400
1,1089,dense,458700
1,1090,dense,449700
1,1090,structured_50,429500
1,1091,structured_50,441400
1,1091,dense,502600
1,1092,dense,479500
1,1092,structured_50,461200
1,1093,structured_50,455800
1,1093,dense,521000
1,1094,dense,484800
1,1094,structured_50,453800
1,1095,structured_50,459800
1,1095,dense,485000
1,1096,dense,463700
1,1096,structured_50,443500
1,1097,structured_50,434500
1,1097,dense,463700
1,1098,dense,480100
1,1098,structured_50,447600
1,1099,structured_50,645300
1,1099,dense,471000
1,1100,dense,443800
1,1100,structured_50,473000
1,1101,structured_50,595700
1,1101,dense,516300
1,1102,dense,417400
1,1102,structured_50,392400
1,1103,structured_50,419500
1,1103,dense,468800
1,1104,dense,466900
1,1104,structured_50,445900
1,1105,structured_50,431700
1,1105,dense,485900
1,1106,dense,455500
1,1106,structured_50,435300
1,1107,structured_50,434300
1,1107,dense,470800
1,1108,dense,460600
1,1108,structured_50,433000
1,1109,structured_50,435800
1,1109,dense,470600
1,1110,dense,463800
1,1110,structured_50,577300
1,1111,structured_50,453700
1,1111,dense,436900
1,1112,dense,419500
1,1112,structured_50,395900
1,1113,structured_50,400000
1,1113,dense,475900
1,1114,dense,455200
1,1114,structured_50,430800
1,1115,structured_50,422500
1,1115,dense,463400
1,1116,dense,449200
1,1116,structured_50,424300
1,1117,structured_50,423700
1,1117,dense,444100
1,1118,dense,467400
1,1118,structured_50,466300
1,1119,structured_50,423200
1,1119,dense,438300
1,1120,dense,448100
1,1120,structured_50,415000
1,1121,structured_50,404700
1,1121,dense,427900
1,1122,dense,428400
1,1122,structured_50,427000
1,1123,structured_50,425200
1,1123,dense,442500
1,1124,dense,428700
1,1124,structured_50,409200
1,1125,structured_50,432500
1,1125,dense,442800
1,1126,dense,436400
1,1126,structured_50,412700
1,1127,structured_50,440600
1,1127,dense,576000
1,1128,dense,441600
1,1128,structured_50,479400
1,1129,structured_50,439000
1,1129,dense,440600
1,1130,dense,427800
1,1130,structured_50,408400
1,1131,structured_50,405300
1,1131,dense,449600
1,1132,dense,431400
1,1132,structured_50,409800
1,1133,structured_50,406600
1,1133,dense,446600
1,1134,dense,433700
1,1134,structured_50,409100
1,1135,structured_50,405200
1,1135,dense,584800
1,1136,dense,562900
1,1136,structured_50,472300
1,1137,structured_50,432000
1,1137,dense,451100
1,1138,dense,475700
1,1138,structured_50,472100
1,1139,structured_50,442700
1,1139,dense,463700
1,1140,dense,467700
1,1140,structured_50,465800
1,1141,structured_50,448000
1,1141,dense,533900
1,1142,dense,475000
1,1142,structured_50,469400
1,1143,structured_50,443800
1,1143,dense,455300
1,1144,dense,465500
1,1144,structured_50,450700
1,1145,structured_50,439800
1,1145,dense,458200
1,1146,dense,459200
1,1146,structured_50,438400
1,1147,structured_50,556000
1,1147,dense,774400
1,1148,dense,509300
1,1148,structured_50,462400
1,1149,structured_50,435200
1,1149,dense,509000
1,1150,dense,465000
1,1150,structured_50,452800
1,1151,structured_50,462500
1,1151,dense,645900
1,1152,dense,685500
1,1152,structured_50,821200
1,1153,structured_50,515600
1,1153,dense,833500
1,1154,dense,545400
1,1154,structured_50,484200
1,1155,structured_50,485900
1,1155,dense,751400
1,1156,dense,474000
1,1156,structured_50,440100
1,1157,structured_50,524600
1,1157,dense,497300
1,1158,dense,489300
1,1158,structured_50,507600
1,1159,structured_50,554600
1,1159,dense,517000
1,1160,dense,453400
1,1160,structured_50,428900
1,1161,structured_50,422600
1,1161,dense,458000
1,1162,dense,435100
1,1162,structured_50,410000
1,1163,structured_50,407300
1,1163,dense,430700
1,1164,dense,451700
1,1164,structured_50,410200
1,1165,structured_50,405800
1,1165,dense,429800
1,1166,dense,430400
1,1166,structured_50,526900
1,1167,structured_50,425400
1,1167,dense,412000
1,1168,dense,402800
1,1168,structured_50,404000
1,1169,structured_50,393700
1,1169,dense,429500
1,1170,dense,429000
1,1170,structured_50,410000
1,1171,structured_50,429500
1,1171,dense,437800
1,1172,dense,434700
1,1172,structured_50,412000
1,1173,structured_50,405700
1,1173,dense,453100
1,1174,dense,428500
1,1174,structured_50,409900
1,1175,structured_50,405000
1,1175,dense,444400
1,1176,dense,433400
1,1176,structured_50,407300
1,1177,structured_50,406300
1,1177,dense,432800
1,1178,dense,446900
1,1178,structured_50,409400
1,1179,structured_50,406100
1,1179,dense,427800
1,1180,dense,425500
1,1180,structured_50,425500
1,1181,structured_50,405600
1,1181,dense,427100
1,1182,dense,425400
1,1182,structured_50,666800
1,1183,structured_50,434900
1,1183,dense,472800
1,1184,dense,471200
1,1184,structured_50,440100
1,1185,structured_50,503500
1,1185,dense,619800
1,1186,dense,608300
1,1186,structured_50,518900
1,1187,structured_50,493000
1,1187,dense,498100
1,1188,dense,485200
1,1188,structured_50,438000
1,1189,structured_50,427900
1,1189,dense,458500
1,1190,dense,470700
1,1190,structured_50,441800
1,1191,structured_50,448000
1,1191,dense,459700
1,1192,dense,653100
1,1192,structured_50,470100
1,1193,structured_50,442000
1,1193,dense,458100
1,1194,dense,496400
1,1194,structured_50,444700
1,1195,structured_50,435000
1,1195,dense,471300
1,1196,dense,488300
1,1196,structured_50,471200
1,1197,structured_50,440600
1,1197,dense,451300
1,1198,dense,460000
1,1198,structured_50,429600
1,1199,structured_50,420600
1,1199,dense,442000
1,1200,dense,443500
1,1200,structured_50,442600
1,1201,structured_50,408700
1,1201,dense,428200
1,1202,dense,426400
1,1202,structured_50,407500
1,1203,structured_50,425400
1,1203,dense,426600
1,1204,dense,426000
1,1204,structured_50,425900
1,1205,structured_50,422900
1,1205,dense,432400
1,1206,dense,426800
1,1206,structured_50,418800
1,1207,structured_50,406200
1,1207,dense,472500
1,1208,dense,442300
1,1208,structured_50,419400
1,1209,structured_50,408600
1,1209,dense,440200
1,1210,dense,452400
1,1210,structured_50,409200
1,1211,structured_50,402800
1,1211,dense,427300
1,1212,dense,442800
1,1212,structured_50,410400
1,1213,structured_50,403000
1,1213,dense,427300
1,1214,dense,427800
1,1214,structured_50,423200
1,1215,structured_50,406200
1,1215,dense,426200
1,1216,dense,425400
1,1216,structured_50,404700
1,1217,structured_50,419600
1,1217,dense,427300
1,1218,dense,425000
1,1218,structured_50,403900
1,1219,structured_50,401800
1,1219,dense,462500
1,1220,dense,429000
1,1220,structured_50,420800
1,1221,structured_50,404600
1,1221,dense,446700
1,1222,dense,437900
1,1222,structured_50,413400
1,1223,structured_50,416100
1,1223,dense,427200
1,1224,dense,443800
1,1224,structured_50,407000
1,1225,structured_50,491800
1,1225,dense,433800
1,1226,dense,427700
1,1226,structured_50,470300
1,1227,structured_50,438100
1,1227,dense,445800
1,1228,dense,443000
1,1228,structured_50,461700
1,1229,structured_50,430100
1,1229,dense,448600
1,1230,dense,449000
1,1230,structured_50,440300
1,1231,structured_50,427200
1,1231,dense,445800
1,1232,dense,455900
1,1232,structured_50,413100
1,1233,structured_50,422800
1,1233,dense,434400
1,1234,dense,429000
1,1234,structured_50,412800
1,1235,structured_50,406200
1,1235,dense,447200
1,1236,dense,427200
1,1236,structured_50,407200
1,1237,structured_50,405100
1,1237,dense,426400
1,1238,dense,445100
1,1238,structured_50,406600
1,1239,structured_50,403500
1,1239,dense,427500
1,1240,dense,440500
1,1240,structured_50,410300
1,1241,structured_50,406300
1,1241,dense,426800
1,1242,dense,426200
1,1242,structured_50,421500
1,1243,structured_50,405300
1,1243,dense,426200
1,1244,dense,424900
1,1244,structured_50,409600
1,1245,structured_50,487000
1,1245,dense,455100
1,1246,dense,516000
1,1246,structured_50,449700
1,1247,structured_50,435900
1,1247,dense,460900
1,1248,dense,503400
1,1248,structured_50,469300
1,1249,structured_50,447000
1,1249,dense,463300
1,1250,dense,467800
1,1250,structured_50,475100
1,1251,structured_50,437500
1,1251,dense,464800
1,1252,dense,453800
1,1252,structured_50,457000
1,1253,structured_50,428700
1,1253,dense,460900
1,1254,dense,459900
1,1254,structured_50,464800
1,1255,structured_50,444600
1,1255,dense,455600
1,1256,dense,457600
1,1256,structured_50,436600
1,1257,structured_50,484300
1,1257,dense,469900
1,1258,dense,483600
1,1258,structured_50,336600
1,1259,structured_50,170800
1,1259,dense,174800
1,1260,dense,465500
1,1260,structured_50,480900
1,1261,structured_50,402600
1,1261,dense,422200
1,1262,dense,433600
1,1262,structured_50,679900
1,1263,structured_50,269900
1,1263,dense,186200
1,1264,dense,170600
1,1264,structured_50,159500
1,1265,structured_50,286800
1,1265,dense,470400
1,1266,dense,432200
1,1266,structured_50,428500
1,1267,structured_50,436900
1,1267,dense,440400
1,1268,dense,437300
1,1268,structured_50,412500
1,1269,structured_50,406900
1,1269,dense,458100
1,1270,dense,430200
1,1270,structured_50,410400
1,1271,structured_50,538400
1,1271,dense,257600
1,1272,dense,332600
1,1272,structured_50,233900
1,1273,structured_50,161500
1,1273,dense,170900
1,1274,dense,166500
1,1274,structured_50,156500
1,1275,structured_50,206300
1,1275,dense,167000
1,1276,dense,161700
1,1276,structured_50,214600
1,1277,structured_50,155500
1,1277,dense,159400
1,1278,dense,184700
1,1278,structured_50,184500
1,1279,structured_50,220300
1,1279,dense,206800
1,1280,dense,191800
1,1280,structured_50,177500
1,1281,structured_50,172600
1,1281,dense,215600
1,1282,dense,212100
1,1282,structured_50,180600
1,1283,structured_50,176000
1,1283,dense,187200
1,1284,dense,227800
1,1284,structured_50,201200
1,1285,structured_50,176700
1,1285,dense,189500
1,1286,dense,184000
1,1286,structured_50,177700
1,1287,structured_50,214900
1,1287,dense,190300
1,1288,dense,182000
1,1288,structured_50,173100
1,1289,structured_50,168200
1,1289,dense,223600
1,1290,dense,189000
1,1290,structured_50,172400
1,1291,structured_50,168400
1,1291,dense,180300
1,1292,dense,384200
1,1292,structured_50,469600
1,1293,structured_50,482900
1,1293,dense,489400
1,1294,dense,432800
1,1294,structured_50,386600
1,1295,structured_50,378800
1,1295,dense,691300
1,1296,dense,884700
1,1296,structured_50,574400
1,1297,structured_50,539300
1,1297,dense,540300
1,1298,dense,507400
1,1298,structured_50,442300
1,1299,structured_50,420400
1,1299,dense,411800
1,1300,dense,493600
1,1300,structured_50,422400
1,1301,structured_50,442000
1,1301,dense,879600
1,1302,dense,258000
1,1302,structured_50,161800
1,1303,structured_50,260500
1,1303,dense,181400
1,1304,dense,169400
1,1304,structured_50,636200
1,1305,structured_50,395300
1,1305,dense,520200
1,1306,dense,452200
1,1306,structured_50,428800
1,1307,structured_50,657000
1,1307,dense,479800
1,1308,dense,429200
1,1308,structured_50,393700
1,1309,structured_50,385400
1,1309,dense,620400
1,1310,dense,563300
1,1310,structured_50,438100
1,1311,structured_50,445000
1,1311,dense,469900
1,1312,dense,461100
1,1312,structured_50,444800
1,1313,structured_50,448200
1,1313,dense,482600
1,1314,dense,465400
1,1314,structured_50,442900
1,1315,structured_50,436200
1,1315,dense,467700
1,1316,dense,458500
1,1316,structured_50,434800
1,1317,structured_50,438000
1,1317,dense,461500
1,1318,dense,480200
1,1318,structured_50,449100
1,1319,structured_50,649200
1,1319,dense,472800
1,1320,dense,430200
1,1320,structured_50,406000
1,1321,structured_50,385800
1,1321,dense,418400
1,1322,dense,446200
1,1322,structured_50,415700
1,1323,structured_50,407900
1,1323,dense,430700
1,1324,dense,428800
1,1324,structured_50,429800
1,1325,structured_50,416400
1,1325,dense,433000
1,1326,dense,431800
1,1326,structured_50,487400
1,1327,structured_50,447100
1,1327,dense,457500
1,1328,dense,457000
1,1328,structured_50,449600
1,1329,structured_50,564600
1,1329,dense,1115500
1,1330,dense,865600
1,1330,structured_50,527300
1,1331,structured_50,402200
1,1331,dense,435100
1,1332,dense,552700
1,1332,structured_50,645000
1,1333,structured_50,469400
1,1333,dense,470000
1,1334,dense,484300
1,1334,structured_50,435600
1,1335,structured_50,427100
1,1335,dense,480700
1,1336,dense,466400
1,1336,structured_50,426300
1,1337,structured_50,416100
1,1337,dense,434700
1,1338,dense,436100
1,1338,structured_50,442100
1,1339,structured_50,428100
1,1339,dense,439200
1,1340,dense,436500
1,1340,structured_50,429700
1,1341,structured_50,456100
1,1341,dense,444200
1,1342,dense,452600
1,1342,structured_50,453800
1,1343,structured_50,451300
1,1343,dense,489100
1,1344,dense,444700
1,1344,structured_50,421900
1,1345,structured_50,427400
1,1345,dense,434100
1,1346,dense,458100
1,1346,structured_50,410900
1,1347,structured_50,411100
1,1347,dense,456100
1,1348,dense,432300
1,1348,structured_50,411100
1,1349,structured_50,403500
1,1349,dense,428200
1,1350,dense,448200
1,1350,structured_50,428500
1,1351,structured_50,405000
1,1351,dense,427500
1,1352,dense,445800
1,1352,structured_50,416000
1,1353,structured_50,411700
1,1353,dense,428700
1,1354,dense,441900
1,1354,structured_50,427500
1,1355,structured_50,652200
1,1355,dense,537000
1,1356,dense,451700
1,1356,structured_50,446300
1,1357,structured_50,419400
1,1357,dense,458700
1,1358,dense,481500
1,1358,structured_50,448200
1,1359,structured_50,444800
1,1359,dense,463400
1,1360,dense,480100
1,1360,structured_50,442800
1,1361,structured_50,440700
1,1361,dense,459900
1,1362,dense,484500
1,1362,structured_50,454000
1,1363,structured_50,446200
1,1363,dense,461500
1,1364,dense,457100
1,1364,structured_50,459900
1,1365,structured_50,443900
1,1365,dense,457700
1,1366,dense,467600
1,1366,structured_50,565200
1,1367,structured_50,461400
1,1367,dense,426600
1,1368,dense,426100
1,1368,structured_50,406500
1,1369,structured_50,505500
1,1369,dense,724500
1,1370,dense,506000
1,1370,structured_50,465400
1,1371,structured_50,475600
1,1371,dense,488500
1,1372,dense,606400
1,1372,structured_50,1050100
1,1373,structured_50,500900
1,1373,dense,461100
1,1374,dense,450300
1,1374,structured_50,456000
1,1375,structured_50,433200
1,1375,dense,437300
1,1376,dense,438900
1,1376,structured_50,430400
1,1377,structured_50,417400
1,1377,dense,703400
1,1378,dense,475200
1,1378,structured_50,427300
1,1379,structured_50,428800
1,1379,dense,456000
1,1380,dense,448300
1,1380,structured_50,421200
1,1381,structured_50,409600
1,1381,dense,469200
1,1382,dense,452800
1,1382,structured_50,420300
1,1383,structured_50,409900
1,1383,dense,448200
1,1384,dense,434200
1,1384,structured_50,412500
1,1385,structured_50,407300
1,1385,dense,428000
1,1386,dense,669900
1,1386,structured_50,474700
1,1387,structured_50,432200
1,1387,dense,471000
1,1388,dense,447100
1,1388,structured_50,471600
1,1389,structured_50,445100
1,1389,dense,490000
1,1390,dense,473100
1,1390,structured_50,759100
1,1391,structured_50,1018500
1,1391,dense,566100
1,1392,dense,442700
1,1392,structured_50,421300
1,1393,structured_50,440900
1,1393,dense,442300
1,1394,dense,447000
1,1394,structured_50,424900
1,1395,structured_50,416900
1,1395,dense,446600
1,1396,dense,425500
1,1396,structured_50,407800
1,1397,structured_50,404300
1,1397,dense,444900
1,1398,dense,432100
1,1398,structured_50,410200
1,1399,structured_50,405600
1,1399,dense,432000
1,1400,dense,444400
1,1400,structured_50,506500
1,1401,structured_50,423200
1,1401,dense,451000
1,1402,dense,436600
1,1402,structured_50,588500
1,1403,structured_50,563500
1,1403,dense,497900
1,1404,dense,415000
1,1404,structured_50,420200
1,1405,structured_50,449200
1,1405,dense,456700
1,1406,dense,465200
1,1406,structured_50,453600
1,1407,structured_50,459900
1,1407,dense,487900
1,1408,dense,453900
1,1408,structured_50,412900
1,1409,structured_50,404300
1,1409,dense,458000
1,1410,dense,439000
1,1410,structured_50,417600
1,1411,structured_50,406900
1,1411,dense,431600
1,1412,dense,453200
1,1412,structured_50,410400
1,1413,structured_50,462000
1,1413,dense,549700
1,1414,dense,477300
1,1414,structured_50,433200
1,1415,structured_50,445200
1,1415,dense,501400
1,1416,dense,478100
1,1416,structured_50,427300
1,1417,structured_50,431800
1,1417,dense,442400
1,1418,dense,445500
1,1418,structured_50,418900
1,1419,structured_50,407100
1,1419,dense,453400
1,1420,dense,640000
1,1420,structured_50,483900
1,1421,structured_50,415700
1,1421,dense,441200
1,1422,dense,453000
1,1422,structured_50,435300
1,1423,structured_50,436800
1,1423,dense,461900
1,1424,dense,464000
1,1424,structured_50,450200
1,1425,structured_50,417500
1,1425,dense,472800
1,1426,dense,474400
1,1426,structured_50,553600
1,1427,structured_50,471100
1,1427,dense,444200
1,1428,dense,451200
1,1428,structured_50,447400
1,1429,structured_50,440600
1,1429,dense,454800
1,1430,dense,458200
1,1430,structured_50,436000
1,1431,structured_50,487300
1,1431,dense,477000
1,1432,dense,462200
1,1432,structured_50,516800
1,1433,structured_50,431900
1,1433,dense,438800
1,1434,dense,443900
1,1434,structured_50,431200
1,1435,structured_50,460200
1,1435,dense,458400
1,1436,dense,549800
1,1436,structured_50,239400
1,1437,structured_50,158300
1,1437,dense,161600
1,1438,dense,250800
1,1438,structured_50,368000
1,1439,structured_50,526700
1,1439,dense,447600
1,1440,dense,425300
1,1440,structured_50,413300
1,1441,structured_50,416900
1,1441,dense,679800
1,1442,dense,666200
1,1442,structured_50,667100
1,1443,structured_50,634600
1,1443,dense,667400
1,1444,dense,695900
1,1444,structured_50,639400
1,1445,structured_50,626000
1,1445,dense,700400
1,1446,dense,686200
1,1446,structured_50,651100
1,1447,structured_50,666400
1,1447,dense,875400
1,1448,dense,733900
1,1448,structured_50,615500
1,1449,structured_50,631400
1,1449,dense,702300
1,1450,dense,683200
1,1450,structured_50,1088000
1,1451,structured_50,850600
1,1451,dense,925700
1,1452,dense,625400
1,1452,structured_50,628200
1,1453,structured_50,649200
1,1453,dense,674200
1,1454,dense,709900
1,1454,structured_50,665000
1,1455,structured_50,741600
1,1455,dense,784100
1,1456,dense,653600
1,1456,structured_50,583100
1,1457,structured_50,638900
1,1457,dense,754400
1,1458,dense,684700
1,1458,structured_50,652500
1,1459,structured_50,652000
1,1459,dense,677200
1,1460,dense,660400
1,1460,structured_50,635200
1,1461,structured_50,629800
1,1461,dense,862000
1,1462,dense,786100
1,1462,structured_50,673500
1,1463,structured_50,810300
1,1463,dense,724500
1,1464,dense,689100
1,1464,structured_50,680800
1,1465,structured_50,708000
1,1465,dense,752700
1,1466,dense,736400
1,1466,structured_50,707900
1,1467,structured_50,712300
1,1467,dense,727700
1,1468,dense,718100
1,1468,structured_50,619300
1,1469,structured_50,583600
1,1469,dense,568700
1,1470,dense,480400
1,1470,structured_50,451000
1,1471,structured_50,439400
1,1471,dense,628800
1,1472,dense,792500
1,1472,structured_50,636900
1,1473,structured_50,546600
1,1473,dense,722300
1,1474,dense,578100
1,1474,structured_50,507600
1,1475,structured_50,541200
1,1475,dense,580800
1,1476,dense,555800
1,1476,structured_50,544300
1,1477,structured_50,562100
1,1477,dense,574900
1,1478,dense,589600
1,1478,structured_50,543200
1,1479,structured_50,625400
1,1479,dense,618900
1,1480,dense,616700
1,1480,structured_50,585200
1,1481,structured_50,596000
1,1481,dense,604900
1,1482,dense,602000
1,1482,structured_50,563700
1,1483,structured_50,554000
1,1483,dense,587900
1,1484,dense,620200
1,1484,structured_50,566000
1,1485,structured_50,570200
1,1485,dense,611000
1,1486,dense,590500
1,1486,structured_50,557300
1,1487,structured_50,710700
1,1487,dense,653800
1,1488,dense,604000
1,1488,structured_50,615500
1,1489,structured_50,576200
1,1489,dense,591900
1,1490,dense,687400
1,1490,structured_50,550400
1,1491,structured_50,529900
1,1491,dense,644900
1,1492,dense,528800
1,1492,structured_50,514800
1,1493,structured_50,599100
1,1493,dense,674000
1,1494,dense,620100
1,1494,structured_50,560000
1,1495,structured_50,528300
1,1495,dense,553300
1,1496,dense,545700
1,1496,structured_50,542500
1,1497,structured_50,501300
1,1497,dense,528800
1,1498,dense,525800
1,1498,structured_50,532100
1,1499,structured_50,524400
1,1499,dense,539900
1,1500,dense,718000
1,1500,structured_50,660700
1,1501,structured_50,530700
1,1501,dense,556600
1,1502,dense,1068300
1,1502,structured_50,1387000
1,1503,structured_50,1185200
1,1503,dense,1168900
1,1504,dense,986800
1,1504,structured_50,765600
1,1505,structured_50,513700
1,1505,dense,540100
1,1506,dense,678100
1,1506,structured_50,616600
1,1507,structured_50,568700
1,1507,dense,571200
1,1508,dense,563000
1,1508,structured_50,535900
1,1509,structured_50,526700
1,1509,dense,566700
1,1510,dense,552100
1,1510,structured_50,542700
1,1511,structured_50,630300
1,1511,dense,600300
1,1512,dense,543400
1,1512,structured_50,511600
1,1513,structured_50,509500
1,1513,dense,547500
1,1514,dense,540100
1,1514,structured_50,512100
1,1515,structured_50,511400
1,1515,dense,540400
1,1516,dense,498200
1,1516,structured_50,408300
1,1517,structured_50,413200
1,1517,dense,468400
1,1518,dense,439200
1,1518,structured_50,417400
1,1519,structured_50,405400
1,1519,dense,443400
1,1520,dense,434100
1,1520,structured_50,406500
1,1521,structured_50,403100
1,1521,dense,428200
1,1522,dense,446900
1,1522,structured_50,412500
1,1523,structured_50,404100
1,1523,dense,425700
1,1524,dense,427400
1,1524,structured_50,423900
1,1525,structured_50,405500
1,1525,dense,426300
1,1526,dense,426000
1,1526,structured_50,409500
1,1527,structured_50,430300
1,1527,dense,427700
1,1528,dense,471400
1,1528,structured_50,419300
1,1529,structured_50,428700
1,1529,dense,442300
1,1530,dense,410200
1,1530,structured_50,318600
1,1531,structured_50,456900
1,1531,dense,451000
1,1532,dense,433900
1,1532,structured_50,444200
1,1533,structured_50,431700
1,1533,dense,458200
1,1534,dense,451600
1,1534,structured_50,435900
1,1535,structured_50,449900
1,1535,dense,595400
1,1536,dense,171900
1,1536,structured_50,150500
1,1537,structured_50,146600
1,1537,dense,155400
1,1538,dense,154400
1,1538,structured_50,143600
1,1539,structured_50,141600
1,1539,dense,161700
1,1540,dense,153200
1,1540,structured_50,194700
1,1541,structured_50,181900
1,1541,dense,298900
1,1542,dense,175800
1,1542,structured_50,152800
1,1543,structured_50,142700
1,1543,dense,153900
1,1544,dense,180800
1,1544,structured_50,150600
1,1545,structured_50,142400
1,1545,dense,153500
1,1546,dense,184100
1,1546,structured_50,170500
1,1547,structured_50,194800
1,1547,dense,187400
1,1548,dense,180800
1,1548,structured_50,168600
1,1549,structured_50,165700
1,1549,dense,189400
1,1550,dense,199700
1,1550,structured_50,173000
1,1551,structured_50,166200
1,1551,dense,199400
1,1552,dense,179600
1,1552,structured_50,535300
1,1553,structured_50,448800
1,1553,dense,468100
1,1554,dense,441800
1,1554,structured_50,464100
1,1555,structured_50,439500
1,1555,dense,464200
1,1556,dense,468400
1,1556,structured_50,460200
1,1557,structured_50,443000
1,1557,dense,439100
1,1558,dense,430600
1,1558,structured_50,412900
1,1559,structured_50,429000
1,1559,dense,412600
1,1560,dense,221900
1,1560,structured_50,196200
1,1561,structured_50,156400
1,1561,dense,167100
1,1562,dense,161300
1,1562,structured_50,150600
1,1563,structured_50,144400
1,1563,dense,160400
1,1564,dense,173800
1,1564,structured_50,154600
1,1565,structured_50,156900
1,1565,dense,159000
1,1566,dense,178600
1,1566,structured_50,410600
1,1567,structured_50,461600
1,1567,dense,439400
1,1568,dense,428000
1,1568,structured_50,431000
1,1569,structured_50,798900
1,1569,dense,522000
1,1570,dense,564100
1,1570,structured_50,1080600
1,1571,structured_50,576200
1,1571,dense,487800
1,1572,dense,406100
1,1572,structured_50,345600
1,1573,structured_50,219200
1,1573,dense,191400
1,1574,dense,170800
1,1574,structured_50,180000
1,1575,structured_50,173100
1,1575,dense,170800
1,1576,dense,180700
1,1576,structured_50,153200
1,1577,structured_50,422400
1,1577,dense,465500
1,1578,dense,534400
1,1578,structured_50,509300
1,1579,structured_50,485700
1,1579,dense,516400
1,1580,dense,518200
1,1580,structured_50,527900
1,1581,structured_50,480600
1,1581,dense,657000
1,1582,dense,596800
1,1582,structured_50,367100
1,1583,structured_50,345600
1,1583,dense,806800
1,1584,dense,688000
1,1584,structured_50,631600
1,1585,structured_50,611500
1,1585,dense,255700
1,1586,dense,257900
1,1586,structured_50,179700
1,1587,structured_50,146900
1,1587,dense,198800
1,1588,dense,164300
1,1588,structured_50,149500
1,1589,structured_50,143300
1,1589,dense,153600
1,1590,dense,166600
1,1590,structured_50,196900
1,1591,structured_50,182900
1,1591,dense,181700
1,1592,dense,179800
1,1592,structured_50,168400
1,1593,structured_50,165900
1,1593,dense,205500
1,1594,dense,184500
1,1594,structured_50,171000
1,1595,structured_50,166400
1,1595,dense,178300
1,1596,dense,208300
1,1596,structured_50,183000
1,1597,structured_50,169600
1,1597,dense,183300
1,1598,dense,179800
1,1598,structured_50,167800
1,1599,structured_50,194100
1,1599,dense,186000
1,1600,dense,180000
1,1600,structured_50,167100
1,1601,structured_50,165900
1,1601,dense,205400
1,1602,dense,195200
1,1602,structured_50,171000
1,1603,structured_50,164600
1,1603,dense,182300
1,1604,dense,329000
1,1604,structured_50,174700
1,1605,structured_50,157900
1,1605,dense,178700
1,1606,dense,166900
1,1606,structured_50,159600
1,1607,structured_50,153400
1,1607,dense,173000
1,1608,dense,159100
1,1608,structured_50,193300
1,1609,structured_50,148000
1,1609,dense,154200
1,1610,dense,208500
1,1610,structured_50,176800
1,1611,structured_50,170100
1,1611,dense,181500
1,1612,dense,179500
1,1612,structured_50,185900
1,1613,structured_50,178300
1,1613,dense,181400
1,1614,dense,179000
1,1614,structured_50,169800
1,1615,structured_50,165700
1,1615,dense,206200
1,1616,dense,186100
1,1616,structured_50,169100
1,1617,structured_50,166700
1,1617,dense,179400
1,1618,dense,191500
1,1618,structured_50,185600
1,1619,structured_50,167600
1,1619,dense,182300
1,1620,dense,179000
1,1620,structured_50,172800
1,1621,structured_50,190400
1,1621,dense,188400
1,1622,dense,182500
1,1622,structured_50,170700
1,1623,structured_50,164900
1,1623,dense,190800
1,1624,dense,198500
1,1624,structured_50,179600
1,1625,structured_50,167300
1,1625,dense,179800
1,1626,dense,177300
1,1626,structured_50,196400
1,1627,structured_50,172100
1,1627,dense,182100
1,1628,dense,178600
1,1628,structured_50,168400
1,1629,structured_50,236600
1,1629,dense,212500
1,1630,dense,189700
1,1630,structured_50,179000
1,1631,structured_50,169500
1,1631,dense,652400
1,1632,dense,460000
1,1632,structured_50,365100
1,1633,structured_50,445100
1,1633,dense,460800
1,1634,dense,422300
1,1634,structured_50,389900
1,1635,structured_50,380100
1,1635,dense,412400
1,1636,dense,439700
1,1636,structured_50,436700
1,1637,structured_50,429100
1,1637,dense,442600
1,1638,dense,428400
1,1638,structured_50,405600
1,1639,structured_50,421400
1,1639,dense,425900
1,1640,dense,427200
1,1640,structured_50,403800
1,1641,structured_50,417100
1,1641,dense,428100
1,1642,dense,424300
1,1642,structured_50,403000
1,1643,structured_50,401400
1,1643,dense,438500
1,1644,dense,512700
1,1644,structured_50,414500
1,1645,structured_50,530200
1,1645,dense,507400
1,1646,dense,422400
1,1646,structured_50,388600
1,1647,structured_50,392500
1,1647,dense,440300
1,1648,dense,503000
1,1648,structured_50,427800
1,1649,structured_50,413900
1,1649,dense,443700
1,1650,dense,479600
1,1650,structured_50,455200
1,1651,structured_50,438000
1,1651,dense,465400
1,1652,dense,465800
1,1652,structured_50,463800
1,1653,structured_50,435200
1,1653,dense,467600
1,1654,dense,463700
1,1654,structured_50,462400
1,1655,structured_50,437200
1,1655,dense,468700
1,1656,dense,461600
1,1656,structured_50,441900
1,1657,structured_50,458600
1,1657,dense,458100
1,1658,dense,459600
1,1658,structured_50,445500
1,1659,structured_50,458700
1,1659,dense,465200
1,1660,dense,463500
1,1660,structured_50,441900
1,1661,structured_50,461200
1,1661,dense,463400
1,1662,dense,466100
1,1662,structured_50,438000
1,1663,structured_50,445000
1,1663,dense,480600
1,1664,dense,621200
1,1664,structured_50,489700
1,1665,structured_50,420500
1,1665,dense,441400
1,1666,dense,474600
1,1666,structured_50,443700
1,1667,structured_50,443700
1,1667,dense,460600
1,1668,dense,483600
1,1668,structured_50,444900
1,1669,structured_50,451800
1,1669,dense,472800
1,1670,dense,494100
1,1670,structured_50,451900
1,1671,structured_50,444700
1,1671,dense,461600
1,1672,dense,459500
1,1672,structured_50,458200
1,1673,structured_50,442200
1,1673,dense,461700
1,1674,dense,438800
1,1674,structured_50,434300
1,1675,structured_50,527100
1,1675,dense,451100
1,1676,dense,436100
1,1676,structured_50,411600
1,1677,structured_50,428100
1,1677,dense,426300
1,1678,dense,424200
1,1678,structured_50,472600
1,1679,structured_50,161300
1,1679,dense,171200
1,1680,dense,165900
1,1680,structured_50,165200
1,1681,structured_50,156000
1,1681,dense,152600
1,1682,dense,150700
1,1682,structured_50,178200
1,1683,structured_50,184200
1,1683,dense,195100
1,1684,dense,179600
1,1684,structured_50,169700
1,1685,structured_50,178900
1,1685,dense,197600
1,1686,dense,421100
1,1686,structured_50,453400
1,1687,structured_50,185200
1,1687,dense,178100
1,1688,dense,168300
1,1688,structured_50,160100
1,1689,structured_50,161000
1,1689,dense,204400
1,1690,dense,174600
1,1690,structured_50,334500
1,1691,structured_50,283700
1,1691,dense,211700
1,1692,dense,363700
1,1692,structured_50,210000
1,1693,structured_50,161900
1,1693,dense,376300
1,1694,dense,258500
1,1694,structured_50,176100
1,1695,structured_50,166100
1,1695,dense,203600
1,1696,dense,184100
1,1696,structured_50,191600
1,1697,structured_50,181400
1,1697,dense,195200
1,1698,dense,172000
1,1698,structured_50,158400
1,1699,structured_50,155700
1,1699,dense,207400
1,1700,dense,199400
1,1700,structured_50,187800
1,1701,structured_50,269400
1,1701,dense,219200
1,1702,dense,204300
1,1702,structured_50,178300
1,1703,structured_50,149300
1,1703,dense,180900
1,1704,dense,167300
1,1704,structured_50,162600
1,1705,structured_50,157700
1,1705,dense,164200
1,1706,dense,163500
1,1706,structured_50,171600
1,1707,structured_50,177100
1,1707,dense,179000
1,1708,dense,184300
1,1708,structured_50,183800
1,1709,structured_50,165800
1,1709,dense,201300
1,1710,dense,180400
1,1710,structured_50,168000
1,1711,structured_50,174400
1,1711,dense,186500
1,1712,dense,201100
1,1712,structured_50,176900
1,1713,structured_50,334300
1,1713,dense,226900
1,1714,dense,404900
1,1714,structured_50,171000
1,1715,structured_50,171300
1,1715,dense,163500
1,1716,dense,162100
1,1716,structured_50,179700
1,1717,structured_50,152600
1,1717,dense,156400
1,1718,dense,196500
1,1718,structured_50,156700
1,1719,structured_50,144200
1,1719,dense,54571900
1,1720,dense,577400
1,1720,structured_50,561600
1,1721,structured_50,257000
1,1721,dense,202700
1,1722,dense,553300
1,1722,structured_50,432100
1,1723,structured_50,388800
1,1723,dense,410600
1,1724,dense,464500
1,1724,structured_50,428100
1,1725,structured_50,408600
1,1725,dense,429900
1,1726,dense,428600
1,1726,structured_50,427000
1,1727,structured_50,406600
1,1727,dense,427100
1,1728,dense,425700
1,1728,structured_50,422400
1,1729,structured_50,411900
1,1729,dense,647800
1,1730,dense,465000
1,1730,structured_50,599500
1,1731,structured_50,474400
1,1731,dense,462700
1,1732,dense,449600
1,1732,structured_50,450300
1,1733,structured_50,530900
1,1733,dense,471200
1,1734,dense,475000
1,1734,structured_50,475900
1,1735,structured_50,442100
1,1735,dense,475700
1,1736,dense,489200
1,1736,structured_50,457700
1,1737,structured_50,450900
1,1737,dense,557800
1,1738,dense,481900
1,1738,structured_50,474200
1,1739,structured_50,446100
1,1739,dense,467700
1,1740,dense,477900
1,1740,structured_50,436900
1,1741,structured_50,466000
1,1741,dense,469100
1,1742,dense,471300
1,1742,structured_50,375200
1,1743,structured_50,195500
1,1743,dense,183800
1,1744,dense,158000
1,1744,structured_50,156000
1,1745,structured_50,151900
1,1745,dense,175500
1,1746,dense,170500
1,1746,structured_50,239700
1,1747,structured_50,466100
1,1747,dense,395400
1,1748,dense,383700
1,1748,structured_50,541400
1,1749,structured_50,304300
1,1749,dense,175700
1,1750,dense,160400
1,1750,structured_50,148700
1,1751,structured_50,211800
1,1751,dense,214300
1,1752,dense,219500
1,1752,structured_50,227700
1,1753,structured_50,237000
1,1753,dense,200600
1,1754,dense,154700
1,1754,structured_50,168900
1,1755,structured_50,204700
1,1755,dense,226100
1,1756,dense,310000
1,1756,structured_50,239800
1,1757,structured_50,265600
1,1757,dense,272500
1,1758,dense,243900
1,1758,structured_50,318300
1,1759,structured_50,357800
1,1759,dense,293500
1,1760,dense,283400
1,1760,structured_50,245900
1,1761,structured_50,240800
1,1761,dense,256800
1,1762,dense,322000
1,1762,structured_50,307100
1,1763,structured_50,296600
1,1763,dense,367200
1,1764,dense,347000
1,1764,structured_50,301200
1,1765,structured_50,253100
1,1765,dense,302600
1,1766,dense,280800
1,1766,structured_50,294300
1,1767,structured_50,284600
1,1767,dense,320100
1,1768,dense,309200
1,1768,structured_50,246400
1,1769,structured_50,218600
1,1769,dense,323400
1,1770,dense,302400
1,1770,structured_50,231200
1,1771,structured_50,217800
1,1771,dense,278200
1,1772,dense,261100
1,1772,structured_50,267000
1,1773,structured_50,286600
1,1773,dense,347400
1,1774,dense,330100
1,1774,structured_50,306300
1,1775,structured_50,302000
1,1775,dense,361400
1,1776,dense,344900
1,1776,structured_50,407400
1,1777,structured_50,333600
1,1777,dense,285500
1,1778,dense,269700
1,1778,structured_50,255100
1,1779,structured_50,242000
1,1779,dense,262200
1,1780,dense,350000
1,1780,structured_50,296500
1,1781,structured_50,283000
1,1781,dense,297500
1,1782,dense,332300
1,1782,structured_50,283100
1,1783,structured_50,295900
1,1783,dense,330500
1,1784,dense,293500
1,1784,structured_50,295600
1,1785,structured_50,299000
1,1785,dense,304900
1,1786,dense,302800
1,1786,structured_50,312700
1,1787,structured_50,279000
1,1787,dense,278000
1,1788,dense,294400
1,1788,structured_50,299600
1,1789,structured_50,303200
1,1789,dense,305600
1,1790,dense,338600
1,1790,structured_50,298400
1,1791,structured_50,227900
1,1791,dense,182800
1,1792,dense,179300
1,1792,structured_50,164800
1,1793,structured_50,166300
1,1793,dense,185200
1,1794,dense,181100
1,1794,structured_50,165100
1,1795,structured_50,650000
1,1795,dense,469300
1,1796,dense,447800
1,1796,structured_50,450200
1,1797,structured_50,435200
1,1797,dense,444300
1,1798,dense,443900
1,1798,structured_50,420100
1,1799,structured_50,444000
1,1799,dense,441000
1,1800,dense,442700
1,1800,structured_50,990600
1,1801,structured_50,433400
1,1801,dense,473300
1,1802,dense,447500
1,1802,structured_50,439500
1,1803,structured_50,447500
1,1803,dense,484400
1,1804,dense,470700
1,1804,structured_50,447000
1,1805,structured_50,448200
1,1805,dense,487800
1,1806,dense,470700
1,1806,structured_50,438500
1,1807,structured_50,443700
1,1807,dense,499400
1,1808,dense,471000
1,1808,structured_50,440000
1,1809,structured_50,515400
1,1809,dense,372500
1,1810,dense,511500
1,1810,structured_50,440200
1,1811,structured_50,409600
1,1811,dense,435800
1,1812,dense,456000
1,1812,structured_50,493400
1,1813,structured_50,458000
1,1813,dense,488600
1,1814,dense,666200
1,1814,structured_50,589800
1,1815,structured_50,819500
1,1815,dense,1037900
1,1816,dense,493100
1,1816,structured_50,424100
1,1817,structured_50,395700
1,1817,dense,448000
1,1818,dense,432300
1,1818,structured_50,410500
1,1819,structured_50,407800
1,1819,dense,428600
1,1820,dense,454200
1,1820,structured_50,409900
1,1821,structured_50,405600
1,1821,dense,428900
1,1822,dense,447400
1,1822,structured_50,440100
1,1823,structured_50,606500
1,1823,dense,473800
1,1824,dense,529400
1,1824,structured_50,323600
1,1825,structured_50,174800
1,1825,dense,192100
1,1826,dense,173200
1,1826,structured_50,150400
1,1827,structured_50,143900
1,1827,dense,159900
1,1828,dense,155400
1,1828,structured_50,148700
1,1829,structured_50,573300
1,1829,dense,422600
1,1830,dense,405600
1,1830,structured_50,394700
1,1831,structured_50,432900
1,1831,dense,426600
1,1832,dense,426400
1,1832,structured_50,407000
1,1833,structured_50,419700
1,1833,dense,429600
1,1834,dense,425600
1,1834,structured_50,420000
1,1835,structured_50,410400
1,1835,dense,604700
1,1836,dense,562400
1,1836,structured_50,573800
1,1837,structured_50,475400
1,1837,dense,517300
1,1838,dense,538700
1,1838,structured_50,510700
1,1839,structured_50,435100
1,1839,dense,489000
1,1840,dense,456900
1,1840,structured_50,434400
1,1841,structured_50,422400
1,1841,dense,463600
1,1842,dense,459400
1,1842,structured_50,426900
1,1843,structured_50,420900
1,1843,dense,453600
1,1844,dense,480600
1,1844,structured_50,439900
1,1845,structured_50,439800
1,1845,dense,473800
1,1846,dense,478900
1,1846,structured_50,420600
1,1847,structured_50,409500
1,1847,dense,433000
1,1848,dense,444700
1,1848,structured_50,413600
1,1849,structured_50,424300
1,1849,dense,461100
1,1850,dense,436900
1,1850,structured_50,442900
1,1851,structured_50,409200
1,1851,dense,434600
1,1852,dense,454700
1,1852,structured_50,463300
1,1853,structured_50,475700
1,1853,dense,442600
1,1854,dense,434600
1,1854,structured_50,411100
1,1855,structured_50,432900
1,1855,dense,446200
1,1856,dense,462700
1,1856,structured_50,432600
1,1857,structured_50,441000
1,1857,dense,488300
1,1858,dense,552900
1,1858,structured_50,472700
1,1859,structured_50,435000
1,1859,dense,486800
1,1860,dense,459100
1,1860,structured_50,440900
1,1861,structured_50,482100
1,1861,dense,491000
1,1862,dense,458700
1,1862,structured_50,444300
1,1863,structured_50,435100
1,1863,dense,484800
1,1864,dense,475600
1,1864,structured_50,450600
1,1865,structured_50,440200
1,1865,dense,461900
1,1866,dense,487900
1,1866,structured_50,445100
1,1867,structured_50,440200
1,1867,dense,456300
1,1868,dense,482600
1,1868,structured_50,506900
1,1869,structured_50,293300
1,1869,dense,195000
1,1870,dense,540800
1,1870,structured_50,443800
1,1871,structured_50,414400
1,1871,dense,455800
1,1872,dense,455000
1,1872,structured_50,445300
1,1873,structured_50,436400
1,1873,dense,463100
1,1874,dense,595500
1,1874,structured_50,487900
1,1875,structured_50,416700
1,1875,dense,420400
1,1876,dense,408300
1,1876,structured_50,410300
1,1877,structured_50,412700
1,1877,dense,472100
1,1878,dense,452200
1,1878,structured_50,421100
1,1879,structured_50,412600
1,1879,dense,451400
1,1880,dense,446100
1,1880,structured_50,421400
1,1881,structured_50,440000
1,1881,dense,451500
1,1882,dense,466500
1,1882,structured_50,621400
1,1883,structured_50,438000
1,1883,dense,417200
1,1884,dense,404100
1,1884,structured_50,406400
1,1885,structured_50,413900
1,1885,dense,448700
1,1886,dense,648900
1,1886,structured_50,447600
1,1887,structured_50,440000
1,1887,dense,485000
1,1888,dense,457700
1,1888,structured_50,450100
1,1889,structured_50,441500
1,1889,dense,461300
1,1890,dense,490500
1,1890,structured_50,448500
1,1891,structured_50,535400
1,1891,dense,477100
1,1892,dense,487700
1,1892,structured_50,441700
1,1893,structured_50,443400
1,1893,dense,464700
1,1894,dense,478500
1,1894,structured_50,443000
1,1895,structured_50,453000
1,1895,dense,478600
1,1896,dense,488700
1,1896,structured_50,443900
1,1897,structured_50,436700
1,1897,dense,468800
1,1898,dense,459400
1,1898,structured_50,464700
1,1899,structured_50,445200
1,1899,dense,482300
1,1900,dense,475800
1,1900,structured_50,472600
1,1901,structured_50,438200
1,1901,dense,458300
1,1902,dense,465600
1,1902,structured_50,453400
1,1903,structured_50,640300
1,1903,dense,484200
1,1904,dense,468800
1,1904,structured_50,489000
1,1905,structured_50,451300
1,1905,dense,464000
1,1906,dense,470900
1,1906,structured_50,465000
1,1907,structured_50,453000
1,1907,dense,473400
1,1908,dense,470600
1,1908,structured_50,434600
1,1909,structured_50,457800
1,1909,dense,474800
1,1910,dense,610500
1,1910,structured_50,235300
1,1911,structured_50,565200
1,1911,dense,462500
1,1912,dense,447100
1,1912,structured_50,441400
1,1913,structured_50,445200
1,1913,dense,465500
1,1914,dense,465800
1,1914,structured_50,439100
1,1915,structured_50,465200
1,1915,dense,463800
1,1916,dense,463100
1,1916,structured_50,439800
1,1917,structured_50,456600
1,1917,dense,460300
1,1918,dense,456100
1,1918,structured_50,605400
1,1919,structured_50,454500
1,1919,dense,451900
1,1920,dense,423400
1,1920,structured_50,425500
1,1921,structured_50,419400
1,1921,dense,470500
1,1922,dense,497700
1,1922,structured_50,446400
1,1923,structured_50,537200
1,1923,dense,464700
1,1924,dense,486700
1,1924,structured_50,441900
1,1925,structured_50,437500
1,1925,dense,450600
1,1926,dense,487500
1,1926,structured_50,435900
1,1927,structured_50,439800
1,1927,dense,466800
1,1928,dense,480600
1,1928,structured_50,453800
1,1929,structured_50,451100
1,1929,dense,460500
1,1930,dense,468900
1,1930,structured_50,469700
1,1931,structured_50,439700
1,1931,dense,467500
1,1932,dense,473600
1,1932,structured_50,463200
1,1933,structured_50,442400
1,1933,dense,456200
1,1934,dense,462000
1,1934,structured_50,448300
1,1935,structured_50,588000
1,1935,dense,504200
1,1936,dense,463000
1,1936,structured_50,447500
1,1937,structured_50,465500
1,1937,dense,470600
1,1938,dense,465900
1,1938,structured_50,446800
1,1939,structured_50,458700
1,1939,dense,459700
1,1940,dense,466600
1,1940,structured_50,441800
1,1941,structured_50,462300
1,1941,dense,463800
1,1942,dense,470800
1,1942,structured_50,443900
1,1943,structured_50,432300
1,1943,dense,490900
1,1944,dense,467300
1,1944,structured_50,439000
1,1945,structured_50,440700
1,1945,dense,490200
1,1946,dense,435200
1,1946,structured_50,429800
1,1947,structured_50,414200
1,1947,dense,433200
1,1948,dense,451800
1,1948,structured_50,409700
1,1949,structured_50,410700
1,1949,dense,446600
1,1950,dense,458200
1,1950,structured_50,421300
1,1951,structured_50,405200
1,1951,dense,433700
1,1952,dense,473600
1,1952,structured_50,464400
1,1953,structured_50,198700
1,1953,dense,192100
1,1954,dense,376700
1,1954,structured_50,533400
1,1955,structured_50,462100
1,1955,dense,485400
1,1956,dense,493600
1,1956,structured_50,435500
1,1957,structured_50,569500
1,1957,dense,227900
1,1958,dense,379400
1,1958,structured_50,565800
1,1959,structured_50,454800
1,1959,dense,468400
1,1960,dense,467600
1,1960,structured_50,423600
1,1961,structured_50,415600
1,1961,dense,467400
1,1962,dense,496700
1,1962,structured_50,449900
1,1963,structured_50,441000
1,1963,dense,467400
1,1964,dense,467400
1,1964,structured_50,459000
1,1965,structured_50,444200
1,1965,dense,468100
1,1966,dense,465800
1,1966,structured_50,469200
1,1967,structured_50,439500
1,1967,dense,461600
1,1968,dense,459200
1,1968,structured_50,444900
1,1969,structured_50,460800
1,1969,dense,468800
1,1970,dense,458300
1,1970,structured_50,466900
1,1971,structured_50,466800
1,1971,dense,482800
1,1972,dense,466700
1,1972,structured_50,523000
1,1973,structured_50,402000
1,1973,dense,643400
1,1974,dense,498800
1,1974,structured_50,455500
1,1975,structured_50,407400
1,1975,dense,590000
1,1976,dense,487900
1,1976,structured_50,404400
1,1977,structured_50,385200
1,1977,dense,448500
1,1978,dense,441600
1,1978,structured_50,417100
1,1979,structured_50,415200
1,1979,dense,431600
1,1980,dense,478600
1,1980,structured_50,437100
1,1981,structured_50,428600
1,1981,dense,459700
1,1982,dense,753200
1,1982,structured_50,629400
1,1983,structured_50,315400
1,1983,dense,195700
1,1984,dense,176900
1,1984,structured_50,150300
1,1985,structured_50,145700
1,1985,dense,155600
1,1986,dense,153700
1,1986,structured_50,144400
1,1987,structured_50,170200
1,1987,dense,257800
1,1988,dense,297800
1,1988,structured_50,224500
1,1989,structured_50,194200
1,1989,dense,187400
1,1990,dense,186700
1,1990,structured_50,169400
1,1991,structured_50,167200
1,1991,dense,199600
1,1992,dense,199800
1,1992,structured_50,174000
1,1993,structured_50,172600
1,1993,dense,180700
1,1994,dense,178300
1,1994,structured_50,244100
1,1995,structured_50,174100
1,1995,dense,183300
1,1996,dense,183400
1,1996,structured_50,169400
1,1997,structured_50,165500
1,1997,dense,179200
1,1998,dense,177700
1,1998,structured_50,215900
1,1999,structured_50,177900
1,1999,dense,183500
1,2000,dense,180500
1,2000,structured_50,169300
1,2001,structured_50,188400
1,2001,dense,203000
1,2002,dense,186900
1,2002,structured_50,208000
1,2003,structured_50,174400
1,2003,dense,191000
1,2004,dense,182100
1,2004,structured_50,170100
1,2005,structured_50,414700
1,2005,dense,536200
1,2006,dense,465100
1,2006,structured_50,438300
1,2007,structured_50,470200
1,2007,dense,252100
1,2008,dense,322400
1,2008,structured_50,165900
1,2009,structured_50,153100
1,2009,dense,168500
1,2010,dense,179700
1,2010,structured_50,156300
1,2011,structured_50,145000
1,2011,dense,154400
1,2012,dense,154200
1,2012,structured_50,153900
1,2013,structured_50,210700
1,2013,dense,250300
1,2014,dense,238800
1,2014,structured_50,237300
1,2015,structured_50,174600
1,2015,dense,214600
1,2016,dense,187200
1,2016,structured_50,173900
1,2017,structured_50,168400
1,2017,dense,185100
1,2018,dense,177900
1,2018,structured_50,166700
1,2019,structured_50,167700
1,2019,dense,180000
1,2020,dense,178100
1,2020,structured_50,166300
1,2021,structured_50,193900
1,2021,dense,189200
1,2022,dense,183900
1,2022,structured_50,167900
1,2023,structured_50,164200
1,2023,dense,180700
1,2024,dense,178200
1,2024,structured_50,174400
1,2025,structured_50,183800
1,2025,dense,191300
1,2026,dense,177600
1,2026,structured_50,203900
1,2027,structured_50,180300
1,2027,dense,186400
1,2028,dense,184200
1,2028,structured_50,170900
1,2029,structured_50,168700
1,2029,dense,182900
1,2030,dense,183300
1,2030,structured_50,171000
1,2031,structured_50,162400
1,2031,dense,210400
1,2032,dense,174900
1,2032,structured_50,151300
1,2033,structured_50,146700
1,2033,dense,160400
1,2034,dense,185000
1,2034,structured_50,168900
1,2035,structured_50,173300
1,2035,dense,407500
1,2036,dense,644100
1,2036,structured_50,510200
1,2037,structured_50,420000
1,2037,dense,409900
1,2038,dense,183700
1,2038,structured_50,158800
1,2039,structured_50,150200
1,2039,dense,162300
1,2040,dense,161400
1,2040,structured_50,158700
1,2041,structured_50,218500
1,2041,dense,449400
1,2042,dense,356700
1,2042,structured_50,177700
1,2043,structured_50,174600
1,2043,dense,192500
1,2044,dense,186600
1,2044,structured_50,180200
1,2045,structured_50,282300
1,2045,dense,231200
1,2046,dense,355700
1,2046,structured_50,190000
1,2047,structured_50,184100
1,2047,dense,171400
1,2048,dense,160800
1,2048,structured_50,149300
1,2049,structured_50,146000
1,2049,dense,158300
1,2050,dense,158000
1,2050,structured_50,144400
1,2051,structured_50,146300
1,2051,dense,152900
1,2052,dense,153000
1,2052,structured_50,144700
1,2053,structured_50,142700
1,2053,dense,197900
1,2054,dense,193200
1,2054,structured_50,175900
1,2055,structured_50,172400
1,2055,dense,182400
1,2056,dense,181800
1,2056,structured_50,166700
1,2057,structured_50,164000
1,2057,dense,180900
1,2058,dense,176400
1,2058,structured_50,166900
1,2059,structured_50,181500
1,2059,dense,195600
1,2060,dense,181400
1,2060,structured_50,173700
1,2061,structured_50,167200
1,2061,dense,282000
1,2062,dense,198700
1,2062,structured_50,178900
1,2063,structured_50,163000
1,2063,dense,175700
1,2064,dense,162800
1,2064,structured_50,195600
1,2065,structured_50,159400
1,2065,dense,175400
1,2066,dense,158600
1,2066,structured_50,146300
1,2067,structured_50,143900
1,2067,dense,155400
1,2068,dense,159900
1,2068,structured_50,169400
1,2069,structured_50,208800
1,2069,dense,185900
1,2070,dense,196000
1,2070,structured_50,186500
1,2071,structured_50,168200
1,2071,dense,185500
1,2072,dense,179900
1,2072,structured_50,167700
1,2073,structured_50,166100
1,2073,dense,193800
1,2074,dense,175300
1,2074,structured_50,164700
1,2075,structured_50,478500
1,2075,dense,500600
1,2076,dense,435300
1,2076,structured_50,429500
1,2077,structured_50,428800
1,2077,dense,436600
1,2078,dense,465400
1,2078,structured_50,497900
1,2079,structured_50,445500
1,2079,dense,469800
1,2080,dense,487300
1,2080,structured_50,472100
1,2081,structured_50,444100
1,2081,dense,726700
1,2082,dense,935000
1,2082,structured_50,969500
1,2083,structured_50,927200
1,2083,dense,549400
1,2084,dense,482800
1,2084,structured_50,448800
1,2085,structured_50,430800
1,2085,dense,447500
1,2086,dense,473600
1,2086,structured_50,431900
1,2087,structured_50,426300
1,2087,dense,455300
1,2088,dense,470400
1,2088,structured_50,433200
1,2089,structured_50,428000
1,2089,dense,449200
1,2090,dense,449000
1,2090,structured_50,476200
1,2091,structured_50,428000
1,2091,dense,450500
1,2092,dense,509100
1,2092,structured_50,453600
1,2093,structured_50,385900
1,2093,dense,486100
1,2094,dense,520200
1,2094,structured_50,465600
1,2095,structured_50,481200
1,2095,dense,454000
1,2096,dense,432100
1,2096,structured_50,409600
1,2097,structured_50,398600
1,2097,dense,429600
1,2098,dense,479500
1,2098,structured_50,433700
1,2099,structured_50,421100
1,2099,dense,458100
1,2100,dense,444200
1,2100,structured_50,456100
1,2101,structured_50,419500
1,2101,dense,447300
1,2102,dense,454500
1,2102,structured_50,431300
1,2103,structured_50,461300
1,2103,dense,445500
1,2104,dense,537200
1,2104,structured_50,593500
1,2105,structured_50,466100
1,2105,dense,501000
1,2106,dense,462400
1,2106,structured_50,430200
1,2107,structured_50,441000
1,2107,dense,651400
1,2108,dense,523900
1,2108,structured_50,439700
1,2109,structured_50,424000
1,2109,dense,436000
1,2110,dense,451600
1,2110,structured_50,456500
1,2111,structured_50,447900
1,2111,dense,474200
1,2112,dense,461500
1,2112,structured_50,446400
1,2113,structured_50,466500
1,2113,dense,470800
1,2114,dense,467600
1,2114,structured_50,460600
1,2115,structured_50,469500
1,2115,dense,465500
1,2116,dense,475500
1,2116,structured_50,254600
1,2117,structured_50,306500
1,2117,dense,515500
1,2118,dense,455400
1,2118,structured_50,430200
1,2119,structured_50,460500
1,2119,dense,484200
1,2120,dense,481100
1,2120,structured_50,447600
1,2121,structured_50,460200
1,2121,dense,466000
1,2122,dense,475000
1,2122,structured_50,441000
1,2123,structured_50,436400
1,2123,dense,486100
1,2124,dense,460400
1,2124,structured_50,484400
1,2125,structured_50,455700
1,2125,dense,501800
1,2126,dense,483300
1,2126,structured_50,422700
1,2127,structured_50,430900
1,2127,dense,481700
1,2128,dense,464600
1,2128,structured_50,425100
1,2129,structured_50,421600
1,2129,dense,444500
1,2130,dense,457100
1,2130,structured_50,430300
1,2131,structured_50,441200
1,2131,dense,463100
1,2132,dense,499600
1,2132,structured_50,466400
1,2133,structured_50,444800
1,2133,dense,467500
1,2134,dense,478000
1,2134,structured_50,451200
1,2135,structured_50,446200
1,2135,dense,485400
1,2136,dense,481400
1,2136,structured_50,472400
1,2137,structured_50,445800
1,2137,dense,468600
1,2138,dense,462100
1,2138,structured_50,472300
1,2139,structured_50,450600
1,2139,dense,465000
1,2140,dense,530800
1,2140,structured_50,261600
1,2141,structured_50,161300
1,2141,dense,161900
1,2142,dense,685000
1,2142,structured_50,435500
1,2143,structured_50,446600
1,2143,dense,488900
1,2144,dense,477100
1,2144,structured_50,471400
1,2145,structured_50,449300
1,2145,dense,494000
1,2146,dense,490300
1,2146,structured_50,436600
1,2147,structured_50,441200
1,2147,dense,459300
1,2148,dense,492400
1,2148,structured_50,444000
1,2149,structured_50,438400
1,2149,dense,456700
1,2150,dense,487400
1,2150,structured_50,458900
1,2151,structured_50,454900
1,2151,dense,469500
1,2152,dense,486000
1,2152,structured_50,446000
1,2153,structured_50,440500
1,2153,dense,483600
1,2154,dense,478600
1,2154,structured_50,470600
1,2155,structured_50,451700
1,2155,dense,463600
1,2156,dense,463900
1,2156,structured_50,467400
1,2157,structured_50,463100
1,2157,dense,465000
1,2158,dense,740800
1,2158,structured_50,319300
1,2159,structured_50,161200
1,2159,dense,221900
1,2160,dense,170800
1,2160,structured_50,151800
1,2161,structured_50,210500
1,2161,dense,176700
1,2162,dense,159500
1,2162,structured_50,191200
1,2163,structured_50,149100
1,2163,dense,158700
1,2164,dense,195500
1,2164,structured_50,157300
1,2165,structured_50,145100
1,2165,dense,155100
1,2166,dense,153500
1,2166,structured_50,148200
1,2167,structured_50,141400
1,2167,dense,152900
1,2168,dense,170800
1,2168,structured_50,165500
1,2169,structured_50,172700
1,2169,dense,180300
1,2170,dense,227600
1,2170,structured_50,180200
1,2171,structured_50,169400
1,2171,dense,187600
1,2172,dense,185100
1,2172,structured_50,175500
1,2173,structured_50,174900
1,2173,dense,198200
1,2174,dense,539600
1,2174,structured_50,504700
1,2175,structured_50,460800
1,2175,dense,467900
1,2176,dense,467300
1,2176,structured_50,452300
1,2177,structured_50,471900
1,2177,dense,571800
1,2178,dense,483000
1,2178,structured_50,450500
1,2179,structured_50,470000
1,2179,dense,466300
1,2180,dense,465200
1,2180,structured_50,452500
1,2181,structured_50,472300
1,2181,dense,468900
1,2182,dense,471700
1,2182,structured_50,439000
1,2183,structured_50,448900
1,2183,dense,496100
1,2184,dense,640200
1,2184,structured_50,512500
1,2185,structured_50,489600
1,2185,dense,505900
1,2186,dense,459200
1,2186,structured_50,480000
1,2187,structured_50,580800
1,2187,dense,486800
1,2188,dense,422300
1,2188,structured_50,419400
1,2189,structured_50,433700
1,2189,dense,453500
1,2190,dense,459900
1,2190,structured_50,464800
1,2191,structured_50,458600
1,2191,dense,463500
1,2192,dense,453200
1,2192,structured_50,431600
1,2193,structured_50,421600
1,2193,dense,471300
1,2194,dense,452400
1,2194,structured_50,427700
1,2195,structured_50,412700
1,2195,dense,449000
1,2196,dense,446900
1,2196,structured_50,410800
1,2197,structured_50,414300
1,2197,dense,454800
1,2198,dense,474500
1,2198,structured_50,430500
1,2199,structured_50,416500
1,2199,dense,438100
1,2200,dense,443600
1,2200,structured_50,731700
1,2201,structured_50,645600
1,2201,dense,707800
1,2202,dense,536000
1,2202,structured_50,504200
1,2203,structured_50,472700
1,2203,dense,494800
1,2204,dense,509800
1,2204,structured_50,491300
1,2205,structured_50,475000
1,2205,dense,533500
1,2206,dense,490200
1,2206,structured_50,462400
1,2207,structured_50,488400
1,2207,dense,489800
1,2208,dense,524500
1,2208,structured_50,286500
1,2209,structured_50,384100
1,2209,dense,243400
1,2210,dense,215200
1,2210,structured_50,185200
1,2211,structured_50,174000
1,2211,dense,224100
1,2212,dense,223600
1,2212,structured_50,256500
1,2213,structured_50,203500
1,2213,dense,241800
1,2214,dense,230900
1,2214,structured_50,226200
1,2215,structured_50,240000
1,2215,dense,253300
1,2216,dense,253100
1,2216,structured_50,255100
1,2217,structured_50,222300
1,2217,dense,192000
1,2218,dense,222400
1,2218,structured_50,242500
1,2219,structured_50,229100
1,2219,dense,261800
1,2220,dense,225900
1,2220,structured_50,174300
1,2221,structured_50,249900
1,2221,dense,255300
1,2222,dense,258100
1,2222,structured_50,228500
1,2223,structured_50,196700
1,2223,dense,209200
1,2224,dense,408200
1,2224,structured_50,256900
1,2225,structured_50,234600
1,2225,dense,367800
1,2226,dense,547900
1,2226,structured_50,422400
1,2227,structured_50,410800
1,2227,dense,452600
1,2228,dense,442100
1,2228,structured_50,427100
1,2229,structured_50,429700
1,2229,dense,451400
1,2230,dense,490400
1,2230,structured_50,423200
1,2231,structured_50,413000
1,2231,dense,445400
1,2232,dense,457300
1,2232,structured_50,420500
1,2233,structured_50,410600
1,2233,dense,434600
1,2234,dense,435600
1,2234,structured_50,442200
1,2235,structured_50,411600
1,2235,dense,446700
1,2236,dense,436800
1,2236,structured_50,426600
1,2237,structured_50,413400
1,2237,dense,431500
1,2238,dense,426700
1,2238,structured_50,418000
1,2239,structured_50,425700
1,2239,dense,432800
1,2240,dense,429200
1,2240,structured_50,409300
1,2241,structured_50,417500
1,2241,dense,466900
1,2242,dense,516400
1,2242,structured_50,532300
1,2243,structured_50,598300
1,2243,dense,669200
1,2244,dense,308700
1,2244,structured_50,194200
1,2245,structured_50,163800
1,2245,dense,177600
1,2246,dense,323300
1,2246,structured_50,184200
1,2247,structured_50,165200
1,2247,dense,173000
1,2248,dense,168200
1,2248,structured_50,161200
1,2249,structured_50,152800
1,2249,dense,166500
1,2250,dense,165300
1,2250,structured_50,199400
1,2251,structured_50,175100
1,2251,dense,180600
1,2252,dense,180600
1,2252,structured_50,170400
1,2253,structured_50,165300
1,2253,dense,176800
1,2254,dense,180800
1,2254,structured_50,167500
1,2255,structured_50,166600
1,2255,dense,176400
1,2256,dense,207700
1,2256,structured_50,175500
1,2257,structured_50,170900
1,2257,dense,187600
1,2258,dense,234200
1,2258,structured_50,246200
1,2259,structured_50,249900
1,2259,dense,220700
1,2260,dense,200000
1,2260,structured_50,192500
1,2261,structured_50,197200
1,2261,dense,186400
1,2262,dense,180900
1,2262,structured_50,172500
1,2263,structured_50,166500
1,2263,dense,193000
1,2264,dense,184900
1,2264,structured_50,172300
1,2265,structured_50,362100
1,2265,dense,199700
1,2266,dense,181400
1,2266,structured_50,168400
1,2267,structured_50,182500
1,2267,dense,208100
1,2268,dense,189500
1,2268,structured_50,193500
1,2269,structured_50,170100
1,2269,dense,174900
1,2270,dense,275600
1,2270,structured_50,239900
1,2271,structured_50,161700
1,2271,dense,181200
1,2272,dense,177500
1,2272,structured_50,159700
1,2273,structured_50,166600
1,2273,dense,175900
1,2274,dense,185300
1,2274,structured_50,192800
1,2275,structured_50,169800
1,2275,dense,182200
1,2276,dense,194700
1,2276,structured_50,178200
1,2277,structured_50,175600
1,2277,dense,188400
1,2278,dense,204500
1,2278,structured_50,181700
1,2279,structured_50,164600
1,2279,dense,183800
1,2280,dense,218800
1,2280,structured_50,193100
1,2281,structured_50,176000
1,2281,dense,189000
1,2282,dense,190800
1,2282,structured_50,175300
1,2283,structured_50,180700
1,2283,dense,183500
1,2284,dense,183600
1,2284,structured_50,166000
1,2285,structured_50,164500
1,2285,dense,779000
1,2286,dense,454600
1,2286,structured_50,403800
1,2287,structured_50,395200
1,2287,dense,422100
1,2288,dense,419300
1,2288,structured_50,442500
1,2289,structured_50,460100
1,2289,dense,460800
1,2290,dense,612800
1,2290,structured_50,864900
1,2291,structured_50,537000
1,2291,dense,540800
1,2292,dense,397000
1,2292,structured_50,192500
1,2293,structured_50,162500
1,2293,dense,443400
1,2294,dense,470300
1,2294,structured_50,429400
1,2295,structured_50,396700
1,2295,dense,981800
1,2296,dense,892300
1,2296,structured_50,915000
1,2297,structured_50,469000
1,2297,dense,661800
1,2298,dense,458500
1,2298,structured_50,432500
1,2299,structured_50,604200
1,2299,dense,632600
1,2300,dense,433300
1,2300,structured_50,426400
1,2301,structured_50,392900
1,2301,dense,438300
1,2302,dense,429300
1,2302,structured_50,420100
1,2303,structured_50,413100
1,2303,dense,468400
1,2304,dense,440700
1,2304,structured_50,420100
1,2305,structured_50,414400
1,2305,dense,438200
1,2306,dense,455500
1,2306,structured_50,566600
1,2307,structured_50,446400
1,2307,dense,479200
1,2308,dense,475700
1,2308,structured_50,430200
1,2309,structured_50,427700
1,2309,dense,445000
1,2310,dense,557400
1,2310,structured_50,547400
1,2311,structured_50,470500
1,2311,dense,466700
1,2312,dense,497300
1,2312,structured_50,457000
1,2313,structured_50,418800
1,2313,dense,475600
1,2314,dense,497100
1,2314,structured_50,427400
1,2315,structured_50,435600
1,2315,dense,463900
1,2316,dense,504000
1,2316,structured_50,466800
1,2317,structured_50,470100
1,2317,dense,454000
1,2318,dense,455200
1,2318,structured_50,457100
1,2319,structured_50,441200
1,2319,dense,461900
1,2320,dense,464900
1,2320,structured_50,460800
1,2321,structured_50,444100
1,2321,dense,479300
1,2322,dense,463800
1,2322,structured_50,470200
1,2323,structured_50,462100
1,2323,dense,506700
1,2324,dense,492100
1,2324,structured_50,510600
1,2325,structured_50,257200
1,2325,dense,177900
1,2326,dense,278500
1,2326,structured_50,221200
1,2327,structured_50,409900
1,2327,dense,541400
1,2328,dense,441700
1,2328,structured_50,484000
1,2329,structured_50,568500
1,2329,dense,259800
1,2330,dense,665900
1,2330,structured_50,469200
1,2331,structured_50,458900
1,2331,dense,481600
1,2332,dense,495900
1,2332,structured_50,487800
1,2333,structured_50,426500
1,2333,dense,448000
1,2334,dense,468100
1,2334,structured_50,419800
1,2335,structured_50,413800
1,2335,dense,422600
1,2336,dense,388800
1,2336,structured_50,523300
1,2337,structured_50,469900
1,2337,dense,527100
1,2338,dense,483500
1,2338,structured_50,443900
1,2339,structured_50,445900
1,2339,dense,566500
1,2340,dense,743500
1,2340,structured_50,528900
1,2341,structured_50,474700
1,2341,dense,485100
1,2342,dense,522900
1,2342,structured_50,461900
1,2343,structured_50,478700
1,2343,dense,493300
1,2344,dense,518700
1,2344,structured_50,468900
1,2345,structured_50,442400
1,2345,dense,478700
1,2346,dense,596600
1,2346,structured_50,572400
1,2347,structured_50,628400
1,2347,dense,518900
1,2348,dense,465700
1,2348,structured_50,474100
1,2349,structured_50,444400
1,2349,dense,455400
1,2350,dense,452300
1,2350,structured_50,485600
1,2351,structured_50,444800
1,2351,dense,457200
1,2352,dense,467500
1,2352,structured_50,474800
1,2353,structured_50,478200
1,2353,dense,487700
1,2354,dense,478600
1,2354,structured_50,457400
1,2355,structured_50,473900
1,2355,dense,771200
1,2356,dense,525200
1,2356,structured_50,207100
1,2357,structured_50,172600
1,2357,dense,180000
1,2358,dense,171600
1,2358,structured_50,507800
1,2359,structured_50,683600
1,2359,dense,540600
1,2360,dense,519100
1,2360,structured_50,917900
1,2361,structured_50,611600
1,2361,dense,509400
1,2362,dense,542500
1,2362,structured_50,548500
1,2363,structured_50,518800
1,2363,dense,540900
1,2364,dense,443000
1,2364,structured_50,412900
1,2365,structured_50,401600
1,2365,dense,460700
1,2366,dense,481500
1,2366,structured_50,435200
1,2367,structured_50,431600
1,2367,dense,453200
1,2368,dense,472400
1,2368,structured_50,560100
1,2369,structured_50,437300
1,2369,dense,637500
1,2370,dense,790600
1,2370,structured_50,570400
1,2371,structured_50,734800
1,2371,dense,869600
1,2372,dense,669400
1,2372,structured_50,972100
1,2373,structured_50,565500
1,2373,dense,514800
1,2374,dense,513700
1,2374,structured_50,460500
1,2375,structured_50,445800
1,2375,dense,485700
1,2376,dense,463500
1,2376,structured_50,446200
1,2377,structured_50,442700
1,2377,dense,479500
1,2378,dense,472600
1,2378,structured_50,439400
1,2379,structured_50,448700
1,2379,dense,471900
1,2380,dense,494100
1,2380,structured_50,448900
1,2381,structured_50,450800
1,2381,dense,471800
1,2382,dense,468200
1,2382,structured_50,429000
1,2383,structured_50,411500
1,2383,dense,445700
1,2384,dense,458500
1,2384,structured_50,459600
1,2385,structured_50,418500
1,2385,dense,631000
1,2386,dense,594300
1,2386,structured_50,541800
1,2387,structured_50,413000
1,2387,dense,438700
1,2388,dense,437800
1,2388,structured_50,424000
1,2389,structured_50,411300
1,2389,dense,435900
1,2390,dense,432400
1,2390,structured_50,451900
1,2391,structured_50,215100
1,2391,dense,598900
1,2392,dense,554400
1,2392,structured_50,519700
1,2393,structured_50,699500
1,2393,dense,507600
1,2394,dense,217400
1,2394,structured_50,277400
1,2395,structured_50,253600
1,2395,dense,441300
1,2396,dense,461800
1,2396,structured_50,445900
1,2397,structured_50,414800
1,2397,dense,495600
1,2398,dense,626300
1,2398,structured_50,484600
1,2399,structured_50,456200
1,2399,dense,513100
1,2400,dense,462000
1,2400,structured_50,430700
1,2401,structured_50,420500
1,2401,dense,462400
1,2402,dense,661600
1,2402,structured_50,472700
1,2403,structured_50,421900
1,2403,dense,446800
1,2404,dense,468100
1,2404,structured_50,430600
1,2405,structured_50,437400
1,2405,dense,468700
1,2406,dense,491500
1,2406,structured_50,434800
1,2407,structured_50,439600
1,2407,dense,466200
1,2408,dense,478200
1,2408,structured_50,441100
1,2409,structured_50,437000
1,2409,dense,461000
1,2410,dense,455100
1,2410,structured_50,459400
1,2411,structured_50,426900
1,2411,dense,468800
1,2412,dense,466000
1,2412,structured_50,478700
1,2413,structured_50,439700
1,2413,dense,446800
1,2414,dense,461800
1,2414,structured_50,447400
1,2415,structured_50,474900
1,2415,dense,673800
1,2416,dense,775800
1,2416,structured_50,579600
1,2417,structured_50,926900
1,2417,dense,568500
1,2418,dense,429300
1,2418,structured_50,439400
1,2419,structured_50,430100
1,2419,dense,482500
1,2420,dense,457400
1,2420,structured_50,445800
1,2421,structured_50,419100
1,2421,dense,452100
1,2422,dense,436600
1,2422,structured_50,417100
1,2423,structured_50,437300
1,2423,dense,439300
1,2424,dense,441700
1,2424,structured_50,415000
1,2425,structured_50,427300
1,2425,dense,449400
1,2426,dense,460700
1,2426,structured_50,442300
1,2427,structured_50,439800
1,2427,dense,493200
1,2428,dense,472300
1,2428,structured_50,540300
1,2429,structured_50,444300
1,2429,dense,494300
1,2430,dense,456700
1,2430,structured_50,444500
1,2431,structured_50,424700
1,2431,dense,479500
1,2432,dense,458700
1,2432,structured_50,429100
1,2433,structured_50,422100
1,2433,dense,444400
1,2434,dense,465800
1,2434,structured_50,426900
1,2435,structured_50,424500
1,2435,dense,453800
1,2436,dense,469300
1,2436,structured_50,432100
1,2437,structured_50,428900
1,2437,dense,461600
1,2438,dense,449600
1,2438,structured_50,451500
1,2439,structured_50,421200
1,2439,dense,454400
1,2440,dense,462500
1,2440,structured_50,449700
1,2441,structured_50,429100
1,2441,dense,449800
1,2442,dense,449200
1,2442,structured_50,640800
1,2443,structured_50,476600
1,2443,dense,505100
1,2444,dense,490800
1,2444,structured_50,474100
1,2445,structured_50,450800
1,2445,dense,474200
1,2446,dense,474100
1,2446,structured_50,489800
1,2447,structured_50,472700
1,2447,dense,495400
1,2448,dense,487200
1,2448,structured_50,478800
1,2449,structured_50,455000
1,2449,dense,483700
1,2450,dense,474100
1,2450,structured_50,446900
1,2451,structured_50,433300
1,2451,dense,473100
1,2452,dense,469200
1,2452,structured_50,461900
1,2453,structured_50,458200
1,2453,dense,503200
1,2454,dense,495200
1,2454,structured_50,473500
1,2455,structured_50,491900
1,2455,dense,503600
1,2456,dense,505900
1,2456,structured_50,482900
1,2457,structured_50,499900
1,2457,dense,491000
1,2458,dense,488800
1,2458,structured_50,672200
1,2459,structured_50,626100
1,2459,dense,533600
1,2460,dense,635900
1,2460,structured_50,480800
1,2461,structured_50,484300
1,2461,dense,486000
1,2462,dense,510000
1,2462,structured_50,474000
1,2463,structured_50,453100
1,2463,dense,490700
1,2464,dense,488300
1,2464,structured_50,447600
1,2465,structured_50,458700
1,2465,dense,502300
1,2466,dense,498400
1,2466,structured_50,471500
1,2467,structured_50,457900
1,2467,dense,484300
1,2468,dense,510200
1,2468,structured_50,474200
1,2469,structured_50,456200
1,2469,dense,480300
1,2470,dense,502300
1,2470,structured_50,467900
1,2471,structured_50,463800
1,2471,dense,479500
1,2472,dense,492300
1,2472,structured_50,593800
1,2473,structured_50,511300
1,2473,dense,644800
1,2474,dense,204200
1,2474,structured_50,211200
1,2475,structured_50,301800
1,2475,dense,203000
1,2476,dense,174300
1,2476,structured_50,161500
1,2477,structured_50,154400
1,2477,dense,169100
1,2478,dense,181300
1,2478,structured_50,175900
1,2479,structured_50,545500
1,2479,dense,479500
1,2480,dense,450500
1,2480,structured_50,453900
1,2481,structured_50,431600
1,2481,dense,444700
1,2482,dense,448900
1,2482,structured_50,427200
1,2483,structured_50,470400
1,2483,dense,448900
1,2484,dense,445900
1,2484,structured_50,421400
1,2485,structured_50,438300
1,2485,dense,473800
1,2486,dense,469600
1,2486,structured_50,437700
1,2487,structured_50,423100
1,2487,dense,489100
1,2488,dense,462400
1,2488,structured_50,462100
1,2489,structured_50,198600
1,2489,dense,234000
1,2490,dense,158400
1,2490,structured_50,148800
1,2491,structured_50,143200
1,2491,dense,180300
1,2492,dense,174200
1,2492,structured_50,177500
1,2493,structured_50,168100
1,2493,dense,182700
1,2494,dense,294000
1,2494,structured_50,470500
1,2495,structured_50,416400
1,2495,dense,451000
1,2496,dense,471200
1,2496,structured_50,656000
1,2497,structured_50,466900
1,2497,dense,509600
1,2498,dense,478600
1,2498,structured_50,477100
1,2499,structured_50,499300
1,2499,dense,521000
7,0,dense,988300
7,0,structured_50,833600
7,1,structured_50,812400
7,1,dense,1010100
7,2,dense,916500
7,2,structured_50,784400
7,3,structured_50,823800
7,3,dense,979400
7,4,dense,982600
7,4,structured_50,839800
7,5,structured_50,858900
7,5,dense,988500
7,6,dense,994800
7,6,structured_50,837900
7,7,structured_50,842500
7,7,dense,1003000
7,8,dense,1019500
7,8,structured_50,832500
7,9,structured_50,854500
7,9,dense,997200
7,10,dense,937500
7,10,structured_50,814000
7,11,structured_50,859300
7,11,dense,950700
7,12,dense,973600
7,12,structured_50,845500
7,13,structured_50,814200
7,13,dense,959600
7,14,dense,975500
7,14,structured_50,821500
7,15,structured_50,842800
7,15,dense,977800
7,16,dense,977500
7,16,structured_50,827300
7,17,structured_50,854100
7,17,dense,1015800
7,18,dense,1041500
7,18,structured_50,869100
7,19,structured_50,821800
7,19,dense,1029500
7,20,dense,967000
7,20,structured_50,850400
7,21,structured_50,846400
7,21,dense,990600
7,22,dense,962700
7,22,structured_50,849600
7,23,structured_50,823800
7,23,dense,995200
7,24,dense,953500
7,24,structured_50,935700
7,25,structured_50,775600
7,25,dense,917700
7,26,dense,946400
7,26,structured_50,776400
7,27,structured_50,973100
7,27,dense,1015800
7,28,dense,944000
7,28,structured_50,836700
7,29,structured_50,822800
7,29,dense,955200
7,30,dense,968800
7,30,structured_50,808000
7,31,structured_50,798800
7,31,dense,974100
7,32,dense,943400
7,32,structured_50,826100
7,33,structured_50,799600
7,33,dense,961900
7,34,dense,945800
7,34,structured_50,835000
7,35,structured_50,826800
7,35,dense,1101300
7,36,dense,941000
7,36,structured_50,782300
7,37,structured_50,807700
7,37,dense,912100
7,38,dense,929800
7,38,structured_50,774000
7,39,structured_50,778700
7,39,dense,933900
7,40,dense,1009800
7,40,structured_50,856300
7,41,structured_50,918600
7,41,dense,1024600
7,42,dense,972000
7,42,structured_50,847400
7,43,structured_50,834800
7,43,dense,994400
7,44,dense,967500
7,44,structured_50,850500
7,45,structured_50,829000
7,45,dense,978700
7,46,dense,980900
7,46,structured_50,830900
7,47,structured_50,833900
7,47,dense,981000
7,48,dense,985000
7,48,structured_50,880300
7,49,structured_50,847800
7,49,dense,1015500
7,50,dense,1023500
7,50,structured_50,837200
7,51,structured_50,844300
7,51,dense,999200
7,52,dense,1014400
7,52,structured_50,826200
7,53,structured_50,793600
7,53,dense,993400
7,54,dense,965700
7,54,structured_50,842400
7,55,structured_50,829100
7,55,dense,994900
7,56,dense,970200
7,56,structured_50,853600
7,57,structured_50,831800
7,57,dense,1090900
7,58,dense,981800
7,58,structured_50,848300
7,59,structured_50,866600
7,59,dense,1001400
7,60,dense,952300
7,60,structured_50,798600
7,61,structured_50,833200
7,61,dense,929500
7,62,dense,977600
7,62,structured_50,825800
7,63,structured_50,818800
7,63,dense,986200
7,64,dense,1179600
7,64,structured_50,854800
7,65,structured_50,885700
7,65,dense,1052800
7,66,dense,1061000
7,66,structured_50,891600
7,67,structured_50,903500
7,67,dense,978200
7,68,dense,1000300
7,68,structured_50,817900
7,69,structured_50,1188300
7,69,dense,1236100
7,70,dense,1024800
7,70,structured_50,860200
7,71,structured_50,862400
7,71,dense,1025300
7,72,dense,1036100
7,72,structured_50,868100
7,73,structured_50,906800
7,73,dense,1017000
7,74,dense,998500
7,74,structured_50,822700
7,75,structured_50,828200
7,75,dense,967800
7,76,dense,992500
7,76,structured_50,835500
7,77,structured_50,837600
7,77,dense,961800
7,78,dense,975200
7,78,structured_50,824900
7,79,structured_50,831700
7,79,dense,969200
7,80,dense,996900
7,80,structured_50,824000
7,81,structured_50,830400
7,81,dense,979100
7,82,dense,929900
7,82,structured_50,784800
7,83,structured_50,806800
7,83,dense,977000
7,84,dense,1093600
7,84,structured_50,1789900
7,85,structured_50,1077600
7,85,dense,1000000
7,86,dense,1317700
7,86,structured_50,1362600
7,87,structured_50,1620200
7,87,dense,1081600
7,88,dense,724400
7,88,structured_50,890100
7,89,structured_50,1131000
7,89,dense,1169800
7,90,dense,1133900
7,90,structured_50,843200
7,91,structured_50,798000
7,91,dense,1201500
7,92,dense,1289800
7,92,structured_50,897600
7,93,structured_50,1232300
7,93,dense,1328800
7,94,dense,1008100
7,94,structured_50,1306000
7,95,structured_50,868300
7,95,dense,984700
7,96,dense,1201700
7,96,structured_50,1108000
7,97,structured_50,903800
7,97,dense,1013200
7,98,dense,1889900
7,98,structured_50,972200
7,99,structured_50,958300
7,99,dense,1020700
7,100,dense,989900
7,100,structured_50,874300
7,101,structured_50,835200
7,101,dense,991500
7,102,dense,1182800
7,102,structured_50,920900
7,103,structured_50,872900
7,103,dense,1388200
7,104,dense,1461300
7,104,structured_50,1513500
7,105,structured_50,1469300
7,105,dense,1187000
7,106,dense,968600
7,106,structured_50,928800
7,107,structured_50,932700
7,107,dense,1315400
7,108,dense,1069900
7,108,structured_50,848300
7,109,structured_50,844800
7,109,dense,1034500
7,110,dense,1598000
7,110,structured_50,1190800
7,111,structured_50,1298500
7,111,dense,1328000
7,112,dense,1348900
7,112,structured_50,1067800
7,113,structured_50,1102800
7,113,dense,1105200
7,114,dense,1002500
7,114,structured_50,829200
7,115,structured_50,907100
7,115,dense,980800
7,116,dense,969200
7,116,structured_50,827100
7,117,structured_50,864600
7,117,dense,991200
7,118,dense,990000
7,118,structured_50,842200
7,119,structured_50,840700
7,119,dense,1017900
7,120,dense,1017800
7,120,structured_50,953400
7,121,structured_50,880300
7,121,dense,1067600
7,122,dense,1082600
7,122,structured_50,895100
7,123,structured_50,882000
7,123,dense,1093100
7,124,dense,1034200
7,124,structured_50,1071800
7,125,structured_50,922600
7,125,dense,1024100
7,126,dense,1378600
7,126,structured_50,1173900
7,127,structured_50,891400
7,127,dense,1496300
7,128,dense,2024100
7,128,structured_50,1460500
7,129,structured_50,406200
7,129,dense,1531400
7,130,dense,1491800
7,130,structured_50,768700
7,131,structured_50,653100
7,131,dense,769300
7,132,dense,774000
7,132,structured_50,597400
7,133,structured_50,1148300
7,133,dense,1324600
7,134,dense,1135200
7,134,structured_50,912700
7,135,structured_50,932000
7,135,dense,1083600
7,136,dense,1057900
7,136,structured_50,887600
7,137,structured_50,940500
7,137,dense,1040200
7,138,dense,997700
7,138,structured_50,1013300
7,139,structured_50,941500
7,139,dense,1021500
7,140,dense,1009800
7,140,structured_50,843900
7,141,structured_50,827600
7,141,dense,951600
7,142,dense,938300
7,142,structured_50,862200
7,143,structured_50,820100
7,143,dense,1132300
7,144,dense,1152200
7,144,structured_50,1176800
7,145,structured_50,886800
7,145,dense,1026700
7,146,dense,1117100
7,146,structured_50,990300
7,147,structured_50,928400
7,147,dense,1110000
7,148,dense,1089600
7,148,structured_50,920200
7,149,structured_50,933900
7,149,dense,1150500
7,150,dense,1190300
7,150,structured_50,976900
7,151,structured_50,939200
7,151,dense,1088900
7,152,dense,1102700
7,152,structured_50,918000
7,153,structured_50,910500
7,153,dense,1095500
7,154,dense,1039200
7,154,structured_50,403000
7,155,structured_50,333400
7,155,dense,960500
7,156,dense,1217100
7,156,structured_50,1047000
7,157,structured_50,974500
7,157,dense,1134200
7,158,dense,1108200
7,158,structured_50,872700
7,159,structured_50,800200
7,159,dense,974200
7,160,dense,950600
7,160,structured_50,824400
7,161,structured_50,853100
7,161,dense,1336700
7,162,dense,1093900
7,162,structured_50,870800
7,163,structured_50,876600
7,163,dense,1005200
7,164,dense,1001300
7,164,structured_50,858000
7,165,structured_50,843400
7,165,dense,1030800
7,166,dense,1026600
7,166,structured_50,920800
7,167,structured_50,902300
7,167,dense,1117500
7,168,dense,1016200
7,168,structured_50,891200
7,169,structured_50,861800
7,169,dense,991000
7,170,dense,979100
7,170,structured_50,889400
7,171,structured_50,859400
7,171,dense,1030500
7,172,dense,998500
7,172,structured_50,900300
7,173,structured_50,860300
7,173,dense,1015600
7,174,dense,967300
7,174,structured_50,823500
7,175,structured_50,822100
7,175,dense,1038700
7,176,dense,984500
7,176,structured_50,817000
7,177,structured_50,810300
7,177,dense,940100
7,178,dense,949900
7,178,structured_50,801900
7,179,structured_50,848500
7,179,dense,998700
7,180,dense,944900
7,180,structured_50,820500
7,181,structured_50,773500
7,181,dense,996600
7,182,dense,924100
7,182,structured_50,841500
7,183,structured_50,817000
7,183,dense,929500
7,184,dense,936800
7,184,structured_50,797400
7,185,structured_50,849400
7,185,dense,965800
7,186,dense,944100
7,186,structured_50,786900
7,187,structured_50,784000
7,187,dense,917000
7,188,dense,921900
7,188,structured_50,810100
7,189,structured_50,770500
7,189,dense,945300
7,190,dense,910400
7,190,structured_50,788300
7,191,structured_50,778900
7,191,dense,1006900
7,192,dense,1033900
7,192,structured_50,1172500
7,193,structured_50,823000
7,193,dense,1040600
7,194,dense,769700
7,194,structured_50,342500
7,195,structured_50,310100
7,195,dense,380000
7,196,dense,616800
7,196,structured_50,951500
7,197,structured_50,879900
7,197,dense,1004800
7,198,dense,1018300
7,198,structured_50,1039900
7,199,structured_50,854900
7,199,dense,1021800
7,200,dense,963400
7,200,structured_50,1031400
7,201,structured_50,1130300
7,201,dense,1009100
7,202,dense,954300
7,202,structured_50,833600
7,203,structured_50,808400
7,203,dense,970500
7,204,dense,983200
7,204,structured_50,831200
7,205,structured_50,825700
7,205,dense,958400
7,206,dense,969900
7,206,structured_50,816900
7,207,structured_50,833500
7,207,dense,976000
7,208,dense,955800
7,208,structured_50,814700
7,209,structured_50,859800
7,209,dense,1065600
7,210,dense,1003600
7,210,structured_50,852700
7,211,structured_50,779500
7,211,dense,955100
7,212,dense,925200
7,212,structured_50,821900
7,213,structured_50,831800
7,213,dense,971600
7,214,dense,952200
7,214,structured_50,833600
7,215,structured_50,855800
7,215,dense,1000600
7,216,dense,1011800
7,216,structured_50,1142700
7,217,structured_50,819500
7,217,dense,1368900
7,218,dense,1390600
7,218,structured_50,838500
7,219,structured_50,853800
7,219,dense,976900
7,220,dense,979200
7,220,structured_50,854400
7,221,structured_50,832100
7,221,dense,963400
7,222,dense,944400
7,222,structured_50,817100
7,223,structured_50,790100
7,223,dense,954200
7,224,dense,915800
7,224,structured_50,793900
7,225,structured_50,777500
7,225,dense,1005600
7,226,dense,1123600
7,226,structured_50,804600
7,227,structured_50,836900
7,227,dense,965300
7,228,dense,1050000
7,228,structured_50,805300
7,229,structured_50,818500
7,229,dense,969000
7,230,dense,985700
7,230,structured_50,816400
7,231,structured_50,843300
7,231,dense,962700
7,232,dense,978500
7,232,structured_50,821200
7,233,structured_50,818200
7,233,dense,986300
7,234,dense,731300
7,234,structured_50,363900
7,235,structured_50,991000
7,235,dense,990500
7,236,dense,1030300
7,236,structured_50,870700
7,237,structured_50,865200
7,237,dense,1031800
7,238,dense,993000
7,238,structured_50,875600
7,239,structured_50,843100
7,239,dense,1026400
7,240,dense,1097400
7,240,structured_50,882400
7,241,structured_50,840600
7,241,dense,997300
7,242,dense,1143400
7,242,structured_50,767600
7,243,structured_50,1024500
7,243,dense,972100
7,244,dense,911600
7,244,structured_50,766100
7,245,structured_50,805400
7,245,dense,914700
7,246,dense,1105200
7,246,structured_50,832700
7,247,structured_50,803400
7,247,dense,984700
7,248,dense,994800
7,248,structured_50,829900
7,249,structured_50,820400
7,249,dense,1010600
7,250,dense,963000
7,250,structured_50,844800
7,251,structured_50,944600
7,251,dense,1042000
7,252,dense,1028300
7,252,structured_50,846300
7,253,structured_50,842600
7,253,dense,979300
7,254,dense,979000
7,254,structured_50,822100
7,255,structured_50,815600
7,255,dense,978200
7,256,dense,953600
7,256,structured_50,841400
7,257,structured_50,819100
7,257,dense,980600
7,258,dense,1072700
7,258,structured_50,841800
7,259,structured_50,820600
7,259,dense,1178000
7,260,dense,1020500
7,260,structured_50,892400
7,261,structured_50,846800
7,261,dense,988400
7,262,dense,958300
7,262,structured_50,838900
7,263,structured_50,815700
7,263,dense,975000
7,264,dense,969200
7,264,structured_50,827100
7,265,structured_50,837100
7,265,dense,968100
7,266,dense,980300
7,266,structured_50,818000
7,267,structured_50,836200
7,267,dense,964800
7,268,dense,1223400
7,268,structured_50,1110800
7,269,structured_50,894200
7,269,dense,999900
7,270,dense,1002500
7,270,structured_50,838100
7,271,structured_50,869100
7,271,dense,1007600
7,272,dense,1009600
7,272,structured_50,848700
7,273,structured_50,832600
7,273,dense,980800
7,274,dense,1057000
7,274,structured_50,844900
7,275,structured_50,819000
7,275,dense,974100
7,276,dense,969400
7,276,structured_50,781600
7,277,structured_50,908100
7,277,dense,1055600
7,278,dense,996600
7,278,structured_50,853400
7,279,structured_50,821800
7,279,dense,971600
7,280,dense,952200
7,280,structured_50,805700
7,281,structured_50,830200
7,281,dense,961200
7,282,dense,877100
7,282,structured_50,919200
7,283,structured_50,739400
7,283,dense,925500
7,284,dense,937700
7,284,structured_50,799900
7,285,structured_50,842000
7,285,dense,927100
7,286,dense,910900
7,286,structured_50,819700
7,287,structured_50,841600
7,287,dense,953700
7,288,dense,975100
7,288,structured_50,827100
7,289,structured_50,838200
7,289,dense,967200
7,290,dense,974000
7,290,structured_50,822500
7,291,structured_50,841600
7,291,dense,980000
7,292,dense,962200
7,292,structured_50,843800
7,293,structured_50,813500
7,293,dense,975500
7,294,dense,1041800
7,294,structured_50,1036700
7,295,structured_50,837800
7,295,dense,1010500
7,296,dense,965800
7,296,structured_50,842400
7,297,structured_50,821200
7,297,dense,974200
7,298,dense,967900
7,298,structured_50,836700
7,299,structured_50,815400
7,299,dense,986900
7,300,dense,962700
7,300,structured_50,831400
7,301,structured_50,843000
7,301,dense,978900
7,302,dense,982300
7,302,structured_50,817100
7,303,structured_50,834000
7,303,dense,956200
7,304,dense,973900
7,304,structured_50,815100
7,305,structured_50,813600
7,305,dense,982400
7,306,dense,961100
7,306,structured_50,998600
7,307,structured_50,707500
7,307,dense,423700
7,308,dense,387900
7,308,structured_50,307500
7,309,structured_50,335700
7,309,dense,463400
7,310,dense,440200
7,310,structured_50,388200
7,311,structured_50,430300
7,311,dense,409700
7,312,dense,449400
7,312,structured_50,336200
7,313,structured_50,310600
7,313,dense,382800
7,314,dense,425700
7,314,structured_50,387700
7,315,structured_50,356800
7,315,dense,429400
7,316,dense,427800
7,316,structured_50,364800
7,317,structured_50,353900
7,317,dense,411500
7,318,dense,413100
7,318,structured_50,336700
7,319,structured_50,336600
7,319,dense,453500
7,320,dense,829800
7,320,structured_50,841600
7,321,structured_50,844600
7,321,dense,955000
7,322,dense,982100
7,322,structured_50,886600
7,323,structured_50,787300
7,323,dense,969000
7,324,dense,970300
7,324,structured_50,845900
7,325,structured_50,1008500
7,325,dense,965300
7,326,dense,971800
7,326,structured_50,855500
7,327,structured_50,831100
7,327,dense,993400
7,328,dense,966700
7,328,structured_50,845400
7,329,structured_50,827200
7,329,dense,964000
7,330,dense,989500
7,330,structured_50,823200
7,331,structured_50,876600
7,331,dense,961200
7,332,dense,996600
7,332,structured_50,835300
7,333,structured_50,858000
7,333,dense,1339800
7,334,dense,1027500
7,334,structured_50,880900
7,335,structured_50,806800
7,335,dense,965800
7,336,dense,941300
7,336,structured_50,823000
7,337,structured_50,794800
7,337,dense,941900
7,338,dense,1076300
7,338,structured_50,423600
7,339,structured_50,316100
7,339,dense,378900
7,340,dense,790700
7,340,structured_50,740100
7,341,structured_50,687200
7,341,dense,830200
7,342,dense,747300
7,342,structured_50,579500
7,343,structured_50,559100
7,343,dense,627000
7,344,dense,563200
7,344,structured_50,334400
7,345,structured_50,456800
7,345,dense,378100
7,346,dense,420800
7,346,structured_50,351000
7,347,structured_50,460100
7,347,dense,762900
7,348,dense,991200
7,348,structured_50,910000
7,349,structured_50,999400
7,349,dense,1083600
7,350,dense,981000
7,350,structured_50,1037300
7,351,structured_50,402100
7,351,dense,387500
7,352,dense,373000
7,352,structured_50,326100
7,353,structured_50,374000
7,353,dense,429300
7,354,dense,419700
7,354,structured_50,349800
7,355,structured_50,341900
7,355,dense,444400
7,356,dense,445500
7,356,structured_50,351300
7,357,structured_50,346600
7,357,dense,514200
7,358,dense,411700
7,358,structured_50,324300
7,359,structured_50,301600
7,359,dense,363500
7,360,dense,583900
7,360,structured_50,406800
7,361,structured_50,319200
7,361,dense,396200
7,362,dense,455700
7,362,structured_50,379900
7,363,structured_50,378100
7,363,dense,1071300
7,364,dense,501100
7,364,structured_50,410400
7,365,structured_50,393400
7,365,dense,477300
7,366,dense,474400
7,366,structured_50,401400
7,367,structured_50,373400
7,367,dense,520100
7,368,dense,522400
7,368,structured_50,389000
7,369,structured_50,374200
7,369,dense,608200
7,370,dense,474000
7,370,structured_50,403100
7,371,structured_50,402200
7,371,dense,440600
7,372,dense,466500
7,372,structured_50,378300
7,373,structured_50,410300
7,373,dense,533000
7,374,dense,510000
7,374,structured_50,432200
7,375,structured_50,428200
7,375,dense,511400
7,376,dense,595800
7,376,structured_50,515200
7,377,structured_50,454100
7,377,dense,404500
7,378,dense,388800
7,378,structured_50,331600
7,379,structured_50,306400
7,379,dense,359300
7,380,dense,386200
7,380,structured_50,796000
7,381,structured_50,365400
7,381,dense,667900
7,382,dense,535500
7,382,structured_50,359500
7,383,structured_50,436300
7,383,dense,428400
7,384,dense,525000
7,384,structured_50,654900
7,385,structured_50,420500
7,385,dense,446300
7,386,dense,411400
7,386,structured_50,354600
7,387,structured_50,327500
7,387,dense,400400
7,388,dense,520900
7,388,structured_50,389600
7,389,structured_50,355800
7,389,dense,442100
7,390,dense,442500
7,390,structured_50,387700
7,391,structured_50,360400
7,391,dense,429400
7,392,dense,423500
7,392,structured_50,347100
7,393,structured_50,379700
7,393,dense,424000
7,394,dense,430900
7,394,structured_50,493500
7,395,structured_50,604800
7,395,dense,700300
7,396,dense,429900
7,396,structured_50,318100
7,397,structured_50,305500
7,397,dense,395900
7,398,dense,464400
7,398,structured_50,328000
7,399,structured_50,319700
7,399,dense,379400
7,400,dense,372800
7,400,structured_50,344000
7,401,structured_50,332300
7,401,dense,419300
7,402,dense,419200
7,402,structured_50,338100
7,403,structured_50,370500
7,403,dense,381100
7,404,dense,409700
7,404,structured_50,343800
7,405,structured_50,339700
7,405,dense,408300
7,406,dense,444500
7,406,structured_50,348200
7,407,structured_50,359300
7,407,dense,412700
7,408,dense,411000
7,408,structured_50,539300
7,409,structured_50,330700
7,409,dense,406300
7,410,dense,383900
7,410,structured_50,833100
7,411,structured_50,747200
7,411,dense,905600
7,412,dense,909000
7,412,structured_50,846500
7,413,structured_50,825700
7,413,dense,965900
7,414,dense,930600
7,414,structured_50,767500
7,415,structured_50,779200
7,415,dense,996700
7,416,dense,959200
7,416,structured_50,805400
7,417,structured_50,782800
7,417,dense,952400
7,418,dense,910200
7,418,structured_50,798100
7,419,structured_50,775700
7,419,dense,927400
7,420,dense,922600
7,420,structured_50,768000
7,421,structured_50,785700
7,421,dense,902500
7,422,dense,1033000
7,422,structured_50,859300
7,423,structured_50,743300
7,423,dense,903900
7,424,dense,913400
7,424,structured_50,794400
7,425,structured_50,766500
7,425,dense,905700
7,426,dense,928300
7,426,structured_50,769800
7,427,structured_50,793300
7,427,dense,903800
7,428,dense,920200
7,428,structured_50,774200
7,429,structured_50,938900
7,429,dense,950000
7,430,dense,974100
7,430,structured_50,830500
7,431,structured_50,949600
7,431,dense,907800
7,432,dense,933600
7,432,structured_50,847800
7,433,structured_50,841400
7,433,dense,963800
7,434,dense,981100
7,434,structured_50,845400
7,435,structured_50,974900
7,435,dense,922200
7,436,dense,1115200
7,436,structured_50,837400
7,437,structured_50,779800
7,437,dense,885500
7,438,dense,901000
7,438,structured_50,799500
7,439,structured_50,764900
7,439,dense,938000
7,440,dense,1151500
7,440,structured_50,873100
7,441,structured_50,908500
7,441,dense,994900
7,442,dense,1001600
7,442,structured_50,831700
7,443,structured_50,845100
7,443,dense,963600
7,444,dense,978700
7,444,structured_50,813300
7,445,structured_50,839300
7,445,dense,960000
7,446,dense,976700
7,446,structured_50,819900
7,447,structured_50,810400
7,447,dense,994600
7,448,dense,1104700
7,448,structured_50,950400
7,449,structured_50,857000
7,449,dense,980500
7,450,dense,990700
7,450,structured_50,831600
7,451,structured_50,818100
7,451,dense,985100
7,452,dense,955100
7,452,structured_50,837100
7,453,structured_50,1113800
7,453,dense,1024000
7,454,dense,1008900
7,454,structured_50,846900
7,455,structured_50,891300
7,455,dense,976400
7,456,dense,983700
7,456,structured_50,831900
7,457,structured_50,823900
7,457,dense,984600
7,458,dense,962900
7,458,structured_50,846200
7,459,structured_50,818700
7,459,dense,1000500
7,460,dense,949500
7,460,structured_50,840900
7,461,structured_50,806500
7,461,dense,973000
7,462,dense,966600
7,462,structured_50,843700
7,463,structured_50,839900
7,463,dense,957600
7,464,dense,984100
7,464,structured_50,818100
7,465,structured_50,1025700
7,465,dense,990100
7,466,dense,946600
7,466,structured_50,810500
7,467,structured_50,830400
7,467,dense,953100
7,468,dense,962200
7,468,structured_50,837800
7,469,structured_50,818500
7,469,dense,973500
7,470,dense,949000
7,470,structured_50,786400
7,471,structured_50,788800
7,471,dense,996600
7,472,dense,979600
7,472,structured_50,829700
7,473,structured_50,829000
7,473,dense,953900
7,474,dense,965700
7,474,structured_50,815600
7,475,structured_50,833900
7,475,dense,961600
7,476,dense,977600
7,476,structured_50,834400
7,477,structured_50,825100
7,477,dense,989500
7,478,dense,1030900
7,478,structured_50,860600
7,479,structured_50,802200
7,479,dense,978200
7,480,dense,946200
7,480,structured_50,843700
7,481,structured_50,833900
7,481,dense,976700
7,482,dense,963100
7,482,structured_50,1061200
7,483,structured_50,793300
7,483,dense,976600
7,484,dense,936800
7,484,structured_50,782100
7,485,structured_50,829500
7,485,dense,951400
7,486,dense,963700
7,486,structured_50,861900
7,487,structured_50,843400
7,487,dense,972600
7,488,dense,986600
7,488,structured_50,825500
7,489,structured_50,821900
7,489,dense,1001000
7,490,dense,976900
7,490,structured_50,855300
7,491,structured_50,1023700
7,491,dense,1018900
7,492,dense,1005100
7,492,structured_50,837100
7,493,structured_50,846300
7,493,dense,947100
7,494,dense,960900
7,494,structured_50,830400
7,495,structured_50,851900
7,495,dense,1034500
7,496,dense,1004600
7,496,structured_50,881400
7,497,structured_50,830800
7,497,dense,991500
7,498,dense,1039600
7,498,structured_50,843100
7,499,structured_50,805300
7,499,dense,999400
7,500,dense,966800
7,500,structured_50,848800
7,501,structured_50,823900
7,501,dense,949400
7,502,dense,981200
7,502,structured_50,813800
7,503,structured_50,831600
7,503,dense,967000
7,504,dense,992000
7,504,structured_50,817400
7,505,structured_50,836900
7,505,dense,962900
7,506,dense,981800
7,506,structured_50,819300
7,507,structured_50,825200
7,507,dense,1235200
7,508,dense,1528300
7,508,structured_50,1363300
7,509,structured_50,830500
7,509,dense,970500
7,510,dense,942300
7,510,structured_50,816600
7,511,structured_50,814500
7,511,dense,935800
7,512,dense,967100
7,512,structured_50,800000
7,513,structured_50,880300
7,513,dense,1076800
7,514,dense,884700
7,514,structured_50,814700
7,515,structured_50,851700
7,515,dense,513300
7,516,dense,391100
7,516,structured_50,820200
7,517,structured_50,972700
7,517,dense,1008500
7,518,dense,944100
7,518,structured_50,830500
7,519,structured_50,792000
7,519,dense,1141900
7,520,dense,1087900
7,520,structured_50,820800
7,521,structured_50,827800
7,521,dense,979400
7,522,dense,945500
7,522,structured_50,787100
7,523,structured_50,795200
7,523,dense,923100
7,524,dense,929500
7,524,structured_50,780600
7,525,structured_50,990000
7,525,dense,1003300
7,526,dense,1194000
7,526,structured_50,1671000
7,527,structured_50,819100
7,527,dense,972200
7,528,dense,950500
7,528,structured_50,847500
7,529,structured_50,798500
7,529,dense,943600
7,530,dense,1017700
7,530,structured_50,782500
7,531,structured_50,794500
7,531,dense,946800
7,532,dense,962800
7,532,structured_50,785000
7,533,structured_50,788900
7,533,dense,945000
7,534,dense,945000
7,534,structured_50,825600
7,535,structured_50,817000
7,535,dense,990200
7,536,dense,968300
7,536,structured_50,843500
7,537,structured_50,815000
7,537,dense,1000200
7,538,dense,968500
7,538,structured_50,876900
7,539,structured_50,829000
7,539,dense,964200
7,540,dense,982200
7,540,structured_50,829600
7,541,structured_50,836700
7,541,dense,960100
7,542,dense,989000
7,542,structured_50,839800
7,543,structured_50,841400
7,543,dense,1089600
7,544,dense,1055800
7,544,structured_50,863300
7,545,structured_50,738300
7,545,dense,914100
7,546,dense,971600
7,546,structured_50,782000
7,547,structured_50,881800
7,547,dense,917800
7,548,dense,931100
7,548,structured_50,783700
7,549,structured_50,780200
7,549,dense,937400
7,550,dense,1095700
7,550,structured_50,780600
7,551,structured_50,785900
7,551,dense,1032100
7,552,dense,873000
7,552,structured_50,806600
7,553,structured_50,867200
7,553,dense,647400
7,554,dense,466600
7,554,structured_50,361900
7,555,structured_50,350500
7,555,dense,415100
7,556,dense,543300
7,556,structured_50,379700
7,557,structured_50,364200
7,557,dense,427000
7,558,dense,425200
7,558,structured_50,374600
7,559,structured_50,591500
7,559,dense,535300
7,560,dense,423400
7,560,structured_50,327500
7,561,structured_50,309700
7,561,dense,366300
7,562,dense,386100
7,562,structured_50,337300
7,563,structured_50,371100
7,563,dense,421100
7,564,dense,484800
7,564,structured_50,363200
7,565,structured_50,306300
7,565,dense,420900
7,566,dense,416800
7,566,structured_50,344500
7,567,structured_50,344100
7,567,dense,411800
7,568,dense,446100
7,568,structured_50,355400
7,569,structured_50,348000
7,569,dense,407200
7,570,dense,414600
7,570,structured_50,379200
7,571,structured_50,345400
7,571,dense,687700
7,572,dense,452400
7,572,structured_50,975100
7,573,structured_50,819700
7,573,dense,918800
7,574,dense,938400
7,574,structured_50,785800
7,575,structured_50,781900
7,575,dense,933000
7,576,dense,921700
7,576,structured_50,786600
7,577,structured_50,789300
7,577,dense,929700
7,578,dense,909900
7,578,structured_50,787500
7,579,structured_50,840000
7,579,dense,934900
7,580,dense,1005500
7,580,structured_50,1024800
7,581,structured_50,1188600
7,581,dense,1101700
7,582,dense,940100
7,582,structured_50,848000
7,583,structured_50,828100
7,583,dense,986100
7,584,dense,967600
7,584,structured_50,1106700
7,585,structured_50,858800
7,585,dense,908300
7,586,dense,948900
7,586,structured_50,805700
7,587,structured_50,804900
7,587,dense,933500
7,588,dense,932700
7,588,structured_50,819700
7,589,structured_50,789800
7,589,dense,936000
7,590,dense,1006800
7,590,structured_50,814400
7,591,structured_50,849700
7,591,dense,445200
7,592,dense,466100
7,592,structured_50,342600
7,593,structured_50,308000
7,593,dense,385400
7,594,dense,458500
7,594,structured_50,359200
7,595,structured_50,348000
7,595,dense,402200
7,596,dense,391500
7,596,structured_50,367400
7,597,structured_50,370600
7,597,dense,445000
7,598,dense,427500
7,598,structured_50,350400
7,599,structured_50,349800
7,599,dense,449200
7,600,dense,414800
7,600,structured_50,340200
7,601,structured_50,341300
7,601,dense,417400
7,602,dense,439300
7,602,structured_50,358200
7,603,structured_50,335800
7,603,dense,410700
7,604,dense,415300
7,604,structured_50,977400
7,605,structured_50,879500
7,605,dense,934700
7,606,dense,910400
7,606,structured_50,781400
7,607,structured_50,777400
7,607,dense,1354700
7,608,dense,1238300
7,608,structured_50,795200
7,609,structured_50,811000
7,609,dense,961200
7,610,dense,988000
7,610,structured_50,820900
7,611,structured_50,777200
7,611,dense,968400
7,612,dense,970300
7,612,structured_50,842200
7,613,structured_50,1135700
7,613,dense,1048500
7,614,dense,985200
7,614,structured_50,799300
7,615,structured_50,868500
7,615,dense,986000
7,616,dense,994000
7,616,structured_50,853600
7,617,structured_50,791300
7,617,dense,916100
7,618,dense,985100
7,618,structured_50,821000
7,619,structured_50,818600
7,619,dense,984800
7,620,dense,962400
7,620,structured_50,843500
7,621,structured_50,1006800
7,621,dense,960900
7,622,dense,1197700
7,622,structured_50,798700
7,623,structured_50,831200
7,623,dense,920900
7,624,dense,980200
7,624,structured_50,820600
7,625,structured_50,822000
7,625,dense,985500
7,626,dense,995800
7,626,structured_50,853800
7,627,structured_50,824100
7,627,dense,982300
7,628,dense,1215700
7,628,structured_50,902800
7,629,structured_50,771700
7,629,dense,1111300
7,630,dense,914200
7,630,structured_50,779900
7,631,structured_50,796200
7,631,dense,923700
7,632,dense,931900
7,632,structured_50,779000
7,633,structured_50,769200
7,633,dense,927500
7,634,dense,1161000
7,634,structured_50,1030400
7,635,structured_50,731000
7,635,dense,890100
7,636,dense,929000
7,636,structured_50,774100
7,637,structured_50,787200
7,637,dense,911900
7,638,dense,935800
7,638,structured_50,783800
7,639,structured_50,765600
7,639,dense,938300
7,640,dense,910300
7,640,structured_50,804700
7,641,structured_50,943500
7,641,dense,893200
7,642,dense,910000
7,642,structured_50,787100
7,643,structured_50,824900
7,643,dense,1047300
7,644,dense,937400
7,644,structured_50,796500
7,645,structured_50,834500
7,645,dense,972900
7,646,dense,919300
7,646,structured_50,793500
7,647,structured_50,992300
7,647,dense,944000
7,648,dense,942900
7,648,structured_50,777000
7,649,structured_50,816600
7,649,dense,962800
7,650,dense,945800
7,650,structured_50,805800
7,651,structured_50,834200
7,651,dense,967400
7,652,dense,1172800
7,652,structured_50,870800
7,653,structured_50,829400
7,653,dense,963800
7,654,dense,929400
7,654,structured_50,797300
7,655,structured_50,844100
7,655,dense,951900
7,656,dense,983000
7,656,structured_50,817600
7,657,structured_50,833600
7,657,dense,965600
7,658,dense,962500
7,658,structured_50,851800
7,659,structured_50,891400
7,659,dense,1151900
7,660,dense,972500
7,660,structured_50,990300
7,661,structured_50,794800
7,661,dense,976600
7,662,dense,978500
7,662,structured_50,856000
7,663,structured_50,912900
7,663,dense,985000
7,664,dense,962300
7,664,structured_50,839300
7,665,structured_50,835200
7,665,dense,954400
7,666,dense,911400
7,666,structured_50,873800
7,667,structured_50,837200
7,667,dense,964800
7,668,dense,1101500
7,668,structured_50,1008900
7,669,structured_50,808000
7,669,dense,933100
7,670,dense,916400
7,670,structured_50,783900
7,671,structured_50,824000
7,671,dense,904900
7,672,dense,955300
7,672,structured_50,797800
7,673,structured_50,833200
7,673,dense,965600
7,674,dense,975300
7,674,structured_50,819300
7,675,structured_50,812000
7,675,dense,965000
7,676,dense,946600
7,676,structured_50,837000
7,677,structured_50,817900
7,677,dense,1235800
7,678,dense,1387500
7,678,structured_50,868300
7,679,structured_50,769900
7,679,dense,954200
7,680,dense,903500
7,680,structured_50,800300
7,681,structured_50,803300
7,681,dense,974900
7,682,dense,971700
7,682,structured_50,834900
7,683,structured_50,816800
7,683,dense,938900
7,684,dense,923100
7,684,structured_50,630000
7,685,structured_50,369500
7,685,dense,404100
7,686,dense,391800
7,686,structured_50,324100
7,687,structured_50,312200
7,687,dense,447100
7,688,dense,1069600
7,688,structured_50,661900
7,689,structured_50,421200
7,689,dense,670000
7,690,dense,395400
7,690,structured_50,326100
7,691,structured_50,313000
7,691,dense,403400
7,692,dense,438900
7,692,structured_50,385900
7,693,structured_50,399100
7,693,dense,435200
7,694,dense,1082300
7,694,structured_50,800800
7,695,structured_50,819500
7,695,dense,963600
7,696,dense,982600
7,696,structured_50,815600
7,697,structured_50,831000
7,697,dense,951300
7,698,dense,977000
7,698,structured_50,820100
7,699,structured_50,811400
7,699,dense,1159700
7,700,dense,1277900
7,700,structured_50,811800
7,701,structured_50,750700
7,701,dense,913400
7,702,dense,958000
7,702,structured_50,785300
7,703,structured_50,814000
7,703,dense,914600
7,704,dense,935300
7,704,structured_50,797800
7,705,structured_50,782500
7,705,dense,940400
7,706,dense,948600
7,706,structured_50,846200
7,707,structured_50,782700
7,707,dense,968200
7,708,dense,1168200
7,708,structured_50,813400
7,709,structured_50,810600
7,709,dense,963700
7,710,dense,983700
7,710,structured_50,824700
7,711,structured_50,823800
7,711,dense,1001100
7,712,dense,1047400
7,712,structured_50,778700
7,713,structured_50,355800
7,713,dense,410800
7,714,dense,378800
7,714,structured_50,312500
7,715,structured_50,303200
7,715,dense,403200
7,716,dense,463000
7,716,structured_50,351700
7,717,structured_50,346100
7,717,dense,425600
7,718,dense,423400
7,718,structured_50,381300
7,719,structured_50,348300
7,719,dense,425600
7,720,dense,418000
7,720,structured_50,345700
7,721,structured_50,380000
7,721,dense,425000
7,722,dense,1367100
7,722,structured_50,377000
7,723,structured_50,325700
7,723,dense,420100
7,724,dense,418800
7,724,structured_50,585000
7,725,structured_50,888000
7,725,dense,639500
7,726,dense,445200
7,726,structured_50,322500
7,727,structured_50,343700
7,727,dense,781800
7,728,dense,737200
7,728,structured_50,582800
7,729,structured_50,524100
7,729,dense,605500
7,730,dense,1077900
7,730,structured_50,431700
7,731,structured_50,475000
7,731,dense,386500
7,732,dense,372600
7,732,structured_50,343500
7,733,structured_50,374800
7,733,dense,447200
7,734,dense,461200
7,734,structured_50,880700
7,735,structured_50,897000
7,735,dense,941700
7,736,dense,944100
7,736,structured_50,799600
7,737,structured_50,791500
7,737,dense,1040100
7,738,dense,897700
7,738,structured_50,399600
7,739,structured_50,358300
7,739,dense,400800
7,740,dense,383400
7,740,structured_50,356900
7,741,structured_50,343400
7,741,dense,636400
7,742,dense,443000
7,742,structured_50,334000
7,743,structured_50,305200
7,743,dense,374100
7,744,dense,384400
7,744,structured_50,533600
7,745,structured_50,353500
7,745,dense,406900
7,746,dense,394100
7,746,structured_50,317200
7,747,structured_50,306200
7,747,dense,377700
7,748,dense,445300
7,748,structured_50,347100
7,749,structured_50,333800
7,749,dense,418000
7,750,dense,407300
7,750,structured_50,387600
7,751,structured_50,371500
7,751,dense,424500
7,752,dense,408600
7,752,structured_50,339300
7,753,structured_50,359500
7,753,dense,429800
7,754,dense,410900
7,754,structured_50,337300
7,755,structured_50,514700
7,755,dense,455400
7,756,dense,418300
7,756,structured_50,579200
7,757,structured_50,933500
7,757,dense,973800
7,758,dense,936300
7,758,structured_50,811200
7,759,structured_50,844600
7,759,dense,969400
7,760,dense,958200
7,760,structured_50,865700
7,761,structured_50,793100
7,761,dense,936200
7,762,dense,911200
7,762,structured_50,791000
7,763,structured_50,767600
7,763,dense,851000
7,764,dense,824500
7,764,structured_50,832100
7,765,structured_50,791200
7,765,dense,1099100
7,766,dense,1130300
7,766,structured_50,873100
7,767,structured_50,825900
7,767,dense,985500
7,768,dense,960700
7,768,structured_50,865600
7,769,structured_50,821700
7,769,dense,885200
7,770,dense,1047300
7,770,structured_50,801800
7,771,structured_50,887100
7,771,dense,964800
7,772,dense,990100
7,772,structured_50,796800
7,773,structured_50,792700
7,773,dense,923900
7,774,dense,978300
7,774,structured_50,829400
7,775,structured_50,827900
7,775,dense,1029900
7,776,dense,1099200
7,776,structured_50,866000
7,777,structured_50,847900
7,777,dense,978300
7,778,dense,1003600
7,778,structured_50,854500
7,779,structured_50,840900
7,779,dense,961700
7,780,dense,973400
7,780,structured_50,814000
7,781,structured_50,842800
7,781,dense,966900
7,782,dense,994400
7,782,structured_50,823800
7,783,structured_50,822600
7,783,dense,979300
7,784,dense,949700
7,784,structured_50,828600
7,785,structured_50,781900
7,785,dense,667300
7,786,dense,400000
7,786,structured_50,346400
7,787,structured_50,309500
7,787,dense,454200
7,788,dense,446400
7,788,structured_50,366300
7,789,structured_50,378100
7,789,dense,434900
7,790,dense,483100
7,790,structured_50,452400
7,791,structured_50,812200
7,791,dense,433700
7,792,dense,389400
7,792,structured_50,320000
7,793,structured_50,304300
7,793,dense,374800
7,794,dense,442500
7,794,structured_50,395400
7,795,structured_50,391600
7,795,dense,449500
7,796,dense,446500
7,796,structured_50,691600
7,797,structured_50,467200
7,797,dense,711300
7,798,dense,1036100
7,798,structured_50,824700
7,799,structured_50,779200
7,799,dense,909400
7,800,dense,1118700
7,800,structured_50,1012200
7,801,structured_50,823600
7,801,dense,1001200
7,802,dense,1020500
7,802,structured_50,832000
7,803,structured_50,787200
7,803,dense,933000
7,804,dense,960100
7,804,structured_50,839800
7,805,structured_50,816700
7,805,dense,979800
7,806,dense,1003000
7,806,structured_50,893600
7,807,structured_50,797900
7,807,dense,1000100
7,808,dense,970500
7,808,structured_50,846100
7,809,structured_50,836700
7,809,dense,960900
7,810,dense,1107300
7,810,structured_50,818100
7,811,structured_50,808400
7,811,dense,978700
7,812,dense,959000
7,812,structured_50,938800
7,813,structured_50,384200
7,813,dense,389000
7,814,dense,406500
7,814,structured_50,319000
7,815,structured_50,353600
7,815,dense,1169900
7,816,dense,976600
7,816,structured_50,842300
7,817,structured_50,813800
7,817,dense,971400
7,818,dense,961600
7,818,structured_50,823600
7,819,structured_50,860900
7,819,dense,958700
7,820,dense,682500
7,820,structured_50,379200
7,821,structured_50,325400
7,821,dense,376000
7,822,dense,377900
7,822,structured_50,321800
7,823,structured_50,342000
7,823,dense,453800
7,824,dense,437500
7,824,structured_50,355300
7,825,structured_50,350000
7,825,dense,417300
7,826,dense,522700
7,826,structured_50,377200
7,827,structured_50,359700
7,827,dense,421300
7,828,dense,424200
7,828,structured_50,380000
7,829,structured_50,348600
7,829,dense,442300
7,830,dense,426100
7,830,structured_50,351500
7,831,structured_50,864100
7,831,dense,940500
7,832,dense,1453900
7,832,structured_50,828400
7,833,structured_50,790800
7,833,dense,980200
7,834,dense,1064500
7,834,structured_50,851400
7,835,structured_50,836300
7,835,dense,932300
7,836,dense,909200
7,836,structured_50,772200
7,837,structured_50,791500
7,837,dense,929000
7,838,dense,1292800
7,838,structured_50,798000
7,839,structured_50,757200
7,839,dense,939400
7,840,dense,965900
7,840,structured_50,810100
7,841,structured_50,799000
7,841,dense,975100
7,842,dense,944000
7,842,structured_50,829900
7,843,structured_50,773600
7,843,dense,936400
7,844,dense,1135100
7,844,structured_50,840900
7,845,structured_50,407500
7,845,dense,414100
7,846,dense,503500
7,846,structured_50,827900
7,847,structured_50,871700
7,847,dense,1237000
7,848,dense,850100
7,848,structured_50,413600
7,849,structured_50,355400
7,849,dense,400300
7,850,dense,384100
7,850,structured_50,337400
7,851,structured_50,398300
7,851,dense,447400
7,852,dense,510500
7,852,structured_50,448000
7,853,structured_50,356800
7,853,dense,933000
7,854,dense,547900
7,854,structured_50,407500
7,855,structured_50,348400
7,855,dense,406700
7,856,dense,615800
7,856,structured_50,409100
7,857,structured_50,449700
7,857,dense,908200
7,858,dense,1124600
7,858,structured_50,596500
7,859,structured_50,658100
7,859,dense,437100
7,860,dense,423100
7,860,structured_50,360100
7,861,structured_50,393400
7,861,dense,554600
7,862,dense,411900
7,862,structured_50,947100
7,863,structured_50,1228000
7,863,dense,1078400
7,864,dense,1119200
7,864,structured_50,686000
7,865,structured_50,353200
7,865,dense,876100
7,866,dense,901000
7,866,structured_50,814900
7,867,structured_50,855400
7,867,dense,715800
7,868,dense,410800
7,868,structured_50,314500
7,869,structured_50,307700
7,869,dense,388100
7,870,dense,429500
7,870,structured_50,364900
7,871,structured_50,610800
7,871,dense,1074400
7,872,dense,1369300
7,872,structured_50,767100
7,873,structured_50,771100
7,873,dense,1016000
7,874,dense,968100
7,874,structured_50,790500
7,875,structured_50,784900
7,875,dense,984700
7,876,dense,1046900
7,876,structured_50,894700
7,877,structured_50,945900
7,877,dense,1236900
7,878,dense,623700
7,878,structured_50,371400
7,879,structured_50,599700
7,879,dense,983100
7,880,dense,1045800
7,880,structured_50,1041500
7,881,structured_50,787800
7,881,dense,920900
7,882,dense,1017300
7,882,structured_50,837600
7,883,structured_50,840900
7,883,dense,975200
7,884,dense,1329300
7,884,structured_50,802000
7,885,structured_50,794900
7,885,dense,961900
7,886,dense,976600
7,886,structured_50,843500
7,887,structured_50,834100
7,887,dense,967600
7,888,dense,962000
7,888,structured_50,796700
7,889,structured_50,795300
7,889,dense,1376600
7,890,dense,1033400
7,890,structured_50,824700
7,891,structured_50,839700
7,891,dense,969800
7,892,dense,1126300
7,892,structured_50,817200
7,893,structured_50,808000
7,893,dense,1034800
7,894,dense,1007800
7,894,structured_50,878400
7,895,structured_50,971500
7,895,dense,1203900
7,896,dense,997300
7,896,structured_50,815600
7,897,structured_50,815000
7,897,dense,941000
7,898,dense,948700
7,898,structured_50,829000
7,899,structured_50,859900
7,899,dense,1107900
7,900,dense,1222500
7,900,structured_50,940500
7,901,structured_50,856800
7,901,dense,1228700
7,902,dense,1041200
7,902,structured_50,798300
7,903,structured_50,781000
7,903,dense,914600
7,904,dense,948600
7,904,structured_50,841600
7,905,structured_50,823300
7,905,dense,984400
7,906,dense,973300
7,906,structured_50,838200
7,907,structured_50,818800
7,907,dense,1012400
7,908,dense,956300
7,908,structured_50,970500
7,909,structured_50,824200
7,909,dense,969000
7,910,dense,956000
7,910,structured_50,841600
7,911,structured_50,881700
7,911,dense,1207200
7,912,dense,1007000
7,912,structured_50,837200
7,913,structured_50,822400
7,913,dense,967600
7,914,dense,977000
7,914,structured_50,812000
7,915,structured_50,823700
7,915,dense,947300
7,916,dense,965400
7,916,structured_50,812300
7,917,structured_50,809800
7,917,dense,968600
7,918,dense,947000
7,918,structured_50,831800
7,919,structured_50,810200
7,919,dense,972100
7,920,dense,927400
7,920,structured_50,825000
7,921,structured_50,769400
7,921,dense,912300
7,922,dense,940800
7,922,structured_50,809800
7,923,structured_50,799800
7,923,dense,916500
7,924,dense,923200
7,924,structured_50,771600
7,925,structured_50,763900
7,925,dense,1027400
7,926,dense,1068000
7,926,structured_50,812500
7,927,structured_50,763100
7,927,dense,898100
7,928,dense,910500
7,928,structured_50,798300
7,929,structured_50,768000
7,929,dense,930100
7,930,dense,911600
7,930,structured_50,790400
7,931,structured_50,770700
7,931,dense,926800
7,932,dense,985700
7,932,structured_50,835300
7,933,structured_50,813500
7,933,dense,928400
7,934,dense,968200
7,934,structured_50,816100
7,935,structured_50,807100
7,935,dense,968300
7,936,dense,905300
7,936,structured_50,820300
7,937,structured_50,805200
7,937,dense,965400
7,938,dense,957200
7,938,structured_50,852800
7,939,structured_50,808400
7,939,dense,974700
7,940,dense,950400
7,940,structured_50,806000
7,941,structured_50,822100
7,941,dense,1033800
7,942,dense,970100
7,942,structured_50,807200
7,943,structured_50,824000
7,943,dense,945900
7,944,dense,964000
7,944,structured_50,952400
7,945,structured_50,804900
7,945,dense,952900
7,946,dense,955500
7,946,structured_50,833100
7,947,structured_50,816400
7,947,dense,993000
7,948,dense,960600
7,948,structured_50,815300
7,949,structured_50,827200
7,949,dense,943700
7,950,dense,927000
7,950,structured_50,908400
7,951,structured_50,1057400
7,951,dense,941800
7,952,dense,952100
7,952,structured_50,821200
7,953,structured_50,841700
7,953,dense,938400
7,954,dense,918000
7,954,structured_50,798100
7,955,structured_50,808300
7,955,dense,972400
7,956,dense,941000
7,956,structured_50,844500
7,957,structured_50,825700
7,957,dense,1067600
7,958,dense,956400
7,958,structured_50,836900
7,959,structured_50,804600
7,959,dense,965500
7,960,dense,948700
7,960,structured_50,809900
7,961,structured_50,825000
7,961,dense,927500
7,962,dense,943700
7,962,structured_50,802300
7,963,structured_50,839900
7,963,dense,941300
7,964,dense,984300
7,964,structured_50,814500
7,965,structured_50,812100
7,965,dense,998400
7,966,dense,962300
7,966,structured_50,807100
7,967,structured_50,781400
7,967,dense,981100
7,968,dense,952100
7,968,structured_50,829600
7,969,structured_50,820900
7,969,dense,965800
7,970,dense,968500
7,970,structured_50,807800
7,971,structured_50,941300
7,971,dense,915100
7,972,dense,912100
7,972,structured_50,817000
7,973,structured_50,825800
7,973,dense,952600
7,974,dense,943400
7,974,structured_50,827500
7,975,structured_50,891900
7,975,dense,969100
7,976,dense,898700
7,976,structured_50,787600
7,977,structured_50,792500
7,977,dense,964600
7,978,dense,946800
7,978,structured_50,807400
7,979,structured_50,827400
7,979,dense,943900
7,980,dense,1133200
7,980,structured_50,839300
7,981,structured_50,841000
7,981,dense,967700
7,982,dense,998800
7,982,structured_50,1013000
7,983,structured_50,871100
7,983,dense,950000
7,984,dense,960900
7,984,structured_50,789100
7,985,structured_50,763700
7,985,dense,924600
7,986,dense,902300
7,986,structured_50,786200
7,987,structured_50,767300
7,987,dense,924400
7,988,dense,941000
7,988,structured_50,779200
7,989,structured_50,787500
7,989,dense,902000
7,990,dense,926500
7,990,structured_50,936800
7,991,structured_50,1194500
7,991,dense,1407000
7,992,dense,1172800
7,992,structured_50,895300
7,993,structured_50,850800
7,993,dense,1141600
7,994,dense,953600
7,994,structured_50,805500
7,995,structured_50,1240500
7,995,dense,1366300
7,996,dense,1231300
7,996,structured_50,924300
7,997,structured_50,873600
7,997,dense,970800
7,998,dense,959600
7,998,structured_50,818600
7,999,structured_50,861500
7,999,dense,1043200
7,1000,dense,954000
7,1000,structured_50,793200
7,1001,structured_50,766600
7,1001,dense,1215000
7,1002,dense,924600
7,1002,structured_50,804400
7,1003,structured_50,815600
7,1003,dense,952000
7,1004,dense,972300
7,1004,structured_50,811200
7,1005,structured_50,1048700
7,1005,dense,931700
7,1006,dense,1190900
7,1006,structured_50,826200
7,1007,structured_50,800500
7,1007,dense,988200
7,1008,dense,1000500
7,1008,structured_50,837000
7,1009,structured_50,850300
7,1009,dense,978700
7,1010,dense,971700
7,1010,structured_50,835900
7,1011,structured_50,830900
7,1011,dense,1174400
7,1012,dense,1161800
7,1012,structured_50,807900
7,1013,structured_50,830100
7,1013,dense,1288200
7,1014,dense,554000
7,1014,structured_50,356100
7,1015,structured_50,972000
7,1015,dense,893200
7,1016,dense,940800
7,1016,structured_50,912300
7,1017,structured_50,1050900
7,1017,dense,1076000
7,1018,dense,934300
7,1018,structured_50,807500
7,1019,structured_50,780100
7,1019,dense,953600
7,1020,dense,913800
7,1020,structured_50,803000
7,1021,structured_50,767700
7,1021,dense,936800
7,1022,dense,919700
7,1022,structured_50,782900
7,1023,structured_50,829400
7,1023,dense,1022500
7,1024,dense,933500
7,1024,structured_50,786600
7,1025,structured_50,784500
7,1025,dense,918500
7,1026,dense,903900
7,1026,structured_50,798000
7,1027,structured_50,770300
7,1027,dense,932000
7,1028,dense,907800
7,1028,structured_50,806400
7,1029,structured_50,764900
7,1029,dense,914900
7,1030,dense,944700
7,1030,structured_50,782100
7,1031,structured_50,790200
7,1031,dense,910300
7,1032,dense,970400
7,1032,structured_50,779800
7,1033,structured_50,766100
7,1033,dense,931100
7,1034,dense,907200
7,1034,structured_50,792500
7,1035,structured_50,764700
7,1035,dense,921800
7,1036,dense,913800
7,1036,structured_50,800600
7,1037,structured_50,800000
7,1037,dense,922400
7,1038,dense,980100
7,1038,structured_50,823900
7,1039,structured_50,832500
7,1039,dense,959200
7,1040,dense,979600
7,1040,structured_50,913200
7,1041,structured_50,823900
7,1041,dense,980700
7,1042,dense,956800
7,1042,structured_50,841300
7,1043,structured_50,811900
7,1043,dense,992900
7,1044,dense,953000
7,1044,structured_50,834000
7,1045,structured_50,824000
7,1045,dense,1001600
7,1046,dense,969800
7,1046,structured_50,841600
7,1047,structured_50,839600
7,1047,dense,963500
7,1048,dense,973500
7,1048,structured_50,824300
7,1049,structured_50,837300
7,1049,dense,973700
7,1050,dense,977900
7,1050,structured_50,822600
7,1051,structured_50,815600
7,1051,dense,983600
7,1052,dense,956000
7,1052,structured_50,836900
7,1053,structured_50,808500
7,1053,dense,1064900
7,1054,dense,923100
7,1054,structured_50,837500
7,1055,structured_50,830500
7,1055,dense,1010100
7,1056,dense,923400
7,1056,structured_50,798000
7,1057,structured_50,890500
7,1057,dense,946300
7,1058,dense,963300
7,1058,structured_50,797100
7,1059,structured_50,819400
7,1059,dense,937500
7,1060,dense,961700
7,1060,structured_50,801600
7,1061,structured_50,797900
7,1061,dense,971700
7,1062,dense,945000
7,1062,structured_50,823000
7,1063,structured_50,796100
7,1063,dense,952900
7,1064,dense,942900
7,1064,structured_50,821800
7,1065,structured_50,815400
7,1065,dense,948000
7,1066,dense,961600
7,1066,structured_50,797000
7,1067,structured_50,815200
7,1067,dense,1073600
7,1068,dense,925900
7,1068,structured_50,773000
7,1069,structured_50,819000
7,1069,dense,935200
7,1070,dense,971800
7,1070,structured_50,793100
7,1071,structured_50,778000
7,1071,dense,947200
7,1072,dense,917700
7,1072,structured_50,804200
7,1073,structured_50,771000
7,1073,dense,958300
7,1074,dense,1044100
7,1074,structured_50,805200
7,1075,structured_50,777100
7,1075,dense,968100
7,1076,dense,1264600
7,1076,structured_50,886100
7,1077,structured_50,844300
7,1077,dense,982800
7,1078,dense,1000200
7,1078,structured_50,835100
7,1079,structured_50,870500
7,1079,dense,985200
7,1080,dense,1002400
7,1080,structured_50,851700
7,1081,structured_50,826500
7,1081,dense,959000
7,1082,dense,969700
7,1082,structured_50,911000
7,1083,structured_50,738800
7,1083,dense,921300
7,1084,dense,908000
7,1084,structured_50,792700
7,1085,structured_50,771900
7,1085,dense,1110100
7,1086,dense,1155100
7,1086,structured_50,881100
7,1087,structured_50,825300
7,1087,dense,992900
7,1088,dense,961600
7,1088,structured_50,848400
7,1089,structured_50,826000
7,1089,dense,961600
7,1090,dense,1091500
7,1090,structured_50,835300
7,1091,structured_50,844200
7,1091,dense,1012800
7,1092,dense,1162400
7,1092,structured_50,831400
7,1093,structured_50,850100
7,1093,dense,953100
7,1094,dense,1086300
7,1094,structured_50,806900
7,1095,structured_50,803600
7,1095,dense,939100
7,1096,dense,968500
7,1096,structured_50,797700
7,1097,structured_50,813900
7,1097,dense,960700
7,1098,dense,950100
7,1098,structured_50,829300
7,1099,structured_50,792500
7,1099,dense,955800
7,1100,dense,952200
7,1100,structured_50,838200
7,1101,structured_50,805700
7,1101,dense,966300
7,1102,dense,936400
7,1102,structured_50,785700
7,1103,structured_50,827200
7,1103,dense,929200
7,1104,dense,943200
7,1104,structured_50,795300
7,1105,structured_50,800500
7,1105,dense,926600
7,1106,dense,926100
7,1106,structured_50,806300
7,1107,structured_50,827000
7,1107,dense,942600
7,1108,dense,922200
7,1108,structured_50,809100
7,1109,structured_50,781900
7,1109,dense,916600
7,1110,dense,943600
7,1110,structured_50,789300
7,1111,structured_50,810500
7,1111,dense,925200
7,1112,dense,951300
7,1112,structured_50,792000
7,1113,structured_50,780600
7,1113,dense,953900
7,1114,dense,925200
7,1114,structured_50,813500
7,1115,structured_50,788100
7,1115,dense,942800
7,1116,dense,924200
7,1116,structured_50,806600
7,1117,structured_50,787100
7,1117,dense,932600
7,1118,dense,942800
7,1118,structured_50,781200
7,1119,structured_50,794500
7,1119,dense,917300
7,1120,dense,1093900
7,1120,structured_50,796400
7,1121,structured_50,767300
7,1121,dense,966600
7,1122,dense,934700
7,1122,structured_50,855800
7,1123,structured_50,805900
7,1123,dense,954200
7,1124,dense,998200
7,1124,structured_50,787400
7,1125,structured_50,804000
7,1125,dense,916800
7,1126,dense,928700
7,1126,structured_50,773500
7,1127,structured_50,784900
7,1127,dense,913600
7,1128,dense,919100
7,1128,structured_50,794800
7,1129,structured_50,778300
7,1129,dense,934100
7,1130,dense,919300
7,1130,structured_50,795500
7,1131,structured_50,770400
7,1131,dense,906500
7,1132,dense,972200
7,1132,structured_50,779600
7,1133,structured_50,791500
7,1133,dense,907600
7,1134,dense,924300
7,1134,structured_50,778400
7,1135,structured_50,766800
7,1135,dense,948600
7,1136,dense,918800
7,1136,structured_50,792800
7,1137,structured_50,764800
7,1137,dense,930000
7,1138,dense,913900
7,1138,structured_50,787100
7,1139,structured_50,790400
7,1139,dense,909400
7,1140,dense,930000
7,1140,structured_50,847800
7,1141,structured_50,810500
7,1141,dense,998200
7,1142,dense,972300
7,1142,structured_50,794000
7,1143,structured_50,772200
7,1143,dense,935600
7,1144,dense,906200
7,1144,structured_50,786200
7,1145,structured_50,770200
7,1145,dense,906400
7,1146,dense,927400
7,1146,structured_50,771700
7,1147,structured_50,784100
7,1147,dense,906100
7,1148,dense,919200
7,1148,structured_50,784600
7,1149,structured_50,781900
7,1149,dense,984900
7,1150,dense,1000100
7,1150,structured_50,821100
7,1151,structured_50,791400
7,1151,dense,947400
7,1152,dense,935400
7,1152,structured_50,815800
7,1153,structured_50,792500
7,1153,dense,931100
7,1154,dense,979500
7,1154,structured_50,843200
7,1155,structured_50,844600
7,1155,dense,957100
7,1156,dense,895800
7,1156,structured_50,847300
7,1157,structured_50,808200
7,1157,dense,869500
7,1158,dense,414700
7,1158,structured_50,539700
7,1159,structured_50,425300
7,1159,dense,452700
7,1160,dense,393200
7,1160,structured_50,314700
7,1161,structured_50,302500
7,1161,dense,368700
7,1162,dense,486600
7,1162,structured_50,378500
7,1163,structured_50,352300
7,1163,dense,422700
7,1164,dense,535100
7,1164,structured_50,382500
7,1165,structured_50,1010900
7,1165,dense,959400
7,1166,dense,979200
7,1166,structured_50,829400
7,1167,structured_50,843200
7,1167,dense,949400
7,1168,dense,959600
7,1168,structured_50,799200
7,1169,structured_50,817800
7,1169,dense,951300
7,1170,dense,941800
7,1170,structured_50,987900
7,1171,structured_50,877400
7,1171,dense,994200
7,1172,dense,1305500
7,1172,structured_50,1409700
7,1173,structured_50,1231300
7,1173,dense,1217900
7,1174,dense,987500
7,1174,structured_50,828200
7,1175,structured_50,842800
7,1175,dense,960400
7,1176,dense,995500
7,1176,structured_50,833500
7,1177,structured_50,838800
7,1177,dense,974300
7,1178,dense,1165100
7,1178,structured_50,859300
7,1179,structured_50,892000
7,1179,dense,1016200
7,1180,dense,976800
7,1180,structured_50,865400
7,1181,structured_50,823000
7,1181,dense,996400
7,1182,dense,989500
7,1182,structured_50,897400
7,1183,structured_50,834800
7,1183,dense,1029100
7,1184,dense,979700
7,1184,structured_50,855700
7,1185,structured_50,826600
7,1185,dense,995000
7,1186,dense,972300
7,1186,structured_50,830900
7,1187,structured_50,849200
7,1187,dense,977000
7,1188,dense,1009600
7,1188,structured_50,853300
7,1189,structured_50,860900
7,1189,dense,1000400
7,1190,dense,1002900
7,1190,structured_50,840000
7,1191,structured_50,889200
7,1191,dense,975000
7,1192,dense,998500
7,1192,structured_50,832200
7,1193,structured_50,820100
7,1193,dense,988400
7,1194,dense,1028000
7,1194,structured_50,858900
7,1195,structured_50,814400
7,1195,dense,999800
7,1196,dense,971800
7,1196,structured_50,850400
7,1197,structured_50,816100
7,1197,dense,999600
7,1198,dense,964200
7,1198,structured_50,831200
7,1199,structured_50,869700
7,1199,dense,977000
7,1200,dense,986700
7,1200,structured_50,825200
7,1201,structured_50,842400
7,1201,dense,983000
7,1202,dense,995900
7,1202,structured_50,841800
7,1203,structured_50,830500
7,1203,dense,1017700
7,1204,dense,976100
7,1204,structured_50,860900
7,1205,structured_50,841300
7,1205,dense,1029900
7,1206,dense,979600
7,1206,structured_50,876000
7,1207,structured_50,841400
7,1207,dense,1109200
7,1208,dense,937000
7,1208,structured_50,831500
7,1209,structured_50,777200
7,1209,dense,933900
7,1210,dense,969800
7,1210,structured_50,788600
7,1211,structured_50,795000
7,1211,dense,914000
7,1212,dense,944900
7,1212,structured_50,791100
7,1213,structured_50,769700
7,1213,dense,945800
7,1214,dense,908600
7,1214,structured_50,802900
7,1215,structured_50,769800
7,1215,dense,934800
7,1216,dense,909400
7,1216,structured_50,807600
7,1217,structured_50,794700
7,1217,dense,917400
7,1218,dense,935400
7,1218,structured_50,783100
7,1219,structured_50,798800
7,1219,dense,927500
7,1220,dense,924400
7,1220,structured_50,780600
7,1221,structured_50,768100
7,1221,dense,931700
7,1222,dense,906900
7,1222,structured_50,789500
7,1223,structured_50,766600
7,1223,dense,915500
7,1224,dense,927700
7,1224,structured_50,771700
7,1225,structured_50,786900
7,1225,dense,948000
7,1226,dense,981000
7,1226,structured_50,818300
7,1227,structured_50,806900
7,1227,dense,975000
7,1228,dense,991900
7,1228,structured_50,838400
7,1229,structured_50,818100
7,1229,dense,974500
7,1230,dense,960900
7,1230,structured_50,843000
7,1231,structured_50,820200
7,1231,dense,999500
7,1232,dense,962100
7,1232,structured_50,827800
7,1233,structured_50,833600
7,1233,dense,960200
7,1234,dense,990000
7,1234,structured_50,845200
7,1235,structured_50,849900
7,1235,dense,984500
7,1236,dense,994300
7,1236,structured_50,833500
7,1237,structured_50,848500
7,1237,dense,972600
7,1238,dense,933000
7,1238,structured_50,817200
7,1239,structured_50,781900
7,1239,dense,943500
7,1240,dense,947800
7,1240,structured_50,832500
7,1241,structured_50,783500
7,1241,dense,945500
7,1242,dense,926500
7,1242,structured_50,785100
7,1243,structured_50,805300
7,1243,dense,926200
7,1244,dense,934500
7,1244,structured_50,823500
7,1245,structured_50,834100
7,1245,dense,979500
7,1246,dense,990900
7,1246,structured_50,934800
7,1247,structured_50,818600
7,1247,dense,1001500
7,1248,dense,954700
7,1248,structured_50,851300
7,1249,structured_50,805800
7,1249,dense,990600
7,1250,dense,958300
7,1250,structured_50,808600
7,1251,structured_50,772800
7,1251,dense,919800
7,1252,dense,931700
7,1252,structured_50,773900
7,1253,structured_50,787100
7,1253,dense,914800
7,1254,dense,929100
7,1254,structured_50,775500
7,1255,structured_50,772000
7,1255,dense,984900
7,1256,dense,911900
7,1256,structured_50,819900
7,1257,structured_50,784100
7,1257,dense,936100
7,1258,dense,925500
7,1258,structured_50,822800
7,1259,structured_50,825000
7,1259,dense,963700
7,1260,dense,979100
7,1260,structured_50,860500
7,1261,structured_50,852500
7,1261,dense,1062900
7,1262,dense,1015100
7,1262,structured_50,821000
7,1263,structured_50,826100
7,1263,dense,967400
7,1264,dense,986800
7,1264,structured_50,818000
7,1265,structured_50,805500
7,1265,dense,971700
7,1266,dense,949000
7,1266,structured_50,836700
7,1267,structured_50,808500
7,1267,dense,968300
7,1268,dense,952600
7,1268,structured_50,825500
7,1269,structured_50,812300
7,1269,dense,957100
7,1270,dense,974600
7,1270,structured_50,876500
7,1271,structured_50,836800
7,1271,dense,963000
7,1272,dense,1076600
7,1272,structured_50,831800
7,1273,structured_50,836800
7,1273,dense,954900
7,1274,dense,973600
7,1274,structured_50,855200
7,1275,structured_50,811900
7,1275,dense,998800
7,1276,dense,955500
7,1276,structured_50,840900
7,1277,structured_50,804600
7,1277,dense,982600
7,1278,dense,921400
7,1278,structured_50,796200
7,1279,structured_50,845300
7,1279,dense,964900
7,1280,dense,972700
7,1280,structured_50,809800
7,1281,structured_50,812200
7,1281,dense,952300
7,1282,dense,949900
7,1282,structured_50,795100
7,1283,structured_50,789400
7,1283,dense,953800
7,1284,dense,929200
7,1284,structured_50,831800
7,1285,structured_50,770800
7,1285,dense,943200
7,1286,dense,908500
7,1286,structured_50,789300
7,1287,structured_50,771600
7,1287,dense,965500
7,1288,dense,941300
7,1288,structured_50,798400
7,1289,structured_50,787800
7,1289,dense,912500
7,1290,dense,933900
7,1290,structured_50,777300
7,1291,structured_50,763600
7,1291,dense,928300
7,1292,dense,906200
7,1292,structured_50,805200
7,1293,structured_50,772600
7,1293,dense,935100
7,1294,dense,933200
7,1294,structured_50,800800
7,1295,structured_50,796400
7,1295,dense,1008100
7,1296,dense,939900
7,1296,structured_50,778500
7,1297,structured_50,785400
7,1297,dense,917400
7,1298,dense,908300
7,1298,structured_50,799100
7,1299,structured_50,767700
7,1299,dense,936100
7,1300,dense,913200
7,1300,structured_50,839300
7,1301,structured_50,801300
7,1301,dense,926300
7,1302,dense,939500
7,1302,structured_50,806100
7,1303,structured_50,790400
7,1303,dense,918500
7,1304,dense,930200
7,1304,structured_50,773100
7,1305,structured_50,765400
7,1305,dense,966900
7,1306,dense,911600
7,1306,structured_50,799100
7,1307,structured_50,782000
7,1307,dense,931300
7,1308,dense,912500
7,1308,structured_50,773900
7,1309,structured_50,785800
7,1309,dense,913700
7,1310,dense,925700
7,1310,structured_50,776200
7,1311,structured_50,783800
7,1311,dense,928700
7,1312,dense,920700
7,1312,structured_50,798800
7,1313,structured_50,786300
7,1313,dense,933500
7,1314,dense,921400
7,1314,structured_50,804700
7,1315,structured_50,772100
7,1315,dense,915400
7,1316,dense,926900
7,1316,structured_50,781800
7,1317,structured_50,787600
7,1317,dense,918300
7,1318,dense,920200
7,1318,structured_50,779500
7,1319,structured_50,763600
7,1319,dense,938100
7,1320,dense,916600
7,1320,structured_50,836400
7,1321,structured_50,772700
7,1321,dense,955100
7,1322,dense,913600
7,1322,structured_50,789700
7,1323,structured_50,799100
7,1323,dense,918500
7,1324,dense,925400
7,1324,structured_50,771900
7,1325,structured_50,787500
7,1325,dense,910400
7,1326,dense,905600
7,1326,structured_50,804400
7,1327,structured_50,775900
7,1327,dense,934800
7,1328,dense,909100
7,1328,structured_50,786300
7,1329,structured_50,780100
7,1329,dense,920500
7,1330,dense,1050000
7,1330,structured_50,803700
7,1331,structured_50,842200
7,1331,dense,974400
7,1332,dense,979700
7,1332,structured_50,826000
7,1333,structured_50,837400
7,1333,dense,980600
7,1334,dense,976500
7,1334,structured_50,825800
7,1335,structured_50,817500
7,1335,dense,997200
7,1336,dense,948300
7,1336,structured_50,845800
7,1337,structured_50,813600
7,1337,dense,985200
7,1338,dense,965500
7,1338,structured_50,969800
7,1339,structured_50,890500
7,1339,dense,1134900
7,1340,dense,953500
7,1340,structured_50,900100
7,1341,structured_50,826000
7,1341,dense,1000300
7,1342,dense,961500
7,1342,structured_50,845800
7,1343,structured_50,816700
7,1343,dense,973000
7,1344,dense,956600
7,1344,structured_50,844600
7,1345,structured_50,861600
7,1345,dense,936100
7,1346,dense,993500
7,1346,structured_50,779800
7,1347,structured_50,812700
7,1347,dense,941200
7,1348,dense,949700
7,1348,structured_50,792800
7,1349,structured_50,788200
7,1349,dense,946600
7,1350,dense,928100
7,1350,structured_50,807000
7,1351,structured_50,808500
7,1351,dense,976400
7,1352,dense,931900
7,1352,structured_50,794600
7,1353,structured_50,811500
7,1353,dense,939400
7,1354,dense,953000
7,1354,structured_50,793600
7,1355,structured_50,808300
7,1355,dense,927100
7,1356,dense,945300
7,1356,structured_50,788200
7,1357,structured_50,789100
7,1357,dense,962600
7,1358,dense,924500
7,1358,structured_50,816200
7,1359,structured_50,784200
7,1359,dense,955700
7,1360,dense,927600
7,1360,structured_50,792800
7,1361,structured_50,816000
7,1361,dense,938400
7,1362,dense,949600
7,1362,structured_50,802000
7,1363,structured_50,846800
7,1363,dense,1001600
7,1364,dense,991900
7,1364,structured_50,842300
7,1365,structured_50,818900
7,1365,dense,994000
7,1366,dense,961800
7,1366,structured_50,857300
7,1367,structured_50,834000
7,1367,dense,1012400
7,1368,dense,972000
7,1368,structured_50,977100
7,1369,structured_50,732800
7,1369,dense,991900
7,1370,dense,982200
7,1370,structured_50,820900
7,1371,structured_50,804200
7,1371,dense,983200
7,1372,dense,955400
7,1372,structured_50,835000
7,1373,structured_50,814200
7,1373,dense,962300
7,1374,dense,981500
7,1374,structured_50,822200
7,1375,structured_50,836500
7,1375,dense,962700
7,1376,dense,983200
7,1376,structured_50,981300
7,1377,structured_50,795600
7,1377,dense,935200
7,1378,dense,948500
7,1378,structured_50,828700
7,1379,structured_50,817000
7,1379,dense,972200
7,1380,dense,1005900
7,1380,structured_50,824900
7,1381,structured_50,856800
7,1381,dense,956400
7,1382,dense,1059100
7,1382,structured_50,799400
7,1383,structured_50,827700
7,1383,dense,967900
7,1384,dense,976400
7,1384,structured_50,824500
7,1385,structured_50,1040200
7,1385,dense,983700
7,1386,dense,1003200
7,1386,structured_50,820200
7,1387,structured_50,839200
7,1387,dense,960500
7,1388,dense,1024700
7,1388,structured_50,823400
7,1389,structured_50,833000
7,1389,dense,969400
7,1390,dense,972200
7,1390,structured_50,819200
7,1391,structured_50,810200
7,1391,dense,976700
7,1392,dense,961900
7,1392,structured_50,842800
7,1393,structured_50,818900
7,1393,dense,976700
7,1394,dense,1106100
7,1394,structured_50,860500
7,1395,structured_50,819300
7,1395,dense,967800
7,1396,dense,986000
7,1396,structured_50,857000
7,1397,structured_50,797900
7,1397,dense,965100
7,1398,dense,933800
7,1398,structured_50,820200
7,1399,structured_50,788000
7,1399,dense,948000
7,1400,dense,933800
7,1400,structured_50,813000
7,1401,structured_50,791200
7,1401,dense,926800
7,1402,dense,965800
7,1402,structured_50,863500
7,1403,structured_50,763000
7,1403,dense,880100
7,1404,dense,940400
7,1404,structured_50,798900
7,1405,structured_50,789200
7,1405,dense,946700
7,1406,dense,923100
7,1406,structured_50,907900
7,1407,structured_50,744500
7,1407,dense,907100
7,1408,dense,921700
7,1408,structured_50,804600
7,1409,structured_50,782100
7,1409,dense,926700
7,1410,dense,947600
7,1410,structured_50,789500
7,1411,structured_50,802000
7,1411,dense,944000
7,1412,dense,941500
7,1412,structured_50,795900
7,1413,structured_50,795900
7,1413,dense,1038200
7,1414,dense,944800
7,1414,structured_50,815100
7,1415,structured_50,788500
7,1415,dense,953900
7,1416,dense,934100
7,1416,structured_50,803400
7,1417,structured_50,791800
7,1417,dense,926300
7,1418,dense,949000
7,1418,structured_50,790600
7,1419,structured_50,802600
7,1419,dense,945000
7,1420,dense,973900
7,1420,structured_50,806000
7,1421,structured_50,793600
7,1421,dense,944900
7,1422,dense,925500
7,1422,structured_50,805900
7,1423,structured_50,779800
7,1423,dense,937800
7,1424,dense,926100
7,1424,structured_50,790700
7,1425,structured_50,802900
7,1425,dense,927300
7,1426,dense,1016300
7,1426,structured_50,759200
7,1427,structured_50,749600
7,1427,dense,906700
7,1428,dense,938600
7,1428,structured_50,780100
7,1429,structured_50,826600
7,1429,dense,1036600
7,1430,dense,982700
7,1430,structured_50,915600
7,1431,structured_50,833300
7,1431,dense,967700
7,1432,dense,984500
7,1432,structured_50,830000
7,1433,structured_50,773100
7,1433,dense,949500
7,1434,dense,905900
7,1434,structured_50,879500
7,1435,structured_50,800500
7,1435,dense,936200
7,1436,dense,934200
7,1436,structured_50,822100
7,1437,structured_50,840200
7,1437,dense,953100
7,1438,dense,974500
7,1438,structured_50,828800
7,1439,structured_50,825700
7,1439,dense,968600
7,1440,dense,981400
7,1440,structured_50,822500
7,1441,structured_50,826100
7,1441,dense,995900
7,1442,dense,958800
7,1442,structured_50,839000
7,1443,structured_50,812600
7,1443,dense,977300
7,1444,dense,950500
7,1444,structured_50,842200
7,1445,structured_50,813000
7,1445,dense,984600
7,1446,dense,964600
7,1446,structured_50,814000
7,1447,structured_50,869400
7,1447,dense,950300
7,1448,dense,981700
7,1448,structured_50,811500
7,1449,structured_50,828800
7,1449,dense,999200
7,1450,dense,964000
7,1450,structured_50,821100
7,1451,structured_50,779500
7,1451,dense,973100
7,1452,dense,953100
7,1452,structured_50,801500
7,1453,structured_50,767500
7,1453,dense,930200
7,1454,dense,911600
7,1454,structured_50,784700
7,1455,structured_50,778500
7,1455,dense,914900
7,1456,dense,944200
7,1456,structured_50,787600
7,1457,structured_50,806200
7,1457,dense,927200
7,1458,dense,933600
7,1458,structured_50,867300
7,1459,structured_50,779200
7,1459,dense,955300
7,1460,dense,908800
7,1460,structured_50,808500
7,1461,structured_50,776100
7,1461,dense,932500
7,1462,dense,911400
7,1462,structured_50,777100
7,1463,structured_50,797100
7,1463,dense,946300
7,1464,dense,946400
7,1464,structured_50,886900
7,1465,structured_50,793400
7,1465,dense,948700
7,1466,dense,926600
7,1466,structured_50,781400
7,1467,structured_50,770400
7,1467,dense,941500
7,1468,dense,910100
7,1468,structured_50,799100
7,1469,structured_50,769900
7,1469,dense,948900
7,1470,dense,950200
7,1470,structured_50,788300
7,1471,structured_50,791800
7,1471,dense,919000
7,1472,dense,946400
7,1472,structured_50,805600
7,1473,structured_50,780100
7,1473,dense,976200
7,1474,dense,916100
7,1474,structured_50,809200
7,1475,structured_50,768200
7,1475,dense,941700
7,1476,dense,919800
7,1476,structured_50,812500
7,1477,structured_50,775700
7,1477,dense,927800
7,1478,dense,940400
7,1478,structured_50,816300
7,1479,structured_50,795200
7,1479,dense,931900
7,1480,dense,933400
7,1480,structured_50,783100
7,1481,structured_50,767100
7,1481,dense,1008200
7,1482,dense,932500
7,1482,structured_50,854700
7,1483,structured_50,825800
7,1483,dense,1001200
7,1484,dense,963800
7,1484,structured_50,855600
7,1485,structured_50,827500
7,1485,dense,976200
7,1486,dense,988300
7,1486,structured_50,825500
7,1487,structured_50,835600
7,1487,dense,967300
7,1488,dense,993100
7,1488,structured_50,834800
7,1489,structured_50,849200
7,1489,dense,459800
7,1490,dense,390700
7,1490,structured_50,313000
7,1491,structured_50,313000
7,1491,dense,1127900
7,1492,dense,992600
7,1492,structured_50,882600
7,1493,structured_50,822100
7,1493,dense,937700
7,1494,dense,952900
7,1494,structured_50,777100
7,1495,structured_50,798300
7,1495,dense,917100
7,1496,dense,1163000
7,1496,structured_50,875200
7,1497,structured_50,852100
7,1497,dense,989300
7,1498,dense,967300
7,1498,structured_50,864200
7,1499,structured_50,819400
7,1499,dense,1082300
7,1500,dense,967600
7,1500,structured_50,848200
7,1501,structured_50,822600
7,1501,dense,979900
7,1502,dense,987400
7,1502,structured_50,836100
7,1503,structured_50,828600
7,1503,dense,965900
7,1504,dense,981800
7,1504,structured_50,827900
7,1505,structured_50,852400
7,1505,dense,957000
7,1506,dense,977800
7,1506,structured_50,819500
7,1507,structured_50,850000
7,1507,dense,1008100
7,1508,dense,978000
7,1508,structured_50,844100
7,1509,structured_50,821700
7,1509,dense,1004900
7,1510,dense,959800
7,1510,structured_50,848300
7,1511,structured_50,817500
7,1511,dense,987600
7,1512,dense,958100
7,1512,structured_50,861000
7,1513,structured_50,818800
7,1513,dense,987000
7,1514,dense,963900
7,1514,structured_50,824900
7,1515,structured_50,838600
7,1515,dense,1003400
7,1516,dense,971700
7,1516,structured_50,812600
7,1517,structured_50,831500
7,1517,dense,960300
7,1518,dense,977000
7,1518,structured_50,823200
7,1519,structured_50,816200
7,1519,dense,986400
7,1520,dense,1049300
7,1520,structured_50,861100
7,1521,structured_50,781300
7,1521,dense,978500
7,1522,dense,954600
7,1522,structured_50,852900
7,1523,structured_50,831400
7,1523,dense,1005600
7,1524,dense,972400
7,1524,structured_50,856600
7,1525,structured_50,819500
7,1525,dense,963900
7,1526,dense,1140800
7,1526,structured_50,807500
7,1527,structured_50,820800
7,1527,dense,959100
7,1528,dense,960900
7,1528,structured_50,915700
7,1529,structured_50,784200
7,1529,dense,984400
7,1530,dense,919800
7,1530,structured_50,812100
7,1531,structured_50,775300
7,1531,dense,952000
7,1532,dense,924700
7,1532,structured_50,977700
7,1533,structured_50,749000
7,1533,dense,900800
7,1534,dense,929700
7,1534,structured_50,783000
7,1535,structured_50,766700
7,1535,dense,949000
7,1536,dense,912000
7,1536,structured_50,801200
7,1537,structured_50,957100
7,1537,dense,1058800
7,1538,dense,1050100
7,1538,structured_50,982200
7,1539,structured_50,1872400
7,1539,dense,1109000
7,1540,dense,986300
7,1540,structured_50,874000
7,1541,structured_50,831000
7,1541,dense,989100
7,1542,dense,960300
7,1542,structured_50,831400
7,1543,structured_50,837900
7,1543,dense,943000
7,1544,dense,964000
7,1544,structured_50,800200
7,1545,structured_50,698100
7,1545,dense,414500
7,1546,dense,397700
7,1546,structured_50,319000
7,1547,structured_50,800000
7,1547,dense,986900
7,1548,dense,1003800
7,1548,structured_50,840700
7,1549,structured_50,873800
7,1549,dense,966900
7,1550,dense,984800
7,1550,structured_50,810400
7,1551,structured_50,876700
7,1551,dense,1060400
7,1552,dense,983400
7,1552,structured_50,822100
7,1553,structured_50,808900
7,1553,dense,976900
7,1554,dense,962200
7,1554,structured_50,1087200
7,1555,structured_50,785600
7,1555,dense,979000
7,1556,dense,943500
7,1556,structured_50,826500
7,1557,structured_50,802400
7,1557,dense,990600
7,1558,dense,964800
7,1558,structured_50,839100
7,1559,structured_50,810500
7,1559,dense,978000
7,1560,dense,949300
7,1560,structured_50,822200
7,1561,structured_50,792800
7,1561,dense,922500
7,1562,dense,941500
7,1562,structured_50,782600
7,1563,structured_50,963700
7,1563,dense,911400
7,1564,dense,902600
7,1564,structured_50,798200
7,1565,structured_50,804800
7,1565,dense,1029500
7,1566,dense,953000
7,1566,structured_50,781300
7,1567,structured_50,795800
7,1567,dense,927900
7,1568,dense,908900
7,1568,structured_50,797700
7,1569,structured_50,764800
7,1569,dense,940700
7,1570,dense,919700
7,1570,structured_50,793000
7,1571,structured_50,772400
7,1571,dense,927300
7,1572,dense,977200
7,1572,structured_50,780200
7,1573,structured_50,792800
7,1573,dense,929900
7,1574,dense,924000
7,1574,structured_50,785800
7,1575,structured_50,766300
7,1575,dense,938100
7,1576,dense,935500
7,1576,structured_50,824200
7,1577,structured_50,773700
7,1577,dense,925600
7,1578,dense,915100
7,1578,structured_50,792000
7,1579,structured_50,786000
7,1579,dense,914200
7,1580,dense,927900
7,1580,structured_50,778100
7,1581,structured_50,782200
7,1581,dense,916800
7,1582,dense,911900
7,1582,structured_50,869400
7,1583,structured_50,784000
7,1583,dense,933400
7,1584,dense,910500
7,1584,structured_50,794900
7,1585,structured_50,815500
7,1585,dense,955500
7,1586,dense,1004900
7,1586,structured_50,838200
7,1587,structured_50,848000
7,1587,dense,967700
7,1588,dense,991000
7,1588,structured_50,812500
7,1589,structured_50,828900
7,1589,dense,975300
7,1590,dense,1000500
7,1590,structured_50,840800
7,1591,structured_50,825600
7,1591,dense,991100
7,1592,dense,974200
7,1592,structured_50,853900
7,1593,structured_50,827000
7,1593,dense,981800
7,1594,dense,967900
7,1594,structured_50,834700
7,1595,structured_50,813500
7,1595,dense,983000
7,1596,dense,955100
7,1596,structured_50,814100
7,1597,structured_50,830500
7,1597,dense,955000
7,1598,dense,980500
7,1598,structured_50,824900
7,1599,structured_50,833800
7,1599,dense,964200
7,1600,dense,978100
7,1600,structured_50,1026700
7,1601,structured_50,536000
7,1601,dense,394800
7,1602,dense,596500
7,1602,structured_50,395400
7,1603,structured_50,326100
7,1603,dense,379400
7,1604,dense,463000
7,1604,structured_50,738100
7,1605,structured_50,556700
7,1605,dense,667100
7,1606,dense,782500
7,1606,structured_50,625100
7,1607,structured_50,653900
7,1607,dense,739000
7,1608,dense,428000
7,1608,structured_50,364900
7,1609,structured_50,342800
7,1609,dense,441000
7,1610,dense,431100
7,1610,structured_50,339300
7,1611,structured_50,341000
7,1611,dense,414700
7,1612,dense,1239400
7,1612,structured_50,1699800
7,1613,structured_50,1626500
7,1613,dense,1644600
7,1614,dense,1720700
7,1614,structured_50,1232300
7,1615,structured_50,799500
7,1615,dense,965100
7,1616,dense,1212700
7,1616,structured_50,1202400
7,1617,structured_50,1034000
7,1617,dense,1045500
7,1618,dense,977700
7,1618,structured_50,925600
7,1619,structured_50,819800
7,1619,dense,988000
7,1620,dense,963700
7,1620,structured_50,847800
7,1621,structured_50,826200
7,1621,dense,1226800
7,1622,dense,978200
7,1622,structured_50,796900
7,1623,structured_50,853400
7,1623,dense,970500
7,1624,dense,989500
7,1624,structured_50,826300
7,1625,structured_50,841300
7,1625,dense,963300
7,1626,dense,986600
7,1626,structured_50,828900
7,1627,structured_50,820100
7,1627,dense,1238400
7,1628,dense,906700
7,1628,structured_50,883200
7,1629,structured_50,911300
7,1629,dense,1005100
7,1630,dense,970600
7,1630,structured_50,836800
7,1631,structured_50,790100
7,1631,dense,910400
7,1632,dense,930100
7,1632,structured_50,770700
7,1633,structured_50,787700
7,1633,dense,1056900
7,1634,dense,970300
7,1634,structured_50,829000
7,1635,structured_50,908300
7,1635,dense,982100
7,1636,dense,788600
7,1636,structured_50,349100
7,1637,structured_50,325900
7,1637,dense,410300
7,1638,dense,484300
7,1638,structured_50,369900
7,1639,structured_50,351500
7,1639,dense,432400
7,1640,dense,416400
7,1640,structured_50,367100
7,1641,structured_50,360800
7,1641,dense,411700
7,1642,dense,421300
7,1642,structured_50,346200
7,1643,structured_50,361700
7,1643,dense,431500
7,1644,dense,859100
7,1644,structured_50,815400
7,1645,structured_50,798000
7,1645,dense,1002500
7,1646,dense,972500
7,1646,structured_50,953800
7,1647,structured_50,633500
7,1647,dense,407700
7,1648,dense,401100
7,1648,structured_50,317000
7,1649,structured_50,331800
7,1649,dense,380000
7,1650,dense,422900
7,1650,structured_50,344400
7,1651,structured_50,346200
7,1651,dense,430600
7,1652,dense,444200
7,1652,structured_50,352900
7,1653,structured_50,346800
7,1653,dense,418600
7,1654,dense,950300
7,1654,structured_50,819800
7,1655,structured_50,805300
7,1655,dense,957700
7,1656,dense,1020100
7,1656,structured_50,816800
7,1657,structured_50,815300
7,1657,dense,983200
7,1658,dense,960600
7,1658,structured_50,845000
7,1659,structured_50,829800
7,1659,dense,1032500
7,1660,dense,908700
7,1660,structured_50,940300
7,1661,structured_50,828900
7,1661,dense,957300
7,1662,dense,998500
7,1662,structured_50,837200
7,1663,structured_50,843400
7,1663,dense,980100
7,1664,dense,989700
7,1664,structured_50,824000
7,1665,structured_50,822600
7,1665,dense,987800
7,1666,dense,972100
7,1666,structured_50,816300
7,1667,structured_50,877000
7,1667,dense,938600
7,1668,dense,930500
7,1668,structured_50,838100
7,1669,structured_50,821100
7,1669,dense,960100
7,1670,dense,994300
7,1670,structured_50,819800
7,1671,structured_50,835000
7,1671,dense,959600
7,1672,dense,1151600
7,1672,structured_50,892000
7,1673,structured_50,759300
7,1673,dense,907900
7,1674,dense,947300
7,1674,structured_50,782100
7,1675,structured_50,829000
7,1675,dense,939600
7,1676,dense,930500
7,1676,structured_50,893600
7,1677,structured_50,792200
7,1677,dense,922300
7,1678,dense,905700
7,1678,structured_50,847900
7,1679,structured_50,836200
7,1679,dense,1008400
7,1680,dense,971300
7,1680,structured_50,841800
7,1681,structured_50,823000
7,1681,dense,939300
7,1682,dense,923600
7,1682,structured_50,825900
7,1683,structured_50,846900
7,1683,dense,960100
7,1684,dense,967600
7,1684,structured_50,775700
7,1685,structured_50,788600
7,1685,dense,918900
7,1686,dense,935800
7,1686,structured_50,780400
7,1687,structured_50,770900
7,1687,dense,931700
7,1688,dense,910600
7,1688,structured_50,793600
7,1689,structured_50,768700
7,1689,dense,908400
7,1690,dense,934000
7,1690,structured_50,777200
7,1691,structured_50,787400
7,1691,dense,1109900
7,1692,dense,916700
7,1692,structured_50,835000
7,1693,structured_50,978200
7,1693,dense,929900
7,1694,dense,1058800
7,1694,structured_50,847600
7,1695,structured_50,869300
7,1695,dense,932900
7,1696,dense,875800
7,1696,structured_50,798000
7,1697,structured_50,773400
7,1697,dense,675100
7,1698,dense,951900
7,1698,structured_50,332500
7,1699,structured_50,423400
7,1699,dense,411000
7,1700,dense,396000
7,1700,structured_50,363300
7,1701,structured_50,325800
7,1701,dense,451900
7,1702,dense,484300
7,1702,structured_50,361900
7,1703,structured_50,365100
7,1703,dense,391800
7,1704,dense,397600
7,1704,structured_50,378300
7,1705,structured_50,351300
7,1705,dense,430400
7,1706,dense,444900
7,1706,structured_50,336900
7,1707,structured_50,784300
7,1707,dense,1657100
7,1708,dense,1521100
7,1708,structured_50,1708200
7,1709,structured_50,1213900
7,1709,dense,984400
7,1710,dense,997900
7,1710,structured_50,785400
7,1711,structured_50,802800
7,1711,dense,919900
7,1712,dense,934500
7,1712,structured_50,784900
7,1713,structured_50,770200
7,1713,dense,1069000
7,1714,dense,954800
7,1714,structured_50,825800
7,1715,structured_50,777300
7,1715,dense,927700
7,1716,dense,913700
7,1716,structured_50,770500
7,1717,structured_50,791100
7,1717,dense,908400
7,1718,dense,926400
7,1718,structured_50,768900
7,1719,structured_50,781000
7,1719,dense,913500
7,1720,dense,926000
7,1720,structured_50,807600
7,1721,structured_50,773900
7,1721,dense,928800
7,1722,dense,908600
7,1722,structured_50,794800
7,1723,structured_50,803000
7,1723,dense,912700
7,1724,dense,927300
7,1724,structured_50,776900
7,1725,structured_50,786200
7,1725,dense,913100
7,1726,dense,927200
7,1726,structured_50,778600
7,1727,structured_50,798200
7,1727,dense,958600
7,1728,dense,904900
7,1728,structured_50,787900
7,1729,structured_50,763400
7,1729,dense,940000
7,1730,dense,933000
7,1730,structured_50,861800
7,1731,structured_50,796000
7,1731,dense,910600
7,1732,dense,925900
7,1732,structured_50,769500
7,1733,structured_50,785900
7,1733,dense,924000
7,1734,dense,908200
7,1734,structured_50,794100
7,1735,structured_50,767200
7,1735,dense,926400
7,1736,dense,935000
7,1736,structured_50,794900
7,1737,structured_50,775200
7,1737,dense,912200
7,1738,dense,929900
7,1738,structured_50,775000
7,1739,structured_50,826000
7,1739,dense,915800
7,1740,dense,876200
7,1740,structured_50,772800
7,1741,structured_50,773200
7,1741,dense,930300
7,1742,dense,918300
7,1742,structured_50,797800
7,1743,structured_50,768700
7,1743,dense,912400
7,1744,dense,930000
7,1744,structured_50,778100
7,1745,structured_50,788100
7,1745,dense,935100
7,1746,dense,942400
7,1746,structured_50,780000
7,1747,structured_50,767200
7,1747,dense,939200
7,1748,dense,989000
7,1748,structured_50,803800
7,1749,structured_50,771500
7,1749,dense,931900
7,1750,dense,918100
7,1750,structured_50,796400
7,1751,structured_50,777100
7,1751,dense,912500
7,1752,dense,926600
7,1752,structured_50,774200
7,1753,structured_50,779600
7,1753,dense,920400
7,1754,dense,932500
7,1754,structured_50,795300
7,1755,structured_50,769400
7,1755,dense,936900
7,1756,dense,910900
7,1756,structured_50,794200
7,1757,structured_50,770800
7,1757,dense,914500
7,1758,dense,934300
7,1758,structured_50,931700
7,1759,structured_50,800800
7,1759,dense,903200
7,1760,dense,919900
7,1760,structured_50,779200
7,1761,structured_50,798100
7,1761,dense,921500
7,1762,dense,942400
7,1762,structured_50,775900
7,1763,structured_50,765600
7,1763,dense,938000
7,1764,dense,909000
7,1764,structured_50,798000
7,1765,structured_50,803800
7,1765,dense,999300
7,1766,dense,921600
7,1766,structured_50,795600
7,1767,structured_50,772000
7,1767,dense,1265300
7,1768,dense,610400
7,1768,structured_50,366600
7,1769,structured_50,639300
7,1769,dense,928500
7,1770,dense,931500
7,1770,structured_50,815600
7,1771,structured_50,795700
7,1771,dense,1003000
7,1772,dense,586100
7,1772,structured_50,363500
7,1773,structured_50,315300
7,1773,dense,397100
7,1774,dense,387500
7,1774,structured_50,319100
7,1775,structured_50,380900
7,1775,dense,525500
7,1776,dense,429000
7,1776,structured_50,353900
7,1777,structured_50,351200
7,1777,dense,452600
7,1778,dense,434800
7,1778,structured_50,352500
7,1779,structured_50,346300
7,1779,dense,420500
7,1780,dense,452700
7,1780,structured_50,351800
7,1781,structured_50,341500
7,1781,dense,407300
7,1782,dense,413500
7,1782,structured_50,427900
7,1783,structured_50,349000
7,1783,dense,457900
7,1784,dense,551300
7,1784,structured_50,758400
7,1785,structured_50,486200
7,1785,dense,473900
7,1786,dense,611600
7,1786,structured_50,360300
7,1787,structured_50,320600
7,1787,dense,404200
7,1788,dense,372500
7,1788,structured_50,313600
7,1789,structured_50,352700
7,1789,dense,416400
7,1790,dense,445800
7,1790,structured_50,344100
7,1791,structured_50,344100
7,1791,dense,415200
7,1792,dense,410200
7,1792,structured_50,362500
7,1793,structured_50,342400
7,1793,dense,415600
7,1794,dense,415200
7,1794,structured_50,333500
7,1795,structured_50,357500
7,1795,dense,430700
7,1796,dense,431100
7,1796,structured_50,363100
7,1797,structured_50,335800
7,1797,dense,450800
7,1798,dense,439100
7,1798,structured_50,416000
7,1799,structured_50,668100
7,1799,dense,594200
7,1800,dense,387400
7,1800,structured_50,831700
7,1801,structured_50,817500
7,1801,dense,1003600
7,1802,dense,1000400
7,1802,structured_50,970300
7,1803,structured_50,913200
7,1803,dense,1001000
7,1804,dense,920800
7,1804,structured_50,792600
7,1805,structured_50,778000
7,1805,dense,927200
7,1806,dense,1023700
7,1806,structured_50,804700
7,1807,structured_50,831700
7,1807,dense,997900
7,1808,dense,986100
7,1808,structured_50,839600
7,1809,structured_50,773800
7,1809,dense,941600
7,1810,dense,925800
7,1810,structured_50,807300
7,1811,structured_50,783200
7,1811,dense,942300
7,1812,dense,1009700
7,1812,structured_50,785800
7,1813,structured_50,793600
7,1813,dense,913200
7,1814,dense,949100
7,1814,structured_50,787400
7,1815,structured_50,868800
7,1815,dense,946100
7,1816,dense,914800
7,1816,structured_50,812500
7,1817,structured_50,789000
7,1817,dense,930800
7,1818,dense,921300
7,1818,structured_50,843700
7,1819,structured_50,785300
7,1819,dense,920400
7,1820,dense,934200
7,1820,structured_50,775700
7,1821,structured_50,792300
7,1821,dense,913200
7,1822,dense,939500
7,1822,structured_50,774700
7,1823,structured_50,766600
7,1823,dense,929700
7,1824,dense,924600
7,1824,structured_50,799900
7,1825,structured_50,771100
7,1825,dense,937900
7,1826,dense,953600
7,1826,structured_50,828200
7,1827,structured_50,842700
7,1827,dense,933100
7,1828,dense,986300
7,1828,structured_50,783000
7,1829,structured_50,785700
7,1829,dense,924600
7,1830,dense,910300
7,1830,structured_50,792800
7,1831,structured_50,767600
7,1831,dense,929700
7,1832,dense,988700
7,1832,structured_50,802400
7,1833,structured_50,772400
7,1833,dense,908300
7,1834,dense,933800
7,1834,structured_50,773800
7,1835,structured_50,1646700
7,1835,dense,1273000
7,1836,dense,968000
7,1836,structured_50,885000
7,1837,structured_50,747000
7,1837,dense,893700
7,1838,dense,908700
7,1838,structured_50,803400
7,1839,structured_50,785700
7,1839,dense,918000
7,1840,dense,936800
7,1840,structured_50,776000
7,1841,structured_50,790700
7,1841,dense,915300
7,1842,dense,925600
7,1842,structured_50,778800
7,1843,structured_50,1022900
7,1843,dense,1072700
7,1844,dense,1050200
7,1844,structured_50,864100
7,1845,structured_50,880600
7,1845,dense,1000500
7,1846,dense,986900
7,1846,structured_50,827000
7,1847,structured_50,822400
7,1847,dense,983100
7,1848,dense,965600
7,1848,structured_50,925800
7,1849,structured_50,823100
7,1849,dense,944600
7,1850,dense,906700
7,1850,structured_50,792400
7,1851,structured_50,768400
7,1851,dense,909200
7,1852,dense,955400
7,1852,structured_50,771700
7,1853,structured_50,790600
7,1853,dense,920000
7,1854,dense,905300
7,1854,structured_50,790800
7,1855,structured_50,775100
7,1855,dense,948400
7,1856,dense,990900
7,1856,structured_50,811000
7,1857,structured_50,828200
7,1857,dense,910100
7,1858,dense,931900
7,1858,structured_50,774500
7,1859,structured_50,764500
7,1859,dense,920400
7,1860,dense,903600
7,1860,structured_50,783800
7,1861,structured_50,771500
7,1861,dense,1146500
7,1862,dense,996700
7,1862,structured_50,783300
7,1863,structured_50,801300
7,1863,dense,1027800
7,1864,dense,881600
7,1864,structured_50,1652500
7,1865,structured_50,1075600
7,1865,dense,984600
7,1866,dense,995900
7,1866,structured_50,848700
7,1867,structured_50,860500
7,1867,dense,989500
7,1868,dense,985200
7,1868,structured_50,800100
7,1869,structured_50,807500
7,1869,dense,999300
7,1870,dense,1057900
7,1870,structured_50,856700
7,1871,structured_50,783500
7,1871,dense,923000
7,1872,dense,903200
7,1872,structured_50,787500
7,1873,structured_50,837500
7,1873,dense,1730900
7,1874,dense,1671300
7,1874,structured_50,1225300
7,1875,structured_50,1211400
7,1875,dense,1244100
7,1876,dense,1070100
7,1876,structured_50,875400
7,1877,structured_50,842400
7,1877,dense,1013900
7,1878,dense,705200
7,1878,structured_50,342900
7,1879,structured_50,366800
7,1879,dense,409100
7,1880,dense,463700
7,1880,structured_50,374500
7,1881,structured_50,346600
7,1881,dense,504900
7,1882,dense,596700
7,1882,structured_50,682700
7,1883,structured_50,680800
7,1883,dense,1477000
7,1884,dense,1183900
7,1884,structured_50,987300
7,1885,structured_50,1045300
7,1885,dense,1394300
7,1886,dense,1148500
7,1886,structured_50,753500
7,1887,structured_50,827600
7,1887,dense,1178000
7,1888,dense,1081700
7,1888,structured_50,820100
7,1889,structured_50,796200
7,1889,dense,913700
7,1890,dense,931700
7,1890,structured_50,802400
7,1891,structured_50,801700
7,1891,dense,932900
7,1892,dense,953600
7,1892,structured_50,820100
7,1893,structured_50,802800
7,1893,dense,944900
7,1894,dense,927700
7,1894,structured_50,816600
7,1895,structured_50,785200
7,1895,dense,919500
7,1896,dense,929200
7,1896,structured_50,772100
7,1897,structured_50,784200
7,1897,dense,904600
7,1898,dense,1047200
7,1898,structured_50,800500
7,1899,structured_50,767000
7,1899,dense,972000
7,1900,dense,923000
7,1900,structured_50,805400
7,1901,structured_50,773500
7,1901,dense,930700
7,1902,dense,910200
7,1902,structured_50,772200
7,1903,structured_50,791700
7,1903,dense,921500
7,1904,dense,942300
7,1904,structured_50,1182800
7,1905,structured_50,800700
7,1905,dense,961000
7,1906,dense,1926100
7,1906,structured_50,1525000
7,1907,structured_50,1410900
7,1907,dense,460400
7,1908,dense,977200
7,1908,structured_50,787000
7,1909,structured_50,825100
7,1909,dense,1103300
7,1910,dense,1784800
7,1910,structured_50,1406300
7,1911,structured_50,1240800
7,1911,dense,1283000
7,1912,dense,1093400
7,1912,structured_50,973200
7,1913,structured_50,820700
7,1913,dense,960900
7,1914,dense,957300
7,1914,structured_50,994200
7,1915,structured_50,418700
7,1915,dense,392900
7,1916,dense,402700
7,1916,structured_50,326500
7,1917,structured_50,506600
7,1917,dense,601800
7,1918,dense,563900
7,1918,structured_50,431600
7,1919,structured_50,789400
7,1919,dense,1512400
7,1920,dense,1268700
7,1920,structured_50,1398600
7,1921,structured_50,1336100
7,1921,dense,1330300
7,1922,dense,890200
7,1922,structured_50,843600
7,1923,structured_50,770200
7,1923,dense,942100
7,1924,dense,908800
7,1924,structured_50,788600
7,1925,structured_50,786200
7,1925,dense,906600
7,1926,dense,940100
7,1926,structured_50,778900
7,1927,structured_50,790500
7,1927,dense,1107200
7,1928,dense,709200
7,1928,structured_50,375900
7,1929,structured_50,333900
7,1929,dense,398400
7,1930,dense,382300
7,1930,structured_50,307000
7,1931,structured_50,335800
7,1931,dense,416000
7,1932,dense,440600
7,1932,structured_50,343600
7,1933,structured_50,377600
7,1933,dense,424100
7,1934,dense,407600
7,1934,structured_50,387700
7,1935,structured_50,536600
7,1935,dense,870600
7,1936,dense,504100
7,1936,structured_50,407600
7,1937,structured_50,369800
7,1937,dense,431700
7,1938,dense,473500
7,1938,structured_50,363700
7,1939,structured_50,393900
7,1939,dense,559300
7,1940,dense,1133700
7,1940,structured_50,811200
7,1941,structured_50,804700
7,1941,dense,1009100
7,1942,dense,1024100
7,1942,structured_50,823000
7,1943,structured_50,835000
7,1943,dense,963300
7,1944,dense,980000
7,1944,structured_50,818900
7,1945,structured_50,817900
7,1945,dense,1739000
7,1946,dense,986500
7,1946,structured_50,517000
7,1947,structured_50,376900
7,1947,dense,377100
7,1948,dense,401100
7,1948,structured_50,425500
7,1949,structured_50,430500
7,1949,dense,731500
7,1950,dense,795800
7,1950,structured_50,783900
7,1951,structured_50,776400
7,1951,dense,937200
7,1952,dense,934800
7,1952,structured_50,792500
7,1953,structured_50,769900
7,1953,dense,976500
7,1954,dense,969300
7,1954,structured_50,806200
7,1955,structured_50,777800
7,1955,dense,968900
7,1956,dense,1124400
7,1956,structured_50,757100
7,1957,structured_50,809000
7,1957,dense,941900
7,1958,dense,963500
7,1958,structured_50,801000
7,1959,structured_50,789900
7,1959,dense,939700
7,1960,dense,963700
7,1960,structured_50,764000
7,1961,structured_50,757300
7,1961,dense,929300
7,1962,dense,918400
7,1962,structured_50,779000
7,1963,structured_50,793000
7,1963,dense,908200
7,1964,dense,932300
7,1964,structured_50,773700
7,1965,structured_50,799700
7,1965,dense,915500
7,1966,dense,925200
7,1966,structured_50,799800
7,1967,structured_50,775700
7,1967,dense,930800
7,1968,dense,909100
7,1968,structured_50,796200
7,1969,structured_50,773700
7,1969,dense,909300
7,1970,dense,931800
7,1970,structured_50,776100
7,1971,structured_50,787500
7,1971,dense,941300
7,1972,dense,932200
7,1972,structured_50,781300
7,1973,structured_50,1083700
7,1973,dense,1056100
7,1974,dense,917600
7,1974,structured_50,786500
7,1975,structured_50,785000
7,1975,dense,920400
7,1976,dense,909400
7,1976,structured_50,797900
7,1977,structured_50,773400
7,1977,dense,931500
7,1978,dense,909200
7,1978,structured_50,854800
7,1979,structured_50,1044500
7,1979,dense,902300
7,1980,dense,937900
7,1980,structured_50,783900
7,1981,structured_50,860800
7,1981,dense,1093000
7,1982,dense,670600
7,1982,structured_50,379100
7,1983,structured_50,961000
7,1983,dense,969600
7,1984,dense,953700
7,1984,structured_50,802200
7,1985,structured_50,824200
7,1985,dense,961400
7,1986,dense,959600
7,1986,structured_50,799400
7,1987,structured_50,808200
7,1987,dense,949100
7,1988,dense,1027700
7,1988,structured_50,797300
7,1989,structured_50,769200
7,1989,dense,931100
7,1990,dense,996600
7,1990,structured_50,862500
7,1991,structured_50,773900
7,1991,dense,1114500
7,1992,dense,937200
7,1992,structured_50,748900
7,1993,structured_50,787800
7,1993,dense,943100
7,1994,dense,938700
7,1994,structured_50,777700
7,1995,structured_50,765500
7,1995,dense,939200
7,1996,dense,910600
7,1996,structured_50,793300
7,1997,structured_50,772100
7,1997,dense,933600
7,1998,dense,786400
7,1998,structured_50,382400
7,1999,structured_50,316600
7,1999,dense,695200
7,2000,dense,1087100
7,2000,structured_50,764800
7,2001,structured_50,810800
7,2001,dense,924300
7,2002,dense,955800
7,2002,structured_50,799900
7,2003,structured_50,788500
7,2003,dense,918600
7,2004,dense,921200
7,2004,structured_50,778600
7,2005,structured_50,773200
7,2005,dense,1121200
7,2006,dense,1021400
7,2006,structured_50,1016400
7,2007,structured_50,810100
7,2007,dense,953000
7,2008,dense,1258600
7,2008,structured_50,1001000
7,2009,structured_50,924300
7,2009,dense,1002700
7,2010,dense,999100
7,2010,structured_50,1113700
7,2011,structured_50,866500
7,2011,dense,1006700
7,2012,dense,1006900
7,2012,structured_50,858500
7,2013,structured_50,896600
7,2013,dense,1046100
7,2014,dense,1088000
7,2014,structured_50,897900
7,2015,structured_50,884800
7,2015,dense,1058800
7,2016,dense,984600
7,2016,structured_50,993200
7,2017,structured_50,850600
7,2017,dense,1052400
7,2018,dense,1069000
7,2018,structured_50,863100
7,2019,structured_50,915000
7,2019,dense,1090700
7,2020,dense,968700
7,2020,structured_50,853800
7,2021,structured_50,807800
7,2021,dense,1107900
7,2022,dense,941300
7,2022,structured_50,801400
7,2023,structured_50,768500
7,2023,dense,976900
7,2024,dense,957000
7,2024,structured_50,820300
7,2025,structured_50,825100
7,2025,dense,948600
7,2026,dense,972300
7,2026,structured_50,818100
7,2027,structured_50,830200
7,2027,dense,955200
7,2028,dense,971600
7,2028,structured_50,820800
7,2029,structured_50,802700
7,2029,dense,977100
7,2030,dense,1151800
7,2030,structured_50,869400
7,2031,structured_50,852100
7,2031,dense,967500
7,2032,dense,972100
7,2032,structured_50,821700
7,2033,structured_50,816300
7,2033,dense,973400
7,2034,dense,950500
7,2034,structured_50,838500
7,2035,structured_50,813100
7,2035,dense,982700
7,2036,dense,954700
7,2036,structured_50,829100
7,2037,structured_50,814700
7,2037,dense,947200
7,2038,dense,989200
7,2038,structured_50,814000
7,2039,structured_50,855600
7,2039,dense,960200
7,2040,dense,975100
7,2040,structured_50,821600
7,2041,structured_50,845900
7,2041,dense,966200
7,2042,dense,973100
7,2042,structured_50,810800
7,2043,structured_50,810500
7,2043,dense,976900
7,2044,dense,956300
7,2044,structured_50,832400
7,2045,structured_50,812800
7,2045,dense,980000
7,2046,dense,951700
7,2046,structured_50,852600
7,2047,structured_50,845300
7,2047,dense,967300
7,2048,dense,938000
7,2048,structured_50,779100
7,2049,structured_50,788600
7,2049,dense,911700
7,2050,dense,930500
7,2050,structured_50,775300
7,2051,structured_50,770900
7,2051,dense,939600
7,2052,dense,911100
7,2052,structured_50,800600
7,2053,structured_50,1073300
7,2053,dense,1016500
7,2054,dense,996400
7,2054,structured_50,814600
7,2055,structured_50,837700
7,2055,dense,921800
7,2056,dense,910300
7,2056,structured_50,801200
7,2057,structured_50,769700
7,2057,dense,936500
7,2058,dense,908100
7,2058,structured_50,792400
7,2059,structured_50,782400
7,2059,dense,1153300
7,2060,dense,1017200
7,2060,structured_50,846700
7,2061,structured_50,827100
7,2061,dense,987300
7,2062,dense,978000
7,2062,structured_50,845300
7,2063,structured_50,815700
7,2063,dense,981000
7,2064,dense,965400
7,2064,structured_50,843300
7,2065,structured_50,824100
7,2065,dense,960400
7,2066,dense,953900
7,2066,structured_50,806700
7,2067,structured_50,797300
7,2067,dense,932800
7,2068,dense,974900
7,2068,structured_50,795900
7,2069,structured_50,784300
7,2069,dense,924300
7,2070,dense,911000
7,2070,structured_50,794600
7,2071,structured_50,770600
7,2071,dense,1018300
7,2072,dense,915300
7,2072,structured_50,831700
7,2073,structured_50,783500
7,2073,dense,910600
7,2074,dense,929900
7,2074,structured_50,777300
7,2075,structured_50,790300
7,2075,dense,910500
7,2076,dense,927400
7,2076,structured_50,777900
7,2077,structured_50,897200
7,2077,dense,900400
7,2078,dense,894300
7,2078,structured_50,396300
7,2079,structured_50,330100
7,2079,dense,895800
7,2080,dense,877300
7,2080,structured_50,805100
7,2081,structured_50,771200
7,2081,dense,925500
7,2082,dense,912900
7,2082,structured_50,770900
7,2083,structured_50,789000
7,2083,dense,920000
7,2084,dense,927500
7,2084,structured_50,787700
7,2085,structured_50,756400
7,2085,dense,994700
7,2086,dense,911700
7,2086,structured_50,867500
7,2087,structured_50,343900
7,2087,dense,386500
7,2088,dense,369300
7,2088,structured_50,304200
7,2089,structured_50,331300
7,2089,dense,426400
7,2090,dense,435500
7,2090,structured_50,352600
7,2091,structured_50,355500
7,2091,dense,486700
7,2092,dense,372000
7,2092,structured_50,350800
7,2093,structured_50,357400
7,2093,dense,417900
7,2094,dense,458300
7,2094,structured_50,356600
7,2095,structured_50,342400
7,2095,dense,415300
7,2096,dense,506600
7,2096,structured_50,351000
7,2097,structured_50,392200
7,2097,dense,987800
7,2098,dense,922300
7,2098,structured_50,791700
7,2099,structured_50,771300
7,2099,dense,934900
7,2100,dense,922800
7,2100,structured_50,797600
7,2101,structured_50,951200
7,2101,dense,1415900
7,2102,dense,1574600
7,2102,structured_50,867300
7,2103,structured_50,847800
7,2103,dense,841800
7,2104,dense,548100
7,2104,structured_50,370500
7,2105,structured_50,595300
7,2105,dense,488400
7,2106,dense,655400
7,2106,structured_50,563100
7,2107,structured_50,885800
7,2107,dense,954300
7,2108,dense,916000
7,2108,structured_50,751200
7,2109,structured_50,769400
7,2109,dense,943700
7,2110,dense,1111700
7,2110,structured_50,1636900
7,2111,structured_50,1883700
7,2111,dense,2169000
7,2112,dense,1964800
7,2112,structured_50,1419500
7,2113,structured_50,1241200
7,2113,dense,1237000
7,2114,dense,469700
7,2114,structured_50,329900
7,2115,structured_50,361900
7,2115,dense,411000
7,2116,dense,564900
7,2116,structured_50,545500
7,2117,structured_50,584900
7,2117,dense,632400
7,2118,dense,849900
7,2118,structured_50,662900
7,2119,structured_50,766600
7,2119,dense,1164800
7,2120,dense,1313300
7,2120,structured_50,1030100
7,2121,structured_50,851700
7,2121,dense,1247400
7,2122,dense,981300
7,2122,structured_50,803300
7,2123,structured_50,828100
7,2123,dense,1012100
7,2124,dense,990100
7,2124,structured_50,845700
7,2125,structured_50,819600
7,2125,dense,982100
7,2126,dense,957500
7,2126,structured_50,843200
7,2127,structured_50,872500
7,2127,dense,1243200
7,2128,dense,960400
7,2128,structured_50,961900
7,2129,structured_50,1344900
7,2129,dense,2076200
7,2130,dense,1540300
7,2130,structured_50,1422100
7,2131,structured_50,1028500
7,2131,dense,963200
7,2132,dense,995600
7,2132,structured_50,831500
7,2133,structured_50,840600
7,2133,dense,972000
7,2134,dense,958400
7,2134,structured_50,841100
7,2135,structured_50,817100
7,2135,dense,974400
7,2136,dense,967000
7,2136,structured_50,836100
7,2137,structured_50,811900
7,2137,dense,1010400
7,2138,dense,1046700
7,2138,structured_50,603500
7,2139,structured_50,943400
7,2139,dense,896400
7,2140,dense,1072200
7,2140,structured_50,815900
7,2141,structured_50,825200
7,2141,dense,921300
7,2142,dense,929000
7,2142,structured_50,860900
7,2143,structured_50,795300
7,2143,dense,1073300
7,2144,dense,1067600
7,2144,structured_50,1021300
7,2145,structured_50,866300
7,2145,dense,515900
7,2146,dense,449400
7,2146,structured_50,701400
7,2147,structured_50,382100
7,2147,dense,448600
7,2148,dense,423400
7,2148,structured_50,321900
7,2149,structured_50,304900
7,2149,dense,426900
7,2150,dense,485800
7,2150,structured_50,381100
7,2151,structured_50,384000
7,2151,dense,457700
7,2152,dense,469500
7,2152,structured_50,384000
7,2153,structured_50,349700
7,2153,dense,1094200
7,2154,dense,1441100
7,2154,structured_50,1618900
7,2155,structured_50,1265800
7,2155,dense,1331900
7,2156,dense,1282700
7,2156,structured_50,416500
7,2157,structured_50,354900
7,2157,dense,384200
7,2158,dense,376000
7,2158,structured_50,316400
7,2159,structured_50,346500
7,2159,dense,552500
7,2160,dense,377600
7,2160,structured_50,306500
7,2161,structured_50,302100
7,2161,dense,416500
7,2162,dense,858500
7,2162,structured_50,865600
7,2163,structured_50,799200
7,2163,dense,986600
7,2164,dense,961200
7,2164,structured_50,833900
7,2165,structured_50,905700
7,2165,dense,976400
7,2166,dense,960100
7,2166,structured_50,811600
7,2167,structured_50,837200
7,2167,dense,1296700
7,2168,dense,957600
7,2168,structured_50,791100
7,2169,structured_50,774800
7,2169,dense,925800
7,2170,dense,944100
7,2170,structured_50,780400
7,2171,structured_50,792300
7,2171,dense,918100
7,2172,dense,934400
7,2172,structured_50,785700
7,2173,structured_50,774100
7,2173,dense,933600
7,2174,dense,932600
7,2174,structured_50,613300
7,2175,structured_50,343900
7,2175,dense,405100
7,2176,dense,443300
7,2176,structured_50,518900
7,2177,structured_50,369500
7,2177,dense,425100
7,2178,dense,473700
7,2178,structured_50,368900
7,2179,structured_50,353600
7,2179,dense,429300
7,2180,dense,632600
7,2180,structured_50,797400
7,2181,structured_50,733700
7,2181,dense,975900
7,2182,dense,918800
7,2182,structured_50,796900
7,2183,structured_50,768300
7,2183,dense,1036900
7,2184,dense,878500
7,2184,structured_50,774700
7,2185,structured_50,807400
7,2185,dense,934600
7,2186,dense,918900
7,2186,structured_50,777800
7,2187,structured_50,796800
7,2187,dense,907500
7,2188,dense,1158200
7,2188,structured_50,806200
7,2189,structured_50,916600
7,2189,dense,1571300
7,2190,dense,932500
7,2190,structured_50,907100
7,2191,structured_50,416500
7,2191,dense,517500
7,2192,dense,608100
7,2192,structured_50,804200
7,2193,structured_50,996700
7,2193,dense,1182700
7,2194,dense,1418500
7,2194,structured_50,846300
7,2195,structured_50,854000
7,2195,dense,1114100
7,2196,dense,1064700
7,2196,structured_50,985000
7,2197,structured_50,787900
7,2197,dense,1004800
7,2198,dense,992900
7,2198,structured_50,895300
7,2199,structured_50,841500
7,2199,dense,1028000
7,2200,dense,1013600
7,2200,structured_50,856400
7,2201,structured_50,886100
7,2201,dense,998700
7,2202,dense,1001900
7,2202,structured_50,855700
7,2203,structured_50,863600
7,2203,dense,981200
7,2204,dense,996500
7,2204,structured_50,859100
7,2205,structured_50,872800
7,2205,dense,1008800
7,2206,dense,1004800
7,2206,structured_50,916800
7,2207,structured_50,833300
7,2207,dense,1024600
7,2208,dense,1014100
7,2208,structured_50,807400
7,2209,structured_50,779500
7,2209,dense,934100
7,2210,dense,907200
7,2210,structured_50,793300
7,2211,structured_50,765900
7,2211,dense,923000
7,2212,dense,919300
7,2212,structured_50,770500
7,2213,structured_50,791500
7,2213,dense,959700
7,2214,dense,983500
7,2214,structured_50,793300
7,2215,structured_50,785100
7,2215,dense,946400
7,2216,dense,1010700
7,2216,structured_50,833400
7,2217,structured_50,862200
7,2217,dense,969800
7,2218,dense,913100
7,2218,structured_50,799700
7,2219,structured_50,767300
7,2219,dense,936200
7,2220,dense,928200
7,2220,structured_50,856900
7,2221,structured_50,830800
7,2221,dense,917300
7,2222,dense,995700
7,2222,structured_50,818600
7,2223,structured_50,806600
7,2223,dense,941900
7,2224,dense,924500
7,2224,structured_50,781100
7,2225,structured_50,774100
7,2225,dense,966600
7,2226,dense,964000
7,2226,structured_50,889600
7,2227,structured_50,819200
7,2227,dense,997000
7,2228,dense,952000
7,2228,structured_50,881700
7,2229,structured_50,839200
7,2229,dense,999800
7,2230,dense,959500
7,2230,structured_50,825800
7,2231,structured_50,828100
7,2231,dense,962600
7,2232,dense,970500
7,2232,structured_50,875200
7,2233,structured_50,843600
7,2233,dense,987600
7,2234,dense,979100
7,2234,structured_50,866400
7,2235,structured_50,817600
7,2235,dense,988500
7,2236,dense,1284100
7,2236,structured_50,918900
7,2237,structured_50,840900
7,2237,dense,1007600
7,2238,dense,981500
7,2238,structured_50,851300
7,2239,structured_50,819700
7,2239,dense,983100
7,2240,dense,950800
7,2240,structured_50,825200
7,2241,structured_50,810100
7,2241,dense,964000
7,2242,dense,945300
7,2242,structured_50,872200
7,2243,structured_50,869200
7,2243,dense,985500
7,2244,dense,973500
7,2244,structured_50,821300
7,2245,structured_50,812900
7,2245,dense,929400
7,2246,dense,964600
7,2246,structured_50,802100
7,2247,structured_50,820500
7,2247,dense,962000
7,2248,dense,995800
7,2248,structured_50,849500
7,2249,structured_50,821900
7,2249,dense,998600
7,2250,dense,968300
7,2250,structured_50,880000
7,2251,structured_50,846200
7,2251,dense,999200
7,2252,dense,966800
7,2252,structured_50,849400
7,2253,structured_50,827100
7,2253,dense,1010400
7,2254,dense,969700
7,2254,structured_50,831100
7,2255,structured_50,845200
7,2255,dense,970600
7,2256,dense,984200
7,2256,structured_50,967600
7,2257,structured_50,943600
7,2257,dense,905700
7,2258,dense,914800
7,2258,structured_50,787200
7,2259,structured_50,799700
7,2259,dense,974700
7,2260,dense,964500
7,2260,structured_50,789100
7,2261,structured_50,773100
7,2261,dense,929400
7,2262,dense,910200
7,2262,structured_50,794800
7,2263,structured_50,811200
7,2263,dense,968400
7,2264,dense,952600
7,2264,structured_50,813000
7,2265,structured_50,774600
7,2265,dense,919900
7,2266,dense,939300
7,2266,structured_50,793400
7,2267,structured_50,804100
7,2267,dense,916800
7,2268,dense,927800
7,2268,structured_50,803600
7,2269,structured_50,771900
7,2269,dense,953000
7,2270,dense,916100
7,2270,structured_50,797800
7,2271,structured_50,768800
7,2271,dense,926600
7,2272,dense,915100
7,2272,structured_50,775100
7,2273,structured_50,878500
7,2273,dense,498400
7,2274,dense,414100
7,2274,structured_50,338000
7,2275,structured_50,343600
7,2275,dense,398300
7,2276,dense,430500
7,2276,structured_50,355000
7,2277,structured_50,345400
7,2277,dense,450300
7,2278,dense,482900
7,2278,structured_50,717600
7,2279,structured_50,829000
7,2279,dense,956900
7,2280,dense,975400
7,2280,structured_50,827800
7,2281,structured_50,807200
7,2281,dense,985000
7,2282,dense,971200
7,2282,structured_50,816600
7,2283,structured_50,837300
7,2283,dense,967500
7,2284,dense,1035600
7,2284,structured_50,1147600
7,2285,structured_50,437800
7,2285,dense,415700
7,2286,dense,480400
7,2286,structured_50,357500
7,2287,structured_50,405800
7,2287,dense,450500
7,2288,dense,485900
7,2288,structured_50,372700
7,2289,structured_50,365800
7,2289,dense,508700
7,2290,dense,434300
7,2290,structured_50,867100
7,2291,structured_50,370400
7,2291,dense,602900
7,2292,dense,538800
7,2292,structured_50,326800
7,2293,structured_50,304700
7,2293,dense,391000
7,2294,dense,443700
7,2294,structured_50,365700
7,2295,structured_50,354100
7,2295,dense,430900
7,2296,dense,452000
7,2296,structured_50,666500
7,2297,structured_50,851200
7,2297,dense,998300
7,2298,dense,980600
7,2298,structured_50,1126800
7,2299,structured_50,912800
7,2299,dense,1133200
7,2300,dense,1109100
7,2300,structured_50,913400
7,2301,structured_50,892100
7,2301,dense,1057100
7,2302,dense,1089100
7,2302,structured_50,976700
7,2303,structured_50,941900
7,2303,dense,1099900
7,2304,dense,1074000
7,2304,structured_50,912800
7,2305,structured_50,890200
7,2305,dense,1081400
7,2306,dense,1072800
7,2306,structured_50,912500
7,2307,structured_50,872300
7,2307,dense,1127600
7,2308,dense,1175100
7,2308,structured_50,1004400
7,2309,structured_50,990500
7,2309,dense,1093600
7,2310,dense,1050200
7,2310,structured_50,922500
7,2311,structured_50,931600
7,2311,dense,1076400
7,2312,dense,1080100
7,2312,structured_50,917300
7,2313,structured_50,911600
7,2313,dense,1227000
7,2314,dense,999700
7,2314,structured_50,889200
7,2315,structured_50,890000
7,2315,dense,1061600
7,2316,dense,1018800
7,2316,structured_50,916600
7,2317,structured_50,882800
7,2317,dense,1038300
7,2318,dense,973500
7,2318,structured_50,873600
7,2319,structured_50,917800
7,2319,dense,1142500
7,2320,dense,1109000
7,2320,structured_50,970700
7,2321,structured_50,919000
7,2321,dense,1048000
7,2322,dense,953200
7,2322,structured_50,857300
7,2323,structured_50,788300
7,2323,dense,925200
7,2324,dense,968400
7,2324,structured_50,796900
7,2325,structured_50,802100
7,2325,dense,923200
7,2326,dense,939300
7,2326,structured_50,818600
7,2327,structured_50,804600
7,2327,dense,974900
7,2328,dense,951900
7,2328,structured_50,843200
7,2329,structured_50,826700
7,2329,dense,993200
7,2330,dense,960400
7,2330,structured_50,846900
7,2331,structured_50,811600
7,2331,dense,993400
7,2332,dense,968100
7,2332,structured_50,818700
7,2333,structured_50,827700
7,2333,dense,964500
7,2334,dense,1111300
7,2334,structured_50,826300
7,2335,structured_50,804700
7,2335,dense,980900
7,2336,dense,986900
7,2336,structured_50,835700
7,2337,structured_50,814300
7,2337,dense,944600
7,2338,dense,942500
7,2338,structured_50,823700
7,2339,structured_50,785700
7,2339,dense,960000
7,2340,dense,955800
7,2340,structured_50,813900
7,2341,structured_50,789100
7,2341,dense,949700
7,2342,dense,1043900
7,2342,structured_50,818500
7,2343,structured_50,751200
7,2343,dense,909800
7,2344,dense,934000
7,2344,structured_50,802400
7,2345,structured_50,810600
7,2345,dense,932700
7,2346,dense,946000
7,2346,structured_50,784000
7,2347,structured_50,801400
7,2347,dense,944000
7,2348,dense,934500
7,2348,structured_50,821800
7,2349,structured_50,807400
7,2349,dense,952400
7,2350,dense,928400
7,2350,structured_50,835000
7,2351,structured_50,785700
7,2351,dense,955800
7,2352,dense,925600
7,2352,structured_50,851000
7,2353,structured_50,760700
7,2353,dense,874400
7,2354,dense,899700
7,2354,structured_50,797600
7,2355,structured_50,772700
7,2355,dense,925200
7,2356,dense,909100
7,2356,structured_50,793900
7,2357,structured_50,861600
7,2357,dense,931900
7,2358,dense,928600
7,2358,structured_50,773700
7,2359,structured_50,782500
7,2359,dense,906100
7,2360,dense,920500
7,2360,structured_50,776800
7,2361,structured_50,771700
7,2361,dense,960300
7,2362,dense,917900
7,2362,structured_50,804300
7,2363,structured_50,770100
7,2363,dense,954000
7,2364,dense,914000
7,2364,structured_50,777000
7,2365,structured_50,791100
7,2365,dense,913400
7,2366,dense,923700
7,2366,structured_50,769400
7,2367,structured_50,767600
7,2367,dense,929100
7,2368,dense,903100
7,2368,structured_50,796600
7,2369,structured_50,841000
7,2369,dense,939700
7,2370,dense,864300
7,2370,structured_50,1008000
7,2371,structured_50,897400
7,2371,dense,1291900
7,2372,dense,1074300
7,2372,structured_50,858100
7,2373,structured_50,842400
7,2373,dense,1018000
7,2374,dense,1028200
7,2374,structured_50,900600
7,2375,structured_50,840000
7,2375,dense,1035900
7,2376,dense,1037700
7,2376,structured_50,874900
7,2377,structured_50,831500
7,2377,dense,1016300
7,2378,dense,987300
7,2378,structured_50,882700
7,2379,structured_50,851900
7,2379,dense,1032000
7,2380,dense,991600
7,2380,structured_50,966000
7,2381,structured_50,789800
7,2381,dense,938100
7,2382,dense,978100
7,2382,structured_50,829800
7,2383,structured_50,839000
7,2383,dense,953100
7,2384,dense,982700
7,2384,structured_50,824700
7,2385,structured_50,827800
7,2385,dense,967500
7,2386,dense,993500
7,2386,structured_50,952500
7,2387,structured_50,868300
7,2387,dense,1004100
7,2388,dense,937900
7,2388,structured_50,845300
7,2389,structured_50,813900
7,2389,dense,989400
7,2390,dense,1046500
7,2390,structured_50,860800
7,2391,structured_50,824700
7,2391,dense,993300
7,2392,dense,966900
7,2392,structured_50,834000
7,2393,structured_50,804600
7,2393,dense,924500
7,2394,dense,995600
7,2394,structured_50,834000
7,2395,structured_50,831900
7,2395,dense,977000
7,2396,dense,981600
7,2396,structured_50,833400
7,2397,structured_50,821300
7,2397,dense,1006600
7,2398,dense,977600
7,2398,structured_50,828500
7,2399,structured_50,794800
7,2399,dense,939300
7,2400,dense,907400
7,2400,structured_50,802300
7,2401,structured_50,812400
7,2401,dense,976000
7,2402,dense,961200
7,2402,structured_50,870300
7,2403,structured_50,860700
7,2403,dense,972900
7,2404,dense,991700
7,2404,structured_50,802800
7,2405,structured_50,806000
7,2405,dense,932700
7,2406,dense,936200
7,2406,structured_50,827100
7,2407,structured_50,811500
7,2407,dense,988200
7,2408,dense,1047400
7,2408,structured_50,855700
7,2409,structured_50,820000
7,2409,dense,991300
7,2410,dense,959900
7,2410,structured_50,848300
7,2411,structured_50,836300
7,2411,dense,1113200
7,2412,dense,984500
7,2412,structured_50,841400
7,2413,structured_50,835800
7,2413,dense,1013800
7,2414,dense,1014200
7,2414,structured_50,848900
7,2415,structured_50,862700
7,2415,dense,991300
7,2416,dense,1010200
7,2416,structured_50,841900
7,2417,structured_50,858800
7,2417,dense,983000
7,2418,dense,986900
7,2418,structured_50,841700
7,2419,structured_50,823100
7,2419,dense,988400
7,2420,dense,1145900
7,2420,structured_50,872900
7,2421,structured_50,831900
7,2421,dense,955800
7,2422,dense,971400
7,2422,structured_50,832500
7,2423,structured_50,826100
7,2423,dense,1045200
7,2424,dense,929000
7,2424,structured_50,897100
7,2425,structured_50,837400
7,2425,dense,1016500
7,2426,dense,971000
7,2426,structured_50,837900
7,2427,structured_50,811600
7,2427,dense,989500
7,2428,dense,961700
7,2428,structured_50,991500
7,2429,structured_50,883500
7,2429,dense,1064600
7,2430,dense,1257700
7,2430,structured_50,879000
7,2431,structured_50,837900
7,2431,dense,1000600
7,2432,dense,952000
7,2432,structured_50,792900
7,2433,structured_50,801300
7,2433,dense,918300
7,2434,dense,934300
7,2434,structured_50,784900
7,2435,structured_50,807100
7,2435,dense,923800
7,2436,dense,929200
7,2436,structured_50,789600
7,2437,structured_50,778300
7,2437,dense,961100
7,2438,dense,919000
7,2438,structured_50,806900
7,2439,structured_50,781100
7,2439,dense,923500
7,2440,dense,998000
7,2440,structured_50,797600
7,2441,structured_50,801300
7,2441,dense,940800
7,2442,dense,937400
7,2442,structured_50,798400
7,2443,structured_50,838200
7,2443,dense,919900
7,2444,dense,957600
7,2444,structured_50,880500
7,2445,structured_50,767800
7,2445,dense,931300
7,2446,dense,976400
7,2446,structured_50,903700
7,2447,structured_50,823000
7,2447,dense,1043900
7,2448,dense,1029400
7,2448,structured_50,893300
7,2449,structured_50,827000
7,2449,dense,1003900
7,2450,dense,960700
7,2450,structured_50,855700
7,2451,structured_50,825900
7,2451,dense,1012500
7,2452,dense,975000
7,2452,structured_50,863500
7,2453,structured_50,829500
7,2453,dense,939100
7,2454,dense,1370200
7,2454,structured_50,901000
7,2455,structured_50,793800
7,2455,dense,1049800
7,2456,dense,1006700
7,2456,structured_50,876600
7,2457,structured_50,844500
7,2457,dense,990600
7,2458,dense,957700
7,2458,structured_50,833500
7,2459,structured_50,817900
7,2459,dense,971000
7,2460,dense,956600
7,2460,structured_50,812400
7,2461,structured_50,830900
7,2461,dense,947700
7,2462,dense,966800
7,2462,structured_50,1071400
7,2463,structured_50,858500
7,2463,dense,941700
7,2464,dense,933700
7,2464,structured_50,860500
7,2465,structured_50,835600
7,2465,dense,1177100
7,2466,dense,930100
7,2466,structured_50,714200
7,2467,structured_50,357200
7,2467,dense,404500
7,2468,dense,391900
7,2468,structured_50,349900
7,2469,structured_50,1070500
7,2469,dense,849700
7,2470,dense,525300
7,2470,structured_50,443300
7,2471,structured_50,426800
7,2471,dense,412900
7,2472,dense,378400
7,2472,structured_50,360100
7,2473,structured_50,395700
7,2473,dense,440100
7,2474,dense,527800
7,2474,structured_50,334300
7,2475,structured_50,304400
7,2475,dense,419800
7,2476,dense,748600
7,2476,structured_50,775100
7,2477,structured_50,917600
7,2477,dense,1014600
7,2478,dense,975000
7,2478,structured_50,793400
7,2479,structured_50,780400
7,2479,dense,945700
7,2480,dense,926900
7,2480,structured_50,799400
7,2481,structured_50,770200
7,2481,dense,927900
7,2482,dense,915800
7,2482,structured_50,797900
7,2483,structured_50,783700
7,2483,dense,919500
7,2484,dense,942300
7,2484,structured_50,816200
7,2485,structured_50,793700
7,2485,dense,914300
7,2486,dense,926800
7,2486,structured_50,778800
7,2487,structured_50,767100
7,2487,dense,927100
7,2488,dense,911200
7,2488,structured_50,796300
7,2489,structured_50,781000
7,2489,dense,956800
7,2490,dense,918400
7,2490,structured_50,782400
7,2491,structured_50,791900
7,2491,dense,915600
7,2492,dense,928000
7,2492,structured_50,776300
7,2493,structured_50,763300
7,2493,dense,1242400
7,2494,dense,1062800
7,2494,structured_50,884900
7,2495,structured_50,916000
7,2495,dense,1150700
7,2496,dense,1083400
7,2496,structured_50,890600
7,2497,structured_50,896300
7,2497,dense,1063100
7,2498,dense,1072800
7,2498,structured_50,913400
7,2499,structured_50,909500
7,2499,dense,1022000
8,0,dense,1042000
8,0,structured_50,831400
8,1,structured_50,847900
8,1,dense,1108900
8,2,dense,974100
8,2,structured_50,828200
8,3,structured_50,841300
8,3,dense,1047000
8,4,dense,1037200
8,4,structured_50,437200
8,5,structured_50,374400
8,5,dense,450600
8,6,dense,503100
8,6,structured_50,525800
8,7,structured_50,377200
8,7,dense,481200
8,8,dense,494200
8,8,structured_50,395600
8,9,structured_50,377500
8,9,dense,469500
8,10,dense,465400
8,10,structured_50,493600
8,11,structured_50,750800
8,11,dense,1491400
8,12,dense,952400
8,12,structured_50,709800
8,13,structured_50,678500
8,13,dense,860300
8,14,dense,863800
8,14,structured_50,398100
8,15,structured_50,950200
8,15,dense,968200
8,16,dense,1005800
8,16,structured_50,870800
8,17,structured_50,918200
8,17,dense,1908800
8,18,dense,1079100
8,18,structured_50,902400
8,19,structured_50,1097200
8,19,dense,1087800
8,20,dense,1036500
8,20,structured_50,939500
8,21,structured_50,914400
8,21,dense,1086300
8,22,dense,1253700
8,22,structured_50,894200
8,23,structured_50,895200
8,23,dense,1021700
8,24,dense,1044600
8,24,structured_50,887400
8,25,structured_50,912600
8,25,dense,1144900
8,26,dense,1107100
8,26,structured_50,890000
8,27,structured_50,1201400
8,27,dense,1042700
8,28,dense,1004500
8,28,structured_50,947500
8,29,structured_50,893200
8,29,dense,1097400
8,30,dense,1044700
8,30,structured_50,905300
8,31,structured_50,895200
8,31,dense,1075400
8,32,dense,1055400
8,32,structured_50,905500
8,33,structured_50,886500
8,33,dense,1069400
8,34,dense,1061100
8,34,structured_50,930700
8,35,structured_50,874800
8,35,dense,741500
8,36,dense,1069900
8,36,structured_50,802800
8,37,structured_50,1503600
8,37,dense,2284700
8,38,dense,1416600
8,38,structured_50,865200
8,39,structured_50,889400
8,39,dense,1048900
8,40,dense,1079100
8,40,structured_50,873300
8,41,structured_50,899400
8,41,dense,1043700
8,42,dense,1223400
8,42,structured_50,876400
8,43,structured_50,887300
8,43,dense,1033600
8,44,dense,1064200
8,44,structured_50,901400
8,45,structured_50,902200
8,45,dense,1044400
8,46,dense,1047900
8,46,structured_50,887000
8,47,structured_50,899300
8,47,dense,1056500
8,48,dense,1058400
8,48,structured_50,881300
8,49,structured_50,902400
8,49,dense,1207700
8,50,dense,1151000
8,50,structured_50,1096700
8,51,structured_50,872300
8,51,dense,1063600
8,52,dense,1041100
8,52,structured_50,901200
8,53,structured_50,860400
8,53,dense,1048800
8,54,dense,1029800
8,54,structured_50,862400
8,55,structured_50,917100
8,55,dense,1054000
8,56,dense,999100
8,56,structured_50,862900
8,57,structured_50,829500
8,57,dense,1240400
8,58,dense,1116800
8,58,structured_50,902900
8,59,structured_50,885000
8,59,dense,1053300
8,60,dense,1098200
8,60,structured_50,906200
8,61,structured_50,893800
8,61,dense,1076800
8,62,dense,1057500
8,62,structured_50,890300
8,63,structured_50,874500
8,63,dense,1050500
8,64,dense,1080900
8,64,structured_50,899300
8,65,structured_50,887300
8,65,dense,1077400
8,66,dense,1057600
8,66,structured_50,885600
8,67,structured_50,885300
8,67,dense,1089300
8,68,dense,1026600
8,68,structured_50,904500
8,69,structured_50,867300
8,69,dense,1086500
8,70,dense,1066900
8,70,structured_50,912300
8,71,structured_50,918200
8,71,dense,1135100
8,72,dense,1023900
8,72,structured_50,437500
8,73,structured_50,365400
8,73,dense,450000
8,74,dense,467800
8,74,structured_50,408200
8,75,structured_50,381200
8,75,dense,483900
8,76,dense,479000
8,76,structured_50,423300
8,77,structured_50,393100
8,77,dense,471000
8,78,dense,467000
8,78,structured_50,369100
8,79,structured_50,395400
8,79,dense,484300
8,80,dense,476400
8,80,structured_50,362000
8,81,structured_50,374100
8,81,dense,495900
8,82,dense,461500
8,82,structured_50,370500
8,83,structured_50,384000
8,83,dense,914000
8,84,dense,1069900
8,84,structured_50,1189000
8,85,structured_50,837000
8,85,dense,1029800
8,86,dense,1197300
8,86,structured_50,966400
8,87,structured_50,942900
8,87,dense,1047300
8,88,dense,1074700
8,88,structured_50,882400
8,89,structured_50,1260300
8,89,dense,1072100
8,90,dense,1047600
8,90,structured_50,910300
8,91,structured_50,889600
8,91,dense,1064600
8,92,dense,1075600
8,92,structured_50,887100
8,93,structured_50,912700
8,93,dense,1219000
8,94,dense,1027600
8,94,structured_50,840400
8,95,structured_50,944700
8,95,dense,1023700
8,96,dense,1010900
8,96,structured_50,885900
8,97,structured_50,882900
8,97,dense,1040700
8,98,dense,1063200
8,98,structured_50,879200
8,99,structured_50,935000
8,99,dense,1063100
8,100,dense,1281900
8,100,structured_50,1041700
8,101,structured_50,868000
8,101,dense,1038100
8,102,dense,1070200
8,102,structured_50,2029100
8,103,structured_50,943700
8,103,dense,1101300
8,104,dense,1036700
8,104,structured_50,899700
8,105,structured_50,1051300
8,105,dense,1057200
8,106,dense,1332200
8,106,structured_50,871500
8,107,structured_50,1022800
8,107,dense,987600
8,108,dense,1011700
8,108,structured_50,855000
8,109,structured_50,842600
8,109,dense,1025300
8,110,dense,999700
8,110,structured_50,915600
8,111,structured_50,953900
8,111,dense,1178400
8,112,dense,1013900
8,112,structured_50,1088400
8,113,structured_50,864700
8,113,dense,1081800
8,114,dense,1051100
8,114,structured_50,915000
8,115,structured_50,885100
8,115,dense,1130300
8,116,dense,1080800
8,116,structured_50,756000
8,117,structured_50,388100
8,117,dense,592100
8,118,dense,484000
8,118,structured_50,355600
8,119,structured_50,349100
8,119,dense,523100
8,120,dense,485000
8,120,structured_50,392100
8,121,structured_50,381300
8,121,dense,502300
8,122,dense,487300
8,122,structured_50,378800
8,123,structured_50,371700
8,123,dense,456900
8,124,dense,494000
8,124,structured_50,382000
8,125,structured_50,377200
8,125,dense,722900
8,126,dense,975700
8,126,structured_50,842600
8,127,structured_50,1189000
8,127,dense,1245900
8,128,dense,1027700
8,128,structured_50,965700
8,129,structured_50,887000
8,129,dense,1076400
8,130,dense,1072000
8,130,structured_50,931800
8,131,structured_50,903200
8,131,dense,1066300
8,132,dense,1035400
8,132,structured_50,844000
8,133,structured_50,648800
8,133,dense,574600
8,134,dense,1107000
8,134,structured_50,880800
8,135,structured_50,913300
8,135,dense,1046100
8,136,dense,1072200
8,136,structured_50,895200
8,137,structured_50,903800
8,137,dense,1038600
8,138,dense,1068900
8,138,structured_50,896400
8,139,structured_50,869200
8,139,dense,1030100
8,140,dense,1055800
8,140,structured_50,885400
8,141,structured_50,899100
8,141,dense,1165600
8,142,dense,1252200
8,142,structured_50,873200
8,143,structured_50,823800
8,143,dense,1134100
8,144,dense,992200
8,144,structured_50,877100
8,145,structured_50,883400
8,145,dense,1067500
8,146,dense,1044800
8,146,structured_50,891400
8,147,structured_50,868300
8,147,dense,1099900
8,148,dense,1048100
8,148,structured_50,905700
8,149,structured_50,1170100
8,149,dense,1072900
8,150,dense,1013600
8,150,structured_50,946100
8,151,structured_50,891100
8,151,dense,1077800
8,152,dense,1073100
8,152,structured_50,922400
8,153,structured_50,881400
8,153,dense,1066600
8,154,dense,1054200
8,154,structured_50,887200
8,155,structured_50,867700
8,155,dense,1064100
8,156,dense,1043400
8,156,structured_50,916100
8,157,structured_50,879600
8,157,dense,1049100
8,158,dense,1060100
8,158,structured_50,861600
8,159,structured_50,829100
8,159,dense,1066400
8,160,dense,1046000
8,160,structured_50,996200
8,161,structured_50,847600
8,161,dense,1004200
8,162,dense,1052800
8,162,structured_50,876100
8,163,structured_50,895100
8,163,dense,1040500
8,164,dense,1046900
8,164,structured_50,828100
8,165,structured_50,900500
8,165,dense,1053000
8,166,dense,1280100
8,166,structured_50,1237900
8,167,structured_50,904600
8,167,dense,1030300
8,168,dense,1033600
8,168,structured_50,842300
8,169,structured_50,861600
8,169,dense,1000700
8,170,dense,1014800
8,170,structured_50,825800
8,171,structured_50,396500
8,171,dense,517700
8,172,dense,419400
8,172,structured_50,922500
8,173,structured_50,898800
8,173,dense,1108800
8,174,dense,1052000
8,174,structured_50,914300
8,175,structured_50,890000
8,175,dense,1190000
8,176,dense,950100
8,176,structured_50,868600
8,177,structured_50,835000
8,177,dense,1008700
8,178,dense,1008200
8,178,structured_50,871200
8,179,structured_50,888700
8,179,dense,1086900
8,180,dense,1039400
8,180,structured_50,860200
8,181,structured_50,854100
8,181,dense,1050300
8,182,dense,1069700
8,182,structured_50,891800
8,183,structured_50,922700
8,183,dense,1313200
8,184,dense,916400
8,184,structured_50,903400
8,185,structured_50,871800
8,185,dense,1027800
8,186,dense,1059600
8,186,structured_50,910300
8,187,structured_50,955700
8,187,dense,1154500
8,188,dense,1080500
8,188,structured_50,888200
8,189,structured_50,918000
8,189,dense,885500
8,190,dense,587200
8,190,structured_50,360600
8,191,structured_50,333500
8,191,dense,431500
8,192,dense,430500
8,192,structured_50,435900
8,193,structured_50,378600
8,193,dense,650100
8,194,dense,502300
8,194,structured_50,785300
8,195,structured_50,815300
8,195,dense,1028900
8,196,dense,997900
8,196,structured_50,860500
8,197,structured_50,838600
8,197,dense,1018100
8,198,dense,1665400
8,198,structured_50,1682200
8,199,structured_50,859400
8,199,dense,1268400
8,200,dense,1049700
8,200,structured_50,1065800
8,201,structured_50,859100
8,201,dense,1179500
8,202,dense,972800
8,202,structured_50,814300
8,203,structured_50,889600
8,203,dense,1085000
8,204,dense,993900
8,204,structured_50,881000
8,205,structured_50,958500
8,205,dense,477400
8,206,dense,421300
8,206,structured_50,351700
8,207,structured_50,373100
8,207,dense,466200
8,208,dense,593700
8,208,structured_50,397400
8,209,structured_50,383400
8,209,dense,470100
8,210,dense,505700
8,210,structured_50,383100
8,211,structured_50,399800
8,211,dense,471500
8,212,dense,1086100
8,212,structured_50,1137300
8,213,structured_50,841100
8,213,dense,1035100
8,214,dense,1022600
8,214,structured_50,934000
8,215,structured_50,794000
8,215,dense,936900
8,216,dense,1013200
8,216,structured_50,830500
8,217,structured_50,843000
8,217,dense,1001400
8,218,dense,1247400
8,218,structured_50,803500
8,219,structured_50,516100
8,219,dense,1859500
8,220,dense,1255900
8,220,structured_50,838900
8,221,structured_50,821100
8,221,dense,1062600
8,222,dense,1100000
8,222,structured_50,863800
8,223,structured_50,1091700
8,223,dense,1100200
8,224,dense,1040700
8,224,structured_50,974300
8,225,structured_50,978900
8,225,dense,1058600
8,226,dense,1066000
8,226,structured_50,862400
8,227,structured_50,1356700
8,227,dense,1719400
8,228,dense,1155000
8,228,structured_50,1297900
8,229,structured_50,1051900
8,229,dense,1084400
8,230,dense,1058700
8,230,structured_50,861200
8,231,structured_50,882700
8,231,dense,1030600
8,232,dense,1047600
8,232,structured_50,863500
8,233,structured_50,899600
8,233,dense,997700
8,234,dense,1519400
8,234,structured_50,970000
8,235,structured_50,861900
8,235,dense,1084000
8,236,dense,1069500
8,236,structured_50,915800
8,237,structured_50,889000
8,237,dense,1189500
8,238,dense,1054100
8,238,structured_50,909200
8,239,structured_50,861300
8,239,dense,1064000
8,240,dense,1024000
8,240,structured_50,913100
8,241,structured_50,905100
8,241,dense,1074000
8,242,dense,1060400
8,242,structured_50,909000
8,243,structured_50,883000
8,243,dense,1073500
8,244,dense,1052700
8,244,structured_50,907100
8,245,structured_50,903900
8,245,dense,1078000
8,246,dense,1104000
8,246,structured_50,903200
8,247,structured_50,906600
8,247,dense,1166300
8,248,dense,1024500
8,248,structured_50,907000
8,249,structured_50,893100
8,249,dense,1063800
8,250,dense,1215300
8,250,structured_50,881900
8,251,structured_50,890100
8,251,dense,1027300
8,252,dense,1020100
8,252,structured_50,931700
8,253,structured_50,858600
8,253,dense,994200
8,254,dense,1006500
8,254,structured_50,836100
8,255,structured_50,823700
8,255,dense,1016300
8,256,dense,1015500
8,256,structured_50,1033700
8,257,structured_50,719400
8,257,dense,832500
8,258,dense,1001500
8,258,structured_50,855700
8,259,structured_50,1163300
8,259,dense,1077600
8,260,dense,1041400
8,260,structured_50,912300
8,261,structured_50,920500
8,261,dense,1044300
8,262,dense,1087100
8,262,structured_50,894200
8,263,structured_50,905300
8,263,dense,1047000
8,264,dense,1075800
8,264,structured_50,884600
8,265,structured_50,902500
8,265,dense,1043600
8,266,dense,1062500
8,266,structured_50,900500
8,267,structured_50,918600
8,267,dense,1055900
8,268,dense,1055400
8,268,structured_50,961100
8,269,structured_50,849300
8,269,dense,982600
8,270,dense,1007200
8,270,structured_50,823900
8,271,structured_50,841600
8,271,dense,999900
8,272,dense,996800
8,272,structured_50,826000
8,273,structured_50,835300
8,273,dense,1114200
8,274,dense,945600
8,274,structured_50,839100
8,275,structured_50,856200
8,275,dense,1049900
8,276,dense,997900
8,276,structured_50,914800
8,277,structured_50,838800
8,277,dense,1003300
8,278,dense,987200
8,278,structured_50,844500
8,279,structured_50,1056600
8,279,dense,990200
8,280,dense,936900
8,280,structured_50,875200
8,281,structured_50,836600
8,281,dense,1002900
8,282,dense,994000
8,282,structured_50,843500
8,283,structured_50,819400
8,283,dense,1134700
8,284,dense,1167200
8,284,structured_50,959300
8,285,structured_50,730500
8,285,dense,658600
8,286,dense,500700
8,286,structured_50,378600
8,287,structured_50,334300
8,287,dense,435300
8,288,dense,475100
8,288,structured_50,426300
8,289,structured_50,416700
8,289,dense,528900
8,290,dense,480200
8,290,structured_50,413700
8,291,structured_50,388600
8,291,dense,468300
8,292,dense,458100
8,292,structured_50,370300
8,293,structured_50,390200
8,293,dense,475600
8,294,dense,469500
8,294,structured_50,382200
8,295,structured_50,366300
8,295,dense,497500
8,296,dense,477400
8,296,structured_50,554900
8,297,structured_50,1641400
8,297,dense,1281200
8,298,dense,671000
8,298,structured_50,434100
8,299,structured_50,837100
8,299,dense,961400
8,300,dense,1006400
8,300,structured_50,861100
8,301,structured_50,876600
8,301,dense,1018400
8,302,dense,970300
8,302,structured_50,727100
8,303,structured_50,781800
8,303,dense,960000
8,304,dense,1376100
8,304,structured_50,1502400
8,305,structured_50,1436900
8,305,dense,1048800
8,306,dense,1066200
8,306,structured_50,950600
8,307,structured_50,858800
8,307,dense,962500
8,308,dense,1093400
8,308,structured_50,800400
8,309,structured_50,953600
8,309,dense,962500
8,310,dense,977700
8,310,structured_50,842200
8,311,structured_50,841200
8,311,dense,989500
8,312,dense,1003100
8,312,structured_50,834500
8,313,structured_50,823300
8,313,dense,1395800
8,314,dense,1021500
8,314,structured_50,863500
8,315,structured_50,910500
8,315,dense,1038300
8,316,dense,1064400
8,316,structured_50,882600
8,317,structured_50,893700
8,317,dense,1043100
8,318,dense,1063100
8,318,structured_50,883200
8,319,structured_50,846200
8,319,dense,498000
8,320,dense,662600
8,320,structured_50,404500
8,321,structured_50,353300
8,321,dense,412300
8,322,dense,400800
8,322,structured_50,388800
8,323,structured_50,570600
8,323,dense,468100
8,324,dense,481200
8,324,structured_50,623500
8,325,structured_50,961600
8,325,dense,1017000
8,326,dense,1027700
8,326,structured_50,928500
8,327,structured_50,884500
8,327,dense,1062900
8,328,dense,1038200
8,328,structured_50,906800
8,329,structured_50,877000
8,329,dense,1057500
8,330,dense,1032400
8,330,structured_50,914900
8,331,structured_50,878000
8,331,dense,1041400
8,332,dense,1061500
8,332,structured_50,1205300
8,333,structured_50,1437100
8,333,dense,1286500
8,334,dense,849600
8,334,structured_50,952900
8,335,structured_50,647100
8,335,dense,507700
8,336,dense,516500
8,336,structured_50,886600
8,337,structured_50,1045300
8,337,dense,1140800
8,338,dense,1077500
8,338,structured_50,931700
8,339,structured_50,1285000
8,339,dense,1109900
8,340,dense,1274600
8,340,structured_50,1090500
8,341,structured_50,858200
8,341,dense,1092400
8,342,dense,1194900
8,342,structured_50,892200
8,343,structured_50,903400
8,343,dense,1157400
8,344,dense,1075500
8,344,structured_50,991700
8,345,structured_50,1229700
8,345,dense,980000
8,346,dense,974400
8,346,structured_50,860500
8,347,structured_50,876600
8,347,dense,1026400
8,348,dense,1223400
8,348,structured_50,1307100
8,349,structured_50,981200
8,349,dense,1087700
8,350,dense,1475800
8,350,structured_50,1768400
8,351,structured_50,884000
8,351,dense,1068800
8,352,dense,1041300
8,352,structured_50,895500
8,353,structured_50,881900
8,353,dense,1054500
8,354,dense,1037900
8,354,structured_50,904400
8,355,structured_50,882700
8,355,dense,1064800
8,356,dense,1041900
8,356,structured_50,967500
8,357,structured_50,868800
8,357,dense,1106200
8,358,dense,1094100
8,358,structured_50,989000
8,359,structured_50,918900
8,359,dense,1074400
8,360,dense,1075500
8,360,structured_50,937400
8,361,structured_50,998400
8,361,dense,1111300
8,362,dense,1069600
8,362,structured_50,929300
8,363,structured_50,866400
8,363,dense,1098600
8,364,dense,1058100
8,364,structured_50,892000
8,365,structured_50,855500
8,365,dense,1104900
8,366,dense,1274300
8,366,structured_50,900400
8,367,structured_50,907100
8,367,dense,1121300
8,368,dense,1098900
8,368,structured_50,945800
8,369,structured_50,869600
8,369,dense,1055900
8,370,dense,1176100
8,370,structured_50,945800
8,371,structured_50,918500
8,371,dense,1115800
8,372,dense,2014800
8,372,structured_50,1258700
8,373,structured_50,908600
8,373,dense,1367400
8,374,dense,1251900
8,374,structured_50,988600
8,375,structured_50,905700
8,375,dense,1060600
8,376,dense,1096800
8,376,structured_50,910500
8,377,structured_50,906200
8,377,dense,1055200
8,378,dense,1057400
8,378,structured_50,845300
8,379,structured_50,896200
8,379,dense,1054000
8,380,dense,1064700
8,380,structured_50,879400
8,381,structured_50,863300
8,381,dense,1037600
8,382,dense,1097500
8,382,structured_50,849900
8,383,structured_50,858400
8,383,dense,1066100
8,384,dense,1029600
8,384,structured_50,893500
8,385,structured_50,1049400
8,385,dense,1139100
8,386,dense,1082900
8,386,structured_50,952000
8,387,structured_50,967000
8,387,dense,1102500
8,388,dense,1111300
8,388,structured_50,919800
8,389,structured_50,928300
8,389,dense,1075200
8,390,dense,1084900
8,390,structured_50,920400
8,391,structured_50,926800
8,391,dense,1091600
8,392,dense,1089400
8,392,structured_50,946100
8,393,structured_50,939200
8,393,dense,1037000
8,394,dense,1088300
8,394,structured_50,917700
8,395,structured_50,924800
8,395,dense,1116500
8,396,dense,1045300
8,396,structured_50,866600
8,397,structured_50,884900
8,397,dense,1014300
8,398,dense,1079300
8,398,structured_50,927600
8,399,structured_50,951400
8,399,dense,1129600
8,400,dense,1083500
8,400,structured_50,944700
8,401,structured_50,948700
8,401,dense,1112500
8,402,dense,1134600
8,402,structured_50,933100
8,403,structured_50,922000
8,403,dense,1091600
8,404,dense,1099000
8,404,structured_50,974200
8,405,structured_50,935100
8,405,dense,1084300
8,406,dense,1082400
8,406,structured_50,917700
8,407,structured_50,966600
8,407,dense,1123000
8,408,dense,1139800
8,408,structured_50,949400
8,409,structured_50,941400
8,409,dense,1123400
8,410,dense,1130800
8,410,structured_50,922600
8,411,structured_50,927100
8,411,dense,1174500
8,412,dense,1112400
8,412,structured_50,956500
8,413,structured_50,914600
8,413,dense,1145100
8,414,dense,1125500
8,414,structured_50,948300
8,415,structured_50,898000
8,415,dense,1115100
8,416,dense,1065400
8,416,structured_50,915000
8,417,structured_50,904200
8,417,dense,1130400
8,418,dense,1074300
8,418,structured_50,940500
8,419,structured_50,919300
8,419,dense,1267600
8,420,dense,1111700
8,420,structured_50,960100
8,421,structured_50,873300
8,421,dense,1067000
8,422,dense,1054500
8,422,structured_50,959100
8,423,structured_50,911000
8,423,dense,1171600
8,424,dense,1106700
8,424,structured_50,950500
8,425,structured_50,892600
8,425,dense,1045300
8,426,dense,998900
8,426,structured_50,948900
8,427,structured_50,819000
8,427,dense,1037300
8,428,dense,1070500
8,428,structured_50,967800
8,429,structured_50,901700
8,429,dense,1169200
8,430,dense,1085800
8,430,structured_50,892300
8,431,structured_50,876300
8,431,dense,1108900
8,432,dense,1087300
8,432,structured_50,938200
8,433,structured_50,889000
8,433,dense,1106300
8,434,dense,1085800
8,434,structured_50,918900
8,435,structured_50,893400
8,435,dense,1077700
8,436,dense,1240100
8,436,structured_50,1015700
8,437,structured_50,960100
8,437,dense,1205300
8,438,dense,1159800
8,438,structured_50,933600
8,439,structured_50,971400
8,439,dense,1114400
8,440,dense,1115600
8,440,structured_50,934400
8,441,structured_50,1081500
8,441,dense,1208500
8,442,dense,1121400
8,442,structured_50,961400
8,443,structured_50,954300
8,443,dense,1103300
8,444,dense,1133400
8,444,structured_50,981500
8,445,structured_50,991300
8,445,dense,1159000
8,446,dense,1134400
8,446,structured_50,980400
8,447,structured_50,981800
8,447,dense,1235100
8,448,dense,1231700
8,448,structured_50,1014400
8,449,structured_50,1083900
8,449,dense,1436300
8,450,dense,1312100
8,450,structured_50,1197200
8,451,structured_50,1169500
8,451,dense,1331300
8,452,dense,1095000
8,452,structured_50,929000
8,453,structured_50,925800
8,453,dense,1126000
8,454,dense,1106500
8,454,structured_50,966700
8,455,structured_50,915400
8,455,dense,1129200
8,456,dense,1113800
8,456,structured_50,939400
8,457,structured_50,898200
8,457,dense,1042900
8,458,dense,1084900
8,458,structured_50,906200
8,459,structured_50,858600
8,459,dense,1042300
8,460,dense,1002500
8,460,structured_50,875900
8,461,structured_50,848200
8,461,dense,1022100
8,462,dense,996500
8,462,structured_50,875000
8,463,structured_50,827100
8,463,dense,1034100
8,464,dense,993400
8,464,structured_50,850100
8,465,structured_50,826500
8,465,dense,1003000
8,466,dense,993600
8,466,structured_50,827800
8,467,structured_50,854400
8,467,dense,1020000
8,468,dense,1016800
8,468,structured_50,885900
8,469,structured_50,914400
8,469,dense,1067200
8,470,dense,1181100
8,470,structured_50,893700
8,471,structured_50,898700
8,471,dense,1053300
8,472,dense,1068000
8,472,structured_50,887000
8,473,structured_50,900500
8,473,dense,1070200
8,474,dense,1079300
8,474,structured_50,846700
8,475,structured_50,833000
8,475,dense,992900
8,476,dense,1032800
8,476,structured_50,854200
8,477,structured_50,858500
8,477,dense,1045500
8,478,dense,1007300
8,478,structured_50,839300
8,479,structured_50,826600
8,479,dense,1015500
8,480,dense,994600
8,480,structured_50,832100
8,481,structured_50,842700
8,481,dense,1042200
8,482,dense,1006900
8,482,structured_50,1315500
8,483,structured_50,951700
8,483,dense,1108500
8,484,dense,1129400
8,484,structured_50,950300
8,485,structured_50,965700
8,485,dense,1087000
8,486,dense,1135200
8,486,structured_50,943200
8,487,structured_50,962200
8,487,dense,1101000
8,488,dense,1116500
8,488,structured_50,937100
8,489,structured_50,961900
8,489,dense,1120800
8,490,dense,1147100
8,490,structured_50,1049500
8,491,structured_50,900900
8,491,dense,1066100
8,492,dense,1107700
8,492,structured_50,907500
8,493,structured_50,917700
8,493,dense,1067100
8,494,dense,1091200
8,494,structured_50,905100
8,495,structured_50,908200
8,495,dense,1075400
8,496,dense,1083300
8,496,structured_50,936200
8,497,structured_50,904900
8,497,dense,1263600
8,498,dense,1117700
8,498,structured_50,974100
8,499,structured_50,909200
8,499,dense,1112200
8,500,dense,1127400
8,500,structured_50,915000
8,501,structured_50,885100
8,501,dense,1070900
8,502,dense,1037200
8,502,structured_50,925300
8,503,structured_50,873300
8,503,dense,1056100
8,504,dense,1036300
8,504,structured_50,912700
8,505,structured_50,872200
8,505,dense,1114500
8,506,dense,1081900
8,506,structured_50,960300
8,507,structured_50,925000
8,507,dense,1223600
8,508,dense,1064700
8,508,structured_50,926000
8,509,structured_50,826100
8,509,dense,1041300
8,510,dense,1061000
8,510,structured_50,947100
8,511,structured_50,889500
8,511,dense,1091200
8,512,dense,1071700
8,512,structured_50,927600
8,513,structured_50,894600
8,513,dense,1359900
8,514,dense,1259000
8,514,structured_50,941700
8,515,structured_50,922000
8,515,dense,1062500
8,516,dense,1068000
8,516,structured_50,871300
8,517,structured_50,873000
8,517,dense,1020000
8,518,dense,1020200
8,518,structured_50,850200
8,519,structured_50,848800
8,519,dense,1010800
8,520,dense,1008600
8,520,structured_50,847300
8,521,structured_50,1023500
8,521,dense,985700
8,522,dense,1058400
8,522,structured_50,880000
8,523,structured_50,883100
8,523,dense,1019300
8,524,dense,1092300
8,524,structured_50,823600
8,525,structured_50,851000
8,525,dense,1043100
8,526,dense,1045700
8,526,structured_50,841100
8,527,structured_50,860000
8,527,dense,1010200
8,528,dense,1026000
8,528,structured_50,891500
8,529,structured_50,1093300
8,529,dense,1190900
8,530,dense,1176600
8,530,structured_50,921600
8,531,structured_50,903600
8,531,dense,1107900
8,532,dense,1055700
8,532,structured_50,1034800
8,533,structured_50,869400
8,533,dense,1026400
8,534,dense,1057600
8,534,structured_50,928000
8,535,structured_50,914900
8,535,dense,1098900
8,536,dense,1072100
8,536,structured_50,1103400
8,537,structured_50,1191900
8,537,dense,1009800
8,538,dense,1032700
8,538,structured_50,875200
8,539,structured_50,876100
8,539,dense,1026200
8,540,dense,1023700
8,540,structured_50,1056400
8,541,structured_50,1110500
8,541,dense,1077800
8,542,dense,947500
8,542,structured_50,870900
8,543,structured_50,841700
8,543,dense,1024400
8,544,dense,1192100
8,544,structured_50,855100
8,545,structured_50,885900
8,545,dense,1081700
8,546,dense,1046800
8,546,structured_50,889900
8,547,structured_50,853300
8,547,dense,1021200
8,548,dense,1015300
8,548,structured_50,876500
8,549,structured_50,839600
8,549,dense,1012000
8,550,dense,1023600
8,550,structured_50,843900
8,551,structured_50,855800
8,551,dense,1005200
8,552,dense,1241300
8,552,structured_50,1119200
8,553,structured_50,956900
8,553,dense,1149700
8,554,dense,1158400
8,554,structured_50,964900
8,555,structured_50,1008700
8,555,dense,1128700
8,556,dense,1123300
8,556,structured_50,940200
8,557,structured_50,926300
8,557,dense,1008300
8,558,dense,1109700
8,558,structured_50,993300
8,559,structured_50,1027700
8,559,dense,1307200
8,560,dense,1023200
8,560,structured_50,875900
8,561,structured_50,915300
8,561,dense,1083800
8,562,dense,1078700
8,562,structured_50,911800
8,563,structured_50,898900
8,563,dense,1088100
8,564,dense,1044400
8,564,structured_50,853400
8,565,structured_50,868000
8,565,dense,1023400
8,566,dense,1038800
8,566,structured_50,875900
8,567,structured_50,867600
8,567,dense,1076900
8,568,dense,1057700
8,568,structured_50,868300
8,569,structured_50,879300
8,569,dense,1032400
8,570,dense,1013200
8,570,structured_50,847600
8,571,structured_50,848000
8,571,dense,1055100
8,572,dense,1061700
8,572,structured_50,874100
8,573,structured_50,829500
8,573,dense,1043000
8,574,dense,1003400
8,574,structured_50,1173600
8,575,structured_50,1002100
8,575,dense,1076000
8,576,dense,1126100
8,576,structured_50,934400
8,577,structured_50,932200
8,577,dense,1110400
8,578,dense,1120100
8,578,structured_50,922000
8,579,structured_50,1030200
8,579,dense,1084300
8,580,dense,1049900
8,580,structured_50,937000
8,581,structured_50,938000
8,581,dense,1070500
8,582,dense,1072400
8,582,structured_50,900200
8,583,structured_50,890500
8,583,dense,1012000
8,584,dense,1020000
8,584,structured_50,854300
8,585,structured_50,1130800
8,585,dense,1118800
8,586,dense,1037300
8,586,structured_50,876700
8,587,structured_50,858200
8,587,dense,1010200
8,588,dense,1073000
8,588,structured_50,892500
8,589,structured_50,909800
8,589,dense,1059600
8,590,dense,1102800
8,590,structured_50,911200
8,591,structured_50,913100
8,591,dense,1071800
8,592,dense,1088900
8,592,structured_50,894900
8,593,structured_50,1053500
8,593,dense,1063700
8,594,dense,1052200
8,594,structured_50,881200
8,595,structured_50,884700
8,595,dense,1080000
8,596,dense,1216500
8,596,structured_50,831700
8,597,structured_50,811800
8,597,dense,1074300
8,598,dense,1021200
8,598,structured_50,862000
8,599,structured_50,827500
8,599,dense,1013800
8,600,dense,986200
8,600,structured_50,861300
8,601,structured_50,1126400
8,601,dense,1040200
8,602,dense,1070600
8,602,structured_50,927600
8,603,structured_50,924300
8,603,dense,1083100
8,604,dense,1057400
8,604,structured_50,903700
8,605,structured_50,931700
8,605,dense,1058300
8,606,dense,1070800
8,606,structured_50,929800
8,607,structured_50,889200
8,607,dense,1091700
8,608,dense,1056800
8,608,structured_50,938200
8,609,structured_50,907400
8,609,dense,1095900
8,610,dense,890000
8,610,structured_50,448500
8,611,structured_50,417500
8,611,dense,806900
8,612,dense,1024900
8,612,structured_50,914700
8,613,structured_50,876800
8,613,dense,1264200
8,614,dense,1074000
8,614,structured_50,925000
8,615,structured_50,863000
8,615,dense,1067500
8,616,dense,1054300
8,616,structured_50,926900
8,617,structured_50,866100
8,617,dense,1081700
8,618,dense,999400
8,618,structured_50,906400
8,619,structured_50,881800
8,619,dense,1036800
8,620,dense,1007300
8,620,structured_50,861300
8,621,structured_50,867100
8,621,dense,1007800
8,622,dense,987200
8,622,structured_50,853900
8,623,structured_50,837200
8,623,dense,995300
8,624,dense,1020800
8,624,structured_50,833100
8,625,structured_50,852000
8,625,dense,1112200
8,626,dense,989700
8,626,structured_50,845400
8,627,structured_50,846700
8,627,dense,1023500
8,628,dense,1000600
8,628,structured_50,861000
8,629,structured_50,834100
8,629,dense,991500
8,630,dense,1016300
8,630,structured_50,833300
8,631,structured_50,1061000
8,631,dense,1070600
8,632,dense,1065100
8,632,structured_50,877300
8,633,structured_50,897100
8,633,dense,509900
8,634,dense,1027000
8,634,structured_50,1027900
8,635,structured_50,862400
8,635,dense,1049500
8,636,dense,1003300
8,636,structured_50,862700
8,637,structured_50,1081000
8,637,dense,1056800
8,638,dense,1017300
8,638,structured_50,893600
8,639,structured_50,851100
8,639,dense,1028500
8,640,dense,1011800
8,640,structured_50,866800
8,641,structured_50,839800
8,641,dense,991900
8,642,dense,1185600
8,642,structured_50,1039800
8,643,structured_50,869700
8,643,dense,967000
8,644,dense,998200
8,644,structured_50,849300
8,645,structured_50,852200
8,645,dense,1004000
8,646,dense,1015800
8,646,structured_50,855600
8,647,structured_50,836900
8,647,dense,1021200
8,648,dense,1033600
8,648,structured_50,974100
8,649,structured_50,808600
8,649,dense,994800
8,650,dense,1138300
8,650,structured_50,981100
8,651,structured_50,908400
8,651,dense,1068100
8,652,dense,1138200
8,652,structured_50,946700
8,653,structured_50,916700
8,653,dense,1042700
8,654,dense,1044700
8,654,structured_50,890900
8,655,structured_50,904700
8,655,dense,1054400
8,656,dense,1065000
8,656,structured_50,889600
8,657,structured_50,912600
8,657,dense,1047400
8,658,dense,1122900
8,658,structured_50,840300
8,659,structured_50,830200
8,659,dense,1071200
8,660,dense,1062600
8,660,structured_50,903100
8,661,structured_50,883300
8,661,dense,1076800
8,662,dense,1045000
8,662,structured_50,901200
8,663,structured_50,883600
8,663,dense,1066300
8,664,dense,1022800
8,664,structured_50,870100
8,665,structured_50,894500
8,665,dense,1169600
8,666,dense,1213800
8,666,structured_50,931600
8,667,structured_50,895300
8,667,dense,1188200
8,668,dense,1052000
8,668,structured_50,907700
8,669,structured_50,889400
8,669,dense,1064400
8,670,dense,1049700
8,670,structured_50,907300
8,671,structured_50,908900
8,671,dense,1039800
8,672,dense,981500
8,672,structured_50,885700
8,673,structured_50,868700
8,673,dense,1302600
8,674,dense,1121000
8,674,structured_50,934700
8,675,structured_50,917900
8,675,dense,1094200
8,676,dense,1126300
8,676,structured_50,974200
8,677,structured_50,836200
8,677,dense,1063200
8,678,dense,1080100
8,678,structured_50,902400
8,679,structured_50,889400
8,679,dense,1081100
8,680,dense,1086300
8,680,structured_50,909700
8,681,structured_50,904500
8,681,dense,1281600
8,682,dense,1145400
8,682,structured_50,914100
8,683,structured_50,912100
8,683,dense,1065500
8,684,dense,1060800
8,684,structured_50,970400
8,685,structured_50,929800
8,685,dense,1217600
8,686,dense,1077300
8,686,structured_50,911300
8,687,structured_50,909300
8,687,dense,1052100
8,688,dense,1062200
8,688,structured_50,887300
8,689,structured_50,1059000
8,689,dense,1032600
8,690,dense,1035600
8,690,structured_50,907700
8,691,structured_50,887800
8,691,dense,1049200
8,692,dense,1063800
8,692,structured_50,880000
8,693,structured_50,1285200
8,693,dense,1358100
8,694,dense,1127800
8,694,structured_50,896100
8,695,structured_50,885600
8,695,dense,1099200
8,696,dense,1046400
8,696,structured_50,902900
8,697,structured_50,882000
8,697,dense,1272100
8,698,dense,729000
8,698,structured_50,921200
8,699,structured_50,869600
8,699,dense,1065600
8,700,dense,1081600
8,700,structured_50,898300
8,701,structured_50,904300
8,701,dense,1073800
8,702,dense,1054800
8,702,structured_50,903800
8,703,structured_50,902800
8,703,dense,1387800
8,704,dense,966500
8,704,structured_50,461400
8,705,structured_50,398600
8,705,dense,588800
8,706,dense,496900
8,706,structured_50,350500
8,707,structured_50,1094900
8,707,dense,1018100
8,708,dense,965100
8,708,structured_50,891900
8,709,structured_50,845000
8,709,dense,1044400
8,710,dense,1022300
8,710,structured_50,889200
8,711,structured_50,528300
8,711,dense,884100
8,712,dense,935500
8,712,structured_50,859900
8,713,structured_50,831900
8,713,dense,1017600
8,714,dense,583900
8,714,structured_50,376300
8,715,structured_50,372500
8,715,dense,535700
8,716,dense,564800
8,716,structured_50,900200
8,717,structured_50,793600
8,717,dense,983500
8,718,dense,1339100
8,718,structured_50,888100
8,719,structured_50,856600
8,719,dense,1436800
8,720,dense,1408600
8,720,structured_50,1072300
8,721,structured_50,942500
8,721,dense,1077100
8,722,dense,1028600
8,722,structured_50,847300
8,723,structured_50,847700
8,723,dense,1161500
8,724,dense,1106800
8,724,structured_50,875600
8,725,structured_50,839600
8,725,dense,1012200
8,726,dense,1035000
8,726,structured_50,428100
8,727,structured_50,353500
8,727,dense,426500
8,728,dense,499500
8,728,structured_50,409100
8,729,structured_50,388100
8,729,dense,479200
8,730,dense,478300
8,730,structured_50,405800
8,731,structured_50,408800
8,731,dense,484800
8,732,dense,679900
8,732,structured_50,558800
8,733,structured_50,396600
8,733,dense,1292300
8,734,dense,1445800
8,734,structured_50,984700
8,735,structured_50,893900
8,735,dense,1084100
8,736,dense,1072600
8,736,structured_50,916200
8,737,structured_50,895400
8,737,dense,1098600
8,738,dense,692000
8,738,structured_50,378500
8,739,structured_50,335200
8,739,dense,405300
8,740,dense,404600
8,740,structured_50,326900
8,741,structured_50,401900
8,741,dense,465100
8,742,dense,1044200
8,742,structured_50,922600
8,743,structured_50,1624600
8,743,dense,1015800
8,744,dense,1165200
8,744,structured_50,959100
8,745,structured_50,847300
8,745,dense,1168200
8,746,dense,953500
8,746,structured_50,825900
8,747,structured_50,867000
8,747,dense,999400
8,748,dense,1023100
8,748,structured_50,843500
8,749,structured_50,853800
8,749,dense,1004000
8,750,dense,1016100
8,750,structured_50,1137600
8,751,structured_50,1045400
8,751,dense,1357600
8,752,dense,1183000
8,752,structured_50,953100
8,753,structured_50,938900
8,753,dense,1136800
8,754,dense,1119800
8,754,structured_50,986200
8,755,structured_50,980600
8,755,dense,1131900
8,756,dense,1368300
8,756,structured_50,558300
8,757,structured_50,456900
8,757,dense,504700
8,758,dense,913000
8,758,structured_50,1073000
8,759,structured_50,938000
8,759,dense,1097800
8,760,dense,1139700
8,760,structured_50,986200
8,761,structured_50,999900
8,761,dense,1109000
8,762,dense,1295400
8,762,structured_50,942600
8,763,structured_50,947400
8,763,dense,1155200
8,764,dense,1240500
8,764,structured_50,1437900
8,765,structured_50,926500
8,765,dense,1286200
8,766,dense,1065300
8,766,structured_50,912800
8,767,structured_50,877400
8,767,dense,1080200
8,768,dense,1046300
8,768,structured_50,880000
8,769,structured_50,879800
8,769,dense,1054900
8,770,dense,999800
8,770,structured_50,856300
8,771,structured_50,827000
8,771,dense,1004700
8,772,dense,993700
8,772,structured_50,829700
8,773,structured_50,703100
8,773,dense,675500
8,774,dense,1172700
8,774,structured_50,858600
8,775,structured_50,904500
8,775,dense,1051900
8,776,dense,1033600
8,776,structured_50,827700
8,777,structured_50,876800
8,777,dense,1033500
8,778,dense,1089500
8,778,structured_50,882500
8,779,structured_50,1030200
8,779,dense,1075500
8,780,dense,973100
8,780,structured_50,891600
8,781,structured_50,869000
8,781,dense,1159600
8,782,dense,1261000
8,782,structured_50,909500
8,783,structured_50,895900
8,783,dense,1074100
8,784,dense,1060100
8,784,structured_50,899000
8,785,structured_50,875300
8,785,dense,1061400
8,786,dense,1049300
8,786,structured_50,900100
8,787,structured_50,882800
8,787,dense,1054700
8,788,dense,1046200
8,788,structured_50,880100
8,789,structured_50,896900
8,789,dense,1182700
8,790,dense,1228500
8,790,structured_50,847600
8,791,structured_50,814100
8,791,dense,1034000
8,792,dense,1014700
8,792,structured_50,1028700
8,793,structured_50,828700
8,793,dense,1012000
8,794,dense,1037200
8,794,structured_50,893200
8,795,structured_50,832500
8,795,dense,1039100
8,796,dense,1073000
8,796,structured_50,908200
8,797,structured_50,842100
8,797,dense,1012900
8,798,dense,993200
8,798,structured_50,831800
8,799,structured_50,850100
8,799,dense,984300
8,800,dense,1008000
8,800,structured_50,827000
8,801,structured_50,841100
8,801,dense,998200
8,802,dense,1043300
8,802,structured_50,856900
8,803,structured_50,847500
8,803,dense,996100
8,804,dense,1007000
8,804,structured_50,1046800
8,805,structured_50,877700
8,805,dense,1057700
8,806,dense,1040900
8,806,structured_50,854600
8,807,structured_50,837900
8,807,dense,1189300
8,808,dense,961400
8,808,structured_50,912300
8,809,structured_50,899400
8,809,dense,1223000
8,810,dense,1092800
8,810,structured_50,907600
8,811,structured_50,942100
8,811,dense,1058300
8,812,dense,999800
8,812,structured_50,853000
8,813,structured_50,1026800
8,813,dense,973700
8,814,dense,1004400
8,814,structured_50,828400
8,815,structured_50,886100
8,815,dense,1008100
8,816,dense,1018900
8,816,structured_50,840900
8,817,structured_50,837800
8,817,dense,1033700
8,818,dense,1229100
8,818,structured_50,1162900
8,819,structured_50,945500
8,819,dense,1076300
8,820,dense,1058000
8,820,structured_50,906200
8,821,structured_50,894200
8,821,dense,1059700
8,822,dense,1048800
8,822,structured_50,893500
8,823,structured_50,878100
8,823,dense,1060800
8,824,dense,1040200
8,824,structured_50,902700
8,825,structured_50,873900
8,825,dense,1031300
8,826,dense,1251300
8,826,structured_50,1001600
8,827,structured_50,882600
8,827,dense,1063200
8,828,dense,1043000
8,828,structured_50,896000
8,829,structured_50,915700
8,829,dense,1064800
8,830,dense,1042600
8,830,structured_50,883500
8,831,structured_50,881400
8,831,dense,1085800
8,832,dense,1064000
8,832,structured_50,890800
8,833,structured_50,899600
8,833,dense,1038800
8,834,dense,1068900
8,834,structured_50,876600
8,835,structured_50,897000
8,835,dense,1056300
8,836,dense,1241900
8,836,structured_50,821300
8,837,structured_50,659500
8,837,dense,1249300
8,838,dense,1070900
8,838,structured_50,888700
8,839,structured_50,1132200
8,839,dense,1277300
8,840,dense,1106000
8,840,structured_50,883500
8,841,structured_50,913800
8,841,dense,1072400
8,842,dense,1042000
8,842,structured_50,883800
8,843,structured_50,911900
8,843,dense,1062000
8,844,dense,1062600
8,844,structured_50,890400
8,845,structured_50,896100
8,845,dense,1040800
8,846,dense,1057600
8,846,structured_50,933000
8,847,structured_50,1014700
8,847,dense,1171400
8,848,dense,1142900
8,848,structured_50,989400
8,849,structured_50,935000
8,849,dense,1066400
8,850,dense,1067700
8,850,structured_50,892800
8,851,structured_50,959100
8,851,dense,1134300
8,852,dense,1167200
8,852,structured_50,1039700
8,853,structured_50,945400
8,853,dense,1062800
8,854,dense,1118600
8,854,structured_50,899500
8,855,structured_50,903000
8,855,dense,1067200
8,856,dense,1058200
8,856,structured_50,997200
8,857,structured_50,940200
8,857,dense,1206600
8,858,dense,1174700
8,858,structured_50,980900
8,859,structured_50,997000
8,859,dense,1195400
8,860,dense,1132100
8,860,structured_50,1011100
8,861,structured_50,918300
8,861,dense,1112400
8,862,dense,1092900
8,862,structured_50,1021600
8,863,structured_50,953600
8,863,dense,1160400
8,864,dense,1050900
8,864,structured_50,917200
8,865,structured_50,909200
8,865,dense,1149100
8,866,dense,1122800
8,866,structured_50,976500
8,867,structured_50,954000
8,867,dense,1174200
8,868,dense,1166300
8,868,structured_50,977500
8,869,structured_50,965800
8,869,dense,1140200
8,870,dense,1090200
8,870,structured_50,948200
8,871,structured_50,899200
8,871,dense,1048900
8,872,dense,1065900
8,872,structured_50,882600
8,873,structured_50,892600
8,873,dense,1270000
8,874,dense,1018200
8,874,structured_50,907300
8,875,structured_50,883300
8,875,dense,1059600
8,876,dense,1038500
8,876,structured_50,944000
8,877,structured_50,904200
8,877,dense,1070700
8,878,dense,1052900
8,878,structured_50,904600
8,879,structured_50,876000
8,879,dense,1072300
8,880,dense,1054400
8,880,structured_50,901100
8,881,structured_50,879000
8,881,dense,1054500
8,882,dense,1131400
8,882,structured_50,980200
8,883,structured_50,928600
8,883,dense,1090200
8,884,dense,1064800
8,884,structured_50,959600
8,885,structured_50,879300
8,885,dense,1090100
8,886,dense,1033800
8,886,structured_50,867700
8,887,structured_50,886600
8,887,dense,1024900
8,888,dense,1049100
8,888,structured_50,863200
8,889,structured_50,880900
8,889,dense,1113600
8,890,dense,1089100
8,890,structured_50,905400
8,891,structured_50,940200
8,891,dense,1160600
8,892,dense,1126300
8,892,structured_50,896900
8,893,structured_50,904800
8,893,dense,1081600
8,894,dense,1106300
8,894,structured_50,916300
8,895,structured_50,938500
8,895,dense,1074300
8,896,dense,1110800
8,896,structured_50,925000
8,897,structured_50,939200
8,897,dense,1089300
8,898,dense,1098700
8,898,structured_50,947300
8,899,structured_50,918200
8,899,dense,1088300
8,900,dense,1077300
8,900,structured_50,1008200
8,901,structured_50,916600
8,901,dense,1108700
8,902,dense,1032000
8,902,structured_50,889100
8,903,structured_50,887900
8,903,dense,1103300
8,904,dense,1073900
8,904,structured_50,934700
8,905,structured_50,924900
8,905,dense,1093000
8,906,dense,1144300
8,906,structured_50,1056600
8,907,structured_50,878800
8,907,dense,1065100
8,908,dense,1096200
8,908,structured_50,919100
8,909,structured_50,900600
8,909,dense,1098800
8,910,dense,1088900
8,910,structured_50,904000
8,911,structured_50,899300
8,911,dense,1072400
8,912,dense,1071600
8,912,structured_50,859500
8,913,structured_50,829000
8,913,dense,1058100
8,914,dense,1045900
8,914,structured_50,886300
8,915,structured_50,866400
8,915,dense,1068200
8,916,dense,439200
8,916,structured_50,343900
8,917,structured_50,326900
8,917,dense,424500
8,918,dense,470900
8,918,structured_50,375400
8,919,structured_50,375000
8,919,dense,462700
8,920,dense,1099500
8,920,structured_50,876600
8,921,structured_50,866300
8,921,dense,996700
8,922,dense,1034500
8,922,structured_50,835500
8,923,structured_50,852200
8,923,dense,993800
8,924,dense,1008500
8,924,structured_50,1133400
8,925,structured_50,891300
8,925,dense,1039200
8,926,dense,1063300
8,926,structured_50,854900
8,927,structured_50,827300
8,927,dense,1016000
8,928,dense,988500
8,928,structured_50,854400
8,929,structured_50,822800
8,929,dense,1014400
8,930,dense,989600
8,930,structured_50,852500
8,931,structured_50,833000
8,931,dense,1011300
8,932,dense,1143300
8,932,structured_50,987800
8,933,structured_50,969600
8,933,dense,1094700
8,934,dense,1047400
8,934,structured_50,901200
8,935,structured_50,879000
8,935,dense,1056900
8,936,dense,1043700
8,936,structured_50,898200
8,937,structured_50,874900
8,937,dense,1054200
8,938,dense,1069800
8,938,structured_50,900800
8,939,structured_50,868900
8,939,dense,1067500
8,940,dense,1047900
8,940,structured_50,902600
8,941,structured_50,867700
8,941,dense,1036800
8,942,dense,1049300
8,942,structured_50,875700
8,943,structured_50,888300
8,943,dense,993300
8,944,dense,1010800
8,944,structured_50,833200
8,945,structured_50,844500
8,945,dense,983300
8,946,dense,1041200
8,946,structured_50,838800
8,947,structured_50,843800
8,947,dense,993000
8,948,dense,1005200
8,948,structured_50,846600
8,949,structured_50,931200
8,949,dense,1071100
8,950,dense,1060000
8,950,structured_50,886700
8,951,structured_50,875600
8,951,dense,1067200
8,952,dense,1044000
8,952,structured_50,900300
8,953,structured_50,873800
8,953,dense,1054300
8,954,dense,1051800
8,954,structured_50,898300
8,955,structured_50,853200
8,955,dense,1027200
8,956,dense,1005000
8,956,structured_50,863200
8,957,structured_50,843400
8,957,dense,1009200
8,958,dense,1031200
8,958,structured_50,894700
8,959,structured_50,883800
8,959,dense,1058500
8,960,dense,1046900
8,960,structured_50,900200
8,961,structured_50,858100
8,961,dense,1011000
8,962,dense,1011200
8,962,structured_50,826900
8,963,structured_50,848700
8,963,dense,1047800
8,964,dense,1064900
8,964,structured_50,967600
8,965,structured_50,850000
8,965,dense,987600
8,966,dense,1011300
8,966,structured_50,841800
8,967,structured_50,856800
8,967,dense,1000100
8,968,dense,1004900
8,968,structured_50,835400
8,969,structured_50,824300
8,969,dense,1010900
8,970,dense,739000
8,970,structured_50,459700
8,971,structured_50,359300
8,971,dense,408400
8,972,dense,513300
8,972,structured_50,436500
8,973,structured_50,375600
8,973,dense,487900
8,974,dense,470900
8,974,structured_50,448600
8,975,structured_50,857700
8,975,dense,508100
8,976,dense,417200
8,976,structured_50,343000
8,977,structured_50,783700
8,977,dense,492100
8,978,dense,573600
8,978,structured_50,408700
8,979,structured_50,369000
8,979,dense,464600
8,980,dense,463300
8,980,structured_50,367600
8,981,structured_50,398300
8,981,dense,453100
8,982,dense,485700
8,982,structured_50,403800
8,983,structured_50,395000
8,983,dense,477000
8,984,dense,577500
8,984,structured_50,413000
8,985,structured_50,509600
8,985,dense,1060100
8,986,dense,1606800
8,986,structured_50,887400
8,987,structured_50,903100
8,987,dense,2564600
8,988,dense,1399300
8,988,structured_50,892000
8,989,structured_50,896800
8,989,dense,1040900
8,990,dense,1064700
8,990,structured_50,889200
8,991,structured_50,891900
8,991,dense,1053300
8,992,dense,1325800
8,992,structured_50,917100
8,993,structured_50,935200
8,993,dense,1118200
8,994,dense,1074700
8,994,structured_50,905300
8,995,structured_50,907400
8,995,dense,1056300
8,996,dense,1067300
8,996,structured_50,835600
8,997,structured_50,855200
8,997,dense,1041900
8,998,dense,1061700
8,998,structured_50,877600
8,999,structured_50,884100
8,999,dense,1070400
8,1000,dense,1068900
8,1000,structured_50,878100
8,1001,structured_50,874200
8,1001,dense,1076400
8,1002,dense,1154100
8,1002,structured_50,892000
8,1003,structured_50,875400
8,1003,dense,1074600
8,1004,dense,1081000
8,1004,structured_50,887400
8,1005,structured_50,872800
8,1005,dense,1064700
8,1006,dense,1037700
8,1006,structured_50,902600
8,1007,structured_50,865100
8,1007,dense,1026300
8,1008,dense,996700
8,1008,structured_50,866500
8,1009,structured_50,830300
8,1009,dense,1012000
8,1010,dense,998900
8,1010,structured_50,850200
8,1011,structured_50,830500
8,1011,dense,1007500
8,1012,dense,1019400
8,1012,structured_50,848400
8,1013,structured_50,866800
8,1013,dense,1021100
8,1014,dense,1025500
8,1014,structured_50,833200
8,1015,structured_50,846800
8,1015,dense,986400
8,1016,dense,1022200
8,1016,structured_50,831100
8,1017,structured_50,853000
8,1017,dense,1030800
8,1018,dense,1010500
8,1018,structured_50,837700
8,1019,structured_50,1053000
8,1019,dense,1015600
8,1020,dense,1055500
8,1020,structured_50,875700
8,1021,structured_50,853800
8,1021,dense,1022400
8,1022,dense,1027100
8,1022,structured_50,836500
8,1023,structured_50,844100
8,1023,dense,992300
8,1024,dense,1003600
8,1024,structured_50,839700
8,1025,structured_50,865600
8,1025,dense,1037300
8,1026,dense,1035000
8,1026,structured_50,851500
8,1027,structured_50,823700
8,1027,dense,1184300
8,1028,dense,1032800
8,1028,structured_50,887600
8,1029,structured_50,900100
8,1029,dense,1102500
8,1030,dense,1070500
8,1030,structured_50,902700
8,1031,structured_50,877100
8,1031,dense,1058800
8,1032,dense,1044100
8,1032,structured_50,905600
8,1033,structured_50,870700
8,1033,dense,1162000
8,1034,dense,1035000
8,1034,structured_50,902600
8,1035,structured_50,867500
8,1035,dense,1211300
8,1036,dense,1308300
8,1036,structured_50,911100
8,1037,structured_50,843500
8,1037,dense,1071900
8,1038,dense,1050100
8,1038,structured_50,891000
8,1039,structured_50,899300
8,1039,dense,1051700
8,1040,dense,1062000
8,1040,structured_50,883300
8,1041,structured_50,902300
8,1041,dense,1034300
8,1042,dense,1068100
8,1042,structured_50,969900
8,1043,structured_50,869100
8,1043,dense,1402900
8,1044,dense,1007500
8,1044,structured_50,866700
8,1045,structured_50,881300
8,1045,dense,1058600
8,1046,dense,1043600
8,1046,structured_50,895700
8,1047,structured_50,874900
8,1047,dense,1258000
8,1048,dense,975700
8,1048,structured_50,982600
8,1049,structured_50,894800
8,1049,dense,1096300
8,1050,dense,1026600
8,1050,structured_50,893500
8,1051,structured_50,854800
8,1051,dense,1044700
8,1052,dense,1026500
8,1052,structured_50,973100
8,1053,structured_50,1112300
8,1053,dense,954200
8,1054,dense,974600
8,1054,structured_50,905500
8,1055,structured_50,865600
8,1055,dense,1313100
8,1056,dense,1068700
8,1056,structured_50,1308800
8,1057,structured_50,1497300
8,1057,dense,1668800
8,1058,dense,1343400
8,1058,structured_50,1069500
8,1059,structured_50,922700
8,1059,dense,1055000
8,1060,dense,1081900
8,1060,structured_50,932900
8,1061,structured_50,883000
8,1061,dense,1072100
8,1062,dense,1025600
8,1062,structured_50,1097900
8,1063,structured_50,503800
8,1063,dense,449500
8,1064,dense,421700
8,1064,structured_50,635800
8,1065,structured_50,815600
8,1065,dense,979100
8,1066,dense,1016600
8,1066,structured_50,972800
8,1067,structured_50,1038000
8,1067,dense,1269900
8,1068,dense,1106700
8,1068,structured_50,872400
8,1069,structured_50,821500
8,1069,dense,1285600
8,1070,dense,1023400
8,1070,structured_50,872400
8,1071,structured_50,947000
8,1071,dense,1229500
8,1072,dense,1090100
8,1072,structured_50,881400
8,1073,structured_50,906700
8,1073,dense,1041400
8,1074,dense,1064000
8,1074,structured_50,881900
8,1075,structured_50,1091300
8,1075,dense,1152500
8,1076,dense,1051600
8,1076,structured_50,911900
8,1077,structured_50,881300
8,1077,dense,1056500
8,1078,dense,1140200
8,1078,structured_50,883400
8,1079,structured_50,824600
8,1079,dense,1025200
8,1080,dense,1070600
8,1080,structured_50,886900
8,1081,structured_50,897900
8,1081,dense,1063700
8,1082,dense,1071600
8,1082,structured_50,880400
8,1083,structured_50,903000
8,1083,dense,1037600
8,1084,dense,1065100
8,1084,structured_50,875900
8,1085,structured_50,891700
8,1085,dense,1043900
8,1086,dense,1352700
8,1086,structured_50,1756800
8,1087,structured_50,1783400
8,1087,dense,1942800
8,1088,dense,1002100
8,1088,structured_50,856000
8,1089,structured_50,833100
8,1089,dense,1008000
8,1090,dense,1038000
8,1090,structured_50,441500
8,1091,structured_50,341800
8,1091,dense,408300
8,1092,dense,805700
8,1092,structured_50,923700
8,1093,structured_50,1083100
8,1093,dense,839200
8,1094,dense,695300
8,1094,structured_50,451100
8,1095,structured_50,457700
8,1095,dense,735000
8,1096,dense,446300
8,1096,structured_50,389100
8,1097,structured_50,346200
8,1097,dense,505100
8,1098,dense,464000
8,1098,structured_50,379100
8,1099,structured_50,370100
8,1099,dense,504100
8,1100,dense,903500
8,1100,structured_50,1658500
8,1101,structured_50,936000
8,1101,dense,1056000
8,1102,dense,1023300
8,1102,structured_50,873100
8,1103,structured_50,847000
8,1103,dense,1280100
8,1104,dense,975400
8,1104,structured_50,1221700
8,1105,structured_50,1076400
8,1105,dense,1115600
8,1106,dense,1117600
8,1106,structured_50,1012300
8,1107,structured_50,863200
8,1107,dense,1001600
8,1108,dense,1016800
8,1108,structured_50,837500
8,1109,structured_50,825600
8,1109,dense,1011900
8,1110,dense,990200
8,1110,structured_50,880300
8,1111,structured_50,1011200
8,1111,dense,819800
8,1112,dense,1098900
8,1112,structured_50,855900
8,1113,structured_50,836100
8,1113,dense,999900
8,1114,dense,1008300
8,1114,structured_50,831100
8,1115,structured_50,849200
8,1115,dense,1001700
8,1116,dense,1008900
8,1116,structured_50,827500
8,1117,structured_50,974700
8,1117,dense,963100
8,1118,dense,1258800
8,1118,structured_50,1767400
8,1119,structured_50,1511100
8,1119,dense,2050700
8,1120,dense,1870200
8,1120,structured_50,1374200
8,1121,structured_50,1239700
8,1121,dense,1267100
8,1122,dense,1063300
8,1122,structured_50,839000
8,1123,structured_50,853200
8,1123,dense,992400
8,1124,dense,1111600
8,1124,structured_50,845600
8,1125,structured_50,910200
8,1125,dense,997500
8,1126,dense,1035400
8,1126,structured_50,856700
8,1127,structured_50,860100
8,1127,dense,999300
8,1128,dense,1006900
8,1128,structured_50,851500
8,1129,structured_50,845300
8,1129,dense,1006800
8,1130,dense,1011600
8,1130,structured_50,838800
8,1131,structured_50,824200
8,1131,dense,1018000
8,1132,dense,994000
8,1132,structured_50,858200
8,1133,structured_50,837700
8,1133,dense,1010100
8,1134,dense,989000
8,1134,structured_50,852200
8,1135,structured_50,829900
8,1135,dense,1009900
8,1136,dense,994100
8,1136,structured_50,850300
8,1137,structured_50,849400
8,1137,dense,987900
8,1138,dense,1022200
8,1138,structured_50,841300
8,1139,structured_50,837600
8,1139,dense,990800
8,1140,dense,1110100
8,1140,structured_50,856800
8,1141,structured_50,844900
8,1141,dense,1008500
8,1142,dense,1061300
8,1142,structured_50,884800
8,1143,structured_50,842900
8,1143,dense,996600
8,1144,dense,1002600
8,1144,structured_50,834500
8,1145,structured_50,843100
8,1145,dense,1016800
8,1146,dense,984400
8,1146,structured_50,852200
8,1147,structured_50,824000
8,1147,dense,1008700
8,1148,dense,989000
8,1148,structured_50,855100
8,1149,structured_50,829100
8,1149,dense,1018500
8,1150,dense,1016900
8,1150,structured_50,876000
8,1151,structured_50,831900
8,1151,dense,989700
8,1152,dense,1016700
8,1152,structured_50,834700
8,1153,structured_50,841500
8,1153,dense,988400
8,1154,dense,1010400
8,1154,structured_50,828800
8,1155,structured_50,838500
8,1155,dense,1001200
8,1156,dense,1000800
8,1156,structured_50,931400
8,1157,structured_50,834200
8,1157,dense,1014900
8,1158,dense,1207600
8,1158,structured_50,587200
8,1159,structured_50,387400
8,1159,dense,444500
8,1160,dense,420100
8,1160,structured_50,352000
8,1161,structured_50,351200
8,1161,dense,496600
8,1162,dense,481700
8,1162,structured_50,375600
8,1163,structured_50,376500
8,1163,dense,587900
8,1164,dense,480600
8,1164,structured_50,382500
8,1165,structured_50,379300
8,1165,dense,875100
8,1166,dense,1203400
8,1166,structured_50,917300
8,1167,structured_50,927700
8,1167,dense,908200
8,1168,dense,472500
8,1168,structured_50,365800
8,1169,structured_50,346900
8,1169,dense,492400
8,1170,dense,475300
8,1170,structured_50,390300
8,1171,structured_50,374700
8,1171,dense,462700
8,1172,dense,764400
8,1172,structured_50,1943300
8,1173,structured_50,1358300
8,1173,dense,1289000
8,1174,dense,1048500
8,1174,structured_50,833000
8,1175,structured_50,889900
8,1175,dense,1167000
8,1176,dense,990000
8,1176,structured_50,880200
8,1177,structured_50,934700
8,1177,dense,1003200
8,1178,dense,1214100
8,1178,structured_50,880800
8,1179,structured_50,831200
8,1179,dense,1141900
8,1180,dense,1077300
8,1180,structured_50,919500
8,1181,structured_50,914700
8,1181,dense,1095400
8,1182,dense,1337800
8,1182,structured_50,1007000
8,1183,structured_50,898900
8,1183,dense,1078200
8,1184,dense,1034400
8,1184,structured_50,843300
8,1185,structured_50,847900
8,1185,dense,982300
8,1186,dense,1001300
8,1186,structured_50,825400
8,1187,structured_50,842900
8,1187,dense,1242000
8,1188,dense,1078200
8,1188,structured_50,887400
8,1189,structured_50,894500
8,1189,dense,1071000
8,1190,dense,1053500
8,1190,structured_50,881800
8,1191,structured_50,851100
8,1191,dense,1085500
8,1192,dense,1120900
8,1192,structured_50,884600
8,1193,structured_50,837600
8,1193,dense,1021200
8,1194,dense,992700
8,1194,structured_50,851600
8,1195,structured_50,861700
8,1195,dense,1168800
8,1196,dense,1054500
8,1196,structured_50,955500
8,1197,structured_50,881100
8,1197,dense,1054100
8,1198,dense,1039400
8,1198,structured_50,906100
8,1199,structured_50,867200
8,1199,dense,1078600
8,1200,dense,1044000
8,1200,structured_50,902400
8,1201,structured_50,881400
8,1201,dense,1056000
8,1202,dense,1006200
8,1202,structured_50,874100
8,1203,structured_50,471300
8,1203,dense,958600
8,1204,dense,1157200
8,1204,structured_50,911300
8,1205,structured_50,827100
8,1205,dense,1107300
8,1206,dense,1047900
8,1206,structured_50,918800
8,1207,structured_50,964000
8,1207,dense,1136700
8,1208,dense,1046300
8,1208,structured_50,904800
8,1209,structured_50,891600
8,1209,dense,1150800
8,1210,dense,1080200
8,1210,structured_50,959300
8,1211,structured_50,938000
8,1211,dense,1647300
8,1212,dense,1853700
8,1212,structured_50,907100
8,1213,structured_50,896800
8,1213,dense,1041400
8,1214,dense,1072600
8,1214,structured_50,869800
8,1215,structured_50,890300
8,1215,dense,1026900
8,1216,dense,1051200
8,1216,structured_50,872200
8,1217,structured_50,1098500
8,1217,dense,1257500
8,1218,dense,1235000
8,1218,structured_50,1219800
8,1219,structured_50,1479700
8,1219,dense,1286400
8,1220,dense,1108500
8,1220,structured_50,901800
8,1221,structured_50,939400
8,1221,dense,1072000
8,1222,dense,1054200
8,1222,structured_50,943300
8,1223,structured_50,925600
8,1223,dense,1060800
8,1224,dense,1042400
8,1224,structured_50,870400
8,1225,structured_50,888300
8,1225,dense,1052600
8,1226,dense,1021500
8,1226,structured_50,853100
8,1227,structured_50,852500
8,1227,dense,1005800
8,1228,dense,1024300
8,1228,structured_50,867500
8,1229,structured_50,851400
8,1229,dense,1011900
8,1230,dense,1005700
8,1230,structured_50,845200
8,1231,structured_50,826200
8,1231,dense,1010400
8,1232,dense,987500
8,1232,structured_50,856200
8,1233,structured_50,827200
8,1233,dense,1014200
8,1234,dense,995900
8,1234,structured_50,857500
8,1235,structured_50,826200
8,1235,dense,1005700
8,1236,dense,990700
8,1236,structured_50,832000
8,1237,structured_50,897200
8,1237,dense,981900
8,1238,dense,1051800
8,1238,structured_50,873300
8,1239,structured_50,886400
8,1239,dense,1033700
8,1240,dense,984300
8,1240,structured_50,857000
8,1241,structured_50,629800
8,1241,dense,470700
8,1242,dense,441900
8,1242,structured_50,375900
8,1243,structured_50,435800
8,1243,dense,774000
8,1244,dense,1041800
8,1244,structured_50,916600
8,1245,structured_50,900500
8,1245,dense,1070000
8,1246,dense,1029900
8,1246,structured_50,943400
8,1247,structured_50,600500
8,1247,dense,1165800
8,1248,dense,1018800
8,1248,structured_50,860600
8,1249,structured_50,848700
8,1249,dense,1045200
8,1250,dense,1028500
8,1250,structured_50,860900
8,1251,structured_50,837400
8,1251,dense,1025100
8,1252,dense,1012300
8,1252,structured_50,1086200
8,1253,structured_50,866900
8,1253,dense,1037400
8,1254,dense,1077600
8,1254,structured_50,940000
8,1255,structured_50,922900
8,1255,dense,1093800
8,1256,dense,1028000
8,1256,structured_50,894400
8,1257,structured_50,857300
8,1257,dense,1055000
8,1258,dense,1207900
8,1258,structured_50,545700
8,1259,structured_50,534100
8,1259,dense,449700
8,1260,dense,424500
8,1260,structured_50,344900
8,1261,structured_50,442500
8,1261,dense,495400
8,1262,dense,476600
8,1262,structured_50,406900
8,1263,structured_50,432900
8,1263,dense,564400
8,1264,dense,480500
8,1264,structured_50,378200
8,1265,structured_50,406400
8,1265,dense,505500
8,1266,dense,478100
8,1266,structured_50,384400
8,1267,structured_50,395100
8,1267,dense,989600
8,1268,dense,1066200
8,1268,structured_50,1045300
8,1269,structured_50,415000
8,1269,dense,430400
8,1270,dense,446300
8,1270,structured_50,344400
8,1271,structured_50,851200
8,1271,dense,554500
8,1272,dense,760000
8,1272,structured_50,1128300
8,1273,structured_50,932600
8,1273,dense,1095600
8,1274,dense,1048800
8,1274,structured_50,915500
8,1275,structured_50,881400
8,1275,dense,1111100
8,1276,dense,686700
8,1276,structured_50,372900
8,1277,structured_50,383300
8,1277,dense,469500
8,1278,dense,486300
8,1278,structured_50,401200
8,1279,structured_50,419800
8,1279,dense,482600
8,1280,dense,488200
8,1280,structured_50,396600
8,1281,structured_50,383400
8,1281,dense,506100
8,1282,dense,489900
8,1282,structured_50,392000
8,1283,structured_50,374200
8,1283,dense,504800
8,1284,dense,486400
8,1284,structured_50,390500
8,1285,structured_50,394500
8,1285,dense,460000
8,1286,dense,515700
8,1286,structured_50,390700
8,1287,structured_50,383100
8,1287,dense,960600
8,1288,dense,1052100
8,1288,structured_50,862700
8,1289,structured_50,837800
8,1289,dense,1028800
8,1290,dense,1305700
8,1290,structured_50,908500
8,1291,structured_50,919000
8,1291,dense,954700
8,1292,dense,541000
8,1292,structured_50,888800
8,1293,structured_50,1025400
8,1293,dense,1175300
8,1294,dense,1109900
8,1294,structured_50,922900
8,1295,structured_50,940200
8,1295,dense,1023300
8,1296,dense,1073600
8,1296,structured_50,883500
8,1297,structured_50,903700
8,1297,dense,1147300
8,1298,dense,1109000
8,1298,structured_50,452900
8,1299,structured_50,909700
8,1299,dense,1203500
8,1300,dense,1061900
8,1300,structured_50,954000
8,1301,structured_50,871800
8,1301,dense,1181300
8,1302,dense,1045200
8,1302,structured_50,893200
8,1303,structured_50,878800
8,1303,dense,1052100
8,1304,dense,996800
8,1304,structured_50,884300
8,1305,structured_50,865200
8,1305,dense,1044200
8,1306,dense,1039900
8,1306,structured_50,842800
8,1307,structured_50,858200
8,1307,dense,996700
8,1308,dense,1011000
8,1308,structured_50,837600
8,1309,structured_50,849500
8,1309,dense,991300
8,1310,dense,1010600
8,1310,structured_50,847800
8,1311,structured_50,852600
8,1311,dense,1009700
8,1312,dense,1009800
8,1312,structured_50,837500
8,1313,structured_50,941000
8,1313,dense,1054700
8,1314,dense,999600
8,1314,structured_50,862700
8,1315,structured_50,827000
8,1315,dense,1010100
8,1316,dense,990600
8,1316,structured_50,852700
8,1317,structured_50,828700
8,1317,dense,1009900
8,1318,dense,983700
8,1318,structured_50,848200
8,1319,structured_50,824800
8,1319,dense,995700
8,1320,dense,1012700
8,1320,structured_50,831100
8,1321,structured_50,849400
8,1321,dense,987100
8,1322,dense,1036500
8,1322,structured_50,1085700
8,1323,structured_50,894300
8,1323,dense,1076900
8,1324,dense,1057100
8,1324,structured_50,952800
8,1325,structured_50,921300
8,1325,dense,1127500
8,1326,dense,1126600
8,1326,structured_50,995700
8,1327,structured_50,925300
8,1327,dense,1120800
8,1328,dense,1144300
8,1328,structured_50,998000
8,1329,structured_50,946900
8,1329,dense,1156100
8,1330,dense,1093200
8,1330,structured_50,957900
8,1331,structured_50,915800
8,1331,dense,1109300
8,1332,dense,1088800
8,1332,structured_50,946100
8,1333,structured_50,893600
8,1333,dense,1205200
8,1334,dense,1165200
8,1334,structured_50,1108600
8,1335,structured_50,1088100
8,1335,dense,1163900
8,1336,dense,1187400
8,1336,structured_50,1041300
8,1337,structured_50,1003200
8,1337,dense,1179600
8,1338,dense,1190500
8,1338,structured_50,1001000
8,1339,structured_50,949600
8,1339,dense,1096900
8,1340,dense,1100400
8,1340,structured_50,904600
8,1341,structured_50,922100
8,1341,dense,1053000
8,1342,dense,1033200
8,1342,structured_50,951700
8,1343,structured_50,878300
8,1343,dense,1104900
8,1344,dense,1094600
8,1344,structured_50,935300
8,1345,structured_50,366700
8,1345,dense,468500
8,1346,dense,472300
8,1346,structured_50,454200
8,1347,structured_50,411100
8,1347,dense,523400
8,1348,dense,478500
8,1348,structured_50,419400
8,1349,structured_50,404100
8,1349,dense,491700
8,1350,dense,921100
8,1350,structured_50,443900
8,1351,structured_50,501900
8,1351,dense,491200
8,1352,dense,534600
8,1352,structured_50,439200
8,1353,structured_50,427700
8,1353,dense,1003700
8,1354,dense,504700
8,1354,structured_50,365900
8,1355,structured_50,341300
8,1355,dense,431600
8,1356,dense,480500
8,1356,structured_50,417100
8,1357,structured_50,402800
8,1357,dense,479400
8,1358,dense,528000
8,1358,structured_50,407300
8,1359,structured_50,397200
8,1359,dense,495000
8,1360,dense,526800
8,1360,structured_50,430400
8,1361,structured_50,384400
8,1361,dense,460900
8,1362,dense,463700
8,1362,structured_50,1014200
8,1363,structured_50,928200
8,1363,dense,1093100
8,1364,dense,1101400
8,1364,structured_50,899300
8,1365,structured_50,870500
8,1365,dense,1021300
8,1366,dense,1023300
8,1366,structured_50,944300
8,1367,structured_50,854100
8,1367,dense,1039700
8,1368,dense,994900
8,1368,structured_50,881400
8,1369,structured_50,829100
8,1369,dense,1235800
8,1370,dense,1015200
8,1370,structured_50,921100
8,1371,structured_50,888100
8,1371,dense,1076000
8,1372,dense,1059900
8,1372,structured_50,937100
8,1373,structured_50,898700
8,1373,dense,1085800
8,1374,dense,1071900
8,1374,structured_50,938400
8,1375,structured_50,943700
8,1375,dense,1012800
8,1376,dense,515500
8,1376,structured_50,368200
8,1377,structured_50,628800
8,1377,dense,800800
8,1378,dense,1068300
8,1378,structured_50,923500
8,1379,structured_50,964700
8,1379,dense,1003100
8,1380,dense,996400
8,1380,structured_50,873700
8,1381,structured_50,864000
8,1381,dense,1090800
8,1382,dense,902900
8,1382,structured_50,900800
8,1383,structured_50,839000
8,1383,dense,991700
8,1384,dense,1011200
8,1384,structured_50,861200
8,1385,structured_50,869600
8,1385,dense,1226100
8,1386,dense,1028900
8,1386,structured_50,894800
8,1387,structured_50,902000
8,1387,dense,1102500
8,1388,dense,1022800
8,1388,structured_50,861400
8,1389,structured_50,890300
8,1389,dense,1091000
8,1390,dense,1051700
8,1390,structured_50,918000
8,1391,structured_50,893100
8,1391,dense,1087700
8,1392,dense,1095600
8,1392,structured_50,948600
8,1393,structured_50,1050800
8,1393,dense,716400
8,1394,dense,438500
8,1394,structured_50,542000
8,1395,structured_50,438100
8,1395,dense,546800
8,1396,dense,658200
8,1396,structured_50,763700
8,1397,structured_50,818100
8,1397,dense,1119000
8,1398,dense,1098300
8,1398,structured_50,938300
8,1399,structured_50,874100
8,1399,dense,1193600
8,1400,dense,1273700
8,1400,structured_50,828300
8,1401,structured_50,797700
8,1401,dense,1033200
8,1402,dense,999300
8,1402,structured_50,926800
8,1403,structured_50,1034400
8,1403,dense,1137100
8,1404,dense,1110600
8,1404,structured_50,966300
8,1405,structured_50,893700
8,1405,dense,1145400
8,1406,dense,1363300
8,1406,structured_50,896900
8,1407,structured_50,879000
8,1407,dense,1066300
8,1408,dense,1041300
8,1408,structured_50,902100
8,1409,structured_50,885900
8,1409,dense,1061900
8,1410,dense,1083600
8,1410,structured_50,936400
8,1411,structured_50,874600
8,1411,dense,1070200
8,1412,dense,1036100
8,1412,structured_50,897500
8,1413,structured_50,853800
8,1413,dense,1130700
8,1414,dense,1033100
8,1414,structured_50,944300
8,1415,structured_50,862300
8,1415,dense,1009500
8,1416,dense,1034300
8,1416,structured_50,1089100
8,1417,structured_50,901900
8,1417,dense,1052100
8,1418,dense,1080300
8,1418,structured_50,903000
8,1419,structured_50,895000
8,1419,dense,1051900
8,1420,dense,1058400
8,1420,structured_50,895800
8,1421,structured_50,872800
8,1421,dense,1064800
8,1422,dense,1331900
8,1422,structured_50,862400
8,1423,structured_50,803100
8,1423,dense,1072200
8,1424,dense,1054000
8,1424,structured_50,907600
8,1425,structured_50,873600
8,1425,dense,1066400
8,1426,dense,1005500
8,1426,structured_50,859600
8,1427,structured_50,837600
8,1427,dense,1151300
8,1428,dense,1050400
8,1428,structured_50,888400
8,1429,structured_50,873500
8,1429,dense,1130800
8,1430,dense,1025200
8,1430,structured_50,865200
8,1431,structured_50,848100
8,1431,dense,1026200
8,1432,dense,1004900
8,1432,structured_50,869200
8,1433,structured_50,834100
8,1433,dense,1112700
8,1434,dense,1734500
8,1434,structured_50,905900
8,1435,structured_50,858800
8,1435,dense,1070400
8,1436,dense,1042200
8,1436,structured_50,860000
8,1437,structured_50,868600
8,1437,dense,1054900
8,1438,dense,1025100
8,1438,structured_50,898000
8,1439,structured_50,1085800
8,1439,dense,1050200
8,1440,dense,1066300
8,1440,structured_50,958800
8,1441,structured_50,953500
8,1441,dense,1093000
8,1442,dense,1099900
8,1442,structured_50,898400
8,1443,structured_50,940400
8,1443,dense,1072600
8,1444,dense,1169300
8,1444,structured_50,977900
8,1445,structured_50,849700
8,1445,dense,1023800
8,1446,dense,1074800
8,1446,structured_50,1039900
8,1447,structured_50,877800
8,1447,dense,1088000
8,1448,dense,1053400
8,1448,structured_50,932400
8,1449,structured_50,879100
8,1449,dense,1170500
8,1450,dense,1015600
8,1450,structured_50,845800
8,1451,structured_50,864000
8,1451,dense,1047000
8,1452,dense,1065100
8,1452,structured_50,892700
8,1453,structured_50,891600
8,1453,dense,1041800
8,1454,dense,1143400
8,1454,structured_50,851700
8,1455,structured_50,866500
8,1455,dense,1138000
8,1456,dense,1124000
8,1456,structured_50,906700
8,1457,structured_50,874200
8,1457,dense,1031600
8,1458,dense,1031300
8,1458,structured_50,858500
8,1459,structured_50,832300
8,1459,dense,1114900
8,1460,dense,997000
8,1460,structured_50,870700
8,1461,structured_50,832900
8,1461,dense,921700
8,1462,dense,461000
8,1462,structured_50,777200
8,1463,structured_50,857200
8,1463,dense,1091200
8,1464,dense,1050900
8,1464,structured_50,926000
8,1465,structured_50,882300
8,1465,dense,1077900
8,1466,dense,1045000
8,1466,structured_50,906000
8,1467,structured_50,891600
8,1467,dense,1254700
8,1468,dense,996300
8,1468,structured_50,918900
8,1469,structured_50,881400
8,1469,dense,1069300
8,1470,dense,1195100
8,1470,structured_50,858700
8,1471,structured_50,854400
8,1471,dense,1073800
8,1472,dense,1064300
8,1472,structured_50,856800
8,1473,structured_50,875600
8,1473,dense,1009200
8,1474,dense,1014400
8,1474,structured_50,842300
8,1475,structured_50,847100
8,1475,dense,1021900
8,1476,dense,1008700
8,1476,structured_50,843200
8,1477,structured_50,832300
8,1477,dense,1017000
8,1478,dense,1000400
8,1478,structured_50,1027900
8,1479,structured_50,894400
8,1479,dense,1078900
8,1480,dense,1133900
8,1480,structured_50,865700
8,1481,structured_50,915800
8,1481,dense,1083300
8,1482,dense,1077500
8,1482,structured_50,906600
8,1483,structured_50,903500
8,1483,dense,1045700
8,1484,dense,1062500
8,1484,structured_50,1148300
8,1485,structured_50,940700
8,1485,dense,1070700
8,1486,dense,1083100
8,1486,structured_50,935700
8,1487,structured_50,902300
8,1487,dense,1078000
8,1488,dense,1052300
8,1488,structured_50,918900
8,1489,structured_50,886100
8,1489,dense,1075800
8,1490,dense,1237700
8,1490,structured_50,889500
8,1491,structured_50,883200
8,1491,dense,1082000
8,1492,dense,1176400
8,1492,structured_50,856900
8,1493,structured_50,821500
8,1493,dense,1030700
8,1494,dense,1034400
8,1494,structured_50,890500
8,1495,structured_50,859700
8,1495,dense,1182900
8,1496,dense,474000
8,1496,structured_50,357000
8,1497,structured_50,339100
8,1497,dense,442200
8,1498,dense,471100
8,1498,structured_50,387800
8,1499,structured_50,393000
8,1499,dense,464000
8,1500,dense,529900
8,1500,structured_50,389900
8,1501,structured_50,383600
8,1501,dense,460300
8,1502,dense,496100
8,1502,structured_50,390700
8,1503,structured_50,371300
8,1503,dense,477800
8,1504,dense,448000
8,1504,structured_50,428100
8,1505,structured_50,371300
8,1505,dense,455200
8,1506,dense,467000
8,1506,structured_50,364200
8,1507,structured_50,892400
8,1507,dense,1115800
8,1508,dense,982800
8,1508,structured_50,886800
8,1509,structured_50,858300
8,1509,dense,1047600
8,1510,dense,1022700
8,1510,structured_50,880900
8,1511,structured_50,864300
8,1511,dense,1044800
8,1512,dense,1124400
8,1512,structured_50,892400
8,1513,structured_50,1028200
8,1513,dense,1060200
8,1514,dense,1007700
8,1514,structured_50,894000
8,1515,structured_50,879200
8,1515,dense,1024100
8,1516,dense,1010400
8,1516,structured_50,836600
8,1517,structured_50,865000
8,1517,dense,1018800
8,1518,dense,1037500
8,1518,structured_50,881100
8,1519,structured_50,904800
8,1519,dense,1058200
8,1520,dense,1080300
8,1520,structured_50,947800
8,1521,structured_50,938500
8,1521,dense,1176900
8,1522,dense,1130300
8,1522,structured_50,933800
8,1523,structured_50,932800
8,1523,dense,1089900
8,1524,dense,1132900
8,1524,structured_50,925500
8,1525,structured_50,892100
8,1525,dense,1074000
8,1526,dense,1164600
8,1526,structured_50,1009200
8,1527,structured_50,1000100
8,1527,dense,1188300
8,1528,dense,1157200
8,1528,structured_50,1016300
8,1529,structured_50,416800
8,1529,dense,455600
8,1530,dense,822300
8,1530,structured_50,933600
8,1531,structured_50,884200
8,1531,dense,1109800
8,1532,dense,1126600
8,1532,structured_50,907500
8,1533,structured_50,966900
8,1533,dense,1060700
8,1534,dense,1060500
8,1534,structured_50,860100
8,1535,structured_50,856900
8,1535,dense,1009900
8,1536,dense,1242400
8,1536,structured_50,962800
8,1537,structured_50,857300
8,1537,dense,1252900
8,1538,dense,1169200
8,1538,structured_50,1362900
8,1539,structured_50,1174800
8,1539,dense,1178400
8,1540,dense,1059700
8,1540,structured_50,886000
8,1541,structured_50,904500
8,1541,dense,1026900
8,1542,dense,1045500
8,1542,structured_50,850200
8,1543,structured_50,851100
8,1543,dense,1005800
8,1544,dense,1010500
8,1544,structured_50,841400
8,1545,structured_50,862100
8,1545,dense,1029100
8,1546,dense,1010400
8,1546,structured_50,858700
8,1547,structured_50,856000
8,1547,dense,1018700
8,1548,dense,1004200
8,1548,structured_50,849500
8,1549,structured_50,829900
8,1549,dense,1015300
8,1550,dense,988900
8,1550,structured_50,858700
8,1551,structured_50,827200
8,1551,dense,1009300
8,1552,dense,999100
8,1552,structured_50,885100
8,1553,structured_50,843000
8,1553,dense,1066400
8,1554,dense,1059200
8,1554,structured_50,913100
8,1555,structured_50,896900
8,1555,dense,1097000
8,1556,dense,1033900
8,1556,structured_50,902900
8,1557,structured_50,878900
8,1557,dense,1176100
8,1558,dense,1062200
8,1558,structured_50,897300
8,1559,structured_50,848200
8,1559,dense,1024300
8,1560,dense,1025200
8,1560,structured_50,861200
8,1561,structured_50,1038900
8,1561,dense,1192900
8,1562,dense,1125100
8,1562,structured_50,920100
8,1563,structured_50,926800
8,1563,dense,1086500
8,1564,dense,1174900
8,1564,structured_50,904200
8,1565,structured_50,862600
8,1565,dense,1078200
8,1566,dense,1060800
8,1566,structured_50,908200
8,1567,structured_50,911100
8,1567,dense,1057600
8,1568,dense,1070400
8,1568,structured_50,1046900
8,1569,structured_50,932300
8,1569,dense,1109700
8,1570,dense,1038600
8,1570,structured_50,903400
8,1571,structured_50,847100
8,1571,dense,1042100
8,1572,dense,1025100
8,1572,structured_50,974500
8,1573,structured_50,857100
8,1573,dense,1023600
8,1574,dense,1028400
8,1574,structured_50,870800
8,1575,structured_50,851400
8,1575,dense,1045800
8,1576,dense,1016900
8,1576,structured_50,919500
8,1577,structured_50,888200
8,1577,dense,1081500
8,1578,dense,1095400
8,1578,structured_50,975500
8,1579,structured_50,929100
8,1579,dense,1122100
8,1580,dense,1116600
8,1580,structured_50,964400
8,1581,structured_50,951600
8,1581,dense,1123900
8,1582,dense,1106000
8,1582,structured_50,953900
8,1583,structured_50,927400
8,1583,dense,1152600
8,1584,dense,1119000
8,1584,structured_50,941000
8,1585,structured_50,838200
8,1585,dense,1060300
8,1586,dense,1045500
8,1586,structured_50,893000
8,1587,structured_50,849000
8,1587,dense,1104200
8,1588,dense,999200
8,1588,structured_50,923700
8,1589,structured_50,911200
8,1589,dense,1091700
8,1590,dense,1084900
8,1590,structured_50,924500
8,1591,structured_50,914300
8,1591,dense,1131900
8,1592,dense,1095500
8,1592,structured_50,916700
8,1593,structured_50,886700
8,1593,dense,1071600
8,1594,dense,1043000
8,1594,structured_50,923300
8,1595,structured_50,882700
8,1595,dense,1085800
8,1596,dense,1068100
8,1596,structured_50,915200
8,1597,structured_50,908600
8,1597,dense,1081900
8,1598,dense,1051200
8,1598,structured_50,954900
8,1599,structured_50,916300
8,1599,dense,1073000
8,1600,dense,1002800
8,1600,structured_50,879100
8,1601,structured_50,853600
8,1601,dense,1006400
8,1602,dense,1021200
8,1602,structured_50,845900
8,1603,structured_50,957000
8,1603,dense,1013800
8,1604,dense,1024000
8,1604,structured_50,849900
8,1605,structured_50,860700
8,1605,dense,1018600
8,1606,dense,1076100
8,1606,structured_50,894100
8,1607,structured_50,907500
8,1607,dense,1234700
8,1608,dense,1056800
8,1608,structured_50,933100
8,1609,structured_50,933900
8,1609,dense,1074200
8,1610,dense,1068500
8,1610,structured_50,897900
8,1611,structured_50,891800
8,1611,dense,1044800
8,1612,dense,1045900
8,1612,structured_50,859800
8,1613,structured_50,850100
8,1613,dense,1012600
8,1614,dense,1039200
8,1614,structured_50,902700
8,1615,structured_50,878300
8,1615,dense,748300
8,1616,dense,425300
8,1616,structured_50,343200
8,1617,structured_50,354300
8,1617,dense,552400
8,1618,dense,479100
8,1618,structured_50,381800
8,1619,structured_50,369200
8,1619,dense,533400
8,1620,dense,414300
8,1620,structured_50,344100
8,1621,structured_50,337500
8,1621,dense,463300
8,1622,dense,1005100
8,1622,structured_50,844800
8,1623,structured_50,891000
8,1623,dense,1312400
8,1624,dense,1052200
8,1624,structured_50,916000
8,1625,structured_50,894100
8,1625,dense,1095700
8,1626,dense,1077900
8,1626,structured_50,923500
8,1627,structured_50,908100
8,1627,dense,1067300
8,1628,dense,1067700
8,1628,structured_50,919000
8,1629,structured_50,969100
8,1629,dense,1049200
8,1630,dense,1004100
8,1630,structured_50,853300
8,1631,structured_50,899500
8,1631,dense,1039200
8,1632,dense,771900
8,1632,structured_50,373600
8,1633,structured_50,357800
8,1633,dense,431600
8,1634,dense,576300
8,1634,structured_50,661400
8,1635,structured_50,839600
8,1635,dense,993800
8,1636,dense,1279300
8,1636,structured_50,885600
8,1637,structured_50,881400
8,1637,dense,1052800
8,1638,dense,1172700
8,1638,structured_50,872600
8,1639,structured_50,881600
8,1639,dense,1025600
8,1640,dense,1036000
8,1640,structured_50,879600
8,1641,structured_50,896700
8,1641,dense,1085400
8,1642,dense,1056800
8,1642,structured_50,851300
8,1643,structured_50,855800
8,1643,dense,1038600
8,1644,dense,1065700
8,1644,structured_50,967700
8,1645,structured_50,803000
8,1645,dense,999700
8,1646,dense,998100
8,1646,structured_50,851300
8,1647,structured_50,838200
8,1647,dense,1208800
8,1648,dense,1120200
8,1648,structured_50,914200
8,1649,structured_50,868100
8,1649,dense,1055800
8,1650,dense,1023900
8,1650,structured_50,890800
8,1651,structured_50,854500
8,1651,dense,1044500
8,1652,dense,1025600
8,1652,structured_50,854400
8,1653,structured_50,972900
8,1653,dense,1059600
8,1654,dense,995400
8,1654,structured_50,920000
8,1655,structured_50,886200
8,1655,dense,1225000
8,1656,dense,1033100
8,1656,structured_50,880600
8,1657,structured_50,887600
8,1657,dense,1071400
8,1658,dense,1080500
8,1658,structured_50,884500
8,1659,structured_50,849600
8,1659,dense,1020800
8,1660,dense,989900
8,1660,structured_50,859700
8,1661,structured_50,823200
8,1661,dense,1002900
8,1662,dense,986300
8,1662,structured_50,851500
8,1663,structured_50,827400
8,1663,dense,1002900
8,1664,dense,1050700
8,1664,structured_50,1020600
8,1665,structured_50,912000
8,1665,dense,1199300
8,1666,dense,1080300
8,1666,structured_50,853900
8,1667,structured_50,915200
8,1667,dense,1004700
8,1668,dense,1054400
8,1668,structured_50,944700
8,1669,structured_50,932800
8,1669,dense,1048400
8,1670,dense,1312100
8,1670,structured_50,855800
8,1671,structured_50,802300
8,1671,dense,1169900
8,1672,dense,1090700
8,1672,structured_50,864500
8,1673,structured_50,876300
8,1673,dense,1004800
8,1674,dense,1032600
8,1674,structured_50,838600
8,1675,structured_50,850200
8,1675,dense,1004200
8,1676,dense,1101500
8,1676,structured_50,810700
8,1677,structured_50,815100
8,1677,dense,1019400
8,1678,dense,997200
8,1678,structured_50,863800
8,1679,structured_50,831500
8,1679,dense,1016700
8,1680,dense,989500
8,1680,structured_50,1113100
8,1681,structured_50,804600
8,1681,dense,1155500
8,1682,dense,1011600
8,1682,structured_50,888900
8,1683,structured_50,904800
8,1683,dense,1093400
8,1684,dense,1153100
8,1684,structured_50,896900
8,1685,structured_50,878000
8,1685,dense,1066800
8,1686,dense,996400
8,1686,structured_50,863900
8,1687,structured_50,856600
8,1687,dense,1165200
8,1688,dense,1034900
8,1688,structured_50,841800
8,1689,structured_50,849700
8,1689,dense,1036700
8,1690,dense,1036500
8,1690,structured_50,846200
8,1691,structured_50,878000
8,1691,dense,1011800
8,1692,dense,1030500
8,1692,structured_50,848000
8,1693,structured_50,1267300
8,1693,dense,1060000
8,1694,dense,1103400
8,1694,structured_50,924500
8,1695,structured_50,880400
8,1695,dense,1084400
8,1696,dense,1192200
8,1696,structured_50,843100
8,1697,structured_50,891600
8,1697,dense,1058200
8,1698,dense,1069000
8,1698,structured_50,902300
8,1699,structured_50,902600
8,1699,dense,1050200
8,1700,dense,1088800
8,1700,structured_50,858500
8,1701,structured_50,1109900
8,1701,dense,1238300
8,1702,dense,1016800
8,1702,structured_50,922600
8,1703,structured_50,888400
8,1703,dense,1107700
8,1704,dense,1151800
8,1704,structured_50,948900
8,1705,structured_50,892700
8,1705,dense,1070800
8,1706,dense,1049000
8,1706,structured_50,898700
8,1707,structured_50,886800
8,1707,dense,1039000
8,1708,dense,1075900
8,1708,structured_50,876300
8,1709,structured_50,900200
8,1709,dense,1070600
8,1710,dense,1096600
8,1710,structured_50,870400
8,1711,structured_50,869800
8,1711,dense,991600
8,1712,dense,1033300
8,1712,structured_50,843400
8,1713,structured_50,849000
8,1713,dense,1062600
8,1714,dense,1070900
8,1714,structured_50,978000
8,1715,structured_50,901800
8,1715,dense,1230800
8,1716,dense,981900
8,1716,structured_50,859000
8,1717,structured_50,877000
8,1717,dense,1282100
8,1718,dense,1104500
8,1718,structured_50,476100
8,1719,structured_50,421100
8,1719,dense,441000
8,1720,dense,463800
8,1720,structured_50,413300
8,1721,structured_50,387000
8,1721,dense,506900
8,1722,dense,644100
8,1722,structured_50,1033700
8,1723,structured_50,974900
8,1723,dense,1195700
8,1724,dense,1071400
8,1724,structured_50,893400
8,1725,structured_50,860400
8,1725,dense,1045700
8,1726,dense,1020900
8,1726,structured_50,860800
8,1727,structured_50,831900
8,1727,dense,1148500
8,1728,dense,1098200
8,1728,structured_50,1061900
8,1729,structured_50,882100
8,1729,dense,1245600
8,1730,dense,1557800
8,1730,structured_50,1018300
8,1731,structured_50,908400
8,1731,dense,1152100
8,1732,dense,1077200
8,1732,structured_50,894200
8,1733,structured_50,888100
8,1733,dense,1148300
8,1734,dense,1053600
8,1734,structured_50,902000
8,1735,structured_50,872800
8,1735,dense,1014700
8,1736,dense,989400
8,1736,structured_50,854700
8,1737,structured_50,830600
8,1737,dense,1015300
8,1738,dense,1018900
8,1738,structured_50,865800
8,1739,structured_50,837100
8,1739,dense,1049000
8,1740,dense,1034300
8,1740,structured_50,844400
8,1741,structured_50,880900
8,1741,dense,995400
8,1742,dense,1022400
8,1742,structured_50,829700
8,1743,structured_50,851900
8,1743,dense,1031900
8,1744,dense,1011000
8,1744,structured_50,857400
8,1745,structured_50,908500
8,1745,dense,1057100
8,1746,dense,1070300
8,1746,structured_50,985100
8,1747,structured_50,900400
8,1747,dense,1040900
8,1748,dense,1065200
8,1748,structured_50,905300
8,1749,structured_50,907400
8,1749,dense,1055600
8,1750,dense,1066800
8,1750,structured_50,885600
8,1751,structured_50,901100
8,1751,dense,1046300
8,1752,dense,1068100
8,1752,structured_50,883100
8,1753,structured_50,871300
8,1753,dense,1063400
8,1754,dense,1060900
8,1754,structured_50,973600
8,1755,structured_50,910900
8,1755,dense,972900
8,1756,dense,976300
8,1756,structured_50,926000
8,1757,structured_50,933300
8,1757,dense,990900
8,1758,dense,993200
8,1758,structured_50,848800
8,1759,structured_50,863900
8,1759,dense,995300
8,1760,dense,1021900
8,1760,structured_50,839300
8,1761,structured_50,854100
8,1761,dense,991700
8,1762,dense,1025500
8,1762,structured_50,869900
8,1763,structured_50,977300
8,1763,dense,1077400
8,1764,dense,1088200
8,1764,structured_50,892600
8,1765,structured_50,901200
8,1765,dense,1066000
8,1766,dense,1061500
8,1766,structured_50,890700
8,1767,structured_50,898500
8,1767,dense,1042900
8,1768,dense,1060600
8,1768,structured_50,876400
8,1769,structured_50,857800
8,1769,dense,1054200
8,1770,dense,1009700
8,1770,structured_50,852600
8,1771,structured_50,842500
8,1771,dense,1049700
8,1772,dense,1051200
8,1772,structured_50,922100
8,1773,structured_50,877100
8,1773,dense,1065800
8,1774,dense,1056300
8,1774,structured_50,880400
8,1775,structured_50,836500
8,1775,dense,1019500
8,1776,dense,1037400
8,1776,structured_50,888500
8,1777,structured_50,831400
8,1777,dense,1023800
8,1778,dense,1034000
8,1778,structured_50,906800
8,1779,structured_50,886500
8,1779,dense,1016100
8,1780,dense,876200
8,1780,structured_50,840500
8,1781,structured_50,838600
8,1781,dense,1025400
8,1782,dense,1021500
8,1782,structured_50,1106700
8,1783,structured_50,815600
8,1783,dense,980300
8,1784,dense,1068700
8,1784,structured_50,906800
8,1785,structured_50,874500
8,1785,dense,1409000
8,1786,dense,1070700
8,1786,structured_50,884700
8,1787,structured_50,849300
8,1787,dense,1094400
8,1788,dense,1052500
8,1788,structured_50,906100
8,1789,structured_50,879200
8,1789,dense,1058800
8,1790,dense,1042900
8,1790,structured_50,900300
8,1791,structured_50,1254800
8,1791,dense,1058600
8,1792,dense,1061300
8,1792,structured_50,901100
8,1793,structured_50,918900
8,1793,dense,1010000
8,1794,dense,1013900
8,1794,structured_50,862500
8,1795,structured_50,830300
8,1795,dense,1023900
8,1796,dense,989000
8,1796,structured_50,1061300
8,1797,structured_50,549000
8,1797,dense,434200
8,1798,dense,688900
8,1798,structured_50,808900
8,1799,structured_50,859600
8,1799,dense,996600
8,1800,dense,1014800
8,1800,structured_50,841500
8,1801,structured_50,842500
8,1801,dense,1020400
8,1802,dense,994700
8,1802,structured_50,854000
8,1803,structured_50,1088300
8,1803,dense,1124400
8,1804,dense,957000
8,1804,structured_50,837300
8,1805,structured_50,840800
8,1805,dense,1004400
8,1806,dense,1024700
8,1806,structured_50,834600
8,1807,structured_50,855300
8,1807,dense,994300
8,1808,dense,1007500
8,1808,structured_50,832700
8,1809,structured_50,1074800
8,1809,dense,1077500
8,1810,dense,1040300
8,1810,structured_50,849900
8,1811,structured_50,884800
8,1811,dense,1219000
8,1812,dense,982000
8,1812,structured_50,892300
8,1813,structured_50,864900
8,1813,dense,1068800
8,1814,dense,1039200
8,1814,structured_50,896500
8,1815,structured_50,856900
8,1815,dense,1013900
8,1816,dense,989600
8,1816,structured_50,857600
8,1817,structured_50,834100
8,1817,dense,1008000
8,1818,dense,988000
8,1818,structured_50,850900
8,1819,structured_50,826600
8,1819,dense,1111100
8,1820,dense,1021100
8,1820,structured_50,910300
8,1821,structured_50,882000
8,1821,dense,967300
8,1822,dense,1023100
8,1822,structured_50,851600
8,1823,structured_50,852800
8,1823,dense,1003500
8,1824,dense,1010200
8,1824,structured_50,839800
8,1825,structured_50,840400
8,1825,dense,1020000
8,1826,dense,1022200
8,1826,structured_50,886900
8,1827,structured_50,833200
8,1827,dense,997300
8,1828,dense,994300
8,1828,structured_50,859200
8,1829,structured_50,833000
8,1829,dense,1015200
8,1830,dense,988300
8,1830,structured_50,852100
8,1831,structured_50,829900
8,1831,dense,1018000
8,1832,dense,995500
8,1832,structured_50,927400
8,1833,structured_50,798400
8,1833,dense,991500
8,1834,dense,997100
8,1834,structured_50,858300
8,1835,structured_50,833800
8,1835,dense,1056100
8,1836,dense,997700
8,1836,structured_50,845800
8,1837,structured_50,829800
8,1837,dense,1103400
8,1838,dense,1150600
8,1838,structured_50,1648200
8,1839,structured_50,1748000
8,1839,dense,1391800
8,1840,dense,1081300
8,1840,structured_50,888300
8,1841,structured_50,898200
8,1841,dense,1043800
8,1842,dense,1063000
8,1842,structured_50,894100
8,1843,structured_50,893200
8,1843,dense,1068500
8,1844,dense,1066600
8,1844,structured_50,879500
8,1845,structured_50,873200
8,1845,dense,1076200
8,1846,dense,1069100
8,1846,structured_50,891600
8,1847,structured_50,879000
8,1847,dense,1063500
8,1848,dense,1052200
8,1848,structured_50,895500
8,1849,structured_50,838100
8,1849,dense,1020000
8,1850,dense,1031600
8,1850,structured_50,916900
8,1851,structured_50,877800
8,1851,dense,1060500
8,1852,dense,1040200
8,1852,structured_50,897200
8,1853,structured_50,877000
8,1853,dense,1056200
8,1854,dense,1098100
8,1854,structured_50,1345100
8,1855,structured_50,845700
8,1855,dense,1343900
8,1856,dense,1701000
8,1856,structured_50,1011600
8,1857,structured_50,869100
8,1857,dense,1071200
8,1858,dense,1064700
8,1858,structured_50,909000
8,1859,structured_50,967800
8,1859,dense,602500
8,1860,dense,486400
8,1860,structured_50,367700
8,1861,structured_50,406700
8,1861,dense,762400
8,1862,dense,845400
8,1862,structured_50,829400
8,1863,structured_50,707000
8,1863,dense,459700
8,1864,dense,413900
8,1864,structured_50,331300
8,1865,structured_50,330200
8,1865,dense,446500
8,1866,dense,489000
8,1866,structured_50,390100
8,1867,structured_50,374400
8,1867,dense,460400
8,1868,dense,456600
8,1868,structured_50,412700
8,1869,structured_50,375500
8,1869,dense,457600
8,1870,dense,464900
8,1870,structured_50,1047100
8,1871,structured_50,858200
8,1871,dense,1012800
8,1872,dense,1064200
8,1872,structured_50,872100
8,1873,structured_50,875400
8,1873,dense,1060500
8,1874,dense,1041000
8,1874,structured_50,896300
8,1875,structured_50,1684400
8,1875,dense,1091200
8,1876,dense,574100
8,1876,structured_50,375900
8,1877,structured_50,704600
8,1877,dense,1055600
8,1878,dense,1013000
8,1878,structured_50,876500
8,1879,structured_50,844800
8,1879,dense,1004600
8,1880,dense,1029300
8,1880,structured_50,841700
8,1881,structured_50,858800
8,1881,dense,1008800
8,1882,dense,1285700
8,1882,structured_50,861600
8,1883,structured_50,880100
8,1883,dense,1543900
8,1884,dense,1034600
8,1884,structured_50,889400
8,1885,structured_50,904500
8,1885,dense,1074300
8,1886,dense,1028500
8,1886,structured_50,882600
8,1887,structured_50,869000
8,1887,dense,1177500
8,1888,dense,1001000
8,1888,structured_50,880900
8,1889,structured_50,886900
8,1889,dense,1068200
8,1890,dense,1052700
8,1890,structured_50,901700
8,1891,structured_50,929000
8,1891,dense,1051200
8,1892,dense,1059600
8,1892,structured_50,898700
8,1893,structured_50,899300
8,1893,dense,1015300
8,1894,dense,1011400
8,1894,structured_50,881700
8,1895,structured_50,914300
8,1895,dense,1222000
8,1896,dense,1061500
8,1896,structured_50,913400
8,1897,structured_50,887900
8,1897,dense,1080000
8,1898,dense,1060800
8,1898,structured_50,862600
8,1899,structured_50,939300
8,1899,dense,970600
8,1900,dense,825100
8,1900,structured_50,871500
8,1901,structured_50,796200
8,1901,dense,1054300
8,1902,dense,1025600
8,1902,structured_50,885600
8,1903,structured_50,842800
8,1903,dense,1058100
8,1904,dense,998700
8,1904,structured_50,863500
8,1905,structured_50,901700
8,1905,dense,1043100
8,1906,dense,1014300
8,1906,structured_50,964700
8,1907,structured_50,859000
8,1907,dense,1014400
8,1908,dense,1014600
8,1908,structured_50,878500
8,1909,structured_50,854100
8,1909,dense,996600
8,1910,dense,1026400
8,1910,structured_50,949300
8,1911,structured_50,867000
8,1911,dense,986900
8,1912,dense,993500
8,1912,structured_50,853700
8,1913,structured_50,838800
8,1913,dense,1011100
8,1914,dense,998000
8,1914,structured_50,851500
8,1915,structured_50,835100
8,1915,dense,992500
8,1916,dense,1041300
8,1916,structured_50,987400
8,1917,structured_50,915700
8,1917,dense,1053700
8,1918,dense,1003300
8,1918,structured_50,888900
8,1919,structured_50,908200
8,1919,dense,1016900
8,1920,dense,991500
8,1920,structured_50,848700
8,1921,structured_50,849800
8,1921,dense,1005300
8,1922,dense,1074900
8,1922,structured_50,877800
8,1923,structured_50,825400
8,1923,dense,1016800
8,1924,dense,1005700
8,1924,structured_50,862400
8,1925,structured_50,909900
8,1925,dense,1042900
8,1926,dense,1005000
8,1926,structured_50,880700
8,1927,structured_50,848700
8,1927,dense,1000100
8,1928,dense,1199800
8,1928,structured_50,899300
8,1929,structured_50,901000
8,1929,dense,1030800
8,1930,dense,1223500
8,1930,structured_50,828200
8,1931,structured_50,856300
8,1931,dense,1027500
8,1932,dense,1059700
8,1932,structured_50,926300
8,1933,structured_50,941100
8,1933,dense,1297000
8,1934,dense,989400
8,1934,structured_50,854200
8,1935,structured_50,847600
8,1935,dense,1032900
8,1936,dense,995100
8,1936,structured_50,861700
8,1937,structured_50,843000
8,1937,dense,1102200
8,1938,dense,1203000
8,1938,structured_50,851000
8,1939,structured_50,895400
8,1939,dense,1069600
8,1940,dense,997900
8,1940,structured_50,833500
8,1941,structured_50,893800
8,1941,dense,1041300
8,1942,dense,1074100
8,1942,structured_50,906700
8,1943,structured_50,904500
8,1943,dense,1022800
8,1944,dense,1039100
8,1944,structured_50,885500
8,1945,structured_50,896800
8,1945,dense,1001200
8,1946,dense,1041600
8,1946,structured_50,900800
8,1947,structured_50,898500
8,1947,dense,1038700
8,1948,dense,1056800
8,1948,structured_50,869200
8,1949,structured_50,904300
8,1949,dense,1039100
8,1950,dense,1032900
8,1950,structured_50,855400
8,1951,structured_50,691000
8,1951,dense,470800
8,1952,dense,439300
8,1952,structured_50,344400
8,1953,structured_50,333100
8,1953,dense,435900
8,1954,dense,463900
8,1954,structured_50,422100
8,1955,structured_50,377500
8,1955,dense,457700
8,1956,dense,502700
8,1956,structured_50,403200
8,1957,structured_50,383400
8,1957,dense,455900
8,1958,dense,469300
8,1958,structured_50,396500
8,1959,structured_50,408200
8,1959,dense,452300
8,1960,dense,531800
8,1960,structured_50,377300
8,1961,structured_50,361000
8,1961,dense,476400
8,1962,dense,452100
8,1962,structured_50,363300
8,1963,structured_50,359200
8,1963,dense,1287200
8,1964,dense,1597600
8,1964,structured_50,881700
8,1965,structured_50,884900
8,1965,dense,1034600
8,1966,dense,1055200
8,1966,structured_50,859900
8,1967,structured_50,884400
8,1967,dense,1034000
8,1968,dense,1015400
8,1968,structured_50,904800
8,1969,structured_50,922200
8,1969,dense,1011900
8,1970,dense,1012200
8,1970,structured_50,848400
8,1971,structured_50,823500
8,1971,dense,1021800
8,1972,dense,1000900
8,1972,structured_50,858700
8,1973,structured_50,828100
8,1973,dense,1012300
8,1974,dense,998000
8,1974,structured_50,858500
8,1975,structured_50,955500
8,1975,dense,1048400
8,1976,dense,996900
8,1976,structured_50,857400
8,1977,structured_50,915100
8,1977,dense,1129600
8,1978,dense,1051300
8,1978,structured_50,899300
8,1979,structured_50,890400
8,1979,dense,1070400
8,1980,dense,1069000
8,1980,structured_50,416500
8,1981,structured_50,454900
8,1981,dense,426800
8,1982,dense,421000
8,1982,structured_50,340700
8,1983,structured_50,362100
8,1983,dense,432600
8,1984,dense,473100
8,1984,structured_50,843400
8,1985,structured_50,358900
8,1985,dense,528100
8,1986,dense,477200
8,1986,structured_50,356800
8,1987,structured_50,384200
8,1987,dense,453800
8,1988,dense,440600
8,1988,structured_50,392200
8,1989,structured_50,341700
8,1989,dense,487700
8,1990,dense,433300
8,1990,structured_50,620100
8,1991,structured_50,934600
8,1991,dense,1091600
8,1992,dense,1162800
8,1992,structured_50,902400
8,1993,structured_50,919700
8,1993,dense,1084300
8,1994,dense,1093400
8,1994,structured_50,887600
8,1995,structured_50,909800
8,1995,dense,1041700
8,1996,dense,1158100
8,1996,structured_50,890500
8,1997,structured_50,1144300
8,1997,dense,1019400
8,1998,dense,979900
8,1998,structured_50,853200
8,1999,structured_50,872300
8,1999,dense,998000
8,2000,dense,1023500
8,2000,structured_50,845800
8,2001,structured_50,848700
8,2001,dense,994100
8,2002,dense,1020000
8,2002,structured_50,942400
8,2003,structured_50,825000
8,2003,dense,476200
8,2004,dense,456000
8,2004,structured_50,376200
8,2005,structured_50,431900
8,2005,dense,1127700
8,2006,dense,1140200
8,2006,structured_50,826200
8,2007,structured_50,832500
8,2007,dense,985300
8,2008,dense,1008300
8,2008,structured_50,860100
8,2009,structured_50,853800
8,2009,dense,1080800
8,2010,dense,943900
8,2010,structured_50,852200
8,2011,structured_50,909300
8,2011,dense,1038600
8,2012,dense,1102800
8,2012,structured_50,933500
8,2013,structured_50,904500
8,2013,dense,1033500
8,2014,dense,1014900
8,2014,structured_50,1187900
8,2015,structured_50,926300
8,2015,dense,1090100
8,2016,dense,1077500
8,2016,structured_50,889800
8,2017,structured_50,908900
8,2017,dense,1035400
8,2018,dense,1047300
8,2018,structured_50,873400
8,2019,structured_50,863500
8,2019,dense,1070100
8,2020,dense,1025000
8,2020,structured_50,885100
8,2021,structured_50,1096200
8,2021,dense,1054700
8,2022,dense,1315800
8,2022,structured_50,868000
8,2023,structured_50,898100
8,2023,dense,1065200
8,2024,dense,1076500
8,2024,structured_50,901600
8,2025,structured_50,905200
8,2025,dense,1049600
8,2026,dense,1081400
8,2026,structured_50,930000
8,2027,structured_50,1017400
8,2027,dense,1085600
8,2028,dense,1049600
8,2028,structured_50,884600
8,2029,structured_50,913200
8,2029,dense,1056700
8,2030,dense,1074200
8,2030,structured_50,890500
8,2031,structured_50,907400
8,2031,dense,975200
8,2032,dense,994500
8,2032,structured_50,957500
8,2033,structured_50,887500
8,2033,dense,1096900
8,2034,dense,1123000
8,2034,structured_50,911600
8,2035,structured_50,919000
8,2035,dense,1045700
8,2036,dense,1055100
8,2036,structured_50,873400
8,2037,structured_50,871300
8,2037,dense,1037100
8,2038,dense,1100900
8,2038,structured_50,863400
8,2039,structured_50,866400
8,2039,dense,1002500
8,2040,dense,1017700
8,2040,structured_50,856500
8,2041,structured_50,836400
8,2041,dense,1008500
8,2042,dense,991200
8,2042,structured_50,855000
8,2043,structured_50,1007000
8,2043,dense,1215200
8,2044,dense,1379200
8,2044,structured_50,854900
8,2045,structured_50,984400
8,2045,dense,1922700
8,2046,dense,1103900
8,2046,structured_50,964400
8,2047,structured_50,844000
8,2047,dense,1028500
8,2048,dense,996400
8,2048,structured_50,943100
8,2049,structured_50,382800
8,2049,dense,428900
8,2050,dense,433800
8,2050,structured_50,337400
8,2051,structured_50,405300
8,2051,dense,477000
8,2052,dense,485800
8,2052,structured_50,403800
8,2053,structured_50,390600
8,2053,dense,511500
8,2054,dense,493500
8,2054,structured_50,390000
8,2055,structured_50,370900
8,2055,dense,483700
8,2056,dense,468500
8,2056,structured_50,379800
8,2057,structured_50,366200
8,2057,dense,463600
8,2058,dense,732200
8,2058,structured_50,359200
8,2059,structured_50,336100
8,2059,dense,435100
8,2060,dense,451900
8,2060,structured_50,524400
8,2061,structured_50,704600
8,2061,dense,640000
8,2062,dense,430000
8,2062,structured_50,416400
8,2063,structured_50,374500
8,2063,dense,434300
8,2064,dense,411800
8,2064,structured_50,375500
8,2065,structured_50,367400
8,2065,dense,491800
8,2066,dense,479500
8,2066,structured_50,417800
8,2067,structured_50,387600
8,2067,dense,473000
8,2068,dense,559900
8,2068,structured_50,398300
8,2069,structured_50,383700
8,2069,dense,498000
8,2070,dense,505100
8,2070,structured_50,395600
8,2071,structured_50,393500
8,2071,dense,534000
8,2072,dense,491900
8,2072,structured_50,450600
8,2073,structured_50,1481200
8,2073,dense,1625300
8,2074,dense,1472900
8,2074,structured_50,1055100
8,2075,structured_50,987600
8,2075,dense,1050900
8,2076,dense,1064700
8,2076,structured_50,880500
8,2077,structured_50,904400
8,2077,dense,1036200
8,2078,dense,1074900
8,2078,structured_50,827400
8,2079,structured_50,873800
8,2079,dense,1045300
8,2080,dense,1064300
8,2080,structured_50,890700
8,2081,structured_50,907000
8,2081,dense,1061600
8,2082,dense,1068000
8,2082,structured_50,880700
8,2083,structured_50,1036400
8,2083,dense,1070600
8,2084,dense,1015700
8,2084,structured_50,1053600
8,2085,structured_50,424900
8,2085,dense,510000
8,2086,dense,453700
8,2086,structured_50,356300
8,2087,structured_50,335500
8,2087,dense,417700
8,2088,dense,420700
8,2088,structured_50,408900
8,2089,structured_50,404700
8,2089,dense,487700
8,2090,dense,462700
8,2090,structured_50,361900
8,2091,structured_50,395400
8,2091,dense,463200
8,2092,dense,444000
8,2092,structured_50,369200
8,2093,structured_50,359200
8,2093,dense,910000
8,2094,dense,1151700
8,2094,structured_50,449200
8,2095,structured_50,369300
8,2095,dense,476800
8,2096,dense,563500
8,2096,structured_50,424700
8,2097,structured_50,455100
8,2097,dense,918400
8,2098,dense,895300
8,2098,structured_50,851900
8,2099,structured_50,848200
8,2099,dense,998400
8,2100,dense,1006600
8,2100,structured_50,839700
8,2101,structured_50,1008100
8,2101,dense,898500
8,2102,dense,1002900
8,2102,structured_50,840600
8,2103,structured_50,1045200
8,2103,dense,998800
8,2104,dense,1043800
8,2104,structured_50,880900
8,2105,structured_50,870800
8,2105,dense,994800
8,2106,dense,1015700
8,2106,structured_50,1108700
8,2107,structured_50,1272900
8,2107,dense,1014000
8,2108,dense,1540700
8,2108,structured_50,1721700
8,2109,structured_50,1451600
8,2109,dense,1273600
8,2110,dense,1059600
8,2110,structured_50,885800
8,2111,structured_50,858300
8,2111,dense,1283600
8,2112,dense,1069200
8,2112,structured_50,934300
8,2113,structured_50,928900
8,2113,dense,1065800
8,2114,dense,1077300
8,2114,structured_50,894100
8,2115,structured_50,897700
8,2115,dense,1050900
8,2116,dense,1066500
8,2116,structured_50,897900
8,2117,structured_50,913900
8,2117,dense,1066700
8,2118,dense,1080400
8,2118,structured_50,896400
8,2119,structured_50,883700
8,2119,dense,1068600
8,2120,dense,1059700
8,2120,structured_50,984200
8,2121,structured_50,878500
8,2121,dense,1071200
8,2122,dense,1080200
8,2122,structured_50,882000
8,2123,structured_50,874500
8,2123,dense,1078200
8,2124,dense,1041900
8,2124,structured_50,915000
8,2125,structured_50,1022800
8,2125,dense,1069100
8,2126,dense,1035800
8,2126,structured_50,918200
8,2127,structured_50,897400
8,2127,dense,1074400
8,2128,dense,1077600
8,2128,structured_50,922000
8,2129,structured_50,888900
8,2129,dense,1079400
8,2130,dense,1064900
8,2130,structured_50,917600
8,2131,structured_50,886300
8,2131,dense,1067400
8,2132,dense,1048900
8,2132,structured_50,910300
8,2133,structured_50,879400
8,2133,dense,1009500
8,2134,dense,1040000
8,2134,structured_50,857700
8,2135,structured_50,873100
8,2135,dense,1003200
8,2136,dense,1042600
8,2136,structured_50,1014100
8,2137,structured_50,963200
8,2137,dense,567200
8,2138,dense,441500
8,2138,structured_50,356800
8,2139,structured_50,811800
8,2139,dense,1019500
8,2140,dense,1194000
8,2140,structured_50,818600
8,2141,structured_50,835500
8,2141,dense,1009200
8,2142,dense,1183200
8,2142,structured_50,819200
8,2143,structured_50,901800
8,2143,dense,1037400
8,2144,dense,1087300
8,2144,structured_50,866400
8,2145,structured_50,860400
8,2145,dense,993200
8,2146,dense,1053200
8,2146,structured_50,652300
8,2147,structured_50,354200
8,2147,dense,419200
8,2148,dense,411600
8,2148,structured_50,768800
8,2149,structured_50,920700
8,2149,dense,1067000
8,2150,dense,1254200
8,2150,structured_50,945400
8,2151,structured_50,847400
8,2151,dense,1013700
8,2152,dense,984900
8,2152,structured_50,876100
8,2153,structured_50,1154500
8,2153,dense,1107200
8,2154,dense,1078800
8,2154,structured_50,920100
8,2155,structured_50,909500
8,2155,dense,1210500
8,2156,dense,1088600
8,2156,structured_50,889500
8,2157,structured_50,873700
8,2157,dense,993400
8,2158,dense,1184000
8,2158,structured_50,953100
8,2159,structured_50,785000
8,2159,dense,1025700
8,2160,dense,997500
8,2160,structured_50,853000
8,2161,structured_50,850300
8,2161,dense,1010500
8,2162,dense,994400
8,2162,structured_50,846100
8,2163,structured_50,868100
8,2163,dense,992300
8,2164,dense,1217900
8,2164,structured_50,666300
8,2165,structured_50,368100
8,2165,dense,416900
8,2166,dense,422400
8,2166,structured_50,586300
8,2167,structured_50,463500
8,2167,dense,457200
8,2168,dense,519200
8,2168,structured_50,474500
8,2169,structured_50,537700
8,2169,dense,610500
8,2170,dense,618200
8,2170,structured_50,377700
8,2171,structured_50,381300
8,2171,dense,449000
8,2172,dense,498100
8,2172,structured_50,389800
8,2173,structured_50,366000
8,2173,dense,451100
8,2174,dense,446200
8,2174,structured_50,413400
8,2175,structured_50,657100
8,2175,dense,695200
8,2176,dense,471400
8,2176,structured_50,930600
8,2177,structured_50,514900
8,2177,dense,937100
8,2178,dense,476700
8,2178,structured_50,530200
8,2179,structured_50,397300
8,2179,dense,503300
8,2180,dense,555400
8,2180,structured_50,387700
8,2181,structured_50,376900
8,2181,dense,462500
8,2182,dense,564200
8,2182,structured_50,342300
8,2183,structured_50,329300
8,2183,dense,415000
8,2184,dense,653500
8,2184,structured_50,361000
8,2185,structured_50,347700
8,2185,dense,1000300
8,2186,dense,1009800
8,2186,structured_50,840200
8,2187,structured_50,888800
8,2187,dense,992500
8,2188,dense,1021100
8,2188,structured_50,590500
8,2189,structured_50,386400
8,2189,dense,503500
8,2190,dense,452600
8,2190,structured_50,362400
8,2191,structured_50,455000
8,2191,dense,533000
8,2192,dense,480200
8,2192,structured_50,588700
8,2193,structured_50,358100
8,2193,dense,457100
8,2194,dense,814300
8,2194,structured_50,535800
8,2195,structured_50,349700
8,2195,dense,404200
8,2196,dense,402900
8,2196,structured_50,392900
8,2197,structured_50,418200
8,2197,dense,864200
8,2198,dense,499900
8,2198,structured_50,420700
8,2199,structured_50,385300
8,2199,dense,505300
8,2200,dense,463000
8,2200,structured_50,407900
8,2201,structured_50,378600
8,2201,dense,472000
8,2202,dense,472700
8,2202,structured_50,369800
8,2203,structured_50,400800
8,2203,dense,464800
8,2204,dense,464000
8,2204,structured_50,369400
8,2205,structured_50,457000
8,2205,dense,517800
8,2206,dense,853800
8,2206,structured_50,1191500
8,2207,structured_50,1568900
8,2207,dense,1058900
8,2208,dense,1386500
8,2208,structured_50,1080400
8,2209,structured_50,860500
8,2209,dense,1037000
8,2210,dense,1577900
8,2210,structured_50,1678700
8,2211,structured_50,890600
8,2211,dense,1043500
8,2212,dense,1048300
8,2212,structured_50,929400
8,2213,structured_50,956700
8,2213,dense,1058600
8,2214,dense,473400
8,2214,structured_50,391800
8,2215,structured_50,384000
8,2215,dense,500600
8,2216,dense,480600
8,2216,structured_50,386000
8,2217,structured_50,381800
8,2217,dense,512300
8,2218,dense,474500
8,2218,structured_50,1094700
8,2219,structured_50,878400
8,2219,dense,786900
8,2220,dense,1085100
8,2220,structured_50,919800
8,2221,structured_50,881500
8,2221,dense,1109000
8,2222,dense,1028600
8,2222,structured_50,902900
8,2223,structured_50,874300
8,2223,dense,1041400
8,2224,dense,1312700
8,2224,structured_50,889100
8,2225,structured_50,791100
8,2225,dense,995000
8,2226,dense,1030000
8,2226,structured_50,870200
8,2227,structured_50,852000
8,2227,dense,1034200
8,2228,dense,1032100
8,2228,structured_50,880000
8,2229,structured_50,849600
8,2229,dense,1014200
8,2230,dense,1345500
8,2230,structured_50,1500000
8,2231,structured_50,834700
8,2231,dense,1032900
8,2232,dense,997600
8,2232,structured_50,880700
8,2233,structured_50,830600
8,2233,dense,1021000
8,2234,dense,1113900
8,2234,structured_50,869500
8,2235,structured_50,854800
8,2235,dense,1039600
8,2236,dense,995900
8,2236,structured_50,857900
8,2237,structured_50,829200
8,2237,dense,987500
8,2238,dense,1025600
8,2238,structured_50,841900
8,2239,structured_50,878000
8,2239,dense,1069400
8,2240,dense,1181900
8,2240,structured_50,956600
8,2241,structured_50,896600
8,2241,dense,567500
8,2242,dense,635900
8,2242,structured_50,391400
8,2243,structured_50,380700
8,2243,dense,454800
8,2244,dense,1422700
8,2244,structured_50,884100
8,2245,structured_50,897800
8,2245,dense,1082400
8,2246,dense,1080500
8,2246,structured_50,887100
8,2247,structured_50,892200
8,2247,dense,1035100
8,2248,dense,1321600
8,2248,structured_50,939100
8,2249,structured_50,887100
8,2249,dense,1060600
8,2250,dense,1079400
8,2250,structured_50,973100
8,2251,structured_50,909200
8,2251,dense,1020900
8,2252,dense,1077200
8,2252,structured_50,921700
8,2253,structured_50,900200
8,2253,dense,1193900
8,2254,dense,1078800
8,2254,structured_50,936600
8,2255,structured_50,1049000
8,2255,dense,1091200
8,2256,dense,1031500
8,2256,structured_50,875700
8,2257,structured_50,867400
8,2257,dense,1005200
8,2258,dense,1023400
8,2258,structured_50,1000100
8,2259,structured_50,886100
8,2259,dense,1052600
8,2260,dense,1039400
8,2260,structured_50,901700
8,2261,structured_50,870600
8,2261,dense,1055600
8,2262,dense,1055800
8,2262,structured_50,885800
8,2263,structured_50,864400
8,2263,dense,1194800
8,2264,dense,1115400
8,2264,structured_50,747900
8,2265,structured_50,1240500
8,2265,dense,1200300
8,2266,dense,1134600
8,2266,structured_50,994200
8,2267,structured_50,928800
8,2267,dense,738400
8,2268,dense,519700
8,2268,structured_50,405900
8,2269,structured_50,363700
8,2269,dense,436100
8,2270,dense,521600
8,2270,structured_50,420400
8,2271,structured_50,381700
8,2271,dense,470400
8,2272,dense,525700
8,2272,structured_50,1005200
8,2273,structured_50,900200
8,2273,dense,1076500
8,2274,dense,1065100
8,2274,structured_50,898000
8,2275,structured_50,894300
8,2275,dense,1064800
8,2276,dense,1079000
8,2276,structured_50,917100
8,2277,structured_50,887100
8,2277,dense,1091800
8,2278,dense,1144300
8,2278,structured_50,905100
8,2279,structured_50,870000
8,2279,dense,1076200
8,2280,dense,1059300
8,2280,structured_50,887200
8,2281,structured_50,865600
8,2281,dense,1063800
8,2282,dense,1050000
8,2282,structured_50,901400
8,2283,structured_50,869700
8,2283,dense,1079500
8,2284,dense,1187600
8,2284,structured_50,854500
8,2285,structured_50,859900
8,2285,dense,1062400
8,2286,dense,1010200
8,2286,structured_50,849800
8,2287,structured_50,871000
8,2287,dense,995400
8,2288,dense,1009100
8,2288,structured_50,843400
8,2289,structured_50,846800
8,2289,dense,1419600
8,2290,dense,1012400
8,2290,structured_50,879500
8,2291,structured_50,880600
8,2291,dense,1093300
8,2292,dense,1047300
8,2292,structured_50,920100
8,2293,structured_50,874400
8,2293,dense,1069200
8,2294,dense,1039600
8,2294,structured_50,902200
8,2295,structured_50,973900
8,2295,dense,1094700
8,2296,dense,672600
8,2296,structured_50,835300
8,2297,structured_50,872000
8,2297,dense,1090500
8,2298,dense,1062700
8,2298,structured_50,942100
8,2299,structured_50,1122100
8,2299,dense,1107400
8,2300,dense,1084000
8,2300,structured_50,884600
8,2301,structured_50,934600
8,2301,dense,1075100
8,2302,dense,1062500
8,2302,structured_50,899700
8,2303,structured_50,890900
8,2303,dense,1045400
8,2304,dense,1091400
8,2304,structured_50,887900
8,2305,structured_50,887400
8,2305,dense,1031400
8,2306,dense,1038100
8,2306,structured_50,873900
8,2307,structured_50,880200
8,2307,dense,1023100
8,2308,dense,1045100
8,2308,structured_50,863600
8,2309,structured_50,888500
8,2309,dense,1061600
8,2310,dense,1043500
8,2310,structured_50,872300
8,2311,structured_50,1035300
8,2311,dense,1081800
8,2312,dense,1030900
8,2312,structured_50,876000
8,2313,structured_50,863900
8,2313,dense,1004000
8,2314,dense,1113700
8,2314,structured_50,843300
8,2315,structured_50,848600
8,2315,dense,993300
8,2316,dense,1003700
8,2316,structured_50,835900
8,2317,structured_50,828800
8,2317,dense,1016500
8,2318,dense,1023600
8,2318,structured_50,922700
8,2319,structured_50,1021500
8,2319,dense,1158700
8,2320,dense,1081800
8,2320,structured_50,906900
8,2321,structured_50,920400
8,2321,dense,1065000
8,2322,dense,1092300
8,2322,structured_50,892200
8,2323,structured_50,948000
8,2323,dense,1265000
8,2324,dense,1053100
8,2324,structured_50,1000600
8,2325,structured_50,921700
8,2325,dense,1180700
8,2326,dense,1036700
8,2326,structured_50,886800
8,2327,structured_50,893000
8,2327,dense,1079900
8,2328,dense,1054200
8,2328,structured_50,906500
8,2329,structured_50,877100
8,2329,dense,1192600
8,2330,dense,1085600
8,2330,structured_50,962400
8,2331,structured_50,1139500
8,2331,dense,1140400
8,2332,dense,1074900
8,2332,structured_50,970700
8,2333,structured_50,909000
8,2333,dense,1098000
8,2334,dense,1080900
8,2334,structured_50,954500
8,2335,structured_50,887200
8,2335,dense,1079700
8,2336,dense,1045800
8,2336,structured_50,910100
8,2337,structured_50,886300
8,2337,dense,1071200
8,2338,dense,1048700
8,2338,structured_50,970100
8,2339,structured_50,888600
8,2339,dense,1133900
8,2340,dense,1187800
8,2340,structured_50,914600
8,2341,structured_50,834800
8,2341,dense,1030900
8,2342,dense,992900
8,2342,structured_50,881000
8,2343,structured_50,841800
8,2343,dense,1040000
8,2344,dense,996200
8,2344,structured_50,842800
8,2345,structured_50,940200
8,2345,dense,1043900
8,2346,dense,1101900
8,2346,structured_50,930000
8,2347,structured_50,875500
8,2347,dense,1012500
8,2348,dense,1016900
8,2348,structured_50,840800
8,2349,structured_50,853600
8,2349,dense,993200
8,2350,dense,1009500
8,2350,structured_50,858400
8,2351,structured_50,843400
8,2351,dense,1185200
8,2352,dense,1040900
8,2352,structured_50,1129600
8,2353,structured_50,1068900
8,2353,dense,1118600
8,2354,dense,1134700
8,2354,structured_50,960000
8,2355,structured_50,955400
8,2355,dense,1119700
8,2356,dense,1142400
8,2356,structured_50,927400
8,2357,structured_50,911600
8,2357,dense,1069100
8,2358,dense,1083200
8,2358,structured_50,895800
8,2359,structured_50,926200
8,2359,dense,1051300
8,2360,dense,1064100
8,2360,structured_50,903900
8,2361,structured_50,910300
8,2361,dense,1055200
8,2362,dense,1066200
8,2362,structured_50,887200
8,2363,structured_50,844900
8,2363,dense,1031900
8,2364,dense,994400
8,2364,structured_50,870500
8,2365,structured_50,850600
8,2365,dense,1004900
8,2366,dense,1014200
8,2366,structured_50,850300
8,2367,structured_50,856200
8,2367,dense,992200
8,2368,dense,984600
8,2368,structured_50,845600
8,2369,structured_50,860500
8,2369,dense,1038600
8,2370,dense,1075200
8,2370,structured_50,1051800
8,2371,structured_50,946700
8,2371,dense,1045500
8,2372,dense,1064300
8,2372,structured_50,969300
8,2373,structured_50,863700
8,2373,dense,1072500
8,2374,dense,1019000
8,2374,structured_50,968000
8,2375,structured_50,841400
8,2375,dense,1015000
8,2376,dense,999100
8,2376,structured_50,834400
8,2377,structured_50,856700
8,2377,dense,1003800
8,2378,dense,1011800
8,2378,structured_50,1064500
8,2379,structured_50,840000
8,2379,dense,1193100
8,2380,dense,992800
8,2380,structured_50,882400
8,2381,structured_50,806400
8,2381,dense,1027700
8,2382,dense,1048100
8,2382,structured_50,973600
8,2383,structured_50,882900
8,2383,dense,1028800
8,2384,dense,985500
8,2384,structured_50,857900
8,2385,structured_50,844300
8,2385,dense,1032900
8,2386,dense,1017400
8,2386,structured_50,898400
8,2387,structured_50,832000
8,2387,dense,1014200
8,2388,dense,1040000
8,2388,structured_50,907100
8,2389,structured_50,882500
8,2389,dense,1076800
8,2390,dense,1159000
8,2390,structured_50,1070300
8,2391,structured_50,1125700
8,2391,dense,1147300
8,2392,dense,1097300
8,2392,structured_50,946100
8,2393,structured_50,913100
8,2393,dense,1091300
8,2394,dense,1311700
8,2394,structured_50,1008600
8,2395,structured_50,940900
8,2395,dense,1147300
8,2396,dense,1112000
8,2396,structured_50,994100
8,2397,structured_50,946900
8,2397,dense,1135900
8,2398,dense,1085800
8,2398,structured_50,969200
8,2399,structured_50,926000
8,2399,dense,1134700
8,2400,dense,1118100
8,2400,structured_50,990100
8,2401,structured_50,966400
8,2401,dense,1346400
8,2402,dense,1361400
8,2402,structured_50,1005900
8,2403,structured_50,998000
8,2403,dense,1169600
8,2404,dense,1139800
8,2404,structured_50,1016200
8,2405,structured_50,1054600
8,2405,dense,1194300
8,2406,dense,1194100
8,2406,structured_50,1139800
8,2407,structured_50,1075100
8,2407,dense,1189600
8,2408,dense,1192600
8,2408,structured_50,1047600
8,2409,structured_50,925800
8,2409,dense,1145800
8,2410,dense,1132100
8,2410,structured_50,980100
8,2411,structured_50,994000
8,2411,dense,1173000
8,2412,dense,1189500
8,2412,structured_50,947500
8,2413,structured_50,947100
8,2413,dense,1167600
8,2414,dense,1197700
8,2414,structured_50,973100
8,2415,structured_50,979100
8,2415,dense,1160500
8,2416,dense,1182200
8,2416,structured_50,1063600
8,2417,structured_50,1005600
8,2417,dense,1211000
8,2418,dense,1120100
8,2418,structured_50,950100
8,2419,structured_50,993800
8,2419,dense,1176100
8,2420,dense,1141500
8,2420,structured_50,1073000
8,2421,structured_50,1001700
8,2421,dense,1371500
8,2422,dense,1222100
8,2422,structured_50,988300
8,2423,structured_50,937500
8,2423,dense,1108700
8,2424,dense,1068000
8,2424,structured_50,881700
8,2425,structured_50,919600
8,2425,dense,1101200
8,2426,dense,1145100
8,2426,structured_50,961200
8,2427,structured_50,956600
8,2427,dense,1081100
8,2428,dense,1082300
8,2428,structured_50,906300
8,2429,structured_50,954400
8,2429,dense,1124800
8,2430,dense,1180800
8,2430,structured_50,940500
8,2431,structured_50,970800
8,2431,dense,1142800
8,2432,dense,1215200
8,2432,structured_50,1051900
8,2433,structured_50,955300
8,2433,dense,1170400
8,2434,dense,1189900
8,2434,structured_50,1039100
8,2435,structured_50,995300
8,2435,dense,1214900
8,2436,dense,1129700
8,2436,structured_50,993900
8,2437,structured_50,998500
8,2437,dense,1185900
8,2438,dense,1221900
8,2438,structured_50,968900
8,2439,structured_50,1000300
8,2439,dense,1217700
8,2440,dense,1210700
8,2440,structured_50,1091300
8,2441,structured_50,1042500
8,2441,dense,1312100
8,2442,dense,1250100
8,2442,structured_50,980500
8,2443,structured_50,904000
8,2443,dense,1134800
8,2444,dense,1066000
8,2444,structured_50,946500
8,2445,structured_50,895300
8,2445,dense,1103500
8,2446,dense,1013700
8,2446,structured_50,896500
8,2447,structured_50,982000
8,2447,dense,1216200
8,2448,dense,1158200
8,2448,structured_50,993900
8,2449,structured_50,946300
8,2449,dense,1173300
8,2450,dense,1164800
8,2450,structured_50,959900
8,2451,structured_50,951300
8,2451,dense,1162300
8,2452,dense,1176600
8,2452,structured_50,974200
8,2453,structured_50,984000
8,2453,dense,1159200
8,2454,dense,1050100
8,2454,structured_50,879900
8,2455,structured_50,866900
8,2455,dense,1007600
8,2456,dense,1010200
8,2456,structured_50,855500
8,2457,structured_50,828000
8,2457,dense,1028700
8,2458,dense,1021700
8,2458,structured_50,960100
8,2459,structured_50,847400
8,2459,dense,1050500
8,2460,dense,987900
8,2460,structured_50,989200
8,2461,structured_50,840200
8,2461,dense,1027800
8,2462,dense,992500
8,2462,structured_50,867800
8,2463,structured_50,829700
8,2463,dense,1022300
8,2464,dense,1015600
8,2464,structured_50,875600
8,2465,structured_50,832900
8,2465,dense,1018200
8,2466,dense,1008400
8,2466,structured_50,872900
8,2467,structured_50,972100
8,2467,dense,1078700
8,2468,dense,1049400
8,2468,structured_50,898400
8,2469,structured_50,913800
8,2469,dense,1085800
8,2470,dense,1122200
8,2470,structured_50,980800
8,2471,structured_50,940300
8,2471,dense,1145000
8,2472,dense,1162000
8,2472,structured_50,980600
8,2473,structured_50,940500
8,2473,dense,1149300
8,2474,dense,1113700
8,2474,structured_50,924400
8,2475,structured_50,887400
8,2475,dense,1108600
8,2476,dense,1068200
8,2476,structured_50,956000
8,2477,structured_50,921700
8,2477,dense,1102800
8,2478,dense,1076400
8,2478,structured_50,959800
8,2479,structured_50,915900
8,2479,dense,1115400
8,2480,dense,1118500
8,2480,structured_50,951400
8,2481,structured_50,900400
8,2481,dense,1137900
8,2482,dense,1132500
8,2482,structured_50,1034700
8,2483,structured_50,926600
8,2483,dense,1123400
8,2484,dense,1143300
8,2484,structured_50,1001300
8,2485,structured_50,969700
8,2485,dense,1169100
8,2486,dense,1219600
8,2486,structured_50,990800
8,2487,structured_50,977600
8,2487,dense,1169400
8,2488,dense,1190000
8,2488,structured_50,1033800
8,2489,structured_50,1054600
8,2489,dense,1188100
8,2490,dense,882000
8,2490,structured_50,412100
8,2491,structured_50,402200
8,2491,dense,1423900
8,2492,dense,1157500
8,2492,structured_50,1020900
8,2493,structured_50,1017900
8,2493,dense,1171100
8,2494,dense,1232200
8,2494,structured_50,1091500
8,2495,structured_50,1128900
8,2495,dense,1279400
8,2496,dense,1350900
8,2496,structured_50,1116100
8,2497,structured_50,1018800
8,2497,dense,1196400
8,2498,dense,1163700
8,2498,structured_50,1040900
8,2499,structured_50,989600
8,2499,dense,1264500
9,0,dense,1154700
9,0,structured_50,887400
9,1,structured_50,1006200
9,1,dense,1195800
9,2,dense,1150700
9,2,structured_50,952600
9,3,structured_50,1155400
9,3,dense,1270100
9,4,dense,1207700
9,4,structured_50,995800
9,5,structured_50,497600
9,5,dense,1108000
9,6,dense,1070100
9,6,structured_50,961500
9,7,structured_50,942000
9,7,dense,1106100
9,8,dense,1118000
9,8,structured_50,900900
9,9,structured_50,868500
9,9,dense,1462400
9,10,dense,1124700
9,10,structured_50,943700
9,11,structured_50,934500
9,11,dense,495000
9,12,dense,470900
9,12,structured_50,383300
9,13,structured_50,1134400
9,13,dense,1164200
9,14,dense,1088500
9,14,structured_50,929600
9,15,structured_50,880500
9,15,dense,1221500
9,16,dense,1196400
9,16,structured_50,946700
9,17,structured_50,891800
9,17,dense,1098500
9,18,dense,1072000
9,18,structured_50,919700
9,19,structured_50,904800
9,19,dense,1117200
9,20,dense,1063300
9,20,structured_50,923500
9,21,structured_50,902700
9,21,dense,1243000
9,22,dense,1033900
9,22,structured_50,922200
9,23,structured_50,891600
9,23,dense,1098800
9,24,dense,1115900
9,24,structured_50,931000
9,25,structured_50,911200
9,25,dense,1084900
9,26,dense,1117900
9,26,structured_50,477300
9,27,structured_50,437600
9,27,dense,1252200
9,28,dense,1349300
9,28,structured_50,1009900
9,29,structured_50,989400
9,29,dense,1185900
9,30,dense,1091900
9,30,structured_50,905000
9,31,structured_50,890500
9,31,dense,1239900
9,32,dense,1130100
9,32,structured_50,957400
9,33,structured_50,926600
9,33,dense,1114800
9,34,dense,1197800
9,34,structured_50,1100700
9,35,structured_50,844800
9,35,dense,1048500
9,36,dense,1102700
9,36,structured_50,889800
9,37,structured_50,1030000
9,37,dense,1264900
9,38,dense,2114500
9,38,structured_50,1167800
9,39,structured_50,913300
9,39,dense,1106200
9,40,dense,1070800
9,40,structured_50,933000
9,41,structured_50,903300
9,41,dense,1382000
9,42,dense,1249600
9,42,structured_50,979200
9,43,structured_50,939100
9,43,dense,1125000
9,44,dense,1156100
9,44,structured_50,1047000
9,45,structured_50,980700
9,45,dense,1145800
9,46,dense,1163200
9,46,structured_50,940800
9,47,structured_50,993700
9,47,dense,1168900
9,48,dense,1131100
9,48,structured_50,1162800
9,49,structured_50,964200
9,49,dense,1159300
9,50,dense,1123700
9,50,structured_50,975000
9,51,structured_50,962500
9,51,dense,1146500
9,52,dense,1124500
9,52,structured_50,1161600
9,53,structured_50,949800
9,53,dense,1158700
9,54,dense,1185700
9,54,structured_50,986600
9,55,structured_50,926500
9,55,dense,1324200
9,56,dense,570800
9,56,structured_50,385200
9,57,structured_50,352800
9,57,dense,812400
9,58,dense,1106700
9,58,structured_50,1034800
9,59,structured_50,1097000
9,59,dense,1325700
9,60,dense,1204400
9,60,structured_50,1042000
9,61,structured_50,913600
9,61,dense,1108500
9,62,dense,1092600
9,62,structured_50,905200
9,63,structured_50,883700
9,63,dense,1110500
9,64,dense,1346100
9,64,structured_50,952200
9,65,structured_50,926200
9,65,dense,1171000
9,66,dense,1146300
9,66,structured_50,937500
9,67,structured_50,943300
9,67,dense,1092500
9,68,dense,1089800
9,68,structured_50,852400
9,69,structured_50,1168100
9,69,dense,1183700
9,70,dense,1141600
9,70,structured_50,939100
9,71,structured_50,964400
9,71,dense,1082900
9,72,dense,1105600
9,72,structured_50,891800
9,73,structured_50,926100
9,73,dense,1508200
9,74,dense,1722800
9,74,structured_50,1017800
9,75,structured_50,945300
9,75,dense,1165800
9,76,dense,1147200
9,76,structured_50,943400
9,77,structured_50,965600
9,77,dense,1131500
9,78,dense,1258900
9,78,structured_50,1173100
9,79,structured_50,800500
9,79,dense,1210600
9,80,dense,1120800
9,80,structured_50,1050100
9,81,structured_50,949900
9,81,dense,1160000
9,82,dense,1162900
9,82,structured_50,955500
9,83,structured_50,956300
9,83,dense,1130600
9,84,dense,1284900
9,84,structured_50,1104300
9,85,structured_50,1018900
9,85,dense,1299100
9,86,dense,1064900
9,86,structured_50,975800
9,87,structured_50,932300
9,87,dense,1145300
9,88,dense,1124600
9,88,structured_50,986800
9,89,structured_50,1070900
9,89,dense,1694000
9,90,dense,1199200
9,90,structured_50,1063700
9,91,structured_50,923800
9,91,dense,1143300
9,92,dense,1121500
9,92,structured_50,935200
9,93,structured_50,944400
9,93,dense,1092100
9,94,dense,1513300
9,94,structured_50,1557000
9,95,structured_50,1085300
9,95,dense,1069600
9,96,dense,1189700
9,96,structured_50,979600
9,97,structured_50,957300
9,97,dense,1099600
9,98,dense,1128800
9,98,structured_50,1350500
9,99,structured_50,1255500
9,99,dense,1370900
9,100,dense,1209000
9,100,structured_50,1003600
9,101,structured_50,1180300
9,101,dense,1117000
9,102,dense,1293300
9,102,structured_50,1284000
9,103,structured_50,872900
9,103,dense,478300
9,104,dense,445500
9,104,structured_50,357400
9,105,structured_50,992800
9,105,dense,1107800
9,106,dense,1198300
9,106,structured_50,932000
9,107,structured_50,921800
9,107,dense,1099700
9,108,dense,1083300
9,108,structured_50,912100
9,109,structured_50,1011100
9,109,dense,516800
9,110,dense,483900
9,110,structured_50,595500
9,111,structured_50,966500
9,111,dense,1040500
9,112,dense,1230100
9,112,structured_50,1014700
9,113,structured_50,992200
9,113,dense,1200500
9,114,dense,1252700
9,114,structured_50,991500
9,115,structured_50,1220100
9,115,dense,1337100
9,116,dense,1512100
9,116,structured_50,2214500
9,117,structured_50,1151000
9,117,dense,1131500
9,118,dense,1181100
9,118,structured_50,1030600
9,119,structured_50,956700
9,119,dense,1288200
9,120,dense,1088600
9,120,structured_50,992200
9,121,structured_50,961400
9,121,dense,1215000
9,122,dense,1201000
9,122,structured_50,980800
9,123,structured_50,1016600
9,123,dense,1310000
9,124,dense,1355400
9,124,structured_50,1391600
9,125,structured_50,978600
9,125,dense,1517400
9,126,dense,1165600
9,126,structured_50,937000
9,127,structured_50,693200
9,127,dense,832900
9,128,dense,1080500
9,128,structured_50,1285000
9,129,structured_50,2092400
9,129,dense,1805800
9,130,dense,1665500
9,130,structured_50,1588600
9,131,structured_50,1739600
9,131,dense,1769600
9,132,dense,1668300
9,132,structured_50,1502700
9,133,structured_50,1304200
9,133,dense,2152000
9,134,dense,1574400
9,134,structured_50,1474600
9,135,structured_50,998100
9,135,dense,1777500
9,136,dense,2556900
9,136,structured_50,2583300
9,137,structured_50,1504100
9,137,dense,1529700
9,138,dense,1520800
9,138,structured_50,1647100
9,139,structured_50,1396700
9,139,dense,1344800
9,140,dense,1357900
9,140,structured_50,1197100
9,141,structured_50,1144900
9,141,dense,1386900
9,142,dense,1486600
9,142,structured_50,1246500
9,143,structured_50,1354900
9,143,dense,1807700
9,144,dense,1817900
9,144,structured_50,1135600
9,145,structured_50,1150600
9,145,dense,1340800
9,146,dense,1359300
9,146,structured_50,1211100
9,147,structured_50,2095600
9,147,dense,1902600
9,148,dense,1434100
9,148,structured_50,1140100
9,149,structured_50,1111700
9,149,dense,1556700
9,150,dense,1257500
9,150,structured_50,1084400
9,151,structured_50,1029700
9,151,dense,1245200
9,152,dense,1224100
9,152,structured_50,1024400
9,153,structured_50,1007600
9,153,dense,1235400
9,154,dense,1218100
9,154,structured_50,1081400
9,155,structured_50,1038300
9,155,dense,1271000
9,156,dense,1243500
9,156,structured_50,1072200
9,157,structured_50,1020400
9,157,dense,1275800
9,158,dense,1235000
9,158,structured_50,1062100
9,159,structured_50,1012600
9,159,dense,1331800
9,160,dense,1247000
9,160,structured_50,1067100
9,161,structured_50,1035700
9,161,dense,1219200
9,162,dense,1195700
9,162,structured_50,1020900
9,163,structured_50,1007200
9,163,dense,1208800
9,164,dense,1172700
9,164,structured_50,1034900
9,165,structured_50,981300
9,165,dense,1259600
9,166,dense,1214600
9,166,structured_50,993300
9,167,structured_50,1056100
9,167,dense,1249800
9,168,dense,1242700
9,168,structured_50,1044300
9,169,structured_50,1056500
9,169,dense,1294300
9,170,dense,1285800
9,170,structured_50,1074000
9,171,structured_50,1016000
9,171,dense,1231000
9,172,dense,1164900
9,172,structured_50,986000
9,173,structured_50,1027200
9,173,dense,1401100
9,174,dense,1380600
9,174,structured_50,1305700
9,175,structured_50,1129200
9,175,dense,1369300
9,176,dense,1207500
9,176,structured_50,1032200
9,177,structured_50,961200
9,177,dense,1197100
9,178,dense,1185100
9,178,structured_50,1013900
9,179,structured_50,926200
9,179,dense,1176700
9,180,dense,1177500
9,180,structured_50,968800
9,181,structured_50,973100
9,181,dense,1125900
9,182,dense,1124200
9,182,structured_50,965200
9,183,structured_50,935700
9,183,dense,1141600
9,184,dense,1173200
9,184,structured_50,980700
9,185,structured_50,995100
9,185,dense,1206400
9,186,dense,1150400
9,186,structured_50,918600
9,187,structured_50,915300
9,187,dense,1069600
9,188,dense,1085400
9,188,structured_50,886000
9,189,structured_50,900300
9,189,dense,1059000
9,190,dense,1081100
9,190,structured_50,890200
9,191,structured_50,901100
9,191,dense,1060100
9,192,dense,1232300
9,192,structured_50,940300
9,193,structured_50,925200
9,193,dense,1149600
9,194,dense,1129000
9,194,structured_50,962400
9,195,structured_50,933400
9,195,dense,1145800
9,196,dense,1110700
9,196,structured_50,950600
9,197,structured_50,920000
9,197,dense,1137700
9,198,dense,1110800
9,198,structured_50,948700
9,199,structured_50,927000
9,199,dense,1130000
9,200,dense,1115700
9,200,structured_50,1002000
9,201,structured_50,950700
9,201,dense,1149500
9,202,dense,1118300
9,202,structured_50,972300
9,203,structured_50,943900
9,203,dense,1154400
9,204,dense,1155200
9,204,structured_50,951700
9,205,structured_50,952700
9,205,dense,1130700
9,206,dense,1149900
9,206,structured_50,940800
9,207,structured_50,959600
9,207,dense,1121900
9,208,dense,1136900
9,208,structured_50,943800
9,209,structured_50,959500
9,209,dense,1124600
9,210,dense,1140500
9,210,structured_50,930900
9,211,structured_50,977400
9,211,dense,1114500
9,212,dense,1137600
9,212,structured_50,938300
9,213,structured_50,965800
9,213,dense,1113900
9,214,dense,1142100
9,214,structured_50,939000
9,215,structured_50,1190700
9,215,dense,823500
9,216,dense,602900
9,216,structured_50,646700
9,217,structured_50,583500
9,217,dense,489200
9,218,dense,572700
9,218,structured_50,418000
9,219,structured_50,410100
9,219,dense,497100
9,220,dense,517300
9,220,structured_50,417900
9,221,structured_50,1407300
9,221,dense,1130200
9,222,dense,1248100
9,222,structured_50,1517300
9,223,structured_50,1301200
9,223,dense,1244600
9,224,dense,1094600
9,224,structured_50,961700
9,225,structured_50,918600
9,225,dense,1064800
9,226,dense,1085300
9,226,structured_50,885600
9,227,structured_50,910800
9,227,dense,1259300
9,228,dense,1081500
9,228,structured_50,940000
9,229,structured_50,895100
9,229,dense,1082100
9,230,dense,1068500
9,230,structured_50,419900
9,231,structured_50,361500
9,231,dense,485100
9,232,dense,691700
9,232,structured_50,416300
9,233,structured_50,366000
9,233,dense,435300
9,234,dense,680500
9,234,structured_50,661800
9,235,structured_50,624000
9,235,dense,539800
9,236,dense,481200
9,236,structured_50,383200
9,237,structured_50,360800
9,237,dense,525100
9,238,dense,512300
9,238,structured_50,418700
9,239,structured_50,389700
9,239,dense,495700
9,240,dense,597100
9,240,structured_50,480800
9,241,structured_50,380100
9,241,dense,436400
9,242,dense,437300
9,242,structured_50,390600
9,243,structured_50,435500
9,243,dense,514800
9,244,dense,511500
9,244,structured_50,853200
9,245,structured_50,649700
9,245,dense,773000
9,246,dense,749900
9,246,structured_50,634800
9,247,structured_50,1361500
9,247,dense,1395400
9,248,dense,863800
9,248,structured_50,686100
9,249,structured_50,672400
9,249,dense,755100
9,250,dense,755300
9,250,structured_50,642400
9,251,structured_50,614600
9,251,dense,796000
9,252,dense,758700
9,252,structured_50,677400
9,253,structured_50,639600
9,253,dense,765400
9,254,dense,744500
9,254,structured_50,1480200
9,255,structured_50,1599700
9,255,dense,589300
9,256,dense,488400
9,256,structured_50,367500
9,257,structured_50,544600
9,257,dense,676300
9,258,dense,452000
9,258,structured_50,356800
9,259,structured_50,368500
9,259,dense,526100
9,260,dense,491800
9,260,structured_50,392800
9,261,structured_50,389600
9,261,dense,517300
9,262,dense,490600
9,262,structured_50,388800
9,263,structured_50,391500
9,263,dense,496800
9,264,dense,507100
9,264,structured_50,399100
9,265,structured_50,393600
9,265,dense,479900
9,266,dense,536300
9,266,structured_50,520800
9,267,structured_50,444800
9,267,dense,492600
9,268,dense,555000
9,268,structured_50,395500
9,269,structured_50,362300
9,269,dense,461200
9,270,dense,429900
9,270,structured_50,393700
9,271,structured_50,439700
9,271,dense,491800
9,272,dense,489200
9,272,structured_50,386900
9,273,structured_50,426700
9,273,dense,795700
9,274,dense,758800
9,274,structured_50,613800
9,275,structured_50,541400
9,275,dense,648500
9,276,dense,623000
9,276,structured_50,453200
9,277,structured_50,429400
9,277,dense,678800
9,278,dense,557500
9,278,structured_50,383600
9,279,structured_50,361600
9,279,dense,444000
9,280,dense,467800
9,280,structured_50,394800
9,281,structured_50,425300
9,281,dense,503400
9,282,dense,513700
9,282,structured_50,408000
9,283,structured_50,432600
9,283,dense,498300
9,284,dense,511800
9,284,structured_50,413400
9,285,structured_50,384900
9,285,dense,507200
9,286,dense,497100
9,286,structured_50,408300
9,287,structured_50,390200
9,287,dense,556700
9,288,dense,1211900
9,288,structured_50,539800
9,289,structured_50,1081900
9,289,dense,1470600
9,290,dense,1677700
9,290,structured_50,962900
9,291,structured_50,1768700
9,291,dense,1577200
9,292,dense,547500
9,292,structured_50,610900
9,293,structured_50,428700
9,293,dense,457800
9,294,dense,776400
9,294,structured_50,424500
9,295,structured_50,392800
9,295,dense,455300
9,296,dense,435300
9,296,structured_50,349200
9,297,structured_50,1008200
9,297,dense,1093700
9,298,dense,1237000
9,298,structured_50,1384600
9,299,structured_50,1172500
9,299,dense,1243800
9,300,dense,1124900
9,300,structured_50,933200
9,301,structured_50,963000
9,301,dense,1112300
9,302,dense,1123800
9,302,structured_50,1019700
9,303,structured_50,917500
9,303,dense,1069900
9,304,dense,1188200
9,304,structured_50,885800
9,305,structured_50,913200
9,305,dense,1077100
9,306,dense,1087700
9,306,structured_50,916000
9,307,structured_50,898500
9,307,dense,1070300
9,308,dense,1076200
9,308,structured_50,903100
9,309,structured_50,902500
9,309,dense,1065500
9,310,dense,1082400
9,310,structured_50,904300
9,311,structured_50,897000
9,311,dense,1077600
9,312,dense,1098400
9,312,structured_50,898100
9,313,structured_50,900500
9,313,dense,1657600
9,314,dense,1120200
9,314,structured_50,892700
9,315,structured_50,907400
9,315,dense,1076700
9,316,dense,1073600
9,316,structured_50,903500
9,317,structured_50,915900
9,317,dense,1135600
9,318,dense,1090900
9,318,structured_50,502400
9,319,structured_50,464800
9,319,dense,471300
9,320,dense,513700
9,320,structured_50,381200
9,321,structured_50,354700
9,321,dense,490700
9,322,dense,501600
9,322,structured_50,417400
9,323,structured_50,411900
9,323,dense,524700
9,324,dense,1294200
9,324,structured_50,954000
9,325,structured_50,944500
9,325,dense,1134400
9,326,dense,1074900
9,326,structured_50,915600
9,327,structured_50,879900
9,327,dense,1078300
9,328,dense,1062100
9,328,structured_50,918700
9,329,structured_50,888800
9,329,dense,1090000
9,330,dense,1065700
9,330,structured_50,918500
9,331,structured_50,903000
9,331,dense,1451000
9,332,dense,559000
9,332,structured_50,400100
9,333,structured_50,385100
9,333,dense,1029600
9,334,dense,676700
9,334,structured_50,500400
9,335,structured_50,488100
9,335,dense,721500
9,336,dense,719300
9,336,structured_50,505200
9,337,structured_50,1061100
9,337,dense,518200
9,338,dense,497900
9,338,structured_50,794700
9,339,structured_50,762200
9,339,dense,486400
9,340,dense,470200
9,340,structured_50,376000
9,341,structured_50,906700
9,341,dense,1465000
9,342,dense,1103300
9,342,structured_50,924200
9,343,structured_50,916200
9,343,dense,1615500
9,344,dense,590900
9,344,structured_50,689200
9,345,structured_50,1023300
9,345,dense,1096500
9,346,dense,1134700
9,346,structured_50,866700
9,347,structured_50,601000
9,347,dense,667400
9,348,dense,542800
9,348,structured_50,899100
9,349,structured_50,975000
9,349,dense,799000
9,350,dense,523100
9,350,structured_50,536900
9,351,structured_50,388800
9,351,dense,479200
9,352,dense,1141700
9,352,structured_50,1295900
9,353,structured_50,856200
9,353,dense,1176800
9,354,dense,1115200
9,354,structured_50,997000
9,355,structured_50,966800
9,355,dense,1127300
9,356,dense,1834900
9,356,structured_50,1930700
9,357,structured_50,966500
9,357,dense,878600
9,358,dense,1096400
9,358,structured_50,927800
9,359,structured_50,1033700
9,359,dense,1292500
9,360,dense,1273400
9,360,structured_50,1450300
9,361,structured_50,965100
9,361,dense,1078600
9,362,dense,1152500
9,362,structured_50,947700
9,363,structured_50,920600
9,363,dense,1131000
9,364,dense,1149000
9,364,structured_50,968100
9,365,structured_50,947400
9,365,dense,1137700
9,366,dense,996300
9,366,structured_50,989400
9,367,structured_50,1229900
9,367,dense,1347000
9,368,dense,1229300
9,368,structured_50,990200
9,369,structured_50,978900
9,369,dense,1124500
9,370,dense,1168500
9,370,structured_50,993200
9,371,structured_50,956800
9,371,dense,1130000
9,372,dense,1510000
9,372,structured_50,1133800
9,373,structured_50,807900
9,373,dense,609700
9,374,dense,1058200
9,374,structured_50,691200
9,375,structured_50,620900
9,375,dense,584600
9,376,dense,750100
9,376,structured_50,975100
9,377,structured_50,1086700
9,377,dense,1433400
9,378,dense,1507900
9,378,structured_50,1184200
9,379,structured_50,1002700
9,379,dense,1196600
9,380,dense,1109800
9,380,structured_50,901800
9,381,structured_50,1214500
9,381,dense,1078000
9,382,dense,1128400
9,382,structured_50,1113700
9,383,structured_50,965400
9,383,dense,1145700
9,384,dense,1204900
9,384,structured_50,959700
9,385,structured_50,928800
9,385,dense,1125300
9,386,dense,1148300
9,386,structured_50,998900
9,387,structured_50,993800
9,387,dense,1171300
9,388,dense,1375000
9,388,structured_50,1100600
9,389,structured_50,995100
9,389,dense,1227800
9,390,dense,1139100
9,390,structured_50,991500
9,391,structured_50,1082800
9,391,dense,1191300
9,392,dense,1105900
9,392,structured_50,1142500
9,393,structured_50,1232200
9,393,dense,1550400
9,394,dense,1273000
9,394,structured_50,1023700
9,395,structured_50,992500
9,395,dense,1220200
9,396,dense,1136900
9,396,structured_50,971600
9,397,structured_50,961900
9,397,dense,1252700
9,398,dense,1305200
9,398,structured_50,1043500
9,399,structured_50,1023700
9,399,dense,1223500
9,400,dense,1171400
9,400,structured_50,989400
9,401,structured_50,985800
9,401,dense,1162200
9,402,dense,1168500
9,402,structured_50,994800
9,403,structured_50,989400
9,403,dense,1182700
9,404,dense,1188700
9,404,structured_50,977300
9,405,structured_50,957200
9,405,dense,1219700
9,406,dense,1150000
9,406,structured_50,988400
9,407,structured_50,965700
9,407,dense,1182900
9,408,dense,1160400
9,408,structured_50,968300
9,409,structured_50,952300
9,409,dense,1151600
9,410,dense,1120200
9,410,structured_50,962300
9,411,structured_50,916900
9,411,dense,1158900
9,412,dense,1124500
9,412,structured_50,973500
9,413,structured_50,1108400
9,413,dense,1184200
9,414,dense,1180500
9,414,structured_50,980300
9,415,structured_50,961300
9,415,dense,1137700
9,416,dense,1128900
9,416,structured_50,948300
9,417,structured_50,947300
9,417,dense,1139600
9,418,dense,1139100
9,418,structured_50,981800
9,419,structured_50,988400
9,419,dense,1178400
9,420,dense,1184700
9,420,structured_50,978300
9,421,structured_50,973800
9,421,dense,1171600
9,422,dense,1127500
9,422,structured_50,971700
9,423,structured_50,950900
9,423,dense,1290000
9,424,dense,1174500
9,424,structured_50,1028800
9,425,structured_50,954300
9,425,dense,1176400
9,426,dense,1129900
9,426,structured_50,975600
9,427,structured_50,974400
9,427,dense,1203700
9,428,dense,1180000
9,428,structured_50,980200
9,429,structured_50,1011400
9,429,dense,1242400
9,430,dense,1221900
9,430,structured_50,1007700
9,431,structured_50,1020300
9,431,dense,1193200
9,432,dense,1200300
9,432,structured_50,1012100
9,433,structured_50,953900
9,433,dense,1150700
9,434,dense,1265300
9,434,structured_50,1029200
9,435,structured_50,933500
9,435,dense,1146900
9,436,dense,1103200
9,436,structured_50,928700
9,437,structured_50,1128500
9,437,dense,1135700
9,438,dense,1197300
9,438,structured_50,1028800
9,439,structured_50,944100
9,439,dense,1235700
9,440,dense,1158300
9,440,structured_50,985400
9,441,structured_50,937400
9,441,dense,1495400
9,442,dense,1183200
9,442,structured_50,985700
9,443,structured_50,975000
9,443,dense,1179000
9,444,dense,1205400
9,444,structured_50,1009900
9,445,structured_50,954500
9,445,dense,1153800
9,446,dense,1149700
9,446,structured_50,991200
9,447,structured_50,980600
9,447,dense,1171000
9,448,dense,1331700
9,448,structured_50,1323600
9,449,structured_50,1066600
9,449,dense,1271400
9,450,dense,1241200
9,450,structured_50,1113200
9,451,structured_50,989900
9,451,dense,1185800
9,452,dense,1144900
9,452,structured_50,983300
9,453,structured_50,957500
9,453,dense,1218500
9,454,dense,1188300
9,454,structured_50,990700
9,455,structured_50,973600
9,455,dense,1136100
9,456,dense,1096900
9,456,structured_50,910700
9,457,structured_50,944300
9,457,dense,1115100
9,458,dense,1123700
9,458,structured_50,959700
9,459,structured_50,978400
9,459,dense,1472600
9,460,dense,1176800
9,460,structured_50,989700
9,461,structured_50,969300
9,461,dense,1173200
9,462,dense,1140500
9,462,structured_50,981900
9,463,structured_50,938700
9,463,dense,1160000
9,464,dense,1192700
9,464,structured_50,977800
9,465,structured_50,914100
9,465,dense,1176000
9,466,dense,1146000
9,466,structured_50,965500
9,467,structured_50,953800
9,467,dense,1140000
9,468,dense,1140500
9,468,structured_50,950800
9,469,structured_50,968100
9,469,dense,1142900
9,470,dense,1127500
9,470,structured_50,968500
9,471,structured_50,1019200
9,471,dense,1187300
9,472,dense,1227400
9,472,structured_50,1028300
9,473,structured_50,1035400
9,473,dense,1238100
9,474,dense,1227400
9,474,structured_50,1056000
9,475,structured_50,991600
9,475,dense,1165600
9,476,dense,1118400
9,476,structured_50,826800
9,477,structured_50,409000
9,477,dense,514300
9,478,dense,535000
9,478,structured_50,418100
9,479,structured_50,444300
9,479,dense,528000
9,480,dense,579300
9,480,structured_50,447400
9,481,structured_50,421000
9,481,dense,578100
9,482,dense,865300
9,482,structured_50,1031200
9,483,structured_50,1013600
9,483,dense,1198100
9,484,dense,1165900
9,484,structured_50,1016300
9,485,structured_50,949000
9,485,dense,1117900
9,486,dense,1090200
9,486,structured_50,930400
9,487,structured_50,916100
9,487,dense,1109400
9,488,dense,1069200
9,488,structured_50,923200
9,489,structured_50,898000
9,489,dense,1098500
9,490,dense,1066900
9,490,structured_50,926900
9,491,structured_50,906500
9,491,dense,1089000
9,492,dense,1160100
9,492,structured_50,969400
9,493,structured_50,992000
9,493,dense,1197000
9,494,dense,1157500
9,494,structured_50,997600
9,495,structured_50,942200
9,495,dense,1742100
9,496,dense,1169100
9,496,structured_50,977400
9,497,structured_50,1019400
9,497,dense,1246500
9,498,dense,597000
9,498,structured_50,409700
9,499,structured_50,392900
9,499,dense,465600
9,500,dense,513700
9,500,structured_50,461300
9,501,structured_50,868400
9,501,dense,1220400
9,502,dense,1178700
9,502,structured_50,1023800
9,503,structured_50,990100
9,503,dense,1195500
9,504,dense,1142100
9,504,structured_50,996800
9,505,structured_50,966400
9,505,dense,1193200
9,506,dense,1144800
9,506,structured_50,1014400
9,507,structured_50,982100
9,507,dense,1219400
9,508,dense,1227700
9,508,structured_50,983100
9,509,structured_50,988000
9,509,dense,1177200
9,510,dense,1198500
9,510,structured_50,1008000
9,511,structured_50,973800
9,511,dense,1159700
9,512,dense,1197500
9,512,structured_50,1003700
9,513,structured_50,996300
9,513,dense,1175700
9,514,dense,1159800
9,514,structured_50,994400
9,515,structured_50,1016000
9,515,dense,837500
9,516,dense,529800
9,516,structured_50,457800
9,517,structured_50,465600
9,517,dense,521100
9,518,dense,471900
9,518,structured_50,932100
9,519,structured_50,981400
9,519,dense,1169900
9,520,dense,1178500
9,520,structured_50,956100
9,521,structured_50,640100
9,521,dense,617300
9,522,dense,623100
9,522,structured_50,670900
9,523,structured_50,460400
9,523,dense,602400
9,524,dense,597800
9,524,structured_50,455200
9,525,structured_50,439700
9,525,dense,649200
9,526,dense,944300
9,526,structured_50,1047300
9,527,structured_50,923700
9,527,dense,1284400
9,528,dense,1191600
9,528,structured_50,1112000
9,529,structured_50,933100
9,529,dense,1176500
9,530,dense,1359100
9,530,structured_50,565100
9,531,structured_50,444600
9,531,dense,625000
9,532,dense,500000
9,532,structured_50,923300
9,533,structured_50,559700
9,533,dense,468000
9,534,dense,458700
9,534,structured_50,394200
9,535,structured_50,442800
9,535,dense,579900
9,536,dense,632400
9,536,structured_50,576600
9,537,structured_50,951600
9,537,dense,1192000
9,538,dense,1162700
9,538,structured_50,1069300
9,539,structured_50,991200
9,539,dense,1180300
9,540,dense,1131900
9,540,structured_50,976000
9,541,structured_50,978900
9,541,dense,1182200
9,542,dense,1164500
9,542,structured_50,936900
9,543,structured_50,542000
9,543,dense,564100
9,544,dense,809200
9,544,structured_50,437900
9,545,structured_50,414300
9,545,dense,508700
9,546,dense,575200
9,546,structured_50,448200
9,547,structured_50,413300
9,547,dense,1108500
9,548,dense,1186900
9,548,structured_50,980300
9,549,structured_50,989200
9,549,dense,1205400
9,550,dense,1154200
9,550,structured_50,990400
9,551,structured_50,1007200
9,551,dense,1147900
9,552,dense,1148700
9,552,structured_50,940900
9,553,structured_50,1191800
9,553,dense,1205700
9,554,dense,1193200
9,554,structured_50,1017900
9,555,structured_50,966900
9,555,dense,1306900
9,556,dense,1219900
9,556,structured_50,1000900
9,557,structured_50,915400
9,557,dense,1127800
9,558,dense,1130700
9,558,structured_50,983000
9,559,structured_50,938700
9,559,dense,1201500
9,560,dense,1186600
9,560,structured_50,960800
9,561,structured_50,957700
9,561,dense,1236200
9,562,dense,1185800
9,562,structured_50,985100
9,563,structured_50,974100
9,563,dense,1132500
9,564,dense,1139900
9,564,structured_50,965800
9,565,structured_50,959900
9,565,dense,1148300
9,566,dense,1232900
9,566,structured_50,1053600
9,567,structured_50,1011900
9,567,dense,1212700
9,568,dense,1166900
9,568,structured_50,1009500
9,569,structured_50,1016400
9,569,dense,1225500
9,570,dense,1155200
9,570,structured_50,1003400
9,571,structured_50,1015100
9,571,dense,1269900
9,572,dense,1184800
9,572,structured_50,996400
9,573,structured_50,955200
9,573,dense,1132300
9,574,dense,1129900
9,574,structured_50,936400
9,575,structured_50,972300
9,575,dense,1133200
9,576,dense,1138700
9,576,structured_50,985700
9,577,structured_50,973700
9,577,dense,1127300
9,578,dense,1138700
9,578,structured_50,942000
9,579,structured_50,947300
9,579,dense,1104800
9,580,dense,1148000
9,580,structured_50,924900
9,581,structured_50,955400
9,581,dense,1158500
9,582,dense,1137700
9,582,structured_50,944900
9,583,structured_50,912200
9,583,dense,1085300
9,584,dense,1093700
9,584,structured_50,913400
9,585,structured_50,885300
9,585,dense,1095300
9,586,dense,1104300
9,586,structured_50,933800
9,587,structured_50,945800
9,587,dense,1186700
9,588,dense,1135100
9,588,structured_50,976100
9,589,structured_50,946100
9,589,dense,1153000
9,590,dense,1232100
9,590,structured_50,956300
9,591,structured_50,900100
9,591,dense,1145100
9,592,dense,1157700
9,592,structured_50,982400
9,593,structured_50,926300
9,593,dense,1124000
9,594,dense,1127400
9,594,structured_50,983300
9,595,structured_50,970700
9,595,dense,1181600
9,596,dense,1311700
9,596,structured_50,1016300
9,597,structured_50,983900
9,597,dense,1188100
9,598,dense,1145400
9,598,structured_50,959000
9,599,structured_50,946800
9,599,dense,1125400
9,600,dense,1138400
9,600,structured_50,917600
9,601,structured_50,945500
9,601,dense,1122000
9,602,dense,1115200
9,602,structured_50,984400
9,603,structured_50,952600
9,603,dense,1241200
9,604,dense,490100
9,604,structured_50,371200
9,605,structured_50,367400
9,605,dense,1129800
9,606,dense,1243100
9,606,structured_50,997700
9,607,structured_50,989200
9,607,dense,1010200
9,608,dense,1182200
9,608,structured_50,1036300
9,609,structured_50,1033100
9,609,dense,1205600
9,610,dense,1122500
9,610,structured_50,995400
9,611,structured_50,922100
9,611,dense,1141200
9,612,dense,1176100
9,612,structured_50,1168300
9,613,structured_50,1092500
9,613,dense,1199900
9,614,dense,1393600
9,614,structured_50,1062700
9,615,structured_50,1011100
9,615,dense,1173900
9,616,dense,1174800
9,616,structured_50,1015400
9,617,structured_50,996800
9,617,dense,1187800
9,618,dense,1278600
9,618,structured_50,983000
9,619,structured_50,965800
9,619,dense,1090900
9,620,dense,1312800
9,620,structured_50,1062300
9,621,structured_50,970700
9,621,dense,1224000
9,622,dense,1194600
9,622,structured_50,997200
9,623,structured_50,988400
9,623,dense,1217200
9,624,dense,1203200
9,624,structured_50,986800
9,625,structured_50,978700
9,625,dense,1148300
9,626,dense,1132600
9,626,structured_50,938000
9,627,structured_50,955600
9,627,dense,1181700
9,628,dense,1164600
9,628,structured_50,931600
9,629,structured_50,915000
9,629,dense,1088600
9,630,dense,1098000
9,630,structured_50,906600
9,631,structured_50,916500
9,631,dense,1143700
9,632,dense,1092400
9,632,structured_50,927900
9,633,structured_50,907100
9,633,dense,1183000
9,634,dense,1142500
9,634,structured_50,964700
9,635,structured_50,943700
9,635,dense,1198300
9,636,dense,1213400
9,636,structured_50,1116700
9,637,structured_50,1075900
9,637,dense,1339900
9,638,dense,1346200
9,638,structured_50,1085900
9,639,structured_50,1081000
9,639,dense,1223000
9,640,dense,1471100
9,640,structured_50,1037500
9,641,structured_50,970900
9,641,dense,1191500
9,642,dense,1142200
9,642,structured_50,1009900
9,643,structured_50,982200
9,643,dense,1195100
9,644,dense,1164800
9,644,structured_50,972800
9,645,structured_50,1005900
9,645,dense,1216400
9,646,dense,1378200
9,646,structured_50,1234000
9,647,structured_50,1260300
9,647,dense,1253300
9,648,dense,2042000
9,648,structured_50,1662200
9,649,structured_50,1128400
9,649,dense,1467500
9,650,dense,1531700
9,650,structured_50,1195400
9,651,structured_50,1016100
9,651,dense,2039200
9,652,dense,1990500
9,652,structured_50,1900200
9,653,structured_50,2107400
9,653,dense,1749300
9,654,dense,2773200
9,654,structured_50,1491600
9,655,structured_50,1049000
9,655,dense,1070600
9,656,dense,1591700
9,656,structured_50,1243000
9,657,structured_50,1212400
9,657,dense,1746100
9,658,dense,1587000
9,658,structured_50,1248100
9,659,structured_50,1177300
9,659,dense,1584000
9,660,dense,1556000
9,660,structured_50,1175600
9,661,structured_50,1247900
9,661,dense,1422600
9,662,dense,1359800
9,662,structured_50,983500
9,663,structured_50,824300
9,663,dense,999700
9,664,dense,951200
9,664,structured_50,828800
9,665,structured_50,790600
9,665,dense,976000
9,666,dense,938900
9,666,structured_50,817200
9,667,structured_50,798500
9,667,dense,992600
9,668,dense,951200
9,668,structured_50,875500
9,669,structured_50,1078400
9,669,dense,1216100
9,670,dense,1039700
9,670,structured_50,788300
9,671,structured_50,805700
9,671,dense,919800
9,672,dense,921200
9,672,structured_50,775600
9,673,structured_50,804700
9,673,dense,982500
9,674,dense,959800
9,674,structured_50,813400
9,675,structured_50,787400
9,675,dense,986400
9,676,dense,1029200
9,676,structured_50,913700
9,677,structured_50,858500
9,677,dense,988500
9,678,dense,937000
9,678,structured_50,815700
9,679,structured_50,706300
9,679,dense,760900
9,680,dense,808300
9,680,structured_50,639900
9,681,structured_50,629100
9,681,dense,828000
9,682,dense,806800
9,682,structured_50,789500
9,683,structured_50,750000
9,683,dense,888000
9,684,dense,880800
9,684,structured_50,736700
9,685,structured_50,753100
9,685,dense,867000
9,686,dense,842400
9,686,structured_50,729900
9,687,structured_50,717000
9,687,dense,886500
9,688,dense,840300
9,688,structured_50,668200
9,689,structured_50,885000
9,689,dense,1136700
9,690,dense,1161300
9,690,structured_50,978700
9,691,structured_50,979600
9,691,dense,1144200
9,692,dense,1150000
9,692,structured_50,955700
9,693,structured_50,919800
9,693,dense,1143300
9,694,dense,1650800
9,694,structured_50,1418000
9,695,structured_50,1352900
9,695,dense,1563500
9,696,dense,1479200
9,696,structured_50,1286700
9,697,structured_50,1288900
9,697,dense,1601300
9,698,dense,1679800
9,698,structured_50,1270000
9,699,structured_50,1209800
9,699,dense,1559600
9,700,dense,1545000
9,700,structured_50,1314800
9,701,structured_50,1555300
9,701,dense,1603900
9,702,dense,1515000
9,702,structured_50,1307600
9,703,structured_50,1064000
9,703,dense,1149700
9,704,dense,1113600
9,704,structured_50,948600
9,705,structured_50,952800
9,705,dense,1381000
9,706,dense,1252600
9,706,structured_50,994300
9,707,structured_50,926500
9,707,dense,1160400
9,708,dense,1112400
9,708,structured_50,959500
9,709,structured_50,924600
9,709,dense,1181100
9,710,dense,1127700
9,710,structured_50,1012600
9,711,structured_50,937800
9,711,dense,1096600
9,712,dense,1104700
9,712,structured_50,966700
9,713,structured_50,1244500
9,713,dense,1066100
9,714,dense,1080200
9,714,structured_50,966800
9,715,structured_50,955400
9,715,dense,1144100
9,716,dense,1283400
9,716,structured_50,923500
9,717,structured_50,939200
9,717,dense,1156500
9,718,dense,1139500
9,718,structured_50,953400
9,719,structured_50,1045900
9,719,dense,1255400
9,720,dense,1363700
9,720,structured_50,1121400
9,721,structured_50,1044300
9,721,dense,1097800
9,722,dense,1158100
9,722,structured_50,934700
9,723,structured_50,958300
9,723,dense,1131300
9,724,dense,1157600
9,724,structured_50,971300
9,725,structured_50,959200
9,725,dense,1182900
9,726,dense,1175700
9,726,structured_50,492800
9,727,structured_50,488800
9,727,dense,720400
9,728,dense,859900
9,728,structured_50,509400
9,729,structured_50,460000
9,729,dense,1304900
9,730,dense,1150800
9,730,structured_50,982000
9,731,structured_50,1002400
9,731,dense,1155000
9,732,dense,1302100
9,732,structured_50,1087800
9,733,structured_50,901600
9,733,dense,1210100
9,734,dense,1215800
9,734,structured_50,998400
9,735,structured_50,972400
9,735,dense,1347200
9,736,dense,1209200
9,736,structured_50,994600
9,737,structured_50,989200
9,737,dense,1175600
9,738,dense,1156300
9,738,structured_50,963000
9,739,structured_50,984500
9,739,dense,1149100
9,740,dense,1147700
9,740,structured_50,950500
9,741,structured_50,952600
9,741,dense,1121500
9,742,dense,1127400
9,742,structured_50,1096300
9,743,structured_50,1170400
9,743,dense,1207300
9,744,dense,1088400
9,744,structured_50,969800
9,745,structured_50,917700
9,745,dense,1115500
9,746,dense,1089400
9,746,structured_50,936300
9,747,structured_50,906400
9,747,dense,1211000
9,748,dense,1124500
9,748,structured_50,914800
9,749,structured_50,898000
9,749,dense,1112100
9,750,dense,1119600
9,750,structured_50,1034900
9,751,structured_50,1435500
9,751,dense,1173800
9,752,dense,1218000
9,752,structured_50,989000
9,753,structured_50,959700
9,753,dense,1048900
9,754,dense,1114800
9,754,structured_50,932400
9,755,structured_50,948600
9,755,dense,1096500
9,756,dense,1085100
9,756,structured_50,915400
9,757,structured_50,1016900
9,757,dense,1149800
9,758,dense,1398500
9,758,structured_50,1042800
9,759,structured_50,969000
9,759,dense,1135900
9,760,dense,1136800
9,760,structured_50,933300
9,761,structured_50,916900
9,761,dense,1112300
9,762,dense,1094600
9,762,structured_50,931400
9,763,structured_50,922100
9,763,dense,1145300
9,764,dense,1132100
9,764,structured_50,980100
9,765,structured_50,1033900
9,765,dense,1801400
9,766,dense,1347000
9,766,structured_50,1071900
9,767,structured_50,997200
9,767,dense,1196800
9,768,dense,1647300
9,768,structured_50,1190100
9,769,structured_50,954300
9,769,dense,1142500
9,770,dense,1109900
9,770,structured_50,930000
9,771,structured_50,940900
9,771,dense,1115300
9,772,dense,1230900
9,772,structured_50,909300
9,773,structured_50,1130700
9,773,dense,1176900
9,774,dense,1038200
9,774,structured_50,931000
9,775,structured_50,936300
9,775,dense,1106900
9,776,dense,1093300
9,776,structured_50,893500
9,777,structured_50,902300
9,777,dense,1071100
9,778,dense,1116500
9,778,structured_50,939400
9,779,structured_50,1024800
9,779,dense,1288100
9,780,dense,1244900
9,780,structured_50,983500
9,781,structured_50,954700
9,781,dense,1122400
9,782,dense,1104900
9,782,structured_50,933000
9,783,structured_50,919500
9,783,dense,1162100
9,784,dense,1089900
9,784,structured_50,927800
9,785,structured_50,906700
9,785,dense,1105000
9,786,dense,1093100
9,786,structured_50,936900
9,787,structured_50,996200
9,787,dense,1162000
9,788,dense,1039000
9,788,structured_50,944900
9,789,structured_50,966000
9,789,dense,1115300
9,790,dense,1079900
9,790,structured_50,947200
9,791,structured_50,925200
9,791,dense,1162900
9,792,dense,1114300
9,792,structured_50,951000
9,793,structured_50,919200
9,793,dense,1108300
9,794,dense,1244000
9,794,structured_50,965100
9,795,structured_50,881700
9,795,dense,1089700
9,796,dense,1114400
9,796,structured_50,895200
9,797,structured_50,898700
9,797,dense,1058500
9,798,dense,1074800
9,798,structured_50,885300
9,799,structured_50,896700
9,799,dense,1070000
9,800,dense,1346100
9,800,structured_50,913900
9,801,structured_50,903600
9,801,dense,1073400
9,802,dense,1111300
9,802,structured_50,891700
9,803,structured_50,896000
9,803,dense,1055300
9,804,dense,1073200
9,804,structured_50,881200
9,805,structured_50,899000
9,805,dense,1076400
9,806,dense,1080600
9,806,structured_50,888700
9,807,structured_50,892200
9,807,dense,1057000
9,808,dense,1072000
9,808,structured_50,882200
9,809,structured_50,888800
9,809,dense,1056000
9,810,dense,1389100
9,810,structured_50,1256900
9,811,structured_50,1018400
9,811,dense,1156400
9,812,dense,1091500
9,812,structured_50,942300
9,813,structured_50,920600
9,813,dense,1116700
9,814,dense,1095700
9,814,structured_50,953600
9,815,structured_50,921200
9,815,dense,1135400
9,816,dense,1186200
9,816,structured_50,886400
9,817,structured_50,887900
9,817,dense,1141600
9,818,dense,1089500
9,818,structured_50,935100
9,819,structured_50,884500
9,819,dense,1114600
9,820,dense,1098000
9,820,structured_50,955100
9,821,structured_50,929400
9,821,dense,1372900
9,822,dense,966300
9,822,structured_50,606200
9,823,structured_50,442500
9,823,dense,489800
9,824,dense,512100
9,824,structured_50,459700
9,825,structured_50,420900
9,825,dense,658600
9,826,dense,844100
9,826,structured_50,1096200
9,827,structured_50,932300
9,827,dense,1093000
9,828,dense,1111800
9,828,structured_50,808900
9,829,structured_50,958100
9,829,dense,1194400
9,830,dense,1108600
9,830,structured_50,953400
9,831,structured_50,906300
9,831,dense,1111700
9,832,dense,1092200
9,832,structured_50,937800
9,833,structured_50,907300
9,833,dense,1108100
9,834,dense,1141300
9,834,structured_50,990300
9,835,structured_50,1055500
9,835,dense,1102200
9,836,dense,1093900
9,836,structured_50,965800
9,837,structured_50,983000
9,837,dense,1168700
9,838,dense,1161400
9,838,structured_50,1059900
9,839,structured_50,1345000
9,839,dense,1357300
9,840,dense,1170600
9,840,structured_50,1073500
9,841,structured_50,1258600
9,841,dense,956100
9,842,dense,1127000
9,842,structured_50,1002700
9,843,structured_50,975200
9,843,dense,1224900
9,844,dense,1459400
9,844,structured_50,998900
9,845,structured_50,973100
9,845,dense,1230000
9,846,dense,1207000
9,846,structured_50,1024900
9,847,structured_50,1006700
9,847,dense,1206000
9,848,dense,1382800
9,848,structured_50,1111600
9,849,structured_50,973500
9,849,dense,1198700
9,850,dense,1146000
9,850,structured_50,1008400
9,851,structured_50,989000
9,851,dense,1217600
9,852,dense,1236700
9,852,structured_50,1079900
9,853,structured_50,999000
9,853,dense,1893000
9,854,dense,2408700
9,854,structured_50,1455800
9,855,structured_50,1298600
9,855,dense,1562100
9,856,dense,1806800
9,856,structured_50,1139600
9,857,structured_50,1140700
9,857,dense,1549100
9,858,dense,1575100
9,858,structured_50,1091800
9,859,structured_50,1251200
9,859,dense,1399100
9,860,dense,959600
9,860,structured_50,516900
9,861,structured_50,476000
9,861,dense,1649600
9,862,dense,1566700
9,862,structured_50,1095900
9,863,structured_50,1061800
9,863,dense,1444600
9,864,dense,1386200
9,864,structured_50,1133600
9,865,structured_50,992400
9,865,dense,1207000
9,866,dense,1205000
9,866,structured_50,1087000
9,867,structured_50,1182800
9,867,dense,1270100
9,868,dense,1209500
9,868,structured_50,963500
9,869,structured_50,944300
9,869,dense,1160300
9,870,dense,1162300
9,870,structured_50,1233800
9,871,structured_50,973600
9,871,dense,1225800
9,872,dense,1235900
9,872,structured_50,1083900
9,873,structured_50,919400
9,873,dense,1234600
9,874,dense,1129900
9,874,structured_50,1036400
9,875,structured_50,923200
9,875,dense,1135100
9,876,dense,1166000
9,876,structured_50,1216800
9,877,structured_50,1154500
9,877,dense,1244700
9,878,dense,1325100
9,878,structured_50,1016000
9,879,structured_50,988100
9,879,dense,1187200
9,880,dense,1348700
9,880,structured_50,1186800
9,881,structured_50,1056100
9,881,dense,1252700
9,882,dense,1199800
9,882,structured_50,1152200
9,883,structured_50,1028000
9,883,dense,1219700
9,884,dense,1169400
9,884,structured_50,1104800
9,885,structured_50,1176000
9,885,dense,1464000
9,886,dense,1214600
9,886,structured_50,1375500
9,887,structured_50,1270600
9,887,dense,1293400
9,888,dense,1666900
9,888,structured_50,1293200
9,889,structured_50,1172100
9,889,dense,1278900
9,890,dense,1340700
9,890,structured_50,1135300
9,891,structured_50,5445900
9,891,dense,3310200
9,892,dense,1540100
9,892,structured_50,2468000
9,893,structured_50,1659200
9,893,dense,1745700
9,894,dense,1312700
9,894,structured_50,1133800
9,895,structured_50,1546600
9,895,dense,1957600
9,896,dense,1618500
9,896,structured_50,1461600
9,897,structured_50,1553300
9,897,dense,1966600
9,898,dense,1464900
9,898,structured_50,1474900
9,899,structured_50,1571900
9,899,dense,1442500
9,900,dense,1544000
9,900,structured_50,1631300
9,901,structured_50,1281400
9,901,dense,1355200
9,902,dense,1340400
9,902,structured_50,1124200
9,903,structured_50,1179500
9,903,dense,2223400
9,904,dense,2015600
9,904,structured_50,1730400
9,905,structured_50,1153900
9,905,dense,1076800
9,906,dense,678100
9,906,structured_50,533300
9,907,structured_50,1406400
9,907,dense,1727900
9,908,dense,1840300
9,908,structured_50,1438500
9,909,structured_50,1070300
9,909,dense,1186500
9,910,dense,1157700
9,910,structured_50,1454500
9,911,structured_50,1190500
9,911,dense,1328900
9,912,dense,1268500
9,912,structured_50,1347100
9,913,structured_50,1271000
9,913,dense,1262700
9,914,dense,1282900
9,914,structured_50,1135500
9,915,structured_50,1013600
9,915,dense,1495300
9,916,dense,1316900
9,916,structured_50,1182300
9,917,structured_50,1608300
9,917,dense,1553000
9,918,dense,1191100
9,918,structured_50,989400
9,919,structured_50,967600
9,919,dense,1225400
9,920,dense,1317900
9,920,structured_50,1026700
9,921,structured_50,1088600
9,921,dense,1297100
9,922,dense,1209300
9,922,structured_50,980400
9,923,structured_50,995800
9,923,dense,1120100
9,924,dense,1173000
9,924,structured_50,1008200
9,925,structured_50,1013600
9,925,dense,1270200
9,926,dense,1362300
9,926,structured_50,1265700
9,927,structured_50,1149500
9,927,dense,1314700
9,928,dense,1287700
9,928,structured_50,1238200
9,929,structured_50,1366800
9,929,dense,1437100
9,930,dense,1211500
9,930,structured_50,1228400
9,931,structured_50,977600
9,931,dense,1197200
9,932,dense,1169600
9,932,structured_50,953600
9,933,structured_50,1098000
9,933,dense,1207200
9,934,dense,1258400
9,934,structured_50,1232000
9,935,structured_50,1059000
9,935,dense,1270900
9,936,dense,1192100
9,936,structured_50,981400
9,937,structured_50,1113600
9,937,dense,1570500
9,938,dense,1514700
9,938,structured_50,1473900
9,939,structured_50,1815400
9,939,dense,1672000
9,940,dense,1470800
9,940,structured_50,1081100
9,941,structured_50,1022800
9,941,dense,1662200
9,942,dense,1432700
9,942,structured_50,1351700
9,943,structured_50,1149000
9,943,dense,1527900
9,944,dense,1337800
9,944,structured_50,1107500
9,945,structured_50,1065100
9,945,dense,1346800
9,946,dense,1686000
9,946,structured_50,1175500
9,947,structured_50,1405900
9,947,dense,1553800
9,948,dense,1509300
9,948,structured_50,1439100
9,949,structured_50,764700
9,949,dense,821400
9,950,dense,756700
9,950,structured_50,1190400
9,951,structured_50,1019000
9,951,dense,1315200
9,952,dense,1291100
9,952,structured_50,1085800
9,953,structured_50,1071500
9,953,dense,1424000
9,954,dense,1679600
9,954,structured_50,1708600
9,955,structured_50,1486600
9,955,dense,1587000
9,956,dense,1672700
9,956,structured_50,1462100
9,957,structured_50,1695700
9,957,dense,1400100
9,958,dense,1651800
9,958,structured_50,1739000
9,959,structured_50,1130700
9,959,dense,1333000
9,960,dense,1263500
9,960,structured_50,764900
9,961,structured_50,1074400
9,961,dense,1573500
9,962,dense,1452000
9,962,structured_50,1489900
9,963,structured_50,1478200
9,963,dense,1819400
9,964,dense,1618200
9,964,structured_50,1166300
9,965,structured_50,1119200
9,965,dense,1318300
9,966,dense,1459100
9,966,structured_50,1361200
9,967,structured_50,1377300
9,967,dense,1463400
9,968,dense,1427100
9,968,structured_50,1193200
9,969,structured_50,1176300
9,969,dense,1354900
9,970,dense,1328800
9,970,structured_50,1291300
9,971,structured_50,1260400
9,971,dense,1406600
9,972,dense,1318400
9,972,structured_50,1169100
9,973,structured_50,1165900
9,973,dense,1303000
9,974,dense,1340700
9,974,structured_50,1151500
9,975,structured_50,1156200
9,975,dense,1330400
9,976,dense,1356000
9,976,structured_50,1087500
9,977,structured_50,1032300
9,977,dense,1324100
9,978,dense,1302200
9,978,structured_50,1005800
9,979,structured_50,1020900
9,979,dense,1263200
9,980,dense,1367500
9,980,structured_50,1168400
9,981,structured_50,1053800
9,981,dense,1288800
9,982,dense,1421000
9,982,structured_50,679300
9,983,structured_50,869200
9,983,dense,1245800
9,984,dense,1340300
9,984,structured_50,1246300
9,985,structured_50,875900
9,985,dense,1195400
9,986,dense,1097200
9,986,structured_50,1178500
9,987,structured_50,1322300
9,987,dense,1266800
9,988,dense,1172200
9,988,structured_50,1028200
9,989,structured_50,1068600
9,989,dense,1419200
9,990,dense,1422700
9,990,structured_50,1044100
9,991,structured_50,1110500
9,991,dense,1347200
9,992,dense,1205700
9,992,structured_50,979000
9,993,structured_50,943000
9,993,dense,1194300
9,994,dense,1249800
9,994,structured_50,1143100
9,995,structured_50,1010800
9,995,dense,1177100
9,996,dense,1195600
9,996,structured_50,945400
9,997,structured_50,929800
9,997,dense,1102100
9,998,dense,1122200
9,998,structured_50,1005400
9,999,structured_50,1307200
9,999,dense,1291600
9,1000,dense,1265600
9,1000,structured_50,1150400
9,1001,structured_50,1250300
9,1001,dense,715500
9,1002,dense,1293500
9,1002,structured_50,1108300
9,1003,structured_50,1063800
9,1003,dense,1377200
9,1004,dense,1654300
9,1004,structured_50,1614600
9,1005,structured_50,1090000
9,1005,dense,1079600
9,1006,dense,684800
9,1006,structured_50,1005300
9,1007,structured_50,1006300
9,1007,dense,1141100
9,1008,dense,1257900
9,1008,structured_50,1323300
9,1009,structured_50,1112700
9,1009,dense,1407300
9,1010,dense,1318900
9,1010,structured_50,1425300
9,1011,structured_50,1030600
9,1011,dense,1233300
9,1012,dense,1469100
9,1012,structured_50,1253100
9,1013,structured_50,1253900
9,1013,dense,1390200
9,1014,dense,1299800
9,1014,structured_50,1332000
9,1015,structured_50,1252300
9,1015,dense,1190700
9,1016,dense,1209800
9,1016,structured_50,1301600
9,1017,structured_50,1507100
9,1017,dense,1599500
9,1018,dense,1482000
9,1018,structured_50,1076700
9,1019,structured_50,1033100
9,1019,dense,1166800
9,1020,dense,1161900
9,1020,structured_50,1003100
9,1021,structured_50,1120400
9,1021,dense,1474000
9,1022,dense,1300000
9,1022,structured_50,1050500
9,1023,structured_50,1211400
9,1023,dense,1254400
9,1024,dense,1141400
9,1024,structured_50,989500
9,1025,structured_50,979500
9,1025,dense,1177900
9,1026,dense,1462500
9,1026,structured_50,1205200
9,1027,structured_50,1582100
9,1027,dense,1767800
9,1028,dense,1429000
9,1028,structured_50,1024600
9,1029,structured_50,972000
9,1029,dense,1184300
9,1030,dense,1183400
9,1030,structured_50,1238000
9,1031,structured_50,1217300
9,1031,dense,1277600
9,1032,dense,1321600
9,1032,structured_50,1241000
9,1033,structured_50,1005100
9,1033,dense,1159300
9,1034,dense,1271000
9,1034,structured_50,1258100
9,1035,structured_50,1201300
9,1035,dense,1475600
9,1036,dense,1286700
9,1036,structured_50,1187500
9,1037,structured_50,1194400
9,1037,dense,1218900
9,1038,dense,1168100
9,1038,structured_50,1147800
9,1039,structured_50,1000500
9,1039,dense,1451800
9,1040,dense,1473500
9,1040,structured_50,1299100
9,1041,structured_50,1150000
9,1041,dense,1385800
9,1042,dense,1158800
9,1042,structured_50,983000
9,1043,structured_50,1167800
9,1043,dense,1319600
9,1044,dense,1362200
9,1044,structured_50,1388900
9,1045,structured_50,1058000
9,1045,dense,1431300
9,1046,dense,1330900
9,1046,structured_50,1010000
9,1047,structured_50,996700
9,1047,dense,1219200
9,1048,dense,1498000
9,1048,structured_50,1264600
9,1049,structured_50,1284800
9,1049,dense,1474300
9,1050,dense,1216700
9,1050,structured_50,1059100
9,1051,structured_50,1002600
9,1051,dense,1307400
9,1052,dense,1299700
9,1052,structured_50,1385300
9,1053,structured_50,1137000
9,1053,dense,1273700
9,1054,dense,1456100
9,1054,structured_50,1249700
9,1055,structured_50,1027100
9,1055,dense,1184700
9,1056,dense,1166300
9,1056,structured_50,1004900
9,1057,structured_50,1491500
9,1057,dense,1392600
9,1058,dense,1418100
9,1058,structured_50,1201400
9,1059,structured_50,1194200
9,1059,dense,1384300
9,1060,dense,1190600
9,1060,structured_50,988700
9,1061,structured_50,992300
9,1061,dense,1307400
9,1062,dense,1485800
9,1062,structured_50,1344000
9,1063,structured_50,1181600
9,1063,dense,1313200
9,1064,dense,1471600
9,1064,structured_50,1423700
9,1065,structured_50,1110800
9,1065,dense,1281100
9,1066,dense,1528400
9,1066,structured_50,1395400
9,1067,structured_50,1395100
9,1067,dense,1469300
9,1068,dense,1314000
9,1068,structured_50,1117000
9,1069,structured_50,1128100
9,1069,dense,1398500
9,1070,dense,1579300
9,1070,structured_50,1178700
9,1071,structured_50,1198500
9,1071,dense,1442900
9,1072,dense,1325000
9,1072,structured_50,1167800
9,1073,structured_50,1203800
9,1073,dense,1258000
9,1074,dense,1347700
9,1074,structured_50,1161600
9,1075,structured_50,1141400
9,1075,dense,1374900
9,1076,dense,1501900
9,1076,structured_50,1176800
9,1077,structured_50,1206400
9,1077,dense,1384300
9,1078,dense,1281700
9,1078,structured_50,1265000
9,1079,structured_50,1292600
9,1079,dense,1421600
9,1080,dense,1270100
9,1080,structured_50,1147400
9,1081,structured_50,1060200
9,1081,dense,1166100
9,1082,dense,1311800
9,1082,structured_50,1042600
9,1083,structured_50,1122900
9,1083,dense,1227200
9,1084,dense,1185700
9,1084,structured_50,1066000
9,1085,structured_50,1056600
9,1085,dense,1387900
9,1086,dense,1345000
9,1086,structured_50,1099200
9,1087,structured_50,1157700
9,1087,dense,1604600
9,1088,dense,1536300
9,1088,structured_50,1275000
9,1089,structured_50,1195200
9,1089,dense,1414200
9,1090,dense,1404400
9,1090,structured_50,1165000
9,1091,structured_50,1166800
9,1091,dense,1353500
9,1092,dense,1390500
9,1092,structured_50,1121700
9,1093,structured_50,1142800
9,1093,dense,1282600
9,1094,dense,1458200
9,1094,structured_50,1168700
9,1095,structured_50,1170500
9,1095,dense,1307300
9,1096,dense,1341800
9,1096,structured_50,1142500
9,1097,structured_50,1408300
9,1097,dense,1273700
9,1098,dense,1452700
9,1098,structured_50,1201900
9,1099,structured_50,1144700
9,1099,dense,1233300
9,1100,dense,1326700
9,1100,structured_50,1224300
9,1101,structured_50,1132800
9,1101,dense,1445600
9,1102,dense,1395100
9,1102,structured_50,1099700
9,1103,structured_50,1132000
9,1103,dense,1290600
9,1104,dense,1294100
9,1104,structured_50,1059400
9,1105,structured_50,1096200
9,1105,dense,1492900
9,1106,dense,1387400
9,1106,structured_50,1127000
9,1107,structured_50,1099000
9,1107,dense,1252500
9,1108,dense,1396800
9,1108,structured_50,1133700
9,1109,structured_50,1094300
9,1109,dense,1422200
9,1110,dense,1337900
9,1110,structured_50,1133300
9,1111,structured_50,1176400
9,1111,dense,1387900
9,1112,dense,1337800
9,1112,structured_50,1099400
9,1113,structured_50,1054100
9,1113,dense,1372700
9,1114,dense,1411400
9,1114,structured_50,1131300
9,1115,structured_50,1119000
9,1115,dense,1486600
9,1116,dense,1430000
9,1116,structured_50,1155300
9,1117,structured_50,1121500
9,1117,dense,1329700
9,1118,dense,1393100
9,1118,structured_50,1132900
9,1119,structured_50,1152400
9,1119,dense,1348600
9,1120,dense,1345800
9,1120,structured_50,1216300
9,1121,structured_50,1133200
9,1121,dense,1523400
9,1122,dense,4704600
9,1122,structured_50,1393200
9,1123,structured_50,1573500
9,1123,dense,1934200
9,1124,dense,1656800
9,1124,structured_50,1417100
9,1125,structured_50,1318700
9,1125,dense,1459100
9,1126,dense,1412400
9,1126,structured_50,1215700
9,1127,structured_50,1318900
9,1127,dense,1580000
9,1128,dense,1652000
9,1128,structured_50,1724900
9,1129,structured_50,1412900
9,1129,dense,2546900
9,1130,dense,2138100
9,1130,structured_50,1373500
9,1131,structured_50,1328600
9,1131,dense,1461600
9,1132,dense,1431200
9,1132,structured_50,1650100
9,1133,structured_50,1358200
9,1133,dense,2206600
9,1134,dense,1645200
9,1134,structured_50,1223100
9,1135,structured_50,1838100
9,1135,dense,1675000
9,1136,dense,1508800
9,1136,structured_50,1194000
9,1137,structured_50,1424700
9,1137,dense,1769600
9,1138,dense,1843600
9,1138,structured_50,1293800
9,1139,structured_50,1390600
9,1139,dense,1572100
9,1140,dense,1790400
9,1140,structured_50,1510000
9,1141,structured_50,1309000
9,1141,dense,1853600
9,1142,dense,1559300
9,1142,structured_50,1659000
9,1143,structured_50,1240400
9,1143,dense,1336900
9,1144,dense,941100
9,1144,structured_50,684900
9,1145,structured_50,719900
9,1145,dense,839000
9,1146,dense,900700
9,1146,structured_50,1433500
9,1147,structured_50,1208300
9,1147,dense,1469200
9,1148,dense,1553100
9,1148,structured_50,1434800
9,1149,structured_50,1556700
9,1149,dense,1483600
9,1150,dense,1314700
9,1150,structured_50,1276800
9,1151,structured_50,1303400
9,1151,dense,2097000
9,1152,dense,1904900
9,1152,structured_50,1529500
9,1153,structured_50,1513100
9,1153,dense,1895000
9,1154,dense,1549200
9,1154,structured_50,1228000
9,1155,structured_50,1199800
9,1155,dense,1469100
9,1156,dense,1644700
9,1156,structured_50,1345000
9,1157,structured_50,1129900
9,1157,dense,1297000
9,1158,dense,1265000
9,1158,structured_50,1097200
9,1159,structured_50,1067800
9,1159,dense,1326900
9,1160,dense,1369900
9,1160,structured_50,1238800
9,1161,structured_50,1225000
9,1161,dense,1262300
9,1162,dense,1226400
9,1162,structured_50,1042000
9,1163,structured_50,1015900
9,1163,dense,1335900
9,1164,dense,1388500
9,1164,structured_50,1303400
9,1165,structured_50,1296600
9,1165,dense,1332000
9,1166,dense,1245000
9,1166,structured_50,1034000
9,1167,structured_50,973100
9,1167,dense,1208300
9,1168,dense,1335300
9,1168,structured_50,1176400
9,1169,structured_50,1182000
9,1169,dense,1357700
9,1170,dense,1262100
9,1170,structured_50,1034600
9,1171,structured_50,1029700
9,1171,dense,1211200
9,1172,dense,1157100
9,1172,structured_50,1098800
9,1173,structured_50,1111500
9,1173,dense,1258100
9,1174,dense,1201100
9,1174,structured_50,1044400
9,1175,structured_50,1033600
9,1175,dense,1327400
9,1176,dense,1432300
9,1176,structured_50,1182800
9,1177,structured_50,1158800
9,1177,dense,1479800
9,1178,dense,1515800
9,1178,structured_50,1312900
9,1179,structured_50,1090400
9,1179,dense,1324100
9,1180,dense,1273300
9,1180,structured_50,1147700
9,1181,structured_50,1152600
9,1181,dense,1375200
9,1182,dense,1349400
9,1182,structured_50,1149800
9,1183,structured_50,1058700
9,1183,dense,1283800
9,1184,dense,1297600
9,1184,structured_50,1082400
9,1185,structured_50,1061200
9,1185,dense,1284900
9,1186,dense,1373400
9,1186,structured_50,1073500
9,1187,structured_50,1106600
9,1187,dense,1270800
9,1188,dense,1269700
9,1188,structured_50,1057900
9,1189,structured_50,972100
9,1189,dense,1208400
9,1190,dense,1262300
9,1190,structured_50,1024200
9,1191,structured_50,1082600
9,1191,dense,1359800
9,1192,dense,1589900
9,1192,structured_50,1339700
9,1193,structured_50,1166200
9,1193,dense,1355700
9,1194,dense,1306600
9,1194,structured_50,1083500
9,1195,structured_50,1137500
9,1195,dense,1320500
9,1196,dense,1397800
9,1196,structured_50,1342500
9,1197,structured_50,1269000
9,1197,dense,1502100
9,1198,dense,1363200
9,1198,structured_50,1168100
9,1199,structured_50,1185200
9,1199,dense,1355300
9,1200,dense,1635700
9,1200,structured_50,1448200
9,1201,structured_50,1223900
9,1201,dense,1366600
9,1202,dense,1385300
9,1202,structured_50,1161900
9,1203,structured_50,1090000
9,1203,dense,1371200
9,1204,dense,1426600
9,1204,structured_50,1267000
9,1205,structured_50,1306200
9,1205,dense,1608000
9,1206,dense,1494300
9,1206,structured_50,1132700
9,1207,structured_50,1140500
9,1207,dense,1370100
9,1208,dense,1421600
9,1208,structured_50,1233600
9,1209,structured_50,1339800
9,1209,dense,1479600
9,1210,dense,1509600
9,1210,structured_50,1185900
9,1211,structured_50,1167100
9,1211,dense,1347500
9,1212,dense,1351200
9,1212,structured_50,1193200
9,1213,structured_50,1233200
9,1213,dense,1510000
9,1214,dense,1499200
9,1214,structured_50,1219100
9,1215,structured_50,1108700
9,1215,dense,1371300
9,1216,dense,1371000
9,1216,structured_50,1248300
9,1217,structured_50,1441100
9,1217,dense,1572100
9,1218,dense,1397100
9,1218,structured_50,1181000
9,1219,structured_50,1123100
9,1219,dense,1333900
9,1220,dense,1465100
9,1220,structured_50,1187100
9,1221,structured_50,1156900
9,1221,dense,1552600
9,1222,dense,1639000
9,1222,structured_50,1203200
9,1223,structured_50,1031300
9,1223,dense,1233900
9,1224,dense,1241900
9,1224,structured_50,1138300
9,1225,structured_50,1229400
9,1225,dense,1458400
9,1226,dense,1790800
9,1226,structured_50,1689100
9,1227,structured_50,552400
9,1227,dense,726400
9,1228,dense,1421700
9,1228,structured_50,1444600
9,1229,structured_50,1309200
9,1229,dense,2026700
9,1230,dense,2576200
9,1230,structured_50,2016000
9,1231,structured_50,1759000
9,1231,dense,1293100
9,1232,dense,1396500
9,1232,structured_50,1790500
9,1233,structured_50,1878200
9,1233,dense,1643300
9,1234,dense,1275000
9,1234,structured_50,1081700
9,1235,structured_50,1167900
9,1235,dense,1543000
9,1236,dense,1548500
9,1236,structured_50,1654400
9,1237,structured_50,1250300
9,1237,dense,1302500
9,1238,dense,1320400
9,1238,structured_50,1064700
9,1239,structured_50,1055000
9,1239,dense,1314200
9,1240,dense,1447200
9,1240,structured_50,1344600
9,1241,structured_50,1467900
9,1241,dense,1433000
9,1242,dense,1251700
9,1242,structured_50,1004000
9,1243,structured_50,1012300
9,1243,dense,1280600
9,1244,dense,1337500
9,1244,structured_50,1408300
9,1245,structured_50,1512400
9,1245,dense,1498400
9,1246,dense,1312800
9,1246,structured_50,1073500
9,1247,structured_50,986800
9,1247,dense,1188700
9,1248,dense,1223200
9,1248,structured_50,1034900
9,1249,structured_50,1098500
9,1249,dense,1290000
9,1250,dense,1233400
9,1250,structured_50,992600
9,1251,structured_50,1043400
9,1251,dense,1215600
9,1252,dense,1173600
9,1252,structured_50,1037700
9,1253,structured_50,1024200
9,1253,dense,1278700
9,1254,dense,1351500
9,1254,structured_50,1129900
9,1255,structured_50,985700
9,1255,dense,1271300
9,1256,dense,1146500
9,1256,structured_50,968600
9,1257,structured_50,950600
9,1257,dense,1135300
9,1258,dense,1483200
9,1258,structured_50,868000
9,1259,structured_50,540800
9,1259,dense,893500
9,1260,dense,1295800
9,1260,structured_50,1794100
9,1261,structured_50,1292000
9,1261,dense,1225200
9,1262,dense,1182500
9,1262,structured_50,1007100
9,1263,structured_50,1221400
9,1263,dense,1955000
9,1264,dense,1659400
9,1264,structured_50,1294900
9,1265,structured_50,1159800
9,1265,dense,1178700
9,1266,dense,1186700
9,1266,structured_50,981000
9,1267,structured_50,1085900
9,1267,dense,1375900
9,1268,dense,1601900
9,1268,structured_50,1539500
9,1269,structured_50,1670500
9,1269,dense,1386300
9,1270,dense,1205100
9,1270,structured_50,1001600
9,1271,structured_50,1119100
9,1271,dense,1393500
9,1272,dense,1347500
9,1272,structured_50,1270100
9,1273,structured_50,1224700
9,1273,dense,1231000
9,1274,dense,1062100
9,1274,structured_50,1112000
9,1275,structured_50,1092000
9,1275,dense,1409200
9,1276,dense,1590800
9,1276,structured_50,1412400
9,1277,structured_50,1274200
9,1277,dense,1392500
9,1278,dense,1281500
9,1278,structured_50,1058500
9,1279,structured_50,1000500
9,1279,dense,1333000
9,1280,dense,1266900
9,1280,structured_50,1112000
9,1281,structured_50,1174900
9,1281,dense,1349100
9,1282,dense,1443800
9,1282,structured_50,1124600
9,1283,structured_50,1048000
9,1283,dense,1183100
9,1284,dense,1115900
9,1284,structured_50,1007200
9,1285,structured_50,1239200
9,1285,dense,1498100
9,1286,dense,1690600
9,1286,structured_50,1359200
9,1287,structured_50,1107200
9,1287,dense,1376300
9,1288,dense,1229800
9,1288,structured_50,1026800
9,1289,structured_50,1078700
9,1289,dense,1282600
9,1290,dense,1634200
9,1290,structured_50,1325400
9,1291,structured_50,1120500
9,1291,dense,1555600
9,1292,dense,1198400
9,1292,structured_50,1042700
9,1293,structured_50,1137300
9,1293,dense,1572900
9,1294,dense,1423400
9,1294,structured_50,1203000
9,1295,structured_50,1187100
9,1295,dense,1286500
9,1296,dense,1242500
9,1296,structured_50,1092200
9,1297,structured_50,1153900
9,1297,dense,1411900
9,1298,dense,1346100
9,1298,structured_50,1225600
9,1299,structured_50,1077500
9,1299,dense,1442800
9,1300,dense,1316200
9,1300,structured_50,1150200
9,1301,structured_50,1040200
9,1301,dense,1309600
9,1302,dense,1274500
9,1302,structured_50,1083700
9,1303,structured_50,1077600
9,1303,dense,1466200
9,1304,dense,1527500
9,1304,structured_50,1128900
9,1305,structured_50,1018700
9,1305,dense,1211400
9,1306,dense,1187900
9,1306,structured_50,1033300
9,1307,structured_50,1209600
9,1307,dense,1274100
9,1308,dense,1513600
9,1308,structured_50,1107300
9,1309,structured_50,1051800
9,1309,dense,1192700
9,1310,dense,1299000
9,1310,structured_50,1061100
9,1311,structured_50,1142600
9,1311,dense,1507700
9,1312,dense,1687500
9,1312,structured_50,1564000
9,1313,structured_50,1198600
9,1313,dense,1265200
9,1314,dense,1500400
9,1314,structured_50,1130100
9,1315,structured_50,1125600
9,1315,dense,1297000
9,1316,dense,1343300
9,1316,structured_50,1252200
9,1317,structured_50,1348400
9,1317,dense,1439800
9,1318,dense,1279200
9,1318,structured_50,1090400
9,1319,structured_50,1066900
9,1319,dense,1305000
9,1320,dense,1274300
9,1320,structured_50,1072600
9,1321,structured_50,1088600
9,1321,dense,1292500
9,1322,dense,1289400
9,1322,structured_50,1001300
9,1323,structured_50,933300
9,1323,dense,1134900
9,1324,dense,1122700
9,1324,structured_50,1091400
9,1325,structured_50,1177800
9,1325,dense,1231100
9,1326,dense,1338400
9,1326,structured_50,1145400
9,1327,structured_50,1032400
9,1327,dense,1217700
9,1328,dense,1159300
9,1328,structured_50,1005200
9,1329,structured_50,972800
9,1329,dense,1237900
9,1330,dense,1168900
9,1330,structured_50,1050900
9,1331,structured_50,976300
9,1331,dense,1179000
9,1332,dense,1245600
9,1332,structured_50,1026000
9,1333,structured_50,990400
9,1333,dense,1165600
9,1334,dense,1166000
9,1334,structured_50,1117900
9,1335,structured_50,1083500
9,1335,dense,1386400
9,1336,dense,1270100
9,1336,structured_50,1063300
9,1337,structured_50,470000
9,1337,dense,866400
9,1338,dense,1184400
9,1338,structured_50,996600
9,1339,structured_50,997400
9,1339,dense,1472400
9,1340,dense,1280000
9,1340,structured_50,1031300
9,1341,structured_50,938800
9,1341,dense,1180000
9,1342,dense,1388100
9,1342,structured_50,993900
9,1343,structured_50,1234100
9,1343,dense,1194200
9,1344,dense,1150500
9,1344,structured_50,1305500
9,1345,structured_50,1076600
9,1345,dense,1211300
9,1346,dense,1272800
9,1346,structured_50,1010800
9,1347,structured_50,979600
9,1347,dense,1200200
9,1348,dense,1154500
9,1348,structured_50,982500
9,1349,structured_50,982800
9,1349,dense,1412400
9,1350,dense,1205500
9,1350,structured_50,993600
9,1351,structured_50,1031500
9,1351,dense,1028900
9,1352,dense,1516200
9,1352,structured_50,1027600
9,1353,structured_50,963300
9,1353,dense,1276700
9,1354,dense,1525400
9,1354,structured_50,1221500
9,1355,structured_50,1377500
9,1355,dense,1423800
9,1356,dense,1173500
9,1356,structured_50,967800
9,1357,structured_50,939400
9,1357,dense,1130500
9,1358,dense,1092400
9,1358,structured_50,1024200
9,1359,structured_50,1156800
9,1359,dense,1413600
9,1360,dense,1422900
9,1360,structured_50,1108500
9,1361,structured_50,1013500
9,1361,dense,1184700
9,1362,dense,1286700
9,1362,structured_50,1039300
9,1363,structured_50,1042400
9,1363,dense,2294700
9,1364,dense,2307000
9,1364,structured_50,1350900
9,1365,structured_50,1046100
9,1365,dense,1362900
9,1366,dense,1259700
9,1366,structured_50,1070400
9,1367,structured_50,1004500
9,1367,dense,1536000
9,1368,dense,1346900
9,1368,structured_50,1342900
9,1369,structured_50,1057800
9,1369,dense,1372200
9,1370,dense,1295200
9,1370,structured_50,1025100
9,1371,structured_50,1001900
9,1371,dense,1721800
9,1372,dense,1749700
9,1372,structured_50,1292800
9,1373,structured_50,1144700
9,1373,dense,1223100
9,1374,dense,1802200
9,1374,structured_50,1149600
9,1375,structured_50,976500
9,1375,dense,1586700
9,1376,dense,1391100
9,1376,structured_50,1220100
9,1377,structured_50,1206900
9,1377,dense,1276900
9,1378,dense,1266400
9,1378,structured_50,1008400
9,1379,structured_50,1018400
9,1379,dense,1251600
9,1380,dense,1310900
9,1380,structured_50,1110100
9,1381,structured_50,1526200
9,1381,dense,1581800
9,1382,dense,1323100
9,1382,structured_50,1098200
9,1383,structured_50,992600
9,1383,dense,1224000
9,1384,dense,1189900
9,1384,structured_50,1083800
9,1385,structured_50,1112600
9,1385,dense,1597400
9,1386,dense,1447400
9,1386,structured_50,1046100
9,1387,structured_50,1018600
9,1387,dense,1209900
9,1388,dense,1148600
9,1388,structured_50,972300
9,1389,structured_50,1027900
9,1389,dense,1245600
9,1390,dense,1374500
9,1390,structured_50,1325900
9,1391,structured_50,1045800
9,1391,dense,1221400
9,1392,dense,1242500
9,1392,structured_50,1040100
9,1393,structured_50,1056800
9,1393,dense,1296000
9,1394,dense,1314900
9,1394,structured_50,1207600
9,1395,structured_50,1294600
9,1395,dense,1401600
9,1396,dense,1281500
9,1396,structured_50,1064000
9,1397,structured_50,1053700
9,1397,dense,1178800
9,1398,dense,1226400
9,1398,structured_50,1038100
9,1399,structured_50,1017800
9,1399,dense,1339300
9,1400,dense,1314300
9,1400,structured_50,1005600
9,1401,structured_50,927000
9,1401,dense,1144700
9,1402,dense,1166300
9,1402,structured_50,978900
9,1403,structured_50,1026600
9,1403,dense,1251900
9,1404,dense,1409200
9,1404,structured_50,1282600
9,1405,structured_50,1171300
9,1405,dense,1283700
9,1406,dense,1203500
9,1406,structured_50,1024300
9,1407,structured_50,1000800
9,1407,dense,1240800
9,1408,dense,1271500
9,1408,structured_50,1099900
9,1409,structured_50,1204200
9,1409,dense,1398600
9,1410,dense,1294500
9,1410,structured_50,1013100
9,1411,structured_50,975600
9,1411,dense,1209600
9,1412,dense,1151300
9,1412,structured_50,1077100
9,1413,structured_50,1018700
9,1413,dense,1275700
9,1414,dense,1204300
9,1414,structured_50,1013300
9,1415,structured_50,990500
9,1415,dense,1259100
9,1416,dense,1233500
9,1416,structured_50,996500
9,1417,structured_50,1002300
9,1417,dense,1494500
9,1418,dense,1263000
9,1418,structured_50,1201200
9,1419,structured_50,1174000
9,1419,dense,1706100
9,1420,dense,1272800
9,1420,structured_50,1020400
9,1421,structured_50,1014000
9,1421,dense,1193300
9,1422,dense,1440600
9,1422,structured_50,986000
9,1423,structured_50,941500
9,1423,dense,1149400
9,1424,dense,1165900
9,1424,structured_50,1005500
9,1425,structured_50,950300
9,1425,dense,1166000
9,1426,dense,1108600
9,1426,structured_50,985200
9,1427,structured_50,1103700
9,1427,dense,1818900
9,1428,dense,768600
9,1428,structured_50,998600
9,1429,structured_50,618200
9,1429,dense,561200
9,1430,dense,521500
9,1430,structured_50,469800
9,1431,structured_50,417400
9,1431,dense,533100
9,1432,dense,527000
9,1432,structured_50,447700
9,1433,structured_50,402700
9,1433,dense,499100
9,1434,dense,502200
9,1434,structured_50,761300
9,1435,structured_50,1268700
9,1435,dense,1150400
9,1436,dense,1198900
9,1436,structured_50,980600
9,1437,structured_50,1001500
9,1437,dense,1182700
9,1438,dense,1130900
9,1438,structured_50,982500
9,1439,structured_50,939300
9,1439,dense,1139900
9,1440,dense,1335900
9,1440,structured_50,1044600
9,1441,structured_50,1091500
9,1441,dense,1393100
9,1442,dense,1443000
9,1442,structured_50,1079000
9,1443,structured_50,1118200
9,1443,dense,1099800
9,1444,dense,1103600
9,1444,structured_50,1427500
9,1445,structured_50,1085600
9,1445,dense,1443700
9,1446,dense,1540800
9,1446,structured_50,1252600
9,1447,structured_50,964600
9,1447,dense,1370600
9,1448,dense,1167400
9,1448,structured_50,984700
9,1449,structured_50,1001100
9,1449,dense,2334000
9,1450,dense,1385800
9,1450,structured_50,1105000
9,1451,structured_50,1076800
9,1451,dense,1565500
9,1452,dense,1221400
9,1452,structured_50,1014400
9,1453,structured_50,963300
9,1453,dense,1538300
9,1454,dense,1237700
9,1454,structured_50,1217100
9,1455,structured_50,1078000
9,1455,dense,1267500
9,1456,dense,1188600
9,1456,structured_50,1010500
9,1457,structured_50,930500
9,1457,dense,1218600
9,1458,dense,1452800
9,1458,structured_50,1040600
9,1459,structured_50,1157700
9,1459,dense,1463700
9,1460,dense,1450400
9,1460,structured_50,1010400
9,1461,structured_50,982900
9,1461,dense,1295200
9,1462,dense,1114200
9,1462,structured_50,950300
9,1463,structured_50,1089900
9,1463,dense,1260100
9,1464,dense,1304100
9,1464,structured_50,969200
9,1465,structured_50,944400
9,1465,dense,1091800
9,1466,dense,1111200
9,1466,structured_50,968100
9,1467,structured_50,931100
9,1467,dense,1105600
9,1468,dense,1301800
9,1468,structured_50,1005200
9,1469,structured_50,1303900
9,1469,dense,1405100
9,1470,dense,1684800
9,1470,structured_50,988100
9,1471,structured_50,955300
9,1471,dense,1168100
9,1472,dense,1141700
9,1472,structured_50,1009200
9,1473,structured_50,1107800
9,1473,dense,1379000
9,1474,dense,1310000
9,1474,structured_50,1069100
9,1475,structured_50,999700
9,1475,dense,1180500
9,1476,dense,1154100
9,1476,structured_50,969600
9,1477,structured_50,978200
9,1477,dense,1169400
9,1478,dense,1219600
9,1478,structured_50,1154100
9,1479,structured_50,986300
9,1479,dense,1171800
9,1480,dense,1103200
9,1480,structured_50,972800
9,1481,structured_50,920500
9,1481,dense,1121700
9,1482,dense,1103500
9,1482,structured_50,1071900
9,1483,structured_50,1166600
9,1483,dense,1522200
9,1484,dense,1443000
9,1484,structured_50,1141100
9,1485,structured_50,1015900
9,1485,dense,1195900
9,1486,dense,1161000
9,1486,structured_50,1004900
9,1487,structured_50,1383300
9,1487,dense,1298400
9,1488,dense,1357700
9,1488,structured_50,1078500
9,1489,structured_50,1034600
9,1489,dense,1171300
9,1490,dense,856000
9,1490,structured_50,436100
9,1491,structured_50,384500
9,1491,dense,817600
9,1492,dense,1182800
9,1492,structured_50,1169500
9,1493,structured_50,1104800
9,1493,dense,1381500
9,1494,dense,1349800
9,1494,structured_50,1062000
9,1495,structured_50,966500
9,1495,dense,1181200
9,1496,dense,1122700
9,1496,structured_50,918400
9,1497,structured_50,926400
9,1497,dense,1351500
9,1498,dense,1149400
9,1498,structured_50,1085800
9,1499,structured_50,967700
9,1499,dense,1219200
9,1500,dense,1135900
9,1500,structured_50,929000
9,1501,structured_50,871700
9,1501,dense,1117600
9,1502,dense,1110700
9,1502,structured_50,952900
9,1503,structured_50,1272200
9,1503,dense,1193000
9,1504,dense,1229400
9,1504,structured_50,1008800
9,1505,structured_50,1005600
9,1505,dense,1176700
9,1506,dense,1106400
9,1506,structured_50,990100
9,1507,structured_50,965100
9,1507,dense,1262300
9,1508,dense,1275900
9,1508,structured_50,993300
9,1509,structured_50,1066600
9,1509,dense,654900
9,1510,dense,497500
9,1510,structured_50,715100
9,1511,structured_50,969700
9,1511,dense,1161400
9,1512,dense,1106000
9,1512,structured_50,971200
9,1513,structured_50,1116100
9,1513,dense,1364400
9,1514,dense,1214000
9,1514,structured_50,1008600
9,1515,structured_50,1048900
9,1515,dense,1079100
9,1516,dense,1129100
9,1516,structured_50,932600
9,1517,structured_50,952100
9,1517,dense,1132900
9,1518,dense,1167200
9,1518,structured_50,1119900
9,1519,structured_50,941700
9,1519,dense,1146800
9,1520,dense,1121000
9,1520,structured_50,997200
9,1521,structured_50,954600
9,1521,dense,1177600
9,1522,dense,1138600
9,1522,structured_50,978200
9,1523,structured_50,955800
9,1523,dense,1298500
9,1524,dense,1177000
9,1524,structured_50,956900
9,1525,structured_50,990000
9,1525,dense,1123000
9,1526,dense,1177500
9,1526,structured_50,1024200
9,1527,structured_50,995700
9,1527,dense,1321900
9,1528,dense,1270800
9,1528,structured_50,1114800
9,1529,structured_50,1155000
9,1529,dense,1647900
9,1530,dense,1577500
9,1530,structured_50,1116400
9,1531,structured_50,1046400
9,1531,dense,1217600
9,1532,dense,1150400
9,1532,structured_50,988100
9,1533,structured_50,991400
9,1533,dense,1207500
9,1534,dense,1285700
9,1534,structured_50,1105000
9,1535,structured_50,1095100
9,1535,dense,1183400
9,1536,dense,1160600
9,1536,structured_50,967300
9,1537,structured_50,1078000
9,1537,dense,1139400
9,1538,dense,1234500
9,1538,structured_50,1041300
9,1539,structured_50,1068600
9,1539,dense,1347500
9,1540,dense,1261500
9,1540,structured_50,1016500
9,1541,structured_50,947900
9,1541,dense,1154200
9,1542,dense,1144400
9,1542,structured_50,972900
9,1543,structured_50,1003400
9,1543,dense,1146100
9,1544,dense,1189000
9,1544,structured_50,1061800
9,1545,structured_50,987300
9,1545,dense,1168100
9,1546,dense,1172100
9,1546,structured_50,973500
9,1547,structured_50,976500
9,1547,dense,1131800
9,1548,dense,1205700
9,1548,structured_50,1043900
9,1549,structured_50,1058600
9,1549,dense,1388800
9,1550,dense,1292800
9,1550,structured_50,1076500
9,1551,structured_50,984800
9,1551,dense,1196200
9,1552,dense,1163000
9,1552,structured_50,983400
9,1553,structured_50,1004100
9,1553,dense,1313500
9,1554,dense,1365600
9,1554,structured_50,989300
9,1555,structured_50,957600
9,1555,dense,1183200
9,1556,dense,1173800
9,1556,structured_50,978500
9,1557,structured_50,958400
9,1557,dense,1173100
9,1558,dense,1197100
9,1558,structured_50,999600
9,1559,structured_50,1018100
9,1559,dense,1350100
9,1560,dense,1229300
9,1560,structured_50,1011600
9,1561,structured_50,969800
9,1561,dense,1153700
9,1562,dense,1149000
9,1562,structured_50,972200
9,1563,structured_50,1014600
9,1563,dense,1313500
9,1564,dense,1414900
9,1564,structured_50,1199100
9,1565,structured_50,969800
9,1565,dense,1165500
9,1566,dense,1102800
9,1566,structured_50,996900
9,1567,structured_50,972900
9,1567,dense,1184600
9,1568,dense,1231400
9,1568,structured_50,1121200
9,1569,structured_50,1149100
9,1569,dense,1264900
9,1570,dense,1174800
9,1570,structured_50,982700
9,1571,structured_50,973900
9,1571,dense,1147500
9,1572,dense,1161500
9,1572,structured_50,966500
9,1573,structured_50,977000
9,1573,dense,1156200
9,1574,dense,1239400
9,1574,structured_50,1055900
9,1575,structured_50,918800
9,1575,dense,1115300
9,1576,dense,1076900
9,1576,structured_50,910100
9,1577,structured_50,883700
9,1577,dense,1092500
9,1578,dense,1584400
9,1578,structured_50,1077900
9,1579,structured_50,1128600
9,1579,dense,1451800
9,1580,dense,1349100
9,1580,structured_50,1029700
9,1581,structured_50,1014600
9,1581,dense,1174500
9,1582,dense,1248700
9,1582,structured_50,1499800
9,1583,structured_50,951100
9,1583,dense,1970000
9,1584,dense,1435000
9,1584,structured_50,1090700
9,1585,structured_50,1058300
9,1585,dense,1245500
9,1586,dense,1198200
9,1586,structured_50,1247900
9,1587,structured_50,1229500
9,1587,dense,1289800
9,1588,dense,1275800
9,1588,structured_50,1022400
9,1589,structured_50,936200
9,1589,dense,1150200
9,1590,dense,1207300
9,1590,structured_50,935600
9,1591,structured_50,890100
9,1591,dense,1393400
9,1592,dense,1305300
9,1592,structured_50,1172800
9,1593,structured_50,1254700
9,1593,dense,1391400
9,1594,dense,1232400
9,1594,structured_50,974300
9,1595,structured_50,976400
9,1595,dense,1227900
9,1596,dense,1492600
9,1596,structured_50,1251800
9,1597,structured_50,1049600
9,1597,dense,1337400
9,1598,dense,1235900
9,1598,structured_50,1059700
9,1599,structured_50,1001400
9,1599,dense,1236900
9,1600,dense,1225800
9,1600,structured_50,1009400
9,1601,structured_50,1291700
9,1601,dense,1117700
9,1602,dense,1130000
9,1602,structured_50,939400
9,1603,structured_50,934900
9,1603,dense,1148400
9,1604,dense,1105900
9,1604,structured_50,931300
9,1605,structured_50,918000
9,1605,dense,1086300
9,1606,dense,1293400
9,1606,structured_50,1558900
9,1607,structured_50,987000
9,1607,dense,1214100
9,1608,dense,1164000
9,1608,structured_50,988800
9,1609,structured_50,946200
9,1609,dense,1144200
9,1610,dense,1109400
9,1610,structured_50,976300
9,1611,structured_50,1022000
9,1611,dense,1238900
9,1612,dense,1178100
9,1612,structured_50,982900
9,1613,structured_50,992800
9,1613,dense,1187700
9,1614,dense,1172600
9,1614,structured_50,982100
9,1615,structured_50,985300
9,1615,dense,1139900
9,1616,dense,1786500
9,1616,structured_50,515400
9,1617,structured_50,1188800
9,1617,dense,1564000
9,1618,dense,1326600
9,1618,structured_50,969800
9,1619,structured_50,1040800
9,1619,dense,1146800
9,1620,dense,1127000
9,1620,structured_50,1221400
9,1621,structured_50,1094100
9,1621,dense,1358400
9,1622,dense,1226500
9,1622,structured_50,980400
9,1623,structured_50,942300
9,1623,dense,1337200
9,1624,dense,1090100
9,1624,structured_50,903700
9,1625,structured_50,879700
9,1625,dense,1119900
9,1626,dense,1095000
9,1626,structured_50,922800
9,1627,structured_50,891000
9,1627,dense,1097000
9,1628,dense,1075900
9,1628,structured_50,1121300
9,1629,structured_50,1132500
9,1629,dense,1164600
9,1630,dense,1140600
9,1630,structured_50,1183900
9,1631,structured_50,1097400
9,1631,dense,1132200
9,1632,dense,1110600
9,1632,structured_50,983400
9,1633,structured_50,980000
9,1633,dense,1258700
9,1634,dense,1097000
9,1634,structured_50,972200
9,1635,structured_50,923600
9,1635,dense,1136500
9,1636,dense,1170600
9,1636,structured_50,957200
9,1637,structured_50,938600
9,1637,dense,1289100
9,1638,dense,1405500
9,1638,structured_50,1241700
9,1639,structured_50,410300
9,1639,dense,497700
9,1640,dense,536900
9,1640,structured_50,949200
9,1641,structured_50,1432800
9,1641,dense,1454000
9,1642,dense,1485900
9,1642,structured_50,1358300
9,1643,structured_50,1311100
9,1643,dense,1447400
9,1644,dense,1414800
9,1644,structured_50,1157600
9,1645,structured_50,1453500
9,1645,dense,1658600
9,1646,dense,1232300
9,1646,structured_50,1080400
9,1647,structured_50,1180400
9,1647,dense,1268500
9,1648,dense,585000
9,1648,structured_50,422200
9,1649,structured_50,403200
9,1649,dense,508100
9,1650,dense,1089300
9,1650,structured_50,1128400
9,1651,structured_50,1331000
9,1651,dense,1426700
9,1652,dense,1578300
9,1652,structured_50,1175800
9,1653,structured_50,776800
9,1653,dense,519800
9,1654,dense,496000
9,1654,structured_50,885200
9,1655,structured_50,999700
9,1655,dense,1250700
9,1656,dense,1277600
9,1656,structured_50,1223200
9,1657,structured_50,1190300
9,1657,dense,1678800
9,1658,dense,1565400
9,1658,structured_50,1290300
9,1659,structured_50,1173000
9,1659,dense,1304200
9,1660,dense,1233800
9,1660,structured_50,1025200
9,1661,structured_50,1053900
9,1661,dense,1262100
9,1662,dense,1299600
9,1662,structured_50,1091500
9,1663,structured_50,1048300
9,1663,dense,1287300
9,1664,dense,1197500
9,1664,structured_50,1026200
9,1665,structured_50,961700
9,1665,dense,1212000
9,1666,dense,1214700
9,1666,structured_50,1048100
9,1667,structured_50,1021200
9,1667,dense,1248300
9,1668,dense,1227200
9,1668,structured_50,1011000
9,1669,structured_50,1013100
9,1669,dense,1178200
9,1670,dense,1273800
9,1670,structured_50,1063800
9,1671,structured_50,1093500
9,1671,dense,612100
9,1672,dense,1158600
9,1672,structured_50,1151700
9,1673,structured_50,953600
9,1673,dense,1206100
9,1674,dense,1106100
9,1674,structured_50,944100
9,1675,structured_50,885400
9,1675,dense,1150900
9,1676,dense,1210400
9,1676,structured_50,1049100
9,1677,structured_50,1029100
9,1677,dense,1249400
9,1678,dense,1176400
9,1678,structured_50,978400
9,1679,structured_50,966900
9,1679,dense,1152000
9,1680,dense,1189700
9,1680,structured_50,1004200
9,1681,structured_50,1035300
9,1681,dense,1229400
9,1682,dense,1320100
9,1682,structured_50,1117400
9,1683,structured_50,1052200
9,1683,dense,1354200
9,1684,dense,1170400
9,1684,structured_50,1017700
9,1685,structured_50,966400
9,1685,dense,1221600
9,1686,dense,1502500
9,1686,structured_50,1099300
9,1687,structured_50,963800
9,1687,dense,1187900
9,1688,dense,1122600
9,1688,structured_50,956200
9,1689,structured_50,921300
9,1689,dense,1120000
9,1690,dense,1080100
9,1690,structured_50,995500
9,1691,structured_50,1164000
9,1691,dense,1345000
9,1692,dense,1151700
9,1692,structured_50,1000700
9,1693,structured_50,966500
9,1693,dense,1143300
9,1694,dense,1132500
9,1694,structured_50,920600
9,1695,structured_50,924700
9,1695,dense,1120900
9,1696,dense,1168300
9,1696,structured_50,975100
9,1697,structured_50,1096200
9,1697,dense,1379500
9,1698,dense,1250100
9,1698,structured_50,1037000
9,1699,structured_50,955900
9,1699,dense,1177000
9,1700,dense,1120600
9,1700,structured_50,1136000
9,1701,structured_50,1046500
9,1701,dense,1057200
9,1702,dense,1445000
9,1702,structured_50,1095100
9,1703,structured_50,1011300
9,1703,dense,1268200
9,1704,dense,1155900
9,1704,structured_50,1018400
9,1705,structured_50,974800
9,1705,dense,1197200
9,1706,dense,1355000
9,1706,structured_50,1287200
9,1707,structured_50,1251300
9,1707,dense,1294400
9,1708,dense,1214600
9,1708,structured_50,1029100
9,1709,structured_50,983500
9,1709,dense,1213000
9,1710,dense,1182400
9,1710,structured_50,1065500
9,1711,structured_50,1125100
9,1711,dense,1373900
9,1712,dense,1294300
9,1712,structured_50,1034400
9,1713,structured_50,1052800
9,1713,dense,1230800
9,1714,dense,1182100
9,1714,structured_50,1016400
9,1715,structured_50,976400
9,1715,dense,1206300
9,1716,dense,1139500
9,1716,structured_50,1032700
9,1717,structured_50,982700
9,1717,dense,1194900
9,1718,dense,1220200
9,1718,structured_50,989700
9,1719,structured_50,1029600
9,1719,dense,1184000
9,1720,dense,1187500
9,1720,structured_50,940100
9,1721,structured_50,966500
9,1721,dense,1168700
9,1722,dense,1187600
9,1722,structured_50,970100
9,1723,structured_50,1003900
9,1723,dense,1295200
9,1724,dense,1234100
9,1724,structured_50,1025900
9,1725,structured_50,967700
9,1725,dense,1181000
9,1726,dense,1182100
9,1726,structured_50,1005400
9,1727,structured_50,945700
9,1727,dense,1170400
9,1728,dense,1151300
9,1728,structured_50,1008700
9,1729,structured_50,942100
9,1729,dense,1191700
9,1730,dense,1169300
9,1730,structured_50,986600
9,1731,structured_50,985100
9,1731,dense,1306200
9,1732,dense,1336600
9,1732,structured_50,1057900
9,1733,structured_50,989700
9,1733,dense,1158900
9,1734,dense,1162700
9,1734,structured_50,1006800
9,1735,structured_50,949000
9,1735,dense,1223500
9,1736,dense,1155800
9,1736,structured_50,1019800
9,1737,structured_50,946800
9,1737,dense,1267400
9,1738,dense,1114500
9,1738,structured_50,975500
9,1739,structured_50,954000
9,1739,dense,1165900
9,1740,dense,1117600
9,1740,structured_50,976800
9,1741,structured_50,886100
9,1741,dense,1135100
9,1742,dense,1103300
9,1742,structured_50,949700
9,1743,structured_50,931100
9,1743,dense,1178900
9,1744,dense,1135100
9,1744,structured_50,949600
9,1745,structured_50,961300
9,1745,dense,1142100
9,1746,dense,1319900
9,1746,structured_50,503200
9,1747,structured_50,404200
9,1747,dense,478800
9,1748,dense,1008100
9,1748,structured_50,872900
9,1749,structured_50,951900
9,1749,dense,1048900
9,1750,dense,1112700
9,1750,structured_50,917800
9,1751,structured_50,978800
9,1751,dense,1153000
9,1752,dense,1454400
9,1752,structured_50,913000
9,1753,structured_50,877100
9,1753,dense,1111500
9,1754,dense,1115900
9,1754,structured_50,969900
9,1755,structured_50,887700
9,1755,dense,1106100
9,1756,dense,1089400
9,1756,structured_50,951400
9,1757,structured_50,983700
9,1757,dense,1152700
9,1758,dense,1036700
9,1758,structured_50,921500
9,1759,structured_50,888000
9,1759,dense,1096100
9,1760,dense,1067400
9,1760,structured_50,935400
9,1761,structured_50,906300
9,1761,dense,1072600
9,1762,dense,1110800
9,1762,structured_50,895000
9,1763,structured_50,954200
9,1763,dense,1112700
9,1764,dense,1233000
9,1764,structured_50,1086100
9,1765,structured_50,1225000
9,1765,dense,1205200
9,1766,dense,1157300
9,1766,structured_50,861200
9,1767,structured_50,953700
9,1767,dense,1371100
9,1768,dense,2311600
9,1768,structured_50,1034400
9,1769,structured_50,972400
9,1769,dense,1483100
9,1770,dense,1286600
9,1770,structured_50,1035700
9,1771,structured_50,1011300
9,1771,dense,1203800
9,1772,dense,1181200
9,1772,structured_50,1029600
9,1773,structured_50,955200
9,1773,dense,1188800
9,1774,dense,1172700
9,1774,structured_50,965700
9,1775,structured_50,963000
9,1775,dense,1138600
9,1776,dense,1135600
9,1776,structured_50,951900
9,1777,structured_50,972200
9,1777,dense,1124300
9,1778,dense,1159000
9,1778,structured_50,956100
9,1779,structured_50,952600
9,1779,dense,1214800
9,1780,dense,1137000
9,1780,structured_50,942100
9,1781,structured_50,944900
9,1781,dense,1101300
9,1782,dense,1142800
9,1782,structured_50,1032200
9,1783,structured_50,1071400
9,1783,dense,1270000
9,1784,dense,1198900
9,1784,structured_50,1033700
9,1785,structured_50,948700
9,1785,dense,1172900
9,1786,dense,1137600
9,1786,structured_50,984400
9,1787,structured_50,949700
9,1787,dense,1261200
9,1788,dense,730200
9,1788,structured_50,391800
9,1789,structured_50,365800
9,1789,dense,743700
9,1790,dense,1160300
9,1790,structured_50,960000
9,1791,structured_50,1202300
9,1791,dense,1087400
9,1792,dense,1084900
9,1792,structured_50,947300
9,1793,structured_50,915500
9,1793,dense,1138900
9,1794,dense,1429500
9,1794,structured_50,1081600
9,1795,structured_50,1248000
9,1795,dense,1301600
9,1796,dense,1163500
9,1796,structured_50,978600
9,1797,structured_50,986700
9,1797,dense,1147300
9,1798,dense,1142800
9,1798,structured_50,945500
9,1799,structured_50,1008100
9,1799,dense,1209000
9,1800,dense,1167700
9,1800,structured_50,962000
9,1801,structured_50,1006400
9,1801,dense,1166400
9,1802,dense,1115200
9,1802,structured_50,957000
9,1803,structured_50,932400
9,1803,dense,1137100
9,1804,dense,1111900
9,1804,structured_50,956100
9,1805,structured_50,918000
9,1805,dense,1140400
9,1806,dense,1122500
9,1806,structured_50,969200
9,1807,structured_50,937100
9,1807,dense,1157000
9,1808,dense,1118300
9,1808,structured_50,1149800
9,1809,structured_50,1065700
9,1809,dense,1112100
9,1810,dense,1143500
9,1810,structured_50,937300
9,1811,structured_50,926800
9,1811,dense,1099500
9,1812,dense,1103900
9,1812,structured_50,919400
9,1813,structured_50,924500
9,1813,dense,1116100
9,1814,dense,1356300
9,1814,structured_50,1034300
9,1815,structured_50,944100
9,1815,dense,1174600
9,1816,dense,1172300
9,1816,structured_50,973600
9,1817,structured_50,995600
9,1817,dense,1167800
9,1818,dense,1158100
9,1818,structured_50,985500
9,1819,structured_50,985100
9,1819,dense,1177900
9,1820,dense,1191900
9,1820,structured_50,1003900
9,1821,structured_50,973800
9,1821,dense,1168000
9,1822,dense,1201200
9,1822,structured_50,1038400
9,1823,structured_50,942500
9,1823,dense,1199300
9,1824,dense,1134600
9,1824,structured_50,951600
9,1825,structured_50,955100
9,1825,dense,1269900
9,1826,dense,1387800
9,1826,structured_50,1034600
9,1827,structured_50,986200
9,1827,dense,1143300
9,1828,dense,1155600
9,1828,structured_50,970700
9,1829,structured_50,1124800
9,1829,dense,959400
9,1830,dense,1109300
9,1830,structured_50,956500
9,1831,structured_50,973300
9,1831,dense,1115000
9,1832,dense,1094400
9,1832,structured_50,946000
9,1833,structured_50,908400
9,1833,dense,1104000
9,1834,dense,1084800
9,1834,structured_50,1086700
9,1835,structured_50,914300
9,1835,dense,1056500
9,1836,dense,1160800
9,1836,structured_50,981800
9,1837,structured_50,930200
9,1837,dense,1131300
9,1838,dense,1124700
9,1838,structured_50,900900
9,1839,structured_50,907800
9,1839,dense,1059300
9,1840,dense,1414700
9,1840,structured_50,920700
9,1841,structured_50,903700
9,1841,dense,1114400
9,1842,dense,1123500
9,1842,structured_50,924500
9,1843,structured_50,929800
9,1843,dense,1096100
9,1844,dense,1103300
9,1844,structured_50,896600
9,1845,structured_50,919400
9,1845,dense,1251700
9,1846,dense,1163600
9,1846,structured_50,974600
9,1847,structured_50,962500
9,1847,dense,1242500
9,1848,dense,1068900
9,1848,structured_50,940100
9,1849,structured_50,931500
9,1849,dense,1120000
9,1850,dense,1131400
9,1850,structured_50,976000
9,1851,structured_50,1176500
9,1851,dense,1148300
9,1852,dense,1104600
9,1852,structured_50,934100
9,1853,structured_50,963200
9,1853,dense,1124600
9,1854,dense,1139800
9,1854,structured_50,975700
9,1855,structured_50,963100
9,1855,dense,1121900
9,1856,dense,1340800
9,1856,structured_50,794800
9,1857,structured_50,470700
9,1857,dense,655200
9,1858,dense,1441900
9,1858,structured_50,952000
9,1859,structured_50,415600
9,1859,dense,464300
9,1860,dense,476900
9,1860,structured_50,416200
9,1861,structured_50,436700
9,1861,dense,629000
9,1862,dense,627300
9,1862,structured_50,434000
9,1863,structured_50,414800
9,1863,dense,521500
9,1864,dense,556700
9,1864,structured_50,1158500
9,1865,structured_50,1126200
9,1865,dense,1179900
9,1866,dense,1151000
9,1866,structured_50,950300
9,1867,structured_50,963400
9,1867,dense,1147300
9,1868,dense,1242400
9,1868,structured_50,957600
9,1869,structured_50,1168700
9,1869,dense,1388800
9,1870,dense,1096700
9,1870,structured_50,992100
9,1871,structured_50,984200
9,1871,dense,1194900
9,1872,dense,1182400
9,1872,structured_50,997000
9,1873,structured_50,967200
9,1873,dense,1161400
9,1874,dense,1158800
9,1874,structured_50,995100
9,1875,structured_50,968300
9,1875,dense,1171000
9,1876,dense,1200600
9,1876,structured_50,991300
9,1877,structured_50,981400
9,1877,dense,1152000
9,1878,dense,1175200
9,1878,structured_50,979400
9,1879,structured_50,979000
9,1879,dense,1283500
9,1880,dense,1111500
9,1880,structured_50,946300
9,1881,structured_50,964300
9,1881,dense,1417200
9,1882,dense,1223100
9,1882,structured_50,926000
9,1883,structured_50,974000
9,1883,dense,1290500
9,1884,dense,1211300
9,1884,structured_50,958300
9,1885,structured_50,1092900
9,1885,dense,1398000
9,1886,dense,1236000
9,1886,structured_50,1080600
9,1887,structured_50,956000
9,1887,dense,1162200
9,1888,dense,1126000
9,1888,structured_50,924400
9,1889,structured_50,916200
9,1889,dense,1400100
9,1890,dense,1309400
9,1890,structured_50,1068400
9,1891,structured_50,1088700
9,1891,dense,1241200
9,1892,dense,1287800
9,1892,structured_50,1126100
9,1893,structured_50,1002600
9,1893,dense,1291900
9,1894,dense,1316000
9,1894,structured_50,942900
9,1895,structured_50,754800
9,1895,dense,1265000
9,1896,dense,1503400
9,1896,structured_50,1411300
9,1897,structured_50,1126200
9,1897,dense,1351100
9,1898,dense,1301300
9,1898,structured_50,1228600
9,1899,structured_50,1258300
9,1899,dense,1250300
9,1900,dense,1326500
9,1900,structured_50,1077000
9,1901,structured_50,1088600
9,1901,dense,1298600
9,1902,dense,1256100
9,1902,structured_50,1092500
9,1903,structured_50,1047300
9,1903,dense,1224100
9,1904,dense,1217300
9,1904,structured_50,1087300
9,1905,structured_50,884900
9,1905,dense,1384600
9,1906,dense,1411500
9,1906,structured_50,1129900
9,1907,structured_50,1151000
9,1907,dense,1493400
9,1908,dense,1415700
9,1908,structured_50,1002300
9,1909,structured_50,919900
9,1909,dense,1188300
9,1910,dense,1146200
9,1910,structured_50,951200
9,1911,structured_50,954700
9,1911,dense,1141100
9,1912,dense,1100000
9,1912,structured_50,919400
9,1913,structured_50,932100
9,1913,dense,1121100
9,1914,dense,1163000
9,1914,structured_50,1036900
9,1915,structured_50,1003000
9,1915,dense,1221800
9,1916,dense,1220600
9,1916,structured_50,974800
9,1917,structured_50,976500
9,1917,dense,1148300
9,1918,dense,1188400
9,1918,structured_50,492900
9,1919,structured_50,395200
9,1919,dense,513800
9,1920,dense,613900
9,1920,structured_50,456600
9,1921,structured_50,448300
9,1921,dense,636800
9,1922,dense,735600
9,1922,structured_50,462800
9,1923,structured_50,479600
9,1923,dense,630400
9,1924,dense,534700
9,1924,structured_50,420600
9,1925,structured_50,405400
9,1925,dense,530800
9,1926,dense,520000
9,1926,structured_50,440100
9,1927,structured_50,411600
9,1927,dense,805600
9,1928,dense,1437600
9,1928,structured_50,1104000
9,1929,structured_50,972900
9,1929,dense,1259400
9,1930,dense,1143300
9,1930,structured_50,1042100
9,1931,structured_50,1005800
9,1931,dense,1207300
9,1932,dense,1197400
9,1932,structured_50,949400
9,1933,structured_50,966500
9,1933,dense,1356800
9,1934,dense,1119200
9,1934,structured_50,987000
9,1935,structured_50,932000
9,1935,dense,1130100
9,1936,dense,1094800
9,1936,structured_50,975700
9,1937,structured_50,1032000
9,1937,dense,1073700
9,1938,dense,1174800
9,1938,structured_50,1236700
9,1939,structured_50,1003100
9,1939,dense,1121800
9,1940,dense,1074700
9,1940,structured_50,955500
9,1941,structured_50,946800
9,1941,dense,1070000
9,1942,dense,1086100
9,1942,structured_50,903500
9,1943,structured_50,905300
9,1943,dense,1692400
9,1944,dense,1329200
9,1944,structured_50,969700
9,1945,structured_50,978400
9,1945,dense,1180600
9,1946,dense,1193700
9,1946,structured_50,1017600
9,1947,structured_50,977000
9,1947,dense,1206300
9,1948,dense,1192500
9,1948,structured_50,1025300
9,1949,structured_50,958100
9,1949,dense,1164200
9,1950,dense,1136800
9,1950,structured_50,1030800
9,1951,structured_50,941100
9,1951,dense,1176700
9,1952,dense,1176400
9,1952,structured_50,1000700
9,1953,structured_50,1094000
9,1953,dense,1206600
9,1954,dense,1257500
9,1954,structured_50,1001100
9,1955,structured_50,1106300
9,1955,dense,1369500
9,1956,dense,1314700
9,1956,structured_50,1064600
9,1957,structured_50,973600
9,1957,dense,1214500
9,1958,dense,1293500
9,1958,structured_50,1126700
9,1959,structured_50,961700
9,1959,dense,1195100
9,1960,dense,1165000
9,1960,structured_50,1122700
9,1961,structured_50,1093100
9,1961,dense,1327500
9,1962,dense,1321000
9,1962,structured_50,1056200
9,1963,structured_50,1027500
9,1963,dense,1173500
9,1964,dense,1171500
9,1964,structured_50,977800
9,1965,structured_50,1013100
9,1965,dense,1147800
9,1966,dense,1162800
9,1966,structured_50,954300
9,1967,structured_50,951600
9,1967,dense,1156700
9,1968,dense,1140600
9,1968,structured_50,958600
9,1969,structured_50,985000
9,1969,dense,1259100
9,1970,dense,1199600
9,1970,structured_50,1044500
9,1971,structured_50,986500
9,1971,dense,1227400
9,1972,dense,1187400
9,1972,structured_50,1022400
9,1973,structured_50,963900
9,1973,dense,1204800
9,1974,dense,1186200
9,1974,structured_50,1056500
9,1975,structured_50,1047000
9,1975,dense,1207300
9,1976,dense,1238000
9,1976,structured_50,1055300
9,1977,structured_50,1016100
9,1977,dense,1221900
9,1978,dense,1232100
9,1978,structured_50,1069900
9,1979,structured_50,1003600
9,1979,dense,1366600
9,1980,dense,1217200
9,1980,structured_50,1027800
9,1981,structured_50,1032100
9,1981,dense,1226800
9,1982,dense,1256200
9,1982,structured_50,1026400
9,1983,structured_50,1200500
9,1983,dense,1171400
9,1984,dense,1193200
9,1984,structured_50,998400
9,1985,structured_50,948800
9,1985,dense,1124000
9,1986,dense,1107500
9,1986,structured_50,689200
9,1987,structured_50,416200
9,1987,dense,1233500
9,1988,dense,1648300
9,1988,structured_50,1590400
9,1989,structured_50,1044700
9,1989,dense,1211400
9,1990,dense,1350700
9,1990,structured_50,1052400
9,1991,structured_50,989900
9,1991,dense,1201600
9,1992,dense,1134600
9,1992,structured_50,995700
9,1993,structured_50,991500
9,1993,dense,1256300
9,1994,dense,1156700
9,1994,structured_50,957100
9,1995,structured_50,969500
9,1995,dense,1178900
9,1996,dense,1197300
9,1996,structured_50,954600
9,1997,structured_50,959000
9,1997,dense,1132500
9,1998,dense,1342400
9,1998,structured_50,999400
9,1999,structured_50,977300
9,1999,dense,1191100
9,2000,dense,1175300
9,2000,structured_50,977400
9,2001,structured_50,974300
9,2001,dense,1168900
9,2002,dense,1194600
9,2002,structured_50,997000
9,2003,structured_50,1142400
9,2003,dense,1129100
9,2004,dense,1073600
9,2004,structured_50,947500
9,2005,structured_50,1036500
9,2005,dense,1124100
9,2006,dense,1201700
9,2006,structured_50,1070100
9,2007,structured_50,987700
9,2007,dense,1368100
9,2008,dense,1266800
9,2008,structured_50,1022200
9,2009,structured_50,971800
9,2009,dense,1213100
9,2010,dense,1179000
9,2010,structured_50,995100
9,2011,structured_50,987800
9,2011,dense,1330400
9,2012,dense,6151800
9,2012,structured_50,1178100
9,2013,structured_50,1220500
9,2013,dense,1297400
9,2014,dense,1288700
9,2014,structured_50,1074500
9,2015,structured_50,1023300
9,2015,dense,1380000
9,2016,dense,1704800
9,2016,structured_50,1212900
9,2017,structured_50,1615800
9,2017,dense,1413600
9,2018,dense,1197900
9,2018,structured_50,1010800
9,2019,structured_50,983000
9,2019,dense,1270700
9,2020,dense,1531400
9,2020,structured_50,1217400
9,2021,structured_50,1126800
9,2021,dense,1266900
9,2022,dense,1329900
9,2022,structured_50,1127000
9,2023,structured_50,1115100
9,2023,dense,1307800
9,2024,dense,1878200
9,2024,structured_50,1191400
9,2025,structured_50,1127400
9,2025,dense,1270100
9,2026,dense,1224500
9,2026,structured_50,977400
9,2027,structured_50,948000
9,2027,dense,1190300
9,2028,dense,1193900
9,2028,structured_50,1004100
9,2029,structured_50,1079400
9,2029,dense,1299600
9,2030,dense,1189900
9,2030,structured_50,1000300
9,2031,structured_50,942900
9,2031,dense,1172200
9,2032,dense,1125300
9,2032,structured_50,937500
9,2033,structured_50,886500
9,2033,dense,1104500
9,2034,dense,1154100
9,2034,structured_50,916800
9,2035,structured_50,914500
9,2035,dense,1073900
9,2036,dense,1083500
9,2036,structured_50,893200
9,2037,structured_50,905200
9,2037,dense,1072900
9,2038,dense,1077800
9,2038,structured_50,897800
9,2039,structured_50,923500
9,2039,dense,1094400
9,2040,dense,1099100
9,2040,structured_50,951200
9,2041,structured_50,942900
9,2041,dense,1108500
9,2042,dense,1117400
9,2042,structured_50,913200
9,2043,structured_50,914900
9,2043,dense,1065900
9,2044,dense,1095400
9,2044,structured_50,923100
9,2045,structured_50,924800
9,2045,dense,1081400
9,2046,dense,1112100
9,2046,structured_50,988800
9,2047,structured_50,952100
9,2047,dense,1100800
9,2048,dense,1101700
9,2048,structured_50,890100
9,2049,structured_50,910300
9,2049,dense,1138100
9,2050,dense,1174500
9,2050,structured_50,976200
9,2051,structured_50,993700
9,2051,dense,1199700
9,2052,dense,1154600
9,2052,structured_50,991400
9,2053,structured_50,983000
9,2053,dense,1172900
9,2054,dense,1159600
9,2054,structured_50,1021200
9,2055,structured_50,990600
9,2055,dense,1186200
9,2056,dense,1177300
9,2056,structured_50,1073600
9,2057,structured_50,939700
9,2057,dense,1157900
9,2058,dense,1297300
9,2058,structured_50,489400
9,2059,structured_50,428100
9,2059,dense,543600
9,2060,dense,527500
9,2060,structured_50,415300
9,2061,structured_50,422800
9,2061,dense,503700
9,2062,dense,544500
9,2062,structured_50,413100
9,2063,structured_50,1095200
9,2063,dense,1112200
9,2064,dense,1088500
9,2064,structured_50,953100
9,2065,structured_50,943300
9,2065,dense,1190000
9,2066,dense,1155900
9,2066,structured_50,1115600
9,2067,structured_50,789800
9,2067,dense,557300
9,2068,dense,500800
9,2068,structured_50,439700
9,2069,structured_50,1025400
9,2069,dense,1151200
9,2070,dense,1052000
9,2070,structured_50,970500
9,2071,structured_50,943400
9,2071,dense,1213200
9,2072,dense,1168400
9,2072,structured_50,974500
9,2073,structured_50,976700
9,2073,dense,1075800
9,2074,dense,1097300
9,2074,structured_50,1100200
9,2075,structured_50,932900
9,2075,dense,1195200
9,2076,dense,1375700
9,2076,structured_50,1145400
9,2077,structured_50,966900
9,2077,dense,1178400
9,2078,dense,1148300
9,2078,structured_50,962200
9,2079,structured_50,962200
9,2079,dense,1106600
9,2080,dense,1121200
9,2080,structured_50,1001100
9,2081,structured_50,960800
9,2081,dense,1909400
9,2082,dense,1615200
9,2082,structured_50,992300
9,2083,structured_50,954700
9,2083,dense,1162700
9,2084,dense,1294300
9,2084,structured_50,1019100
9,2085,structured_50,942800
9,2085,dense,1207700
9,2086,dense,1195100
9,2086,structured_50,997300
9,2087,structured_50,979100
9,2087,dense,1176300
9,2088,dense,1162200
9,2088,structured_50,1009900
9,2089,structured_50,965300
9,2089,dense,1122400
9,2090,dense,1090800
9,2090,structured_50,898500
9,2091,structured_50,885000
9,2091,dense,1111000
9,2092,dense,1071800
9,2092,structured_50,923200
9,2093,structured_50,910200
9,2093,dense,1115900
9,2094,dense,1110800
9,2094,structured_50,1038900
9,2095,structured_50,925700
9,2095,dense,1128500
9,2096,dense,1165400
9,2096,structured_50,938800
9,2097,structured_50,960100
9,2097,dense,1120000
9,2098,dense,1132600
9,2098,structured_50,936400
9,2099,structured_50,1202900
9,2099,dense,1279600
9,2100,dense,560800
9,2100,structured_50,1018500
9,2101,structured_50,982700
9,2101,dense,1162700
9,2102,dense,1169800
9,2102,structured_50,942200
9,2103,structured_50,1019600
9,2103,dense,1076600
9,2104,dense,1119400
9,2104,structured_50,902800
9,2105,structured_50,1071100
9,2105,dense,1229600
9,2106,dense,1261300
9,2106,structured_50,1342700
9,2107,structured_50,1117900
9,2107,dense,1221900
9,2108,dense,1182800
9,2108,structured_50,1005200
9,2109,structured_50,991300
9,2109,dense,1185800
9,2110,dense,1106100
9,2110,structured_50,995000
9,2111,structured_50,934100
9,2111,dense,1144500
9,2112,dense,1123400
9,2112,structured_50,963400
9,2113,structured_50,985800
9,2113,dense,1134100
9,2114,dense,1121000
9,2114,structured_50,972800
9,2115,structured_50,1039800
9,2115,dense,875900
9,2116,dense,753200
9,2116,structured_50,986200
9,2117,structured_50,975000
9,2117,dense,1206100
9,2118,dense,860800
9,2118,structured_50,390400
9,2119,structured_50,355100
9,2119,dense,714000
9,2120,dense,1180200
9,2120,structured_50,1001000
9,2121,structured_50,904000
9,2121,dense,1478200
9,2122,dense,1037000
9,2122,structured_50,934900
9,2123,structured_50,963900
9,2123,dense,1200700
9,2124,dense,1175500
9,2124,structured_50,1021800
9,2125,structured_50,988900
9,2125,dense,1186900
9,2126,dense,1151400
9,2126,structured_50,1001700
9,2127,structured_50,916900
9,2127,dense,1119300
9,2128,dense,1117100
9,2128,structured_50,1170600
9,2129,structured_50,1092600
9,2129,dense,1196500
9,2130,dense,1181500
9,2130,structured_50,995700
9,2131,structured_50,1022200
9,2131,dense,1307600
9,2132,dense,1131000
9,2132,structured_50,958800
9,2133,structured_50,962700
9,2133,dense,1167400
9,2134,dense,1119800
9,2134,structured_50,983600
9,2135,structured_50,947000
9,2135,dense,1151700
9,2136,dense,1148300
9,2136,structured_50,1102800
9,2137,structured_50,1065400
9,2137,dense,1295600
9,2138,dense,1497800
9,2138,structured_50,1173700
9,2139,structured_50,1051900
9,2139,dense,1250900
9,2140,dense,1292300
9,2140,structured_50,1119700
9,2141,structured_50,1072400
9,2141,dense,1390000
9,2142,dense,1286800
9,2142,structured_50,1075000
9,2143,structured_50,1088000
9,2143,dense,1127600
9,2144,dense,1104500
9,2144,structured_50,992700
9,2145,structured_50,972700
9,2145,dense,1140700
9,2146,dense,1159900
9,2146,structured_50,942300
9,2147,structured_50,924300
9,2147,dense,1095700
9,2148,dense,1082900
9,2148,structured_50,896800
9,2149,structured_50,931800
9,2149,dense,1072800
9,2150,dense,1097700
9,2150,structured_50,921500
9,2151,structured_50,943600
9,2151,dense,1111300
9,2152,dense,1124800
9,2152,structured_50,908500
9,2153,structured_50,912600
9,2153,dense,1095200
9,2154,dense,1106600
9,2154,structured_50,977500
9,2155,structured_50,920600
9,2155,dense,1074100
9,2156,dense,1091400
9,2156,structured_50,896800
9,2157,structured_50,922000
9,2157,dense,1101300
9,2158,dense,1103100
9,2158,structured_50,918200
9,2159,structured_50,1015900
9,2159,dense,1159900
9,2160,dense,1118900
9,2160,structured_50,927200
9,2161,structured_50,888500
9,2161,dense,1080800
9,2162,dense,1067200
9,2162,structured_50,934300
9,2163,structured_50,937800
9,2163,dense,1229200
9,2164,dense,1166000
9,2164,structured_50,1016800
9,2165,structured_50,1006200
9,2165,dense,1224100
9,2166,dense,1206900
9,2166,structured_50,1029800
9,2167,structured_50,961000
9,2167,dense,1225200
9,2168,dense,1174400
9,2168,structured_50,989500
9,2169,structured_50,1649300
9,2169,dense,1376500
9,2170,dense,1172000
9,2170,structured_50,1006600
9,2171,structured_50,942800
9,2171,dense,1177400
9,2172,dense,1181100
9,2172,structured_50,1095000
9,2173,structured_50,1184000
9,2173,dense,1284000
9,2174,dense,1177000
9,2174,structured_50,961300
9,2175,structured_50,1014400
9,2175,dense,1250700
9,2176,dense,1190700
9,2176,structured_50,993100
9,2177,structured_50,1017400
9,2177,dense,1234200
9,2178,dense,1170900
9,2178,structured_50,1002500
9,2179,structured_50,1077000
9,2179,dense,1210000
9,2180,dense,1152100
9,2180,structured_50,997300
9,2181,structured_50,961200
9,2181,dense,1183600
9,2182,dense,1203200
9,2182,structured_50,1005500
9,2183,structured_50,973200
9,2183,dense,1228800
9,2184,dense,1269200
9,2184,structured_50,1050800
9,2185,structured_50,1056500
9,2185,dense,1267500
9,2186,dense,1281000
9,2186,structured_50,1042600
9,2187,structured_50,996000
9,2187,dense,1195600
9,2188,dense,1202900
9,2188,structured_50,1109600
9,2189,structured_50,987100
9,2189,dense,1217400
9,2190,dense,1105700
9,2190,structured_50,995500
9,2191,structured_50,935400
9,2191,dense,1142100
9,2192,dense,1156300
9,2192,structured_50,972300
9,2193,structured_50,1089900
9,2193,dense,1371800
9,2194,dense,1327700
9,2194,structured_50,1129100
9,2195,structured_50,1083900
9,2195,dense,1321000
9,2196,dense,1167900
9,2196,structured_50,1040000
9,2197,structured_50,1042100
9,2197,dense,1241200
9,2198,dense,1413100
9,2198,structured_50,1300600
9,2199,structured_50,1254500
9,2199,dense,1267700
9,2200,dense,1216700
9,2200,structured_50,1060900
9,2201,structured_50,1007600
9,2201,dense,1264500
9,2202,dense,1405100
9,2202,structured_50,1089300
9,2203,structured_50,1020500
9,2203,dense,1230000
9,2204,dense,1235900
9,2204,structured_50,1007700
9,2205,structured_50,1019100
9,2205,dense,1207000
9,2206,dense,1221300
9,2206,structured_50,1023500
9,2207,structured_50,980400
9,2207,dense,1230000
9,2208,dense,1152200
9,2208,structured_50,1004600
9,2209,structured_50,978600
9,2209,dense,1183500
9,2210,dense,1151700
9,2210,structured_50,991700
9,2211,structured_50,962000
9,2211,dense,1213200
9,2212,dense,1328600
9,2212,structured_50,1013100
9,2213,structured_50,941500
9,2213,dense,1173200
9,2214,dense,1184200
9,2214,structured_50,1002100
9,2215,structured_50,981400
9,2215,dense,1180200
9,2216,dense,1490500
9,2216,structured_50,1219100
9,2217,structured_50,957900
9,2217,dense,1192800
9,2218,dense,1111300
9,2218,structured_50,975700
9,2219,structured_50,909000
9,2219,dense,1113000
9,2220,dense,1080400
9,2220,structured_50,923200
9,2221,structured_50,900200
9,2221,dense,1132100
9,2222,dense,1390800
9,2222,structured_50,939700
9,2223,structured_50,923600
9,2223,dense,1131300
9,2224,dense,1133500
9,2224,structured_50,933300
9,2225,structured_50,918500
9,2225,dense,1065500
9,2226,dense,1110800
9,2226,structured_50,936000
9,2227,structured_50,941400
9,2227,dense,1179500
9,2228,dense,1121200
9,2228,structured_50,948300
9,2229,structured_50,974200
9,2229,dense,1283400
9,2230,dense,1096200
9,2230,structured_50,900300
9,2231,structured_50,912200
9,2231,dense,1068700
9,2232,dense,1128900
9,2232,structured_50,935700
9,2233,structured_50,904400
9,2233,dense,1269000
9,2234,dense,1423700
9,2234,structured_50,1044400
9,2235,structured_50,1016600
9,2235,dense,1176800
9,2236,dense,1152900
9,2236,structured_50,1065300
9,2237,structured_50,926600
9,2237,dense,1120200
9,2238,dense,1145800
9,2238,structured_50,940600
9,2239,structured_50,912800
9,2239,dense,1143900
9,2240,dense,1117800
9,2240,structured_50,924500
9,2241,structured_50,888600
9,2241,dense,1101600
9,2242,dense,1081600
9,2242,structured_50,905300
9,2243,structured_50,861500
9,2243,dense,1088600
9,2244,dense,1136200
9,2244,structured_50,930500
9,2245,structured_50,897800
9,2245,dense,1109600
9,2246,dense,1081400
9,2246,structured_50,892000
9,2247,structured_50,883000
9,2247,dense,1079800
9,2248,dense,1029900
9,2248,structured_50,1025000
9,2249,structured_50,881300
9,2249,dense,1120600
9,2250,dense,1101300
9,2250,structured_50,926200
9,2251,structured_50,891800
9,2251,dense,1092200
9,2252,dense,1080200
9,2252,structured_50,1026000
9,2253,structured_50,995800
9,2253,dense,1452200
9,2254,dense,1128100
9,2254,structured_50,1056900
9,2255,structured_50,887200
9,2255,dense,1115900
9,2256,dense,1152200
9,2256,structured_50,951700
9,2257,structured_50,932300
9,2257,dense,1139600
9,2258,dense,1143600
9,2258,structured_50,1494400
9,2259,structured_50,987300
9,2259,dense,1195300
9,2260,dense,1268800
9,2260,structured_50,1061800
9,2261,structured_50,968500
9,2261,dense,1103100
9,2262,dense,1087100
9,2262,structured_50,910200
9,2263,structured_50,895600
9,2263,dense,1193100
9,2264,dense,1390700
9,2264,structured_50,1027000
9,2265,structured_50,459200
9,2265,dense,463500
9,2266,dense,455700
9,2266,structured_50,418600
9,2267,structured_50,520900
9,2267,dense,572700
9,2268,dense,924100
9,2268,structured_50,925400
9,2269,structured_50,946100
9,2269,dense,1066200
9,2270,dense,1084100
9,2270,structured_50,1186200
9,2271,structured_50,964400
9,2271,dense,1084800
9,2272,dense,1059000
9,2272,structured_50,912100
9,2273,structured_50,902800
9,2273,dense,1098800
9,2274,dense,1095100
9,2274,structured_50,901600
9,2275,structured_50,934300
9,2275,dense,1275800
9,2276,dense,1105000
9,2276,structured_50,892100
9,2277,structured_50,863400
9,2277,dense,1118300
9,2278,dense,1264000
9,2278,structured_50,960100
9,2279,structured_50,1046200
9,2279,dense,1238400
9,2280,dense,1131300
9,2280,structured_50,904800
9,2281,structured_50,1066100
9,2281,dense,1092200
9,2282,dense,1101900
9,2282,structured_50,946900
9,2283,structured_50,958200
9,2283,dense,1131400
9,2284,dense,1121200
9,2284,structured_50,977100
9,2285,structured_50,937700
9,2285,dense,1143500
9,2286,dense,1265000
9,2286,structured_50,949200
9,2287,structured_50,968900
9,2287,dense,1164600
9,2288,dense,1166100
9,2288,structured_50,956000
9,2289,structured_50,976300
9,2289,dense,1140500
9,2290,dense,1350600
9,2290,structured_50,470700
9,2291,structured_50,368600
9,2291,dense,475000
9,2292,dense,454000
9,2292,structured_50,640300
9,2293,structured_50,618400
9,2293,dense,1082900
9,2294,dense,1393700
9,2294,structured_50,1117400
9,2295,structured_50,948400
9,2295,dense,1132600
9,2296,dense,1079900
9,2296,structured_50,914700
9,2297,structured_50,892900
9,2297,dense,1077100
9,2298,dense,1228800
9,2298,structured_50,1408000
9,2299,structured_50,1390200
9,2299,dense,1182800
9,2300,dense,1057300
9,2300,structured_50,1031400
9,2301,structured_50,945500
9,2301,dense,1130700
9,2302,dense,1118900
9,2302,structured_50,964100
9,2303,structured_50,932800
9,2303,dense,1096100
9,2304,dense,1059600
9,2304,structured_50,960500
9,2305,structured_50,943400
9,2305,dense,1141200
9,2306,dense,1121800
9,2306,structured_50,967300
9,2307,structured_50,936100
9,2307,dense,1135100
9,2308,dense,1272300
9,2308,structured_50,1964100
9,2309,structured_50,949500
9,2309,dense,1149600
9,2310,dense,1103100
9,2310,structured_50,945800
9,2311,structured_50,916400
9,2311,dense,1120900
9,2312,dense,1082900
9,2312,structured_50,918600
9,2313,structured_50,846000
9,2313,dense,559500
9,2314,dense,502500
9,2314,structured_50,401000
9,2315,structured_50,420500
9,2315,dense,651900
9,2316,dense,706600
9,2316,structured_50,645600
9,2317,structured_50,917600
9,2317,dense,441200
9,2318,dense,1349300
9,2318,structured_50,1012700
9,2319,structured_50,924500
9,2319,dense,1091100
9,2320,dense,1091200
9,2320,structured_50,1071700
9,2321,structured_50,884900
9,2321,dense,1099600
9,2322,dense,1101600
9,2322,structured_50,932100
9,2323,structured_50,898200
9,2323,dense,1091800
9,2324,dense,1065200
9,2324,structured_50,920900
9,2325,structured_50,892100
9,2325,dense,1088400
9,2326,dense,1589700
9,2326,structured_50,869200
9,2327,structured_50,508900
9,2327,dense,677500
9,2328,dense,665000
9,2328,structured_50,501500
9,2329,structured_50,434800
9,2329,dense,544700
9,2330,dense,1031600
9,2330,structured_50,782200
9,2331,structured_50,708800
9,2331,dense,630900
9,2332,dense,579400
9,2332,structured_50,445400
9,2333,structured_50,417600
9,2333,dense,526600
9,2334,dense,1083100
9,2334,structured_50,1010700
9,2335,structured_50,1169000
9,2335,dense,1182600
9,2336,dense,1387500
9,2336,structured_50,1026700
9,2337,structured_50,897100
9,2337,dense,1124500
9,2338,dense,1125300
9,2338,structured_50,952000
9,2339,structured_50,963000
9,2339,dense,1169700
9,2340,dense,1117900
9,2340,structured_50,962400
9,2341,structured_50,954700
9,2341,dense,1147900
9,2342,dense,1398700
9,2342,structured_50,892900
9,2343,structured_50,880300
9,2343,dense,1072500
9,2344,dense,1235200
9,2344,structured_50,523300
9,2345,structured_50,381400
9,2345,dense,605100
9,2346,dense,581500
9,2346,structured_50,1036800
9,2347,structured_50,906500
9,2347,dense,1138500
9,2348,dense,1160600
9,2348,structured_50,947100
9,2349,structured_50,949400
9,2349,dense,1065900
9,2350,dense,1096300
9,2350,structured_50,1306000
9,2351,structured_50,894400
9,2351,dense,1061800
9,2352,dense,1118800
9,2352,structured_50,893700
9,2353,structured_50,909300
9,2353,dense,1068100
9,2354,dense,1112400
9,2354,structured_50,911200
9,2355,structured_50,914800
9,2355,dense,1076600
9,2356,dense,1197500
9,2356,structured_50,856700
9,2357,structured_50,874700
9,2357,dense,1064600
9,2358,dense,1179900
9,2358,structured_50,1575500
9,2359,structured_50,1373700
9,2359,dense,1121000
9,2360,dense,1099600
9,2360,structured_50,971800
9,2361,structured_50,1157900
9,2361,dense,1133700
9,2362,dense,1280500
9,2362,structured_50,1179700
9,2363,structured_50,1124100
9,2363,dense,1241200
9,2364,dense,1170600
9,2364,structured_50,1001900
9,2365,structured_50,966500
9,2365,dense,1210400
9,2366,dense,662800
9,2366,structured_50,409500
9,2367,structured_50,395700
9,2367,dense,518600
9,2368,dense,563800
9,2368,structured_50,460700
9,2369,structured_50,362500
9,2369,dense,457200
9,2370,dense,810400
9,2370,structured_50,975100
9,2371,structured_50,932500
9,2371,dense,1159200
9,2372,dense,1161000
9,2372,structured_50,969500
9,2373,structured_50,1003700
9,2373,dense,1254600
9,2374,dense,1097500
9,2374,structured_50,952900
9,2375,structured_50,965500
9,2375,dense,1125700
9,2376,dense,1140700
9,2376,structured_50,945500
9,2377,structured_50,958300
9,2377,dense,1192300
9,2378,dense,1099100
9,2378,structured_50,1053200
9,2379,structured_50,465800
9,2379,dense,603200
9,2380,dense,466700
9,2380,structured_50,398000
9,2381,structured_50,366000
9,2381,dense,433300
9,2382,dense,458700
9,2382,structured_50,423600
9,2383,structured_50,898900
9,2383,dense,597400
9,2384,dense,546900
9,2384,structured_50,421800
9,2385,structured_50,413300
9,2385,dense,494400
9,2386,dense,490100
9,2386,structured_50,422000
9,2387,structured_50,394700
9,2387,dense,479700
9,2388,dense,480100
9,2388,structured_50,410500
9,2389,structured_50,849500
9,2389,dense,1511600
9,2390,dense,624400
9,2390,structured_50,435700
9,2391,structured_50,485400
9,2391,dense,513600
9,2392,dense,542400
9,2392,structured_50,419800
9,2393,structured_50,418800
9,2393,dense,527300
9,2394,dense,548100
9,2394,structured_50,443300
9,2395,structured_50,410100
9,2395,dense,505800
9,2396,dense,549800
9,2396,structured_50,450800
9,2397,structured_50,883100
9,2397,dense,550500
9,2398,dense,657400
9,2398,structured_50,1162000
9,2399,structured_50,444100
9,2399,dense,529200
9,2400,dense,501500
9,2400,structured_50,427200
9,2401,structured_50,760800
9,2401,dense,569000
9,2402,dense,845900
9,2402,structured_50,594100
9,2403,structured_50,1318100
9,2403,dense,1274700
9,2404,dense,770300
9,2404,structured_50,392000
9,2405,structured_50,373300
9,2405,dense,448900
9,2406,dense,558100
9,2406,structured_50,1003900
9,2407,structured_50,496300
9,2407,dense,510300
9,2408,dense,478400
9,2408,structured_50,371800
9,2409,structured_50,373400
9,2409,dense,490300
9,2410,dense,521900
9,2410,structured_50,397500
9,2411,structured_50,389900
9,2411,dense,477300
9,2412,dense,517500
9,2412,structured_50,411300
9,2413,structured_50,390400
9,2413,dense,480800
9,2414,dense,479500
9,2414,structured_50,436400
9,2415,structured_50,395700
9,2415,dense,545600
9,2416,dense,505700
9,2416,structured_50,427600
9,2417,structured_50,407500
9,2417,dense,491100
9,2418,dense,650200
9,2418,structured_50,914000
9,2419,structured_50,921000
9,2419,dense,1244000
9,2420,dense,1400800
9,2420,structured_50,1101300
9,2421,structured_50,1038700
9,2421,dense,1231800
9,2422,dense,1135200
9,2422,structured_50,989000
9,2423,structured_50,940300
9,2423,dense,1420700
9,2424,dense,1071500
9,2424,structured_50,934700
9,2425,structured_50,911500
9,2425,dense,1187900
9,2426,dense,1149500
9,2426,structured_50,986800
9,2427,structured_50,948500
9,2427,dense,1143200
9,2428,dense,1139800
9,2428,structured_50,1332200
9,2429,structured_50,978900
9,2429,dense,1119000
9,2430,dense,1100300
9,2430,structured_50,929100
9,2431,structured_50,958600
9,2431,dense,1152300
9,2432,dense,1121400
9,2432,structured_50,960300
9,2433,structured_50,940000
9,2433,dense,1194600
9,2434,dense,1137300
9,2434,structured_50,919900
9,2435,structured_50,991300
9,2435,dense,969000
9,2436,dense,478200
9,2436,structured_50,368600
9,2437,structured_50,395800
9,2437,dense,1204700
9,2438,dense,1090100
9,2438,structured_50,975500
9,2439,structured_50,958300
9,2439,dense,1279200
9,2440,dense,1234600
9,2440,structured_50,550800
9,2441,structured_50,369000
9,2441,dense,449300
9,2442,dense,506700
9,2442,structured_50,417600
9,2443,structured_50,405500
9,2443,dense,494100
9,2444,dense,501100
9,2444,structured_50,439900
9,2445,structured_50,412200
9,2445,dense,495600
9,2446,dense,494200
9,2446,structured_50,425600
9,2447,structured_50,401100
9,2447,dense,912800
9,2448,dense,602100
9,2448,structured_50,413000
9,2449,structured_50,398100
9,2449,dense,488500
9,2450,dense,1139800
9,2450,structured_50,911200
9,2451,structured_50,1008700
9,2451,dense,1205600
9,2452,dense,1151000
9,2452,structured_50,1037100
9,2453,structured_50,921900
9,2453,dense,1135100
9,2454,dense,1112900
9,2454,structured_50,943900
9,2455,structured_50,902000
9,2455,dense,1256600
9,2456,dense,1036500
9,2456,structured_50,965900
9,2457,structured_50,984800
9,2457,dense,2243000
9,2458,dense,1293000
9,2458,structured_50,1099900
9,2459,structured_50,923400
9,2459,dense,1126800
9,2460,dense,1202900
9,2460,structured_50,890800
9,2461,structured_50,865600
9,2461,dense,1116200
9,2462,dense,1065800
9,2462,structured_50,912400
9,2463,structured_50,888700
9,2463,dense,1088300
9,2464,dense,1332100
9,2464,structured_50,1001000
9,2465,structured_50,1043100
9,2465,dense,1139300
9,2466,dense,1043800
9,2466,structured_50,933700
9,2467,structured_50,898500
9,2467,dense,1134500
9,2468,dense,1128300
9,2468,structured_50,972600
9,2469,structured_50,962100
9,2469,dense,1154200
9,2470,dense,1132900
9,2470,structured_50,1160400
9,2471,structured_50,1091800
9,2471,dense,1071400
9,2472,dense,1069000
9,2472,structured_50,1055000
9,2473,structured_50,967900
9,2473,dense,1136400
9,2474,dense,1156300
9,2474,structured_50,961700
9,2475,structured_50,966400
9,2475,dense,1216700
9,2476,dense,1049100
9,2476,structured_50,921100
9,2477,structured_50,904100
9,2477,dense,1165900
9,2478,dense,1127100
9,2478,structured_50,1171800
9,2479,structured_50,890300
9,2479,dense,1127200
9,2480,dense,1126800
9,2480,structured_50,953000
9,2481,structured_50,1163900
9,2481,dense,825500
9,2482,dense,617500
9,2482,structured_50,406800
9,2483,structured_50,368200
9,2483,dense,746100
9,2484,dense,747400
9,2484,structured_50,557400
9,2485,structured_50,510400
9,2485,dense,630500
9,2486,dense,574800
9,2486,structured_50,427700
9,2487,structured_50,412900
9,2487,dense,549200
9,2488,dense,507600
9,2488,structured_50,409900
9,2489,structured_50,410200
9,2489,dense,519100
9,2490,dense,506100
9,2490,structured_50,407000
9,2491,structured_50,626500
9,2491,dense,736900
9,2492,dense,668200
9,2492,structured_50,479900
9,2493,structured_50,567800
9,2493,dense,474300
9,2494,dense,609200
9,2494,structured_50,952800
9,2495,structured_50,937900
9,2495,dense,2546500
9,2496,dense,2477700
9,2496,structured_50,1531900
9,2497,structured_50,944800
9,2497,dense,1139400
9,2498,dense,1115900
9,2498,structured_50,929000
9,2499,structured_50,922300
9,2499,dense,1093800
10,0,dense,625100
10,0,structured_50,460000
10,1,structured_50,445800
10,1,dense,571100
10,2,dense,604700
10,2,structured_50,454800
10,3,structured_50,497500
10,3,dense,572300
10,4,dense,604400
10,4,structured_50,444300
10,5,structured_50,437800
10,5,dense,835600
10,6,dense,539900
10,6,structured_50,390700
10,7,structured_50,370100
10,7,dense,449900
10,8,dense,818400
10,8,structured_50,1003900
10,9,structured_50,1448600
10,9,dense,1234200
10,10,dense,1215900
10,10,structured_50,1034500
10,11,structured_50,998600
10,11,dense,1228600
10,12,dense,1237000
10,12,structured_50,963200
10,13,structured_50,1029400
10,13,dense,1215400
10,14,dense,1227600
10,14,structured_50,980900
10,15,structured_50,1012400
10,15,dense,1216100
10,16,dense,1227700
10,16,structured_50,1050500
10,17,structured_50,1165100
10,17,dense,1186800
10,18,dense,1263100
10,18,structured_50,1258600
10,19,structured_50,1118000
10,19,dense,1247400
10,20,dense,1222100
10,20,structured_50,1008900
10,21,structured_50,1023500
10,21,dense,1207700
10,22,dense,1331600
10,22,structured_50,1052000
10,23,structured_50,1008500
10,23,dense,1118900
10,24,dense,534500
10,24,structured_50,397900
10,25,structured_50,917000
10,25,dense,1356500
10,26,dense,1227100
10,26,structured_50,1060000
10,27,structured_50,1022000
10,27,dense,1291400
10,28,dense,1223200
10,28,structured_50,1060400
10,29,structured_50,1021800
10,29,dense,1243900
10,30,dense,1251300
10,30,structured_50,1041300
10,31,structured_50,1239900
10,31,dense,1256300
10,32,dense,1274300
10,32,structured_50,1116400
10,33,structured_50,1078900
10,33,dense,1276100
10,34,dense,1236100
10,34,structured_50,1009700
10,35,structured_50,1034600
10,35,dense,1225600
10,36,dense,1224400
10,36,structured_50,1167200
10,37,structured_50,588300
10,37,dense,586600
10,38,dense,549700
10,38,structured_50,1121800
10,39,structured_50,1093600
10,39,dense,1354300
10,40,dense,1351500
10,40,structured_50,1083500
10,41,structured_50,1030300
10,41,dense,1280600
10,42,dense,1329000
10,42,structured_50,1121400
10,43,structured_50,1071200
10,43,dense,1293900
10,44,dense,1269800
10,44,structured_50,1056500
10,45,structured_50,1272400
10,45,dense,1350500
10,46,dense,1293000
10,46,structured_50,1168600
10,47,structured_50,1094100
10,47,dense,1253700
10,48,dense,1363800
10,48,structured_50,1121600
10,49,structured_50,962800
10,49,dense,1236600
10,50,dense,1171200
10,50,structured_50,964900
10,51,structured_50,974100
10,51,dense,1462900
10,52,dense,1282200
10,52,structured_50,1084800
10,53,structured_50,1077300
10,53,dense,1310400
10,54,dense,1296900
10,54,structured_50,1045700
10,55,structured_50,1038100
10,55,dense,1331200
10,56,dense,1371900
10,56,structured_50,1174100
10,57,structured_50,1251500
10,57,dense,1424900
10,58,dense,1421000
10,58,structured_50,1157100
10,59,structured_50,1055200
10,59,dense,1236500
10,60,dense,1349300
10,60,structured_50,1094100
10,61,structured_50,1018300
10,61,dense,1279100
10,62,dense,1255200
10,62,structured_50,1066100
10,63,structured_50,1044800
10,63,dense,1361400
10,64,dense,1229400
10,64,structured_50,1015100
10,65,structured_50,1037300
10,65,dense,1212000
10,66,dense,1233100
10,66,structured_50,1025200
10,67,structured_50,1035800
10,67,dense,1230700
10,68,dense,1215700
10,68,structured_50,1005100
10,69,structured_50,981300
10,69,dense,1221900
10,70,dense,1514900
10,70,structured_50,1130700
10,71,structured_50,1028200
10,71,dense,1233000
10,72,dense,1231200
10,72,structured_50,1009200
10,73,structured_50,1033800
10,73,dense,1259600
10,74,dense,1228000
10,74,structured_50,1369200
10,75,structured_50,615500
10,75,dense,902200
10,76,dense,888000
10,76,structured_50,469500
10,77,structured_50,558000
10,77,dense,1465800
10,78,dense,1349300
10,78,structured_50,478500
10,79,structured_50,399700
10,79,dense,478700
10,80,dense,555300
10,80,structured_50,457200
10,81,structured_50,438700
10,81,dense,542900
10,82,dense,579000
10,82,structured_50,1190500
10,83,structured_50,1079500
10,83,dense,1218900
10,84,dense,1199600
10,84,structured_50,1187500
10,85,structured_50,980400
10,85,dense,1257600
10,86,dense,1280200
10,86,structured_50,1005600
10,87,structured_50,1021300
10,87,dense,1267700
10,88,dense,1129300
10,88,structured_50,997400
10,89,structured_50,956900
10,89,dense,1186200
10,90,dense,1203300
10,90,structured_50,1045400
10,91,structured_50,997500
10,91,dense,1150400
10,92,dense,518200
10,92,structured_50,538000
10,93,structured_50,645900
10,93,dense,1159900
10,94,dense,622600
10,94,structured_50,458300
10,95,structured_50,590200
10,95,dense,871400
10,96,dense,567700
10,96,structured_50,510300
10,97,structured_50,462500
10,97,dense,547600
10,98,dense,546200
10,98,structured_50,497000
10,99,structured_50,444800
10,99,dense,558700
10,100,dense,592300
10,100,structured_50,701500
10,101,structured_50,421600
10,101,dense,506200
10,102,dense,1115400
10,102,structured_50,1024300
10,103,structured_50,991800
10,103,dense,1247800
10,104,dense,1230400
10,104,structured_50,1067200
10,105,structured_50,1056800
10,105,dense,1299600
10,106,dense,1239600
10,106,structured_50,1044200
10,107,structured_50,1153800
10,107,dense,1465800
10,108,dense,1310300
10,108,structured_50,1058700
10,109,structured_50,1047500
10,109,dense,1285500
10,110,dense,1250600
10,110,structured_50,1056600
10,111,structured_50,1098500
10,111,dense,1467700
10,112,dense,1383000
10,112,structured_50,962900
10,113,structured_50,945800
10,113,dense,1237800
10,114,dense,1236300
10,114,structured_50,1010700
10,115,structured_50,964800
10,115,dense,1153100
10,116,dense,1151500
10,116,structured_50,804000
10,117,structured_50,625700
10,117,dense,617000
10,118,dense,828800
10,118,structured_50,1105800
10,119,structured_50,1481600
10,119,dense,1372400
10,120,dense,1302400
10,120,structured_50,1039000
10,121,structured_50,988100
10,121,dense,1323700
10,122,dense,1258900
10,122,structured_50,960800
10,123,structured_50,1013200
10,123,dense,1243000
10,124,dense,1457400
10,124,structured_50,946500
10,125,structured_50,975600
10,125,dense,1242400
10,126,dense,1195100
10,126,structured_50,999600
10,127,structured_50,989200
10,127,dense,1198000
10,128,dense,1194700
10,128,structured_50,995700
10,129,structured_50,981900
10,129,dense,1182500
10,130,dense,1172800
10,130,structured_50,986100
10,131,structured_50,958500
10,131,dense,1436100
10,132,dense,1416800
10,132,structured_50,1017700
10,133,structured_50,918800
10,133,dense,1209400
10,134,dense,1633500
10,134,structured_50,1138200
10,135,structured_50,1095000
10,135,dense,1341700
10,136,dense,1235700
10,136,structured_50,1028400
10,137,structured_50,1053000
10,137,dense,1316800
10,138,dense,1276600
10,138,structured_50,1091100
10,139,structured_50,1085800
10,139,dense,1218600
10,140,dense,1177300
10,140,structured_50,1012800
10,141,structured_50,1009700
10,141,dense,1245700
10,142,dense,1264700
10,142,structured_50,1082900
10,143,structured_50,1111300
10,143,dense,1196300
10,144,dense,1186300
10,144,structured_50,959000
10,145,structured_50,1000000
10,145,dense,598000
10,146,dense,512100
10,146,structured_50,962600
10,147,structured_50,1111200
10,147,dense,1289100
10,148,dense,1306300
10,148,structured_50,1044500
10,149,structured_50,1103500
10,149,dense,1303700
10,150,dense,1281900
10,150,structured_50,1063300
10,151,structured_50,1147800
10,151,dense,1197900
10,152,dense,1298300
10,152,structured_50,1041300
10,153,structured_50,960700
10,153,dense,1598600
10,154,dense,1396300
10,154,structured_50,1052100
10,155,structured_50,1091700
10,155,dense,1495200
10,156,dense,1273000
10,156,structured_50,1074800
10,157,structured_50,1030700
10,157,dense,1276200
10,158,dense,1215300
10,158,structured_50,1072500
10,159,structured_50,1015000
10,159,dense,1282800
10,160,dense,1234400
10,160,structured_50,1279600
10,161,structured_50,1096800
10,161,dense,1254600
10,162,dense,1256400
10,162,structured_50,1005300
10,163,structured_50,950500
10,163,dense,1181800
10,164,dense,1160100
10,164,structured_50,984400
10,165,structured_50,1230200
10,165,dense,1270300
10,166,dense,1198000
10,166,structured_50,1030000
10,167,structured_50,1124600
10,167,dense,1285100
10,168,dense,1645100
10,168,structured_50,1142700
10,169,structured_50,987800
10,169,dense,1220500
10,170,dense,1223700
10,170,structured_50,1025400
10,171,structured_50,1007200
10,171,dense,1246300
10,172,dense,1151400
10,172,structured_50,974000
10,173,structured_50,963500
10,173,dense,1231300
10,174,dense,1364200
10,174,structured_50,1258200
10,175,structured_50,1101000
10,175,dense,1172000
10,176,dense,1219700
10,176,structured_50,1610100
10,177,structured_50,1264600
10,177,dense,1197700
10,178,dense,1578900
10,178,structured_50,997200
10,179,structured_50,1396000
10,179,dense,1100600
10,180,dense,752900
10,180,structured_50,584500
10,181,structured_50,593300
10,181,dense,614500
10,182,dense,1305700
10,182,structured_50,1292000
10,183,structured_50,612100
10,183,dense,867100
10,184,dense,1151000
10,184,structured_50,509300
10,185,structured_50,459600
10,185,dense,1409500
10,186,dense,1745300
10,186,structured_50,1369200
10,187,structured_50,1204700
10,187,dense,1414200
10,188,dense,1208100
10,188,structured_50,1038600
10,189,structured_50,1043100
10,189,dense,1229100
10,190,dense,1367100
10,190,structured_50,1039600
10,191,structured_50,1005100
10,191,dense,1403800
10,192,dense,1212600
10,192,structured_50,1013300
10,193,structured_50,959400
10,193,dense,1179200
10,194,dense,1170800
10,194,structured_50,967100
10,195,structured_50,1137300
10,195,dense,1496900
10,196,dense,1206700
10,196,structured_50,1061400
10,197,structured_50,1041600
10,197,dense,1227800
10,198,dense,1244400
10,198,structured_50,1029600
10,199,structured_50,1032500
10,199,dense,1333400
10,200,dense,1287600
10,200,structured_50,1040400
10,201,structured_50,1026700
10,201,dense,1243900
10,202,dense,1205200
10,202,structured_50,1045600
10,203,structured_50,1012700
10,203,dense,1255400
10,204,dense,1340400
10,204,structured_50,1071600
10,205,structured_50,1463900
10,205,dense,1880400
10,206,dense,1207600
10,206,structured_50,1048600
10,207,structured_50,1046000
10,207,dense,1245800
10,208,dense,1275100
10,208,structured_50,1099400
10,209,structured_50,1205300
10,209,dense,1349800
10,210,dense,1243700
10,210,structured_50,1072600
10,211,structured_50,1028900
10,211,dense,1245800
10,212,dense,1152200
10,212,structured_50,1059800
10,213,structured_50,1132200
10,213,dense,1802500
10,214,dense,1587900
10,214,structured_50,1127800
10,215,structured_50,1057200
10,215,dense,1279000
10,216,dense,1248200
10,216,structured_50,1037600
10,217,structured_50,1056800
10,217,dense,1280700
10,218,dense,1236000
10,218,structured_50,1029300
10,219,structured_50,1061000
10,219,dense,1237200
10,220,dense,1243400
10,220,structured_50,1068600
10,221,structured_50,1017400
10,221,dense,1260600
10,222,dense,1245700
10,222,structured_50,1128700
10,223,structured_50,1061500
10,223,dense,1365400
10,224,dense,1381600
10,224,structured_50,1132300
10,225,structured_50,1214100
10,225,dense,1244300
10,226,dense,1235500
10,226,structured_50,1057200
10,227,structured_50,1049900
10,227,dense,1252300
10,228,dense,1211300
10,228,structured_50,1002700
10,229,structured_50,1001900
10,229,dense,1215000
10,230,dense,1233200
10,230,structured_50,1025600
10,231,structured_50,1027800
10,231,dense,1215800
10,232,dense,1269600
10,232,structured_50,1143300
10,233,structured_50,1193600
10,233,dense,1314500
10,234,dense,1212400
10,234,structured_50,999400
10,235,structured_50,997200
10,235,dense,1236200
10,236,dense,1382800
10,236,structured_50,1045300
10,237,structured_50,1115200
10,237,dense,1313000
10,238,dense,1245600
10,238,structured_50,1120000
10,239,structured_50,1059700
10,239,dense,1310200
10,240,dense,1264100
10,240,structured_50,1027900
10,241,structured_50,1050800
10,241,dense,1458300
10,242,dense,1360400
10,242,structured_50,1213400
10,243,structured_50,1233400
10,243,dense,1257900
10,244,dense,1256900
10,244,structured_50,1088600
10,245,structured_50,1046700
10,245,dense,1365500
10,246,dense,1271500
10,246,structured_50,964100
10,247,structured_50,1024600
10,247,dense,1220500
10,248,dense,1222300
10,248,structured_50,1024000
10,249,structured_50,1027800
10,249,dense,1229500
10,250,dense,1483400
10,250,structured_50,1129400
10,251,structured_50,1031600
10,251,dense,1222200
10,252,dense,1241600
10,252,structured_50,1031800
10,253,structured_50,1025800
10,253,dense,1231100
10,254,dense,1228200
10,254,structured_50,1007400
10,255,structured_50,1030400
10,255,dense,1201900
10,256,dense,1158300
10,256,structured_50,1012100
10,257,structured_50,1149300
10,257,dense,1455200
10,258,dense,1261700
10,258,structured_50,1066100
10,259,structured_50,1007200
10,259,dense,1234900
10,260,dense,1372900
10,260,structured_50,1054500
10,261,structured_50,1002800
10,261,dense,1233600
10,262,dense,1220800
10,262,structured_50,1008300
10,263,structured_50,1022900
10,263,dense,1206900
10,264,dense,1197600
10,264,structured_50,965000
10,265,structured_50,1043000
10,265,dense,1177300
10,266,dense,1151600
10,266,structured_50,1023100
10,267,structured_50,1176300
10,267,dense,1213900
10,268,dense,1240000
10,268,structured_50,1043900
10,269,structured_50,1030200
10,269,dense,1242500
10,270,dense,1278800
10,270,structured_50,1042900
10,271,structured_50,1057100
10,271,dense,1269900
10,272,dense,1228000
10,272,structured_50,1013000
10,273,structured_50,1025200
10,273,dense,1430700
10,274,dense,1273200
10,274,structured_50,1042800
10,275,structured_50,1460000
10,275,dense,1167700
10,276,dense,1216100
10,276,structured_50,1072000
10,277,structured_50,1005000
10,277,dense,1256500
10,278,dense,1188500
10,278,structured_50,995300
10,279,structured_50,983000
10,279,dense,1373400
10,280,dense,974900
10,280,structured_50,1034200
10,281,structured_50,1024200
10,281,dense,1309500
10,282,dense,1260800
10,282,structured_50,1116100
10,283,structured_50,1024300
10,283,dense,1222500
10,284,dense,1197900
10,284,structured_50,1188700
10,285,structured_50,1009100
10,285,dense,1408300
10,286,dense,1729600
10,286,structured_50,1146200
10,287,structured_50,1116200
10,287,dense,1290700
10,288,dense,1214400
10,288,structured_50,1029200
10,289,structured_50,1159200
10,289,dense,1250900
10,290,dense,1219900
10,290,structured_50,1023000
10,291,structured_50,1020100
10,291,dense,1229900
10,292,dense,1239500
10,292,structured_50,1083800
10,293,structured_50,1063200
10,293,dense,1449100
10,294,dense,1311200
10,294,structured_50,969900
10,295,structured_50,982700
10,295,dense,1243400
10,296,dense,1204400
10,296,structured_50,1041200
10,297,structured_50,1002000
10,297,dense,1231400
10,298,dense,1217600
10,298,structured_50,1008800
10,299,structured_50,1003200
10,299,dense,1249700
10,300,dense,1239900
10,300,structured_50,1027200
10,301,structured_50,1018800
10,301,dense,1200800
10,302,dense,1238600
10,302,structured_50,1026800
10,303,structured_50,977900
10,303,dense,1202500
10,304,dense,588100
10,304,structured_50,432600
10,305,structured_50,802900
10,305,dense,1074300
10,306,dense,982700
10,306,structured_50,694500
10,307,structured_50,590600
10,307,dense,739700
10,308,dense,674100
10,308,structured_50,493900
10,309,structured_50,493400
10,309,dense,550300
10,310,dense,573900
10,310,structured_50,436300
10,311,structured_50,880100
10,311,dense,1379200
10,312,dense,1197300
10,312,structured_50,1032600
10,313,structured_50,989700
10,313,dense,1155200
10,314,dense,1183400
10,314,structured_50,956000
10,315,structured_50,965800
10,315,dense,1146000
10,316,dense,1150500
10,316,structured_50,1057200
10,317,structured_50,985000
10,317,dense,1259500
10,318,dense,1552400
10,318,structured_50,995600
10,319,structured_50,1068400
10,319,dense,1221100
10,320,dense,1213400
10,320,structured_50,1003200
10,321,structured_50,1051600
10,321,dense,1257400
10,322,dense,594800
10,322,structured_50,429300
10,323,structured_50,439700
10,323,dense,648000
10,324,dense,611700
10,324,structured_50,476600
10,325,structured_50,462700
10,325,dense,560900
10,326,dense,614400
10,326,structured_50,487400
10,327,structured_50,441400
10,327,dense,548200
10,328,dense,601000
10,328,structured_50,526800
10,329,structured_50,433200
10,329,dense,536700
10,330,dense,542100
10,330,structured_50,477100
10,331,structured_50,480500
10,331,dense,642600
10,332,dense,786100
10,332,structured_50,1131700
10,333,structured_50,1032200
10,333,dense,1234000
10,334,dense,1225300
10,334,structured_50,1015200
10,335,structured_50,1016200
10,335,dense,1215000
10,336,dense,1229000
10,336,structured_50,1140500
10,337,structured_50,1008100
10,337,dense,1282200
10,338,dense,1217800
10,338,structured_50,1002700
10,339,structured_50,1015400
10,339,dense,1196700
10,340,dense,1216400
10,340,structured_50,993100
10,341,structured_50,1019900
10,341,dense,1214600
10,342,dense,1130500
10,342,structured_50,1019200
10,343,structured_50,996500
10,343,dense,1216900
10,344,dense,1191700
10,344,structured_50,1030600
10,345,structured_50,988200
10,345,dense,1218000
10,346,dense,1198500
10,346,structured_50,1171300
10,347,structured_50,918000
10,347,dense,1644300
10,348,dense,1292400
10,348,structured_50,985900
10,349,structured_50,1021400
10,349,dense,1193400
10,350,dense,1194200
10,350,structured_50,1096500
10,351,structured_50,1150900
10,351,dense,2116300
10,352,dense,1414300
10,352,structured_50,1286700
10,353,structured_50,1076700
10,353,dense,1242500
10,354,dense,1208800
10,354,structured_50,990700
10,355,structured_50,1001100
10,355,dense,1578200
10,356,dense,1146400
10,356,structured_50,985500
10,357,structured_50,976100
10,357,dense,1161000
10,358,dense,1167500
10,358,structured_50,950700
10,359,structured_50,958900
10,359,dense,1407300
10,360,dense,1222200
10,360,structured_50,999100
10,361,structured_50,921000
10,361,dense,1172900
10,362,dense,1183000
10,362,structured_50,979600
10,363,structured_50,959300
10,363,dense,1211300
10,364,dense,1165500
10,364,structured_50,1007400
10,365,structured_50,949200
10,365,dense,1399400
10,366,dense,1211600
10,366,structured_50,1056100
10,367,structured_50,1042600
10,367,dense,1223500
10,368,dense,1235100
10,368,structured_50,1051100
10,369,structured_50,1006600
10,369,dense,1235100
10,370,dense,1205300
10,370,structured_50,1031800
10,371,structured_50,1005900
10,371,dense,1231600
10,372,dense,1341700
10,372,structured_50,1081000
10,373,structured_50,1040300
10,373,dense,1220400
10,374,dense,1216600
10,374,structured_50,1002400
10,375,structured_50,1285100
10,375,dense,1330400
10,376,dense,1421800
10,376,structured_50,479400
10,377,structured_50,379300
10,377,dense,479500
10,378,dense,543200
10,378,structured_50,439800
10,379,structured_50,427500
10,379,dense,529900
10,380,dense,572200
10,380,structured_50,436400
10,381,structured_50,425600
10,381,dense,550800
10,382,dense,556700
10,382,structured_50,439500
10,383,structured_50,424100
10,383,dense,532800
10,384,dense,890300
10,384,structured_50,992300
10,385,structured_50,1058400
10,385,dense,1530100
10,386,dense,1249900
10,386,structured_50,991200
10,387,structured_50,962300
10,387,dense,1165600
10,388,dense,1182300
10,388,structured_50,971300
10,389,structured_50,1333800
10,389,dense,1102400
10,390,dense,700900
10,390,structured_50,470300
10,391,structured_50,450500
10,391,dense,598600
10,392,dense,708700
10,392,structured_50,856900
10,393,structured_50,926400
10,393,dense,1134700
10,394,dense,1146000
10,394,structured_50,978300
10,395,structured_50,945500
10,395,dense,996200
10,396,dense,725100
10,396,structured_50,472100
10,397,structured_50,404500
10,397,dense,492500
10,398,dense,570200
10,398,structured_50,524600
10,399,structured_50,518700
10,399,dense,592800
10,400,dense,609700
10,400,structured_50,449400
10,401,structured_50,473700
10,401,dense,539900
10,402,dense,565400
10,402,structured_50,431300
10,403,structured_50,447000
10,403,dense,554400
10,404,dense,1110200
10,404,structured_50,1431400
10,405,structured_50,1014800
10,405,dense,727400
10,406,dense,502500
10,406,structured_50,381900
10,407,structured_50,397200
10,407,dense,753400
10,408,dense,721500
10,408,structured_50,573500
10,409,structured_50,451300
10,409,dense,532200
10,410,dense,539600
10,410,structured_50,460800
10,411,structured_50,431800
10,411,dense,539400
10,412,dense,527700
10,412,structured_50,451300
10,413,structured_50,433700
10,413,dense,528000
10,414,dense,529400
10,414,structured_50,1134400
10,415,structured_50,931700
10,415,dense,1167800
10,416,dense,1137100
10,416,structured_50,963600
10,417,structured_50,935000
10,417,dense,1156200
10,418,dense,1241800
10,418,structured_50,952800
10,419,structured_50,974000
10,419,dense,1329500
10,420,dense,1164800
10,420,structured_50,984300
10,421,structured_50,957000
10,421,dense,1180700
10,422,dense,1162100
10,422,structured_50,411100
10,423,structured_50,374900
10,423,dense,492600
10,424,dense,528600
10,424,structured_50,434700
10,425,structured_50,423600
10,425,dense,620700
10,426,dense,731400
10,426,structured_50,408900
10,427,structured_50,813800
10,427,dense,729500
10,428,dense,496600
10,428,structured_50,400100
10,429,structured_50,423700
10,429,dense,589000
10,430,dense,564400
10,430,structured_50,426700
10,431,structured_50,426000
10,431,dense,555800
10,432,dense,529200
10,432,structured_50,443900
10,433,structured_50,418500
10,433,dense,553600
10,434,dense,537100
10,434,structured_50,419900
10,435,structured_50,429200
10,435,dense,558600
10,436,dense,528900
10,436,structured_50,431000
10,437,structured_50,415100
10,437,dense,787200
10,438,dense,1171400
10,438,structured_50,1309800
10,439,structured_50,1206700
10,439,dense,1404400
10,440,dense,1229900
10,440,structured_50,969700
10,441,structured_50,968300
10,441,dense,1140500
10,442,dense,1172900
10,442,structured_50,1187900
10,443,structured_50,1277000
10,443,dense,1176600
10,444,dense,2219900
10,444,structured_50,2032600
10,445,structured_50,972500
10,445,dense,1170700
10,446,dense,1181300
10,446,structured_50,1120500
10,447,structured_50,857500
10,447,dense,1159600
10,448,dense,1233100
10,448,structured_50,1051500
10,449,structured_50,1186900
10,449,dense,1193000
10,450,dense,1218400
10,450,structured_50,1014200
10,451,structured_50,1021000
10,451,dense,1197300
10,452,dense,1241900
10,452,structured_50,1000800
10,453,structured_50,990600
10,453,dense,1164800
10,454,dense,1183400
10,454,structured_50,981000
10,455,structured_50,954900
10,455,dense,1177200
10,456,dense,1161700
10,456,structured_50,1009600
10,457,structured_50,959400
10,457,dense,1169700
10,458,dense,1148400
10,458,structured_50,963400
10,459,structured_50,1125000
10,459,dense,1193400
10,460,dense,1438100
10,460,structured_50,1337400
10,461,structured_50,1154400
10,461,dense,1210600
10,462,dense,1373200
10,462,structured_50,992100
10,463,structured_50,957200
10,463,dense,1673300
10,464,dense,1846900
10,464,structured_50,1336800
10,465,structured_50,1247700
10,465,dense,1287800
10,466,dense,1203600
10,466,structured_50,1034000
10,467,structured_50,1123900
10,467,dense,1475800
10,468,dense,1235500
10,468,structured_50,986300
10,469,structured_50,976600
10,469,dense,1213500
10,470,dense,1266300
10,470,structured_50,1048100
10,471,structured_50,983300
10,471,dense,1440000
10,472,dense,1837900
10,472,structured_50,1265300
10,473,structured_50,1062900
10,473,dense,1178800
10,474,dense,1204700
10,474,structured_50,1127100
10,475,structured_50,471600
10,475,dense,525600
10,476,dense,1317800
10,476,structured_50,1059400
10,477,structured_50,1006000
10,477,dense,1260100
10,478,dense,1217600
10,478,structured_50,772000
10,479,structured_50,418900
10,479,dense,494600
10,480,dense,552300
10,480,structured_50,511400
10,481,structured_50,530500
10,481,dense,945800
10,482,dense,1269600
10,482,structured_50,1930000
10,483,structured_50,653300
10,483,dense,555700
10,484,dense,514800
10,484,structured_50,608600
10,485,structured_50,693700
10,485,dense,881900
10,486,dense,1607000
10,486,structured_50,1285400
10,487,structured_50,1266400
10,487,dense,1325800
10,488,dense,1070500
10,488,structured_50,519800
10,489,structured_50,823300
10,489,dense,954500
10,490,dense,1218900
10,490,structured_50,607300
10,491,structured_50,740800
10,491,dense,1164400
10,492,dense,2010300
10,492,structured_50,1489200
10,493,structured_50,479500
10,493,dense,573500
10,494,dense,610900
10,494,structured_50,467800
10,495,structured_50,437500
10,495,dense,1075000
10,496,dense,1211600
10,496,structured_50,1075300
10,497,structured_50,959300
10,497,dense,1139800
10,498,dense,1183800
10,498,structured_50,1464600
10,499,structured_50,1356200
10,499,dense,1494900
10,500,dense,1630100
10,500,structured_50,958800
10,501,structured_50,1003400
10,501,dense,1197300
10,502,dense,1397000
10,502,structured_50,1153700
10,503,structured_50,1395600
10,503,dense,1635400
10,504,dense,1398800
10,504,structured_50,1090200
10,505,structured_50,1215000
10,505,dense,1198700
10,506,dense,1254100
10,506,structured_50,1160600
10,507,structured_50,1233000
10,507,dense,1226400
10,508,dense,1241200
10,508,structured_50,1025800
10,509,structured_50,987100
10,509,dense,2261400
10,510,dense,5679000
10,510,structured_50,1357400
10,511,structured_50,1134300
10,511,dense,1649100
10,512,dense,1321400
10,512,structured_50,714200
10,513,structured_50,1074100
10,513,dense,1442800
10,514,dense,2174900
10,514,structured_50,1301600
10,515,structured_50,1477300
10,515,dense,935400
10,516,dense,1458800
10,516,structured_50,1122900
10,517,structured_50,1357400
10,517,dense,1364900
10,518,dense,1663200
10,518,structured_50,1117000
10,519,structured_50,1073400
10,519,dense,1384900
10,520,dense,1312700
10,520,structured_50,1025500
10,521,structured_50,705200
10,521,dense,1370200
10,522,dense,1568600
10,522,structured_50,1682900
10,523,structured_50,1244200
10,523,dense,1845600
10,524,dense,1400800
10,524,structured_50,1016900
10,525,structured_50,1022700
10,525,dense,1251600
10,526,dense,1206900
10,526,structured_50,1641000
10,527,structured_50,1201600
10,527,dense,1489700
10,528,dense,1396900
10,528,structured_50,1154100
10,529,structured_50,1043000
10,529,dense,1359700
10,530,dense,1270400
10,530,structured_50,1099000
10,531,structured_50,1101100
10,531,dense,1403600
10,532,dense,1335000
10,532,structured_50,1115200
10,533,structured_50,1070400
10,533,dense,1295500
10,534,dense,1239300
10,534,structured_50,1011000
10,535,structured_50,1012100
10,535,dense,1281000
10,536,dense,1296200
10,536,structured_50,1073700
10,537,structured_50,1070500
10,537,dense,1241600
10,538,dense,1199400
10,538,structured_50,1037600
10,539,structured_50,1075000
10,539,dense,1325100
10,540,dense,1368500
10,540,structured_50,1158700
10,541,structured_50,1082600
10,541,dense,1314000
10,542,dense,1383300
10,542,structured_50,1090600
10,543,structured_50,758600
10,543,dense,1485700
10,544,dense,1383300
10,544,structured_50,1290300
10,545,structured_50,1691700
10,545,dense,2889700
10,546,dense,2401300
10,546,structured_50,1635200
10,547,structured_50,1321800
10,547,dense,2064400
10,548,dense,2526000
10,548,structured_50,1380500
10,549,structured_50,1272200
10,549,dense,1895800
10,550,dense,1537700
10,550,structured_50,1178500
10,551,structured_50,1247900
10,551,dense,1390700
10,552,dense,1431000
10,552,structured_50,1192400
10,553,structured_50,1157600
10,553,dense,1373700
10,554,dense,1308900
10,554,structured_50,1114100
10,555,structured_50,1084800
10,555,dense,1380600
10,556,dense,1358000
10,556,structured_50,1163500
10,557,structured_50,1085000
10,557,dense,1366100
10,558,dense,1315900
10,558,structured_50,1116000
10,559,structured_50,1051100
10,559,dense,1505700
10,560,dense,1540100
10,560,structured_50,1245700
10,561,structured_50,1150900
10,561,dense,1326400
10,562,dense,1368300
10,562,structured_50,1035900
10,563,structured_50,994800
10,563,dense,1231500
10,564,dense,1260600
10,564,structured_50,1104900
10,565,structured_50,1059200
10,565,dense,1271700
10,566,dense,1246500
10,566,structured_50,990300
10,567,structured_50,995900
10,567,dense,1179900
10,568,dense,1234500
10,568,structured_50,1023000
10,569,structured_50,1082800
10,569,dense,1444500
10,570,dense,1289500
10,570,structured_50,1047800
10,571,structured_50,1001600
10,571,dense,1239500
10,572,dense,1248100
10,572,structured_50,1025700
10,573,structured_50,1039500
10,573,dense,1209700
10,574,dense,1436500
10,574,structured_50,1045200
10,575,structured_50,1038600
10,575,dense,1248900
10,576,dense,1218300
10,576,structured_50,1031600
10,577,structured_50,999100
10,577,dense,1226100
10,578,dense,1215200
10,578,structured_50,1049700
10,579,structured_50,1033100
10,579,dense,1256200
10,580,dense,1403600
10,580,structured_50,1175600
10,581,structured_50,1101300
10,581,dense,1269900
10,582,dense,1224000
10,582,structured_50,1049900
10,583,structured_50,1016300
10,583,dense,1221000
10,584,dense,1235900
10,584,structured_50,1061700
10,585,structured_50,991700
10,585,dense,1252100
10,586,dense,1273400
10,586,structured_50,1083900
10,587,structured_50,1197900
10,587,dense,1449500
10,588,dense,1301100
10,588,structured_50,1161700
10,589,structured_50,1113700
10,589,dense,1338000
10,590,dense,1553300
10,590,structured_50,1215100
10,591,structured_50,1008200
10,591,dense,1247100
10,592,dense,1295800
10,592,structured_50,978100
10,593,structured_50,1201000
10,593,dense,1674200
10,594,dense,1492500
10,594,structured_50,1316300
10,595,structured_50,1148200
10,595,dense,1275700
10,596,dense,1152400
10,596,structured_50,992100
10,597,structured_50,808400
10,597,dense,1084800
10,598,dense,927300
10,598,structured_50,518100
10,599,structured_50,488100
10,599,dense,588100
10,600,dense,1393000
10,600,structured_50,983400
10,601,structured_50,977600
10,601,dense,1201500
10,602,dense,1171700
10,602,structured_50,1081900
10,603,structured_50,1080200
10,603,dense,1105900
10,604,dense,833800
10,604,structured_50,472000
10,605,structured_50,470200
10,605,dense,1152900
10,606,dense,1313400
10,606,structured_50,1044800
10,607,structured_50,1036400
10,607,dense,1210800
10,608,dense,1315800
10,608,structured_50,981500
10,609,structured_50,1356600
10,609,dense,1370000
10,610,dense,1677200
10,610,structured_50,1269200
10,611,structured_50,1148600
10,611,dense,1301100
10,612,dense,1304900
10,612,structured_50,1076300
10,613,structured_50,1228000
10,613,dense,1527100
10,614,dense,1575600
10,614,structured_50,1029000
10,615,structured_50,970000
10,615,dense,1213600
10,616,dense,1276700
10,616,structured_50,1018500
10,617,structured_50,1017100
10,617,dense,1220600
10,618,dense,1357500
10,618,structured_50,1094100
10,619,structured_50,1067700
10,619,dense,1251800
10,620,dense,1209500
10,620,structured_50,1026000
10,621,structured_50,1008600
10,621,dense,1221600
10,622,dense,1411800
10,622,structured_50,1145300
10,623,structured_50,1046800
10,623,dense,1251100
10,624,dense,1220500
10,624,structured_50,1054300
10,625,structured_50,1093400
10,625,dense,1231500
10,626,dense,1316700
10,626,structured_50,1072300
10,627,structured_50,972700
10,627,dense,1348900
10,628,dense,1259500
10,628,structured_50,1163700
10,629,structured_50,1050100
10,629,dense,1201100
10,630,dense,1172000
10,630,structured_50,955700
10,631,structured_50,977800
10,631,dense,1413400
10,632,dense,1182300
10,632,structured_50,624200
10,633,structured_50,683300
10,633,dense,1181100
10,634,dense,1571200
10,634,structured_50,1127200
10,635,structured_50,1011100
10,635,dense,1243600
10,636,dense,1257700
10,636,structured_50,771500
10,637,structured_50,422700
10,637,dense,1083700
10,638,dense,1215300
10,638,structured_50,1118500
10,639,structured_50,1217400
10,639,dense,1416900
10,640,dense,1296000
10,640,structured_50,1038900
10,641,structured_50,1025200
10,641,dense,1298600
10,642,dense,1201400
10,642,structured_50,1100400
10,643,structured_50,1034200
10,643,dense,1392200
10,644,dense,1354100
10,644,structured_50,1063600
10,645,structured_50,1031300
10,645,dense,1231500
10,646,dense,1233000
10,646,structured_50,946700
10,647,structured_50,525300
10,647,dense,1356000
10,648,dense,1262200
10,648,structured_50,1104900
10,649,structured_50,1064000
10,649,dense,1238400
10,650,dense,1244400
10,650,structured_50,1020300
10,651,structured_50,1055000
10,651,dense,1191200
10,652,dense,1228700
10,652,structured_50,1354700
10,653,structured_50,1180100
10,653,dense,1289200
10,654,dense,1212400
10,654,structured_50,1022700
10,655,structured_50,974000
10,655,dense,1210900
10,656,dense,1311000
10,656,structured_50,1185100
10,657,structured_50,1204100
10,657,dense,1355600
10,658,dense,1384000
10,658,structured_50,1112900
10,659,structured_50,1129000
10,659,dense,1270200
10,660,dense,1251100
10,660,structured_50,1018500
10,661,structured_50,994600
10,661,dense,2213000
10,662,dense,1455100
10,662,structured_50,1065400
10,663,structured_50,981900
10,663,dense,1214700
10,664,dense,1147500
10,664,structured_50,978000
10,665,structured_50,1123800
10,665,dense,1521500
10,666,dense,1259600
10,666,structured_50,1217000
10,667,structured_50,1058300
10,667,dense,1246200
10,668,dense,1159000
10,668,structured_50,1001700
10,669,structured_50,948400
10,669,dense,1184300
10,670,dense,1516500
10,670,structured_50,1021400
10,671,structured_50,1019300
10,671,dense,1298400
10,672,dense,1189200
10,672,structured_50,1005600
10,673,structured_50,960900
10,673,dense,1159200
10,674,dense,585200
10,674,structured_50,400800
10,675,structured_50,757400
10,675,dense,1231100
10,676,dense,1255700
10,676,structured_50,1044800
10,677,structured_50,996200
10,677,dense,1198200
10,678,dense,1174400
10,678,structured_50,991900
10,679,structured_50,954300
10,679,dense,1179200
10,680,dense,1264400
10,680,structured_50,1143300
10,681,structured_50,1131400
10,681,dense,1526100
10,682,dense,1183800
10,682,structured_50,999800
10,683,structured_50,1009900
10,683,dense,1255600
10,684,dense,1163000
10,684,structured_50,988000
10,685,structured_50,1270300
10,685,dense,1322200
10,686,dense,1256600
10,686,structured_50,1018700
10,687,structured_50,1005800
10,687,dense,1193300
10,688,dense,1187700
10,688,structured_50,963800
10,689,structured_50,963800
10,689,dense,1153200
10,690,dense,1275100
10,690,structured_50,960800
10,691,structured_50,956000
10,691,dense,1177800
10,692,dense,1269500
10,692,structured_50,966900
10,693,structured_50,947200
10,693,dense,1174100
10,694,dense,1147800
10,694,structured_50,980900
10,695,structured_50,1190100
10,695,dense,1209200
10,696,dense,1106100
10,696,structured_50,992000
10,697,structured_50,943900
10,697,dense,1189500
10,698,dense,1158100
10,698,structured_50,954700
10,699,structured_50,939100
10,699,dense,1162600
10,700,dense,1310400
10,700,structured_50,1012400
10,701,structured_50,1020500
10,701,dense,1182300
10,702,dense,1268200
10,702,structured_50,1005300
10,703,structured_50,955900
10,703,dense,1184800
10,704,dense,1216800
10,704,structured_50,995100
10,705,structured_50,1010400
10,705,dense,1213600
10,706,dense,1126500
10,706,structured_50,530700
10,707,structured_50,519700
10,707,dense,837000
10,708,dense,648300
10,708,structured_50,581600
10,709,structured_50,491900
10,709,dense,591000
10,710,dense,551700
10,710,structured_50,497100
10,711,structured_50,432100
10,711,dense,546500
10,712,dense,549400
10,712,structured_50,476700
10,713,structured_50,428900
10,713,dense,862100
10,714,dense,1235300
10,714,structured_50,1038600
10,715,structured_50,1014600
10,715,dense,1190100
10,716,dense,1212900
10,716,structured_50,966300
10,717,structured_50,970100
10,717,dense,1176100
10,718,dense,1145800
10,718,structured_50,1120200
10,719,structured_50,1140400
10,719,dense,1331100
10,720,dense,1257100
10,720,structured_50,1055000
10,721,structured_50,1161000
10,721,dense,1301500
10,722,dense,1170500
10,722,structured_50,947700
10,723,structured_50,1012200
10,723,dense,1424800
10,724,dense,1144100
10,724,structured_50,1799600
10,725,structured_50,1750500
10,725,dense,1848300
10,726,dense,1193500
10,726,structured_50,1275500
10,727,structured_50,1503800
10,727,dense,711500
10,728,dense,1173400
10,728,structured_50,963900
10,729,structured_50,961800
10,729,dense,1175000
10,730,dense,1162300
10,730,structured_50,970700
10,731,structured_50,955400
10,731,dense,1266900
10,732,dense,1119000
10,732,structured_50,1115100
10,733,structured_50,1005400
10,733,dense,1235400
10,734,dense,1231500
10,734,structured_50,1154400
10,735,structured_50,805800
10,735,dense,655500
10,736,dense,660200
10,736,structured_50,503800
10,737,structured_50,630900
10,737,dense,610200
10,738,dense,552300
10,738,structured_50,509000
10,739,structured_50,1222900
10,739,dense,1684200
10,740,dense,1295500
10,740,structured_50,1131600
10,741,structured_50,1071200
10,741,dense,1643600
10,742,dense,1215300
10,742,structured_50,1304400
10,743,structured_50,1115800
10,743,dense,1564100
10,744,dense,1165900
10,744,structured_50,1347000
10,745,structured_50,1074400
10,745,dense,1304300
10,746,dense,796400
10,746,structured_50,434200
10,747,structured_50,399100
10,747,dense,488400
10,748,dense,533500
10,748,structured_50,478100
10,749,structured_50,449100
10,749,dense,570800
10,750,dense,1303600
10,750,structured_50,1184700
10,751,structured_50,1247400
10,751,dense,1334600
10,752,dense,1657600
10,752,structured_50,1116800
10,753,structured_50,1044700
10,753,dense,1251800
10,754,dense,1314000
10,754,structured_50,672800
10,755,structured_50,617700
10,755,dense,577400
10,756,dense,875400
10,756,structured_50,1023600
10,757,structured_50,1382400
10,757,dense,1228300
10,758,dense,1260200
10,758,structured_50,501300
10,759,structured_50,409000
10,759,dense,496500
10,760,dense,1577600
10,760,structured_50,1368200
10,761,structured_50,1097600
10,761,dense,1547300
10,762,dense,657500
10,762,structured_50,525400
10,763,structured_50,448500
10,763,dense,535300
10,764,dense,661400
10,764,structured_50,460500
10,765,structured_50,449700
10,765,dense,563000
10,766,dense,1261300
10,766,structured_50,1014900
10,767,structured_50,1469800
10,767,dense,2627100
10,768,dense,2457200
10,768,structured_50,1120200
10,769,structured_50,1003000
10,769,dense,1264300
10,770,dense,1262200
10,770,structured_50,1553000
10,771,structured_50,664500
10,771,dense,1233100
10,772,dense,1247400
10,772,structured_50,1416800
10,773,structured_50,1196000
10,773,dense,1321400
10,774,dense,1633700
10,774,structured_50,1033900
10,775,structured_50,1135600
10,775,dense,1253300
10,776,dense,1194100
10,776,structured_50,1103000
10,777,structured_50,1088100
10,777,dense,1411300
10,778,dense,1353500
10,778,structured_50,1078900
10,779,structured_50,1021500
10,779,dense,1334200
10,780,dense,1076000
10,780,structured_50,978300
10,781,structured_50,1074500
10,781,dense,1323000
10,782,dense,1270300
10,782,structured_50,1053300
10,783,structured_50,997800
10,783,dense,1224900
10,784,dense,1206900
10,784,structured_50,1105800
10,785,structured_50,1031500
10,785,dense,1302700
10,786,dense,1262200
10,786,structured_50,1093400
10,787,structured_50,1087800
10,787,dense,1239900
10,788,dense,1235400
10,788,structured_50,1005100
10,789,structured_50,1026000
10,789,dense,1303400
10,790,dense,1428300
10,790,structured_50,1087800
10,791,structured_50,1130100
10,791,dense,1529700
10,792,dense,1376300
10,792,structured_50,1063100
10,793,structured_50,1040500
10,793,dense,1317300
10,794,dense,1583300
10,794,structured_50,1051100
10,795,structured_50,968900
10,795,dense,1240300
10,796,dense,1304200
10,796,structured_50,1201100
10,797,structured_50,1485900
10,797,dense,1456500
10,798,dense,1604800
10,798,structured_50,1304500
10,799,structured_50,1103700
10,799,dense,1647000
10,800,dense,1366600
10,800,structured_50,1073500
10,801,structured_50,1084500
10,801,dense,1269700
10,802,dense,1442800
10,802,structured_50,1149000
10,803,structured_50,1074000
10,803,dense,1411200
10,804,dense,1335800
10,804,structured_50,1230500
10,805,structured_50,1154900
10,805,dense,1272500
10,806,dense,1223100
10,806,structured_50,1239100
10,807,structured_50,848800
10,807,dense,1408300
10,808,dense,1300600
10,808,structured_50,1194400
10,809,structured_50,1140300
10,809,dense,1256900
10,810,dense,1251600
10,810,structured_50,1081100
10,811,structured_50,1032900
10,811,dense,1491500
10,812,dense,1377100
10,812,structured_50,1095500
10,813,structured_50,477700
10,813,dense,643400
10,814,dense,936800
10,814,structured_50,1002500
10,815,structured_50,1117700
10,815,dense,1455300
10,816,dense,1239000
10,816,structured_50,1085600
10,817,structured_50,1090200
10,817,dense,1278200
10,818,dense,1291500
10,818,structured_50,1160800
10,819,structured_50,1076200
10,819,dense,1231200
10,820,dense,1238400
10,820,structured_50,1005600
10,821,structured_50,1024800
10,821,dense,1395700
10,822,dense,1451100
10,822,structured_50,1032800
10,823,structured_50,1025000
10,823,dense,1263300
10,824,dense,1181200
10,824,structured_50,973800
10,825,structured_50,964100
10,825,dense,1168600
10,826,dense,1310000
10,826,structured_50,1310800
10,827,structured_50,1028300
10,827,dense,1368900
10,828,dense,1678700
10,828,structured_50,1461500
10,829,structured_50,1172800
10,829,dense,1305300
10,830,dense,1334900
10,830,structured_50,1635100
10,831,structured_50,1177900
10,831,dense,1351100
10,832,dense,1220700
10,832,structured_50,1046600
10,833,structured_50,1027500
10,833,dense,1174500
10,834,dense,1220200
10,834,structured_50,1019100
10,835,structured_50,1240000
10,835,dense,783500
10,836,dense,1309800
10,836,structured_50,1063600
10,837,structured_50,1241300
10,837,dense,1297400
10,838,dense,1482400
10,838,structured_50,1763600
10,839,structured_50,1201500
10,839,dense,1413500
10,840,dense,1225500
10,840,structured_50,1076400
10,841,structured_50,1051100
10,841,dense,1232600
10,842,dense,1232000
10,842,structured_50,996500
10,843,structured_50,979300
10,843,dense,1185900
10,844,dense,1196900
10,844,structured_50,1069500
10,845,structured_50,952900
10,845,dense,1178100
10,846,dense,1169100
10,846,structured_50,984700
10,847,structured_50,955500
10,847,dense,1250500
10,848,dense,1260600
10,848,structured_50,1000400
10,849,structured_50,1026300
10,849,dense,1227400
10,850,dense,1222100
10,850,structured_50,1006900
10,851,structured_50,1003900
10,851,dense,1174300
10,852,dense,1188200
10,852,structured_50,990900
10,853,structured_50,964100
10,853,dense,1183500
10,854,dense,1380100
10,854,structured_50,1027100
10,855,structured_50,959700
10,855,dense,1224400
10,856,dense,1186800
10,856,structured_50,1013900
10,857,structured_50,986400
10,857,dense,1296800
10,858,dense,1160700
10,858,structured_50,1006500
10,859,structured_50,1144000
10,859,dense,1215200
10,860,dense,1209800
10,860,structured_50,1145800
10,861,structured_50,1108800
10,861,dense,1325400
10,862,dense,1173600
10,862,structured_50,976600
10,863,structured_50,1028400
10,863,dense,1247800
10,864,dense,1228800
10,864,structured_50,461600
10,865,structured_50,440900
10,865,dense,541400
10,866,dense,574100
10,866,structured_50,485500
10,867,structured_50,472600
10,867,dense,574000
10,868,dense,567900
10,868,structured_50,451700
10,869,structured_50,509100
10,869,dense,573200
10,870,dense,554100
10,870,structured_50,456400
10,871,structured_50,440400
10,871,dense,544800
10,872,dense,557000
10,872,structured_50,484600
10,873,structured_50,450000
10,873,dense,546900
10,874,dense,699800
10,874,structured_50,1165600
10,875,structured_50,1040100
10,875,dense,1175700
10,876,dense,1429700
10,876,structured_50,675300
10,877,structured_50,448700
10,877,dense,1318700
10,878,dense,817500
10,878,structured_50,925900
10,879,structured_50,952400
10,879,dense,1440800
10,880,dense,806600
10,880,structured_50,608600
10,881,structured_50,1007100
10,881,dense,1413600
10,882,dense,1440900
10,882,structured_50,1004500
10,883,structured_50,1000100
10,883,dense,1212200
10,884,dense,1231800
10,884,structured_50,1195900
10,885,structured_50,1123300
10,885,dense,1419200
10,886,dense,1371900
10,886,structured_50,1354400
10,887,structured_50,1107100
10,887,dense,1309800
10,888,dense,1287600
10,888,structured_50,1020500
10,889,structured_50,1071400
10,889,dense,1309300
10,890,dense,1292100
10,890,structured_50,1212400
10,891,structured_50,1218400
10,891,dense,1523300
10,892,dense,1396400
10,892,structured_50,1080300
10,893,structured_50,1059400
10,893,dense,1601100
10,894,dense,1027400
10,894,structured_50,1055300
10,895,structured_50,1041500
10,895,dense,1504900
10,896,dense,1274100
10,896,structured_50,1028800
10,897,structured_50,1001000
10,897,dense,1259300
10,898,dense,1467600
10,898,structured_50,1151300
10,899,structured_50,1123500
10,899,dense,1289700
10,900,dense,1638800
10,900,structured_50,1075500
10,901,structured_50,966700
10,901,dense,1204000
10,902,dense,1178100
10,902,structured_50,1133400
10,903,structured_50,1012500
10,903,dense,1138300
10,904,dense,1175900
10,904,structured_50,988500
10,905,structured_50,988100
10,905,dense,1156500
10,906,dense,1171000
10,906,structured_50,949000
10,907,structured_50,1178000
10,907,dense,1353900
10,908,dense,1504100
10,908,structured_50,1015700
10,909,structured_50,1036300
10,909,dense,1345000
10,910,dense,1331800
10,910,structured_50,1073800
10,911,structured_50,1017900
10,911,dense,1239700
10,912,dense,1119000
10,912,structured_50,884600
10,913,structured_50,865900
10,913,dense,582500
10,914,dense,692000
10,914,structured_50,994300
10,915,structured_50,1174300
10,915,dense,1253100
10,916,dense,1261100
10,916,structured_50,1011100
10,917,structured_50,1022700
10,917,dense,1297900
10,918,dense,1579500
10,918,structured_50,1117100
10,919,structured_50,1029500
10,919,dense,1480800
10,920,dense,1630800
10,920,structured_50,1292600
10,921,structured_50,1133400
10,921,dense,1304800
10,922,dense,1261400
10,922,structured_50,1116500
10,923,structured_50,1044700
10,923,dense,1393300
10,924,dense,1682300
10,924,structured_50,1225000
10,925,structured_50,1159100
10,925,dense,1407000
10,926,dense,1368100
10,926,structured_50,1151100
10,927,structured_50,1182800
10,927,dense,1432400
10,928,dense,1485000
10,928,structured_50,1181800
10,929,structured_50,1113300
10,929,dense,1434200
10,930,dense,1330500
10,930,structured_50,1114900
10,931,structured_50,1148200
10,931,dense,1373300
10,932,dense,1436500
10,932,structured_50,1294300
10,933,structured_50,1229900
10,933,dense,1275700
10,934,dense,1301800
10,934,structured_50,1068300
10,935,structured_50,1405800
10,935,dense,1362800
10,936,dense,1236900
10,936,structured_50,1138300
10,937,structured_50,1050000
10,937,dense,1283400
10,938,dense,1216600
10,938,structured_50,1032500
10,939,structured_50,1029400
10,939,dense,1278900
10,940,dense,1344300
10,940,structured_50,1065200
10,941,structured_50,1034900
10,941,dense,1206800
10,942,dense,534200
10,942,structured_50,613000
10,943,structured_50,402200
10,943,dense,503000
10,944,dense,983700
10,944,structured_50,1076300
10,945,structured_50,1115100
10,945,dense,1643800
10,946,dense,1370500
10,946,structured_50,1096200
10,947,structured_50,1197400
10,947,dense,1425000
10,948,dense,1456700
10,948,structured_50,1270300
10,949,structured_50,1482200
10,949,dense,1442500
10,950,dense,1130900
10,950,structured_50,1012800
10,951,structured_50,1111100
10,951,dense,1408300
10,952,dense,1503000
10,952,structured_50,1148700
10,953,structured_50,428400
10,953,dense,555900
10,954,dense,586300
10,954,structured_50,463300
10,955,structured_50,436700
10,955,dense,1122800
10,956,dense,1260800
10,956,structured_50,1086400
10,957,structured_50,1542100
10,957,dense,1335900
10,958,dense,1239900
10,958,structured_50,1068900
10,959,structured_50,1030400
10,959,dense,1244700
10,960,dense,1414300
10,960,structured_50,1201200
10,961,structured_50,978000
10,961,dense,1286600
10,962,dense,1304100
10,962,structured_50,1045300
10,963,structured_50,1029100
10,963,dense,1251200
10,964,dense,1237100
10,964,structured_50,1132000
10,965,structured_50,1227800
10,965,dense,1018300
10,966,dense,1224800
10,966,structured_50,1271900
10,967,structured_50,1040600
10,967,dense,1291200
10,968,dense,1206500
10,968,structured_50,996800
10,969,structured_50,1000400
10,969,dense,1493400
10,970,dense,1301800
10,970,structured_50,1034000
10,971,structured_50,985800
10,971,dense,1238900
10,972,dense,1224400
10,972,structured_50,1002600
10,973,structured_50,999000
10,973,dense,1170600
10,974,dense,1194700
10,974,structured_50,1105900
10,975,structured_50,1062100
10,975,dense,1337700
10,976,dense,1276600
10,976,structured_50,1024600
10,977,structured_50,943600
10,977,dense,1181200
10,978,dense,1141300
10,978,structured_50,1018400
10,979,structured_50,958900
10,979,dense,1573000
10,980,dense,1241000
10,980,structured_50,1058800
10,981,structured_50,1023700
10,981,dense,1253400
10,982,dense,1220500
10,982,structured_50,1035800
10,983,structured_50,1004000
10,983,dense,1281600
10,984,dense,1243800
10,984,structured_50,1012900
10,985,structured_50,1225800
10,985,dense,1287800
10,986,dense,1287800
10,986,structured_50,1070300
10,987,structured_50,1054000
10,987,dense,1257100
10,988,dense,1245800
10,988,structured_50,1159400
10,989,structured_50,784400
10,989,dense,559500
10,990,dense,531900
10,990,structured_50,795100
10,991,structured_50,909400
10,991,dense,1175700
10,992,dense,1218800
10,992,structured_50,1060900
10,993,structured_50,883000
10,993,dense,754000
10,994,dense,501800
10,994,structured_50,465500
10,995,structured_50,465900
10,995,dense,693600
10,996,dense,1132100
10,996,structured_50,1000200
10,997,structured_50,1003600
10,997,dense,1242800
10,998,dense,1205700
10,998,structured_50,1036400
10,999,structured_50,1020000
10,999,dense,1303400
10,1000,dense,1247700
10,1000,structured_50,1001800
10,1001,structured_50,791900
10,1001,dense,566500
10,1002,dense,559800
10,1002,structured_50,488200
10,1003,structured_50,486900
10,1003,dense,719100
10,1004,dense,603100
10,1004,structured_50,474800
10,1005,structured_50,464000
10,1005,dense,590800
10,1006,dense,598000
10,1006,structured_50,453700
10,1007,structured_50,475600
10,1007,dense,533400
10,1008,dense,566700
10,1008,structured_50,437800
10,1009,structured_50,552300
10,1009,dense,534100
10,1010,dense,569100
10,1010,structured_50,1159600
10,1011,structured_50,1004200
10,1011,dense,1375500
10,1012,dense,1421800
10,1012,structured_50,1267800
10,1013,structured_50,1063200
10,1013,dense,1317500
10,1014,dense,1221300
10,1014,structured_50,1019000
10,1015,structured_50,1043100
10,1015,dense,1343200
10,1016,dense,1347100
10,1016,structured_50,1052200
10,1017,structured_50,1059600
10,1017,dense,1253400
10,1018,dense,1227200
10,1018,structured_50,1023700
10,1019,structured_50,1165200
10,1019,dense,1238200
10,1020,dense,1336300
10,1020,structured_50,1121500
10,1021,structured_50,1030200
10,1021,dense,1282000
10,1022,dense,1248300
10,1022,structured_50,1027400
10,1023,structured_50,1033400
10,1023,dense,1244400
10,1024,dense,1238500
10,1024,structured_50,1262200
10,1025,structured_50,997400
10,1025,dense,1280600
10,1026,dense,921600
10,1026,structured_50,634200
10,1027,structured_50,648900
10,1027,dense,1061500
10,1028,dense,1231100
10,1028,structured_50,530800
10,1029,structured_50,444700
10,1029,dense,1245300
10,1030,dense,1489900
10,1030,structured_50,1095600
10,1031,structured_50,1107600
10,1031,dense,1482400
10,1032,dense,1489400
10,1032,structured_50,1011300
10,1033,structured_50,1158000
10,1033,dense,1462000
10,1034,dense,1642000
10,1034,structured_50,1678500
10,1035,structured_50,1508800
10,1035,dense,1398900
10,1036,dense,2489700
10,1036,structured_50,2361300
10,1037,structured_50,2459200
10,1037,dense,1620700
10,1038,dense,1405600
10,1038,structured_50,1224400
10,1039,structured_50,1436100
10,1039,dense,1558100
10,1040,dense,1615400
10,1040,structured_50,1306000
10,1041,structured_50,1371900
10,1041,dense,1390900
10,1042,dense,1744100
10,1042,structured_50,993300
10,1043,structured_50,546300
10,1043,dense,581700
10,1044,dense,1130300
10,1044,structured_50,1216300
10,1045,structured_50,1108700
10,1045,dense,1480900
10,1046,dense,1462700
10,1046,structured_50,1113300
10,1047,structured_50,1092100
10,1047,dense,1303300
10,1048,dense,1406200
10,1048,structured_50,1177500
10,1049,structured_50,1087600
10,1049,dense,1306600
10,1050,dense,1587200
10,1050,structured_50,1242400
10,1051,structured_50,1094000
10,1051,dense,1538300
10,1052,dense,1295000
10,1052,structured_50,1077500
10,1053,structured_50,1012900
10,1053,dense,1229300
10,1054,dense,1193400
10,1054,structured_50,1035400
10,1055,structured_50,1070000
10,1055,dense,1217100
10,1056,dense,1230600
10,1056,structured_50,1030400
10,1057,structured_50,1012600
10,1057,dense,1204600
10,1058,dense,1211800
10,1058,structured_50,1003700
10,1059,structured_50,1004200
10,1059,dense,1226900
10,1060,dense,1185700
10,1060,structured_50,1017900
10,1061,structured_50,985300
10,1061,dense,1226200
10,1062,dense,1221600
10,1062,structured_50,1040100
10,1063,structured_50,987700
10,1063,dense,1216500
10,1064,dense,1206200
10,1064,structured_50,1007200
10,1065,structured_50,1005300
10,1065,dense,1190500
10,1066,dense,1205800
10,1066,structured_50,980800
10,1067,structured_50,969800
10,1067,dense,1149600
10,1068,dense,1157900
10,1068,structured_50,941600
10,1069,structured_50,965000
10,1069,dense,1251300
10,1070,dense,1182500
10,1070,structured_50,979000
10,1071,structured_50,955200
10,1071,dense,1235600
10,1072,dense,1212000
10,1072,structured_50,1022000
10,1073,structured_50,995300
10,1073,dense,1219000
10,1074,dense,1199700
10,1074,structured_50,1012500
10,1075,structured_50,1006100
10,1075,dense,1224500
10,1076,dense,1237800
10,1076,structured_50,1051900
10,1077,structured_50,1027100
10,1077,dense,1205800
10,1078,dense,1223700
10,1078,structured_50,1012000
10,1079,structured_50,1007000
10,1079,dense,1240400
10,1080,dense,1201900
10,1080,structured_50,1038200
10,1081,structured_50,993200
10,1081,dense,1223800
10,1082,dense,1194800
10,1082,structured_50,1034900
10,1083,structured_50,1036700
10,1083,dense,1441200
10,1084,dense,1224300
10,1084,structured_50,1084900
10,1085,structured_50,900100
10,1085,dense,1126100
10,1086,dense,1163100
10,1086,structured_50,946700
10,1087,structured_50,943300
10,1087,dense,1167500
10,1088,dense,1167100
10,1088,structured_50,962200
10,1089,structured_50,955300
10,1089,dense,1273800
10,1090,dense,633700
10,1090,structured_50,603800
10,1091,structured_50,811200
10,1091,dense,1051900
10,1092,dense,1301900
10,1092,structured_50,1051600
10,1093,structured_50,1037100
10,1093,dense,1341200
10,1094,dense,1438600
10,1094,structured_50,1160000
10,1095,structured_50,1083000
10,1095,dense,1391200
10,1096,dense,1221600
10,1096,structured_50,1082400
10,1097,structured_50,1126300
10,1097,dense,1543400
10,1098,dense,1318400
10,1098,structured_50,1058900
10,1099,structured_50,1067700
10,1099,dense,1242000
10,1100,dense,1223500
10,1100,structured_50,1029200
10,1101,structured_50,1098300
10,1101,dense,1297800
10,1102,dense,1283200
10,1102,structured_50,1097200
10,1103,structured_50,1030700
10,1103,dense,1278600
10,1104,dense,1291700
10,1104,structured_50,1046500
10,1105,structured_50,1051800
10,1105,dense,1236700
10,1106,dense,1232300
10,1106,structured_50,1023100
10,1107,structured_50,1003400
10,1107,dense,1144500
10,1108,dense,1166700
10,1108,structured_50,968700
10,1109,structured_50,947500
10,1109,dense,1196600
10,1110,dense,1243700
10,1110,structured_50,981900
10,1111,structured_50,1001500
10,1111,dense,1193100
10,1112,dense,1149300
10,1112,structured_50,973100
10,1113,structured_50,943100
10,1113,dense,1158400
10,1114,dense,1137400
10,1114,structured_50,996800
10,1115,structured_50,964600
10,1115,dense,1182300
10,1116,dense,1154000
10,1116,structured_50,952900
10,1117,structured_50,951800
10,1117,dense,1137100
10,1118,dense,1153900
10,1118,structured_50,1016600
10,1119,structured_50,1103600
10,1119,dense,1144100
10,1120,dense,999100
10,1120,structured_50,1186300
10,1121,structured_50,1036300
10,1121,dense,1232200
10,1122,dense,1221900
10,1122,structured_50,1015500
10,1123,structured_50,991200
10,1123,dense,1238300
10,1124,dense,1226700
10,1124,structured_50,1088800
10,1125,structured_50,979800
10,1125,dense,1225000
10,1126,dense,1062400
10,1126,structured_50,669600
10,1127,structured_50,454500
10,1127,dense,499500
10,1128,dense,475700
10,1128,structured_50,405800
10,1129,structured_50,464900
10,1129,dense,548900
10,1130,dense,557500
10,1130,structured_50,436000
10,1131,structured_50,466200
10,1131,dense,537300
10,1132,dense,540100
10,1132,structured_50,451700
10,1133,structured_50,480200
10,1133,dense,1254300
10,1134,dense,1113200
10,1134,structured_50,956100
10,1135,structured_50,963700
10,1135,dense,1142800
10,1136,dense,1155000
10,1136,structured_50,985100
10,1137,structured_50,489400
10,1137,dense,569200
10,1138,dense,974000
10,1138,structured_50,997800
10,1139,structured_50,1028800
10,1139,dense,1282900
10,1140,dense,1177500
10,1140,structured_50,987100
10,1141,structured_50,946600
10,1141,dense,1380300
10,1142,dense,547900
10,1142,structured_50,401900
10,1143,structured_50,402600
10,1143,dense,583800
10,1144,dense,549800
10,1144,structured_50,447300
10,1145,structured_50,436800
10,1145,dense,596600
10,1146,dense,701800
10,1146,structured_50,843000
10,1147,structured_50,974900
10,1147,dense,1428300
10,1148,dense,1193200
10,1148,structured_50,1031400
10,1149,structured_50,1022200
10,1149,dense,1184200
10,1150,dense,777500
10,1150,structured_50,994200
10,1151,structured_50,939000
10,1151,dense,1351400
10,1152,dense,1206000
10,1152,structured_50,883900
10,1153,structured_50,947700
10,1153,dense,1228500
10,1154,dense,1478200
10,1154,structured_50,938600
10,1155,structured_50,960500
10,1155,dense,1174000
10,1156,dense,1192400
10,1156,structured_50,1043700
10,1157,structured_50,1711300
10,1157,dense,1306500
10,1158,dense,1239900
10,1158,structured_50,995900
10,1159,structured_50,1018200
10,1159,dense,1225100
10,1160,dense,1228100
10,1160,structured_50,1011500
10,1161,structured_50,1021000
10,1161,dense,1160900
10,1162,dense,622300
10,1162,structured_50,444200
10,1163,structured_50,441600
10,1163,dense,560800
10,1164,dense,749500
10,1164,structured_50,494200
10,1165,structured_50,407500
10,1165,dense,497700
10,1166,dense,607900
10,1166,structured_50,467100
10,1167,structured_50,815700
10,1167,dense,1229100
10,1168,dense,1291000
10,1168,structured_50,1064100
10,1169,structured_50,732100
10,1169,dense,1196100
10,1170,dense,1214900
10,1170,structured_50,1096600
10,1171,structured_50,1045800
10,1171,dense,1225900
10,1172,dense,1221700
10,1172,structured_50,1030100
10,1173,structured_50,1015200
10,1173,dense,1389500
10,1174,dense,1146500
10,1174,structured_50,933200
10,1175,structured_50,984300
10,1175,dense,1181500
10,1176,dense,1155600
10,1176,structured_50,973900
10,1177,structured_50,949900
10,1177,dense,1184300
10,1178,dense,1143300
10,1178,structured_50,973800
10,1179,structured_50,966700
10,1179,dense,1226600
10,1180,dense,1144600
10,1180,structured_50,973300
10,1181,structured_50,938100
10,1181,dense,1165100
10,1182,dense,1156900
10,1182,structured_50,946500
10,1183,structured_50,933900
10,1183,dense,1176900
10,1184,dense,1264000
10,1184,structured_50,1228200
10,1185,structured_50,963900
10,1185,dense,1226000
10,1186,dense,1214600
10,1186,structured_50,1245100
10,1187,structured_50,1163000
10,1187,dense,1222000
10,1188,dense,1229000
10,1188,structured_50,1023200
10,1189,structured_50,1039100
10,1189,dense,1232800
10,1190,dense,1208800
10,1190,structured_50,1034000
10,1191,structured_50,1000500
10,1191,dense,1215900
10,1192,dense,1200300
10,1192,structured_50,1019900
10,1193,structured_50,993600
10,1193,dense,1232400
10,1194,dense,1193000
10,1194,structured_50,970800
10,1195,structured_50,991100
10,1195,dense,1177400
10,1196,dense,1162100
10,1196,structured_50,996300
10,1197,structured_50,1039500
10,1197,dense,1208300
10,1198,dense,1218200
10,1198,structured_50,1053500
10,1199,structured_50,1000400
10,1199,dense,1239000
10,1200,dense,1199000
10,1200,structured_50,436100
10,1201,structured_50,429200
10,1201,dense,501200
10,1202,dense,523300
10,1202,structured_50,467500
10,1203,structured_50,437400
10,1203,dense,580900
10,1204,dense,573600
10,1204,structured_50,496000
10,1205,structured_50,447600
10,1205,dense,508500
10,1206,dense,485800
10,1206,structured_50,372800
10,1207,structured_50,392600
10,1207,dense,530700
10,1208,dense,577300
10,1208,structured_50,713100
10,1209,structured_50,851400
10,1209,dense,570000
10,1210,dense,1145500
10,1210,structured_50,1048400
10,1211,structured_50,467400
10,1211,dense,495200
10,1212,dense,483700
10,1212,structured_50,627900
10,1213,structured_50,1296700
10,1213,dense,1266100
10,1214,dense,1198800
10,1214,structured_50,1022400
10,1215,structured_50,983800
10,1215,dense,1254600
10,1216,dense,1191300
10,1216,structured_50,1021300
10,1217,structured_50,988900
10,1217,dense,1239300
10,1218,dense,1206700
10,1218,structured_50,994100
10,1219,structured_50,999900
10,1219,dense,1284900
10,1220,dense,1475300
10,1220,structured_50,1009100
10,1221,structured_50,990500
10,1221,dense,1231000
10,1222,dense,1186900
10,1222,structured_50,978000
10,1223,structured_50,978200
10,1223,dense,1161700
10,1224,dense,1184000
10,1224,structured_50,1064400
10,1225,structured_50,639500
10,1225,dense,1040400
10,1226,dense,646300
10,1226,structured_50,701900
10,1227,structured_50,613000
10,1227,dense,1141000
10,1228,dense,1239300
10,1228,structured_50,1004300
10,1229,structured_50,1007900
10,1229,dense,1218900
10,1230,dense,1209500
10,1230,structured_50,1066200
10,1231,structured_50,938800
10,1231,dense,1264200
10,1232,dense,1187200
10,1232,structured_50,999100
10,1233,structured_50,996100
10,1233,dense,1244000
10,1234,dense,1434500
10,1234,structured_50,1107600
10,1235,structured_50,968500
10,1235,dense,1205000
10,1236,dense,1232500
10,1236,structured_50,1022200
10,1237,structured_50,1017900
10,1237,dense,1212000
10,1238,dense,1199200
10,1238,structured_50,1044200
10,1239,structured_50,990900
10,1239,dense,1215100
10,1240,dense,1201600
10,1240,structured_50,1008600
10,1241,structured_50,1189700
10,1241,dense,1178500
10,1242,dense,1216300
10,1242,structured_50,1029800
10,1243,structured_50,1016900
10,1243,dense,1218400
10,1244,dense,1202100
10,1244,structured_50,1017100
10,1245,structured_50,1068900
10,1245,dense,1271600
10,1246,dense,1140000
10,1246,structured_50,1039900
10,1247,structured_50,1088100
10,1247,dense,1178600
10,1248,dense,1163700
10,1248,structured_50,926300
10,1249,structured_50,905700
10,1249,dense,1131100
10,1250,dense,1160600
10,1250,structured_50,952300
10,1251,structured_50,520000
10,1251,dense,512300
10,1252,dense,572100
10,1252,structured_50,399800
10,1253,structured_50,424600
10,1253,dense,662400
10,1254,dense,759300
10,1254,structured_50,444400
10,1255,structured_50,443900
10,1255,dense,625700
10,1256,dense,546400
10,1256,structured_50,394600
10,1257,structured_50,401200
10,1257,dense,508100
10,1258,dense,569300
10,1258,structured_50,439300
10,1259,structured_50,442600
10,1259,dense,762000
10,1260,dense,560600
10,1260,structured_50,907500
10,1261,structured_50,656100
10,1261,dense,633400
10,1262,dense,523200
10,1262,structured_50,405500
10,1263,structured_50,400600
10,1263,dense,580900
10,1264,dense,551800
10,1264,structured_50,437800
10,1265,structured_50,559900
10,1265,dense,518100
10,1266,dense,496200
10,1266,structured_50,457200
10,1267,structured_50,432500
10,1267,dense,763500
10,1268,dense,578800
10,1268,structured_50,395800
10,1269,structured_50,394400
10,1269,dense,525800
10,1270,dense,546100
10,1270,structured_50,521200
10,1271,structured_50,1078500
10,1271,dense,1125800
10,1272,dense,681000
10,1272,structured_50,957200
10,1273,structured_50,1703900
10,1273,dense,740900
10,1274,dense,558800
10,1274,structured_50,421600
10,1275,structured_50,982900
10,1275,dense,1524600
10,1276,dense,1470100
10,1276,structured_50,1034600
10,1277,structured_50,594400
10,1277,dense,670200
10,1278,dense,511300
10,1278,structured_50,390800
10,1279,structured_50,379600
10,1279,dense,510300
10,1280,dense,574200
10,1280,structured_50,434000
10,1281,structured_50,429600
10,1281,dense,533800
10,1282,dense,569500
10,1282,structured_50,439700
10,1283,structured_50,432900
10,1283,dense,1368500
10,1284,dense,969800
10,1284,structured_50,953800
10,1285,structured_50,1144600
10,1285,dense,943700
10,1286,dense,697200
10,1286,structured_50,712600
10,1287,structured_50,969100
10,1287,dense,1113500
10,1288,dense,1202200
10,1288,structured_50,953200
10,1289,structured_50,971400
10,1289,dense,1231000
10,1290,dense,1249700
10,1290,structured_50,1361700
10,1291,structured_50,1786000
10,1291,dense,1189300
10,1292,dense,1262800
10,1292,structured_50,1039100
10,1293,structured_50,1041000
10,1293,dense,1221200
10,1294,dense,1208900
10,1294,structured_50,1053500
10,1295,structured_50,1008800
10,1295,dense,704000
10,1296,dense,549500
10,1296,structured_50,429400
10,1297,structured_50,479300
10,1297,dense,798600
10,1298,dense,1532800
10,1298,structured_50,973000
10,1299,structured_50,974300
10,1299,dense,1257800
10,1300,dense,1259500
10,1300,structured_50,1067400
10,1301,structured_50,547500
10,1301,dense,1121000
10,1302,dense,1406300
10,1302,structured_50,1098500
10,1303,structured_50,1034800
10,1303,dense,1223900
10,1304,dense,1195300
10,1304,structured_50,958600
10,1305,structured_50,1024500
10,1305,dense,1334000
10,1306,dense,1121500
10,1306,structured_50,956800
10,1307,structured_50,947800
10,1307,dense,1160600
10,1308,dense,1139900
10,1308,structured_50,967100
10,1309,structured_50,945600
10,1309,dense,1163900
10,1310,dense,1141500
10,1310,structured_50,964600
10,1311,structured_50,947600
10,1311,dense,1179000
10,1312,dense,1155200
10,1312,structured_50,1006300
10,1313,structured_50,939400
10,1313,dense,1222700
10,1314,dense,1106100
10,1314,structured_50,946000
10,1315,structured_50,961500
10,1315,dense,1140200
10,1316,dense,1158200
10,1316,structured_50,1117100
10,1317,structured_50,1755900
10,1317,dense,1281600
10,1318,dense,1231400
10,1318,structured_50,1009000
10,1319,structured_50,982500
10,1319,dense,1208000
10,1320,dense,1355200
10,1320,structured_50,992200
10,1321,structured_50,975900
10,1321,dense,1210000
10,1322,dense,1238100
10,1322,structured_50,993900
10,1323,structured_50,1019000
10,1323,dense,1229500
10,1324,dense,1194700
10,1324,structured_50,1026700
10,1325,structured_50,999300
10,1325,dense,1222000
10,1326,dense,1271400
10,1326,structured_50,952100
10,1327,structured_50,956300
10,1327,dense,1216900
10,1328,dense,1148300
10,1328,structured_50,966200
10,1329,structured_50,939900
10,1329,dense,1178600
10,1330,dense,1160100
10,1330,structured_50,1130600
10,1331,structured_50,823600
10,1331,dense,550600
10,1332,dense,599300
10,1332,structured_50,433700
10,1333,structured_50,392600
10,1333,dense,491300
10,1334,dense,489400
10,1334,structured_50,465300
10,1335,structured_50,425000
10,1335,dense,627600
10,1336,dense,645100
10,1336,structured_50,436900
10,1337,structured_50,418200
10,1337,dense,496000
10,1338,dense,512500
10,1338,structured_50,991400
10,1339,structured_50,893900
10,1339,dense,1138100
10,1340,dense,1343000
10,1340,structured_50,1123400
10,1341,structured_50,450300
10,1341,dense,526500
10,1342,dense,521700
10,1342,structured_50,450000
10,1343,structured_50,423200
10,1343,dense,523800
10,1344,dense,525300
10,1344,structured_50,478800
10,1345,structured_50,433500
10,1345,dense,537300
10,1346,dense,521300
10,1346,structured_50,450600
10,1347,structured_50,426600
10,1347,dense,528100
10,1348,dense,1085100
10,1348,structured_50,1538600
10,1349,structured_50,1795300
10,1349,dense,1098100
10,1350,dense,1203600
10,1350,structured_50,975500
10,1351,structured_50,854900
10,1351,dense,677100
10,1352,dense,559800
10,1352,structured_50,525700
10,1353,structured_50,558800
10,1353,dense,633300
10,1354,dense,689400
10,1354,structured_50,510400
10,1355,structured_50,490300
10,1355,dense,1041500
10,1356,dense,996100
10,1356,structured_50,646400
10,1357,structured_50,416200
10,1357,dense,511700
10,1358,dense,569300
10,1358,structured_50,449700
10,1359,structured_50,433700
10,1359,dense,557800
10,1360,dense,943700
10,1360,structured_50,1848500
10,1361,structured_50,1049300
10,1361,dense,1223900
10,1362,dense,1285000
10,1362,structured_50,957200
10,1363,structured_50,914600
10,1363,dense,1176000
10,1364,dense,1153500
10,1364,structured_50,953300
10,1365,structured_50,964000
10,1365,dense,1150800
10,1366,dense,1164500
10,1366,structured_50,949800
10,1367,structured_50,1131600
10,1367,dense,728400
10,1368,dense,526400
10,1368,structured_50,402800
10,1369,structured_50,383100
10,1369,dense,560200
10,1370,dense,695300
10,1370,structured_50,569800
10,1371,structured_50,393100
10,1371,dense,481200
10,1372,dense,552200
10,1372,structured_50,495700
10,1373,structured_50,449400
10,1373,dense,571600
10,1374,dense,559100
10,1374,structured_50,471400
10,1375,structured_50,438500
10,1375,dense,1029500
10,1376,dense,1143000
10,1376,structured_50,1218600
10,1377,structured_50,1707300
10,1377,dense,1210600
10,1378,dense,1231100
10,1378,structured_50,1011200
10,1379,structured_50,997200
10,1379,dense,1211100
10,1380,dense,1193500
10,1380,structured_50,1015000
10,1381,structured_50,987700
10,1381,dense,1213500
10,1382,dense,1184200
10,1382,structured_50,1017500
10,1383,structured_50,1191600
10,1383,dense,1208300
10,1384,dense,1206500
10,1384,structured_50,1008800
10,1385,structured_50,1016700
10,1385,dense,1207600
10,1386,dense,1292800
10,1386,structured_50,602300
10,1387,structured_50,1023600
10,1387,dense,898300
10,1388,dense,565200
10,1388,structured_50,448600
10,1389,structured_50,414100
10,1389,dense,679700
10,1390,dense,773400
10,1390,structured_50,460600
10,1391,structured_50,435700
10,1391,dense,579300
10,1392,dense,727600
10,1392,structured_50,599400
10,1393,structured_50,861800
10,1393,dense,833000
10,1394,dense,838400
10,1394,structured_50,1883800
10,1395,structured_50,984600
10,1395,dense,1208500
10,1396,dense,1330600
10,1396,structured_50,1006400
10,1397,structured_50,1016200
10,1397,dense,1198900
10,1398,dense,1213900
10,1398,structured_50,986200
10,1399,structured_50,1013700
10,1399,dense,1184400
10,1400,dense,1266300
10,1400,structured_50,948200
10,1401,structured_50,985600
10,1401,dense,1214800
10,1402,dense,1268400
10,1402,structured_50,1017700
10,1403,structured_50,983200
10,1403,dense,1206800
10,1404,dense,810600
10,1404,structured_50,425900
10,1405,structured_50,402700
10,1405,dense,1128200
10,1406,dense,1200000
10,1406,structured_50,457600
10,1407,structured_50,446400
10,1407,dense,749100
10,1408,dense,609100
10,1408,structured_50,406300
10,1409,structured_50,382300
10,1409,dense,547300
10,1410,dense,528700
10,1410,structured_50,430000
10,1411,structured_50,424600
10,1411,dense,570300
10,1412,dense,554100
10,1412,structured_50,441000
10,1413,structured_50,492600
10,1413,dense,622000
10,1414,dense,518800
10,1414,structured_50,503000
10,1415,structured_50,821900
10,1415,dense,1135300
10,1416,dense,1110700
10,1416,structured_50,982000
10,1417,structured_50,949500
10,1417,dense,1166900
10,1418,dense,1162600
10,1418,structured_50,877400
10,1419,structured_50,487700
10,1419,dense,974300
10,1420,dense,705200
10,1420,structured_50,412500
10,1421,structured_50,456300
10,1421,dense,558200
10,1422,dense,547200
10,1422,structured_50,434000
10,1423,structured_50,460900
10,1423,dense,552100
10,1424,dense,581600
10,1424,structured_50,429500
10,1425,structured_50,443700
10,1425,dense,809500
10,1426,dense,1130400
10,1426,structured_50,615200
10,1427,structured_50,799100
10,1427,dense,716100
10,1428,dense,539500
10,1428,structured_50,439400
10,1429,structured_50,796500
10,1429,dense,673300
10,1430,dense,552400
10,1430,structured_50,412500
10,1431,structured_50,430300
10,1431,dense,808700
10,1432,dense,528800
10,1432,structured_50,413500
10,1433,structured_50,380700
10,1433,dense,473400
10,1434,dense,491400
10,1434,structured_50,445700
10,1435,structured_50,451800
10,1435,dense,542600
10,1436,dense,542800
10,1436,structured_50,431400
10,1437,structured_50,438900
10,1437,dense,526500
10,1438,dense,526300
10,1438,structured_50,414700
10,1439,structured_50,709300
10,1439,dense,1761300
10,1440,dense,1313900
10,1440,structured_50,500000
10,1441,structured_50,695000
10,1441,dense,538400
10,1442,dense,648500
10,1442,structured_50,999000
10,1443,structured_50,534100
10,1443,dense,1058800
10,1444,dense,1098600
10,1444,structured_50,1040900
10,1445,structured_50,981800
10,1445,dense,1385700
10,1446,dense,1133500
10,1446,structured_50,948300
10,1447,structured_50,1053400
10,1447,dense,2600000
10,1448,dense,2538800
10,1448,structured_50,1984900
10,1449,structured_50,1070100
10,1449,dense,1115200
10,1450,dense,1213200
10,1450,structured_50,1041100
10,1451,structured_50,1013800
10,1451,dense,1200100
10,1452,dense,1299500
10,1452,structured_50,1050900
10,1453,structured_50,981900
10,1453,dense,1330000
10,1454,dense,1324100
10,1454,structured_50,545800
10,1455,structured_50,501800
10,1455,dense,685700
10,1456,dense,579000
10,1456,structured_50,422900
10,1457,structured_50,407000
10,1457,dense,925500
10,1458,dense,663200
10,1458,structured_50,579200
10,1459,structured_50,456400
10,1459,dense,630300
10,1460,dense,633200
10,1460,structured_50,479200
10,1461,structured_50,444100
10,1461,dense,1111400
10,1462,dense,1979300
10,1462,structured_50,1158500
10,1463,structured_50,1272400
10,1463,dense,1275300
10,1464,dense,1445900
10,1464,structured_50,1131600
10,1465,structured_50,1029000
10,1465,dense,1283300
10,1466,dense,1079500
10,1466,structured_50,584200
10,1467,structured_50,969700
10,1467,dense,1323600
10,1468,dense,1401100
10,1468,structured_50,1239000
10,1469,structured_50,943200
10,1469,dense,1156300
10,1470,dense,1196400
10,1470,structured_50,1012200
10,1471,structured_50,971000
10,1471,dense,1096100
10,1472,dense,1247600
10,1472,structured_50,1111400
10,1473,structured_50,636800
10,1473,dense,1746800
10,1474,dense,1529500
10,1474,structured_50,1092900
10,1475,structured_50,986100
10,1475,dense,1317100
10,1476,dense,993300
10,1476,structured_50,501000
10,1477,structured_50,471000
10,1477,dense,1377100
10,1478,dense,1574300
10,1478,structured_50,1127500
10,1479,structured_50,1033900
10,1479,dense,1287500
10,1480,dense,1259400
10,1480,structured_50,1072300
10,1481,structured_50,832500
10,1481,dense,878200
10,1482,dense,1359200
10,1482,structured_50,1061100
10,1483,structured_50,1552400
10,1483,dense,1267900
10,1484,dense,1219600
10,1484,structured_50,976900
10,1485,structured_50,961600
10,1485,dense,1154000
10,1486,dense,1215900
10,1486,structured_50,1046100
10,1487,structured_50,1051100
10,1487,dense,1281700
10,1488,dense,1252800
10,1488,structured_50,1036400
10,1489,structured_50,993600
10,1489,dense,1418800
10,1490,dense,1246800
10,1490,structured_50,1014300
10,1491,structured_50,1036900
10,1491,dense,1249000
10,1492,dense,1248900
10,1492,structured_50,1073400
10,1493,structured_50,1004200
10,1493,dense,1240800
10,1494,dense,1210400
10,1494,structured_50,1039000
10,1495,structured_50,1006200
10,1495,dense,1454000
10,1496,dense,1441400
10,1496,structured_50,962300
10,1497,structured_50,1073000
10,1497,dense,1195900
10,1498,dense,1176800
10,1498,structured_50,955500
10,1499,structured_50,961600
10,1499,dense,1146700
10,1500,dense,1191100
10,1500,structured_50,967200
10,1501,structured_50,1009400
10,1501,dense,1179300
10,1502,dense,1370700
10,1502,structured_50,1875300
10,1503,structured_50,1939800
10,1503,dense,1286400
10,1504,dense,1186700
10,1504,structured_50,1162100
10,1505,structured_50,1103200
10,1505,dense,1475500
10,1506,dense,1358500
10,1506,structured_50,1102600
10,1507,structured_50,984900
10,1507,dense,1189300
10,1508,dense,1142600
10,1508,structured_50,975100
10,1509,structured_50,939300
10,1509,dense,1350800
10,1510,dense,1245500
10,1510,structured_50,1020000
10,1511,structured_50,1026500
10,1511,dense,1227400
10,1512,dense,1397500
10,1512,structured_50,982300
10,1513,structured_50,1017900
10,1513,dense,1350800
10,1514,dense,1226600
10,1514,structured_50,1536700
10,1515,structured_50,1048100
10,1515,dense,1252200
10,1516,dense,1557000
10,1516,structured_50,1292400
10,1517,structured_50,1065200
10,1517,dense,1290500
10,1518,dense,1229700
10,1518,structured_50,1015900
10,1519,structured_50,1143100
10,1519,dense,1373200
10,1520,dense,1330000
10,1520,structured_50,1057400
10,1521,structured_50,978700
10,1521,dense,1199900
10,1522,dense,1141900
10,1522,structured_50,969200
10,1523,structured_50,939100
10,1523,dense,1425400
10,1524,dense,1525000
10,1524,structured_50,1071600
10,1525,structured_50,1280100
10,1525,dense,1192900
10,1526,dense,1187200
10,1526,structured_50,968800
10,1527,structured_50,950900
10,1527,dense,1164500
10,1528,dense,1352300
10,1528,structured_50,1048900
10,1529,structured_50,1133400
10,1529,dense,1229500
10,1530,dense,1461500
10,1530,structured_50,1364900
10,1531,structured_50,1158000
10,1531,dense,1318800
10,1532,dense,1238500
10,1532,structured_50,1004400
10,1533,structured_50,1213900
10,1533,dense,1306700
10,1534,dense,1688700
10,1534,structured_50,1163000
10,1535,structured_50,1064200
10,1535,dense,1293700
10,1536,dense,1267700
10,1536,structured_50,1043900
10,1537,structured_50,1236100
10,1537,dense,1211000
10,1538,dense,1182100
10,1538,structured_50,1137400
10,1539,structured_50,975900
10,1539,dense,1199300
10,1540,dense,1154200
10,1540,structured_50,987400
10,1541,structured_50,1052700
10,1541,dense,1112500
10,1542,dense,1663100
10,1542,structured_50,901400
10,1543,structured_50,1108200
10,1543,dense,905800
10,1544,dense,1183900
10,1544,structured_50,483800
10,1545,structured_50,456600
10,1545,dense,562200
10,1546,dense,589300
10,1546,structured_50,518800
10,1547,structured_50,458500
10,1547,dense,586700
10,1548,dense,574400
10,1548,structured_50,886300
10,1549,structured_50,1289600
10,1549,dense,748000
10,1550,dense,986600
10,1550,structured_50,465900
10,1551,structured_50,402100
10,1551,dense,495700
10,1552,dense,616500
10,1552,structured_50,465300
10,1553,structured_50,443800
10,1553,dense,560300
10,1554,dense,608300
10,1554,structured_50,471100
10,1555,structured_50,444700
10,1555,dense,571600
10,1556,dense,609300
10,1556,structured_50,440900
10,1557,structured_50,433500
10,1557,dense,543800
10,1558,dense,1208200
10,1558,structured_50,499700
10,1559,structured_50,462000
10,1559,dense,504100
10,1560,dense,611600
10,1560,structured_50,1018500
10,1561,structured_50,580600
10,1561,dense,766900
10,1562,dense,655800
10,1562,structured_50,502200
10,1563,structured_50,600100
10,1563,dense,568100
10,1564,dense,732000
10,1564,structured_50,424900
10,1565,structured_50,374900
10,1565,dense,485000
10,1566,dense,1091700
10,1566,structured_50,1026800
10,1567,structured_50,1083000
10,1567,dense,853800
10,1568,dense,1171600
10,1568,structured_50,1045100
10,1569,structured_50,989900
10,1569,dense,1218800
10,1570,dense,1210200
10,1570,structured_50,1113200
10,1571,structured_50,984700
10,1571,dense,1203000
10,1572,dense,611200
10,1572,structured_50,447400
10,1573,structured_50,469400
10,1573,dense,533000
10,1574,dense,797300
10,1574,structured_50,1090400
10,1575,structured_50,1124700
10,1575,dense,1274300
10,1576,dense,1186700
10,1576,structured_50,953100
10,1577,structured_50,972800
10,1577,dense,1162200
10,1578,dense,1272800
10,1578,structured_50,971300
10,1579,structured_50,1023600
10,1579,dense,1179800
10,1580,dense,1240500
10,1580,structured_50,1185100
10,1581,structured_50,971100
10,1581,dense,1222600
10,1582,dense,1211100
10,1582,structured_50,1008800
10,1583,structured_50,1001200
10,1583,dense,1204000
10,1584,dense,1212300
10,1584,structured_50,1008400
10,1585,structured_50,1010900
10,1585,dense,1209300
10,1586,dense,1182400
10,1586,structured_50,1011200
10,1587,structured_50,992600
10,1587,dense,1228000
10,1588,dense,1173800
10,1588,structured_50,1076700
10,1589,structured_50,942900
10,1589,dense,1181200
10,1590,dense,1165100
10,1590,structured_50,956300
10,1591,structured_50,940500
10,1591,dense,1161400
10,1592,dense,1157400
10,1592,structured_50,975700
10,1593,structured_50,977500
10,1593,dense,1154000
10,1594,dense,1208500
10,1594,structured_50,1203500
10,1595,structured_50,1033300
10,1595,dense,1255400
10,1596,dense,1240000
10,1596,structured_50,1029500
10,1597,structured_50,1051500
10,1597,dense,1242000
10,1598,dense,734900
10,1598,structured_50,437400
10,1599,structured_50,405600
10,1599,dense,962900
10,1600,dense,1197700
10,1600,structured_50,1023900
10,1601,structured_50,1030800
10,1601,dense,1207100
10,1602,dense,1309000
10,1602,structured_50,692600
10,1603,structured_50,429000
10,1603,dense,508200
10,1604,dense,530600
10,1604,structured_50,464600
10,1605,structured_50,1034700
10,1605,dense,1197600
10,1606,dense,1307800
10,1606,structured_50,978100
10,1607,structured_50,964700
10,1607,dense,1183000
10,1608,dense,1250700
10,1608,structured_50,662800
10,1609,structured_50,907700
10,1609,dense,1141900
10,1610,dense,1868000
10,1610,structured_50,1591200
10,1611,structured_50,943400
10,1611,dense,1208500
10,1612,dense,1253800
10,1612,structured_50,973600
10,1613,structured_50,973100
10,1613,dense,1235000
10,1614,dense,1207800
10,1614,structured_50,1065500
10,1615,structured_50,982300
10,1615,dense,1165600
10,1616,dense,1209300
10,1616,structured_50,999000
10,1617,structured_50,999800
10,1617,dense,1218600
10,1618,dense,1221200
10,1618,structured_50,1012300
10,1619,structured_50,445500
10,1619,dense,487200
10,1620,dense,475100
10,1620,structured_50,786600
10,1621,structured_50,838600
10,1621,dense,1128100
10,1622,dense,1179200
10,1622,structured_50,983800
10,1623,structured_50,952400
10,1623,dense,1169400
10,1624,dense,1142000
10,1624,structured_50,980400
10,1625,structured_50,946800
10,1625,dense,1169700
10,1626,dense,1219100
10,1626,structured_50,1005500
10,1627,structured_50,974600
10,1627,dense,1250700
10,1628,dense,1217000
10,1628,structured_50,997800
10,1629,structured_50,1010500
10,1629,dense,1196000
10,1630,dense,1216200
10,1630,structured_50,954300
10,1631,structured_50,1276800
10,1631,dense,1142100
10,1632,dense,1196500
10,1632,structured_50,981000
10,1633,structured_50,949900
10,1633,dense,1180200
10,1634,dense,1162300
10,1634,structured_50,982500
10,1635,structured_50,938500
10,1635,dense,1154000
10,1636,dense,1177700
10,1636,structured_50,1007300
10,1637,structured_50,926700
10,1637,dense,1246400
10,1638,dense,1336300
10,1638,structured_50,2096700
10,1639,structured_50,1010100
10,1639,dense,1233800
10,1640,dense,1217600
10,1640,structured_50,984800
10,1641,structured_50,1028300
10,1641,dense,1186500
10,1642,dense,1175000
10,1642,structured_50,952300
10,1643,structured_50,957800
10,1643,dense,1152400
10,1644,dense,1161800
10,1644,structured_50,1259900
10,1645,structured_50,1665500
10,1645,dense,1219200
10,1646,dense,1276800
10,1646,structured_50,1027500
10,1647,structured_50,995200
10,1647,dense,1204700
10,1648,dense,1178600
10,1648,structured_50,1001800
10,1649,structured_50,976500
10,1649,dense,1200100
10,1650,dense,1179100
10,1650,structured_50,1031300
10,1651,structured_50,990400
10,1651,dense,1230500
10,1652,dense,1221700
10,1652,structured_50,999300
10,1653,structured_50,1008200
10,1653,dense,1192500
10,1654,dense,1216000
10,1654,structured_50,991500
10,1655,structured_50,1011600
10,1655,dense,1213500
10,1656,dense,1237800
10,1656,structured_50,1036800
10,1657,structured_50,992900
10,1657,dense,1213500
10,1658,dense,1208700
10,1658,structured_50,1188600
10,1659,structured_50,915400
10,1659,dense,1088800
10,1660,dense,1303600
10,1660,structured_50,999400
10,1661,structured_50,968900
10,1661,dense,1140300
10,1662,dense,1165100
10,1662,structured_50,937300
10,1663,structured_50,963700
10,1663,dense,1142000
10,1664,dense,1180300
10,1664,structured_50,987700
10,1665,structured_50,968200
10,1665,dense,906500
10,1666,dense,576000
10,1666,structured_50,419500
10,1667,structured_50,504200
10,1667,dense,568200
10,1668,dense,546700
10,1668,structured_50,437700
10,1669,structured_50,529700
10,1669,dense,592800
10,1670,dense,553300
10,1670,structured_50,465800
10,1671,structured_50,456400
10,1671,dense,622800
10,1672,dense,496600
10,1672,structured_50,521000
10,1673,structured_50,645600
10,1673,dense,1074200
10,1674,dense,733000
10,1674,structured_50,692400
10,1675,structured_50,1036300
10,1675,dense,1544200
10,1676,dense,665700
10,1676,structured_50,456700
10,1677,structured_50,418400
10,1677,dense,520100
10,1678,dense,1327700
10,1678,structured_50,501200
10,1679,structured_50,453700
10,1679,dense,563200
10,1680,dense,484700
10,1680,structured_50,393300
10,1681,structured_50,462000
10,1681,dense,567800
10,1682,dense,559500
10,1682,structured_50,448700
10,1683,structured_50,803800
10,1683,dense,687400
10,1684,dense,580800
10,1684,structured_50,444100
10,1685,structured_50,386500
10,1685,dense,479700
10,1686,dense,546100
10,1686,structured_50,455300
10,1687,structured_50,459700
10,1687,dense,635100
10,1688,dense,508200
10,1688,structured_50,440200
10,1689,structured_50,402400
10,1689,dense,568200
10,1690,dense,584100
10,1690,structured_50,460000
10,1691,structured_50,426900
10,1691,dense,595600
10,1692,dense,903300
10,1692,structured_50,1354200
10,1693,structured_50,1214300
10,1693,dense,620200
10,1694,dense,531700
10,1694,structured_50,491300
10,1695,structured_50,519600
10,1695,dense,645900
10,1696,dense,527100
10,1696,structured_50,395900
10,1697,structured_50,393100
10,1697,dense,472000
10,1698,dense,574600
10,1698,structured_50,454300
10,1699,structured_50,448600
10,1699,dense,538900
10,1700,dense,578900
10,1700,structured_50,522900
10,1701,structured_50,396500
10,1701,dense,498300
10,1702,dense,762300
10,1702,structured_50,862200
10,1703,structured_50,672700
10,1703,dense,528900
10,1704,dense,505500
10,1704,structured_50,374200
10,1705,structured_50,712600
10,1705,dense,780200
10,1706,dense,505400
10,1706,structured_50,396900
10,1707,structured_50,406100
10,1707,dense,604900
10,1708,dense,531400
10,1708,structured_50,449400
10,1709,structured_50,421700
10,1709,dense,562800
10,1710,dense,546000
10,1710,structured_50,427500
10,1711,structured_50,434000
10,1711,dense,550900
10,1712,dense,539200
10,1712,structured_50,417100
10,1713,structured_50,774600
10,1713,dense,535300
10,1714,dense,503000
10,1714,structured_50,383600
10,1715,structured_50,424900
10,1715,dense,573700
10,1716,dense,543700
10,1716,structured_50,418700
10,1717,structured_50,436500
10,1717,dense,554900
10,1718,dense,552700
10,1718,structured_50,461500
10,1719,structured_50,421000
10,1719,dense,553400
10,1720,dense,524600
10,1720,structured_50,903300
10,1721,structured_50,521700
10,1721,dense,799500
10,1722,dense,1186600
10,1722,structured_50,1185500
10,1723,structured_50,845200
10,1723,dense,559300
10,1724,dense,648100
10,1724,structured_50,474600
10,1725,structured_50,410300
10,1725,dense,500300
10,1726,dense,538600
10,1726,structured_50,966500
10,1727,structured_50,1173800
10,1727,dense,574800
10,1728,dense,585200
10,1728,structured_50,466600
10,1729,structured_50,438200
10,1729,dense,543400
10,1730,dense,532300
10,1730,structured_50,587800
10,1731,structured_50,984500
10,1731,dense,1257300
10,1732,dense,2143400
10,1732,structured_50,1007900
10,1733,structured_50,995700
10,1733,dense,747700
10,1734,dense,730900
10,1734,structured_50,1021000
10,1735,structured_50,916000
10,1735,dense,1129300
10,1736,dense,1633900
10,1736,structured_50,1720300
10,1737,structured_50,1315300
10,1737,dense,1232700
10,1738,dense,1227100
10,1738,structured_50,1003500
10,1739,structured_50,1086100
10,1739,dense,1075100
10,1740,dense,1823500
10,1740,structured_50,1209100
10,1741,structured_50,1005400
10,1741,dense,1549200
10,1742,dense,1254600
10,1742,structured_50,989800
10,1743,structured_50,1005000
10,1743,dense,1187000
10,1744,dense,1196600
10,1744,structured_50,981200
10,1745,structured_50,978000
10,1745,dense,1172400
10,1746,dense,1166200
10,1746,structured_50,958800
10,1747,structured_50,971000
10,1747,dense,1174100
10,1748,dense,1243100
10,1748,structured_50,1016700
10,1749,structured_50,1034000
10,1749,dense,1190400
10,1750,dense,1159300
10,1750,structured_50,980600
10,1751,structured_50,947300
10,1751,dense,1263900
10,1752,dense,1187500
10,1752,structured_50,986800
10,1753,structured_50,966800
10,1753,dense,1191900
10,1754,dense,1215200
10,1754,structured_50,995400
10,1755,structured_50,995500
10,1755,dense,1364800
10,1756,dense,1417500
10,1756,structured_50,1114600
10,1757,structured_50,981200
10,1757,dense,992200
10,1758,dense,548900
10,1758,structured_50,417300
10,1759,structured_50,823100
10,1759,dense,1208200
10,1760,dense,1318800
10,1760,structured_50,1056600
10,1761,structured_50,927600
10,1761,dense,1283700
10,1762,dense,1290500
10,1762,structured_50,1094900
10,1763,structured_50,790200
10,1763,dense,1230500
10,1764,dense,1458400
10,1764,structured_50,1291100
10,1765,structured_50,1482700
10,1765,dense,1398900
10,1766,dense,1401800
10,1766,structured_50,1153300
10,1767,structured_50,935500
10,1767,dense,1169600
10,1768,dense,1209600
10,1768,structured_50,952100
10,1769,structured_50,963500
10,1769,dense,1199600
10,1770,dense,1574000
10,1770,structured_50,1029300
10,1771,structured_50,998800
10,1771,dense,1206800
10,1772,dense,1322600
10,1772,structured_50,1001000
10,1773,structured_50,967900
10,1773,dense,1231100
10,1774,dense,1396200
10,1774,structured_50,1227800
10,1775,structured_50,1301700
10,1775,dense,2235400
10,1776,dense,1360400
10,1776,structured_50,1125300
10,1777,structured_50,1030900
10,1777,dense,1282900
10,1778,dense,1226500
10,1778,structured_50,1068800
10,1779,structured_50,1068600
10,1779,dense,1295700
10,1780,dense,1268200
10,1780,structured_50,1073900
10,1781,structured_50,1197700
10,1781,dense,1275700
10,1782,dense,1228200
10,1782,structured_50,1064500
10,1783,structured_50,1038200
10,1783,dense,1264800
10,1784,dense,1273800
10,1784,structured_50,1033300
10,1785,structured_50,1101900
10,1785,dense,1315800
10,1786,dense,1290200
10,1786,structured_50,1050700
10,1787,structured_50,1062700
10,1787,dense,1281400
10,1788,dense,1254800
10,1788,structured_50,1075600
10,1789,structured_50,1062800
10,1789,dense,1249200
10,1790,dense,1259800
10,1790,structured_50,1013200
10,1791,structured_50,993100
10,1791,dense,1196900
10,1792,dense,1203800
10,1792,structured_50,1019900
10,1793,structured_50,1098700
10,1793,dense,1264300
10,1794,dense,1312300
10,1794,structured_50,1084100
10,1795,structured_50,1072900
10,1795,dense,1344000
10,1796,dense,1473900
10,1796,structured_50,1195900
10,1797,structured_50,1164600
10,1797,dense,1348100
10,1798,dense,1302500
10,1798,structured_50,1050100
10,1799,structured_50,1048800
10,1799,dense,1352900
10,1800,dense,1321000
10,1800,structured_50,1146700
10,1801,structured_50,1046400
10,1801,dense,1295500
10,1802,dense,1501700
10,1802,structured_50,1046600
10,1803,structured_50,991500
10,1803,dense,1273300
10,1804,dense,1276200
10,1804,structured_50,989500
10,1805,structured_50,982000
10,1805,dense,1152800
10,1806,dense,1192900
10,1806,structured_50,1059000
10,1807,structured_50,1001000
10,1807,dense,1205500
10,1808,dense,1183800
10,1808,structured_50,982100
10,1809,structured_50,960800
10,1809,dense,1190000
10,1810,dense,1142000
10,1810,structured_50,976600
10,1811,structured_50,937800
10,1811,dense,1171400
10,1812,dense,1204600
10,1812,structured_50,980100
10,1813,structured_50,887600
10,1813,dense,1424700
10,1814,dense,1180900
10,1814,structured_50,1037600
10,1815,structured_50,1024600
10,1815,dense,1256400
10,1816,dense,1241400
10,1816,structured_50,1015900
10,1817,structured_50,1134600
10,1817,dense,1269300
10,1818,dense,1319300
10,1818,structured_50,1228000
10,1819,structured_50,1183300
10,1819,dense,1390300
10,1820,dense,1543200
10,1820,structured_50,1076200
10,1821,structured_50,1032500
10,1821,dense,1428300
10,1822,dense,1549100
10,1822,structured_50,1131300
10,1823,structured_50,1064500
10,1823,dense,1485700
10,1824,dense,1470800
10,1824,structured_50,1099600
10,1825,structured_50,1041500
10,1825,dense,1297700
10,1826,dense,1459600
10,1826,structured_50,1197200
10,1827,structured_50,952000
10,1827,dense,1319600
10,1828,dense,1248200
10,1828,structured_50,1027800
10,1829,structured_50,1003700
10,1829,dense,1177700
10,1830,dense,1177300
10,1830,structured_50,984300
10,1831,structured_50,1027400
10,1831,dense,1222600
10,1832,dense,1248000
10,1832,structured_50,1008400
10,1833,structured_50,1056600
10,1833,dense,1280100
10,1834,dense,1255000
10,1834,structured_50,1069500
10,1835,structured_50,1030200
10,1835,dense,1297000
10,1836,dense,1327800
10,1836,structured_50,1077500
10,1837,structured_50,1186400
10,1837,dense,1319100
10,1838,dense,1274400
10,1838,structured_50,1084800
10,1839,structured_50,1059000
10,1839,dense,1313000
10,1840,dense,1254300
10,1840,structured_50,1035300
10,1841,structured_50,1033200
10,1841,dense,1294000
10,1842,dense,1237300
10,1842,structured_50,1006500
10,1843,structured_50,1017000
10,1843,dense,1177400
10,1844,dense,1193800
10,1844,structured_50,992100
10,1845,structured_50,971600
10,1845,dense,1273200
10,1846,dense,1236600
10,1846,structured_50,1193700
10,1847,structured_50,1134100
10,1847,dense,1276400
10,1848,dense,1276300
10,1848,structured_50,1044500
10,1849,structured_50,1106900
10,1849,dense,1365300
10,1850,dense,1357600
10,1850,structured_50,1200700
10,1851,structured_50,1108800
10,1851,dense,1346100
10,1852,dense,1342400
10,1852,structured_50,1143500
10,1853,structured_50,1121600
10,1853,dense,1263900
10,1854,dense,1296200
10,1854,structured_50,1077000
10,1855,structured_50,1109100
10,1855,dense,1323900
10,1856,dense,1416400
10,1856,structured_50,1143700
10,1857,structured_50,1152800
10,1857,dense,1297700
10,1858,dense,1448700
10,1858,structured_50,1145000
10,1859,structured_50,1085000
10,1859,dense,1400200
10,1860,dense,1381600
10,1860,structured_50,1084700
10,1861,structured_50,1122200
10,1861,dense,1367500
10,1862,dense,1340800
10,1862,structured_50,1132000
10,1863,structured_50,1175500
10,1863,dense,1255400
10,1864,dense,1271100
10,1864,structured_50,1058800
10,1865,structured_50,1026300
10,1865,dense,1322800
10,1866,dense,1316400
10,1866,structured_50,1139400
10,1867,structured_50,1104000
10,1867,dense,1408400
10,1868,dense,1443200
10,1868,structured_50,1116900
10,1869,structured_50,1108400
10,1869,dense,1489800
10,1870,dense,1315700
10,1870,structured_50,1323200
10,1871,structured_50,1112600
10,1871,dense,1371800
10,1872,dense,1358000
10,1872,structured_50,1141900
10,1873,structured_50,1083400
10,1873,dense,1303100
10,1874,dense,1259300
10,1874,structured_50,1066700
10,1875,structured_50,1046900
10,1875,dense,1300200
10,1876,dense,1284500
10,1876,structured_50,1089800
10,1877,structured_50,1076100
10,1877,dense,1338400
10,1878,dense,1360900
10,1878,structured_50,1128200
10,1879,structured_50,1088500
10,1879,dense,1354000
10,1880,dense,1283700
10,1880,structured_50,1082600
10,1881,structured_50,1077300
10,1881,dense,1328800
10,1882,dense,1284400
10,1882,structured_50,1061200
10,1883,structured_50,1055600
10,1883,dense,1262600
10,1884,dense,1266100
10,1884,structured_50,1080200
10,1885,structured_50,1013000
10,1885,dense,1304400
10,1886,dense,1238400
10,1886,structured_50,1070000
10,1887,structured_50,1047200
10,1887,dense,1258200
10,1888,dense,1247900
10,1888,structured_50,1026200
10,1889,structured_50,1037800
10,1889,dense,1269200
10,1890,dense,1260800
10,1890,structured_50,1069800
10,1891,structured_50,1034700
10,1891,dense,1264000
10,1892,dense,1261900
10,1892,structured_50,1064100
10,1893,structured_50,1010700
10,1893,dense,1255600
10,1894,dense,1263100
10,1894,structured_50,1057000
10,1895,structured_50,1055800
10,1895,dense,1264300
10,1896,dense,1278900
10,1896,structured_50,1071200
10,1897,structured_50,1076800
10,1897,dense,1304700
10,1898,dense,1277100
10,1898,structured_50,1098300
10,1899,structured_50,1060700
10,1899,dense,1324200
10,1900,dense,1279500
10,1900,structured_50,1008500
10,1901,structured_50,1024500
10,1901,dense,1241300
10,1902,dense,1268900
10,1902,structured_50,1196500
10,1903,structured_50,1011700
10,1903,dense,1250800
10,1904,dense,1230700
10,1904,structured_50,1063200
10,1905,structured_50,1142300
10,1905,dense,1241100
10,1906,dense,1247400
10,1906,structured_50,1088900
10,1907,structured_50,1057400
10,1907,dense,1314800
10,1908,dense,1271000
10,1908,structured_50,997800
10,1909,structured_50,982600
10,1909,dense,1338000
10,1910,dense,1298100
10,1910,structured_50,1298000
10,1911,structured_50,685500
10,1911,dense,1448600
10,1912,dense,1381300
10,1912,structured_50,1152600
10,1913,structured_50,1079500
10,1913,dense,1338300
10,1914,dense,1383100
10,1914,structured_50,1008800
10,1915,structured_50,1001800
10,1915,dense,1394500
10,1916,dense,1248000
10,1916,structured_50,1038100
10,1917,structured_50,1040700
10,1917,dense,1313800
10,1918,dense,1317500
10,1918,structured_50,1118500
10,1919,structured_50,1310100
10,1919,dense,1519500
10,1920,dense,1572200
10,1920,structured_50,1131500
10,1921,structured_50,1030300
10,1921,dense,1426000
10,1922,dense,1390000
10,1922,structured_50,1114100
10,1923,structured_50,1170900
10,1923,dense,1356900
10,1924,dense,655200
10,1924,structured_50,1132800
10,1925,structured_50,1019400
10,1925,dense,1318000
10,1926,dense,1262600
10,1926,structured_50,1044600
10,1927,structured_50,1022700
10,1927,dense,1241700
10,1928,dense,1247500
10,1928,structured_50,1068900
10,1929,structured_50,1059000
10,1929,dense,1276100
10,1930,dense,1314000
10,1930,structured_50,1052000
10,1931,structured_50,1029400
10,1931,dense,1247400
10,1932,dense,1341800
10,1932,structured_50,1035100
10,1933,structured_50,1095200
10,1933,dense,1435100
10,1934,dense,1212100
10,1934,structured_50,1019000
10,1935,structured_50,982000
10,1935,dense,1251000
10,1936,dense,1160700
10,1936,structured_50,1037200
10,1937,structured_50,956800
10,1937,dense,1474900
10,1938,dense,1679700
10,1938,structured_50,1366400
10,1939,structured_50,1238600
10,1939,dense,1573300
10,1940,dense,1422300
10,1940,structured_50,1199900
10,1941,structured_50,1143100
10,1941,dense,1541100
10,1942,dense,1651900
10,1942,structured_50,1350200
10,1943,structured_50,1052600
10,1943,dense,1328700
10,1944,dense,1286100
10,1944,structured_50,1090600
10,1945,structured_50,1007600
10,1945,dense,1265000
10,1946,dense,1376200
10,1946,structured_50,1118500
10,1947,structured_50,1062300
10,1947,dense,1254000
10,1948,dense,1246000
10,1948,structured_50,1031500
10,1949,structured_50,1048200
10,1949,dense,1254200
10,1950,dense,1239900
10,1950,structured_50,1074100
10,1951,structured_50,1048900
10,1951,dense,1249700
10,1952,dense,1266600
10,1952,structured_50,1068000
10,1953,structured_50,981900
10,1953,dense,1236200
10,1954,dense,1211800
10,1954,structured_50,1009900
10,1955,structured_50,999600
10,1955,dense,1477700
10,1956,dense,1211700
10,1956,structured_50,633400
10,1957,structured_50,1084000
10,1957,dense,1312900
10,1958,dense,1237000
10,1958,structured_50,1046200
10,1959,structured_50,1011500
10,1959,dense,1246900
10,1960,dense,1198600
10,1960,structured_50,1067700
10,1961,structured_50,1037700
10,1961,dense,1233800
10,1962,dense,1224200
10,1962,structured_50,1006600
10,1963,structured_50,1082900
10,1963,dense,1239400
10,1964,dense,1161900
10,1964,structured_50,984500
10,1965,structured_50,967800
10,1965,dense,1310700
10,1966,dense,1550900
10,1966,structured_50,1234800
10,1967,structured_50,1246600
10,1967,dense,1375800
10,1968,dense,1286900
10,1968,structured_50,1106100
10,1969,structured_50,1061300
10,1969,dense,1301900
10,1970,dense,1545200
10,1970,structured_50,1162800
10,1971,structured_50,1053700
10,1971,dense,1230400
10,1972,dense,1175500
10,1972,structured_50,1012300
10,1973,structured_50,963600
10,1973,dense,1206000
10,1974,dense,1181600
10,1974,structured_50,1033200
10,1975,structured_50,1159400
10,1975,dense,1421800
10,1976,dense,1299400
10,1976,structured_50,1049000
10,1977,structured_50,965600
10,1977,dense,1207800
10,1978,dense,1193000
10,1978,structured_50,1008700
10,1979,structured_50,1144500
10,1979,dense,1583900
10,1980,dense,1473000
10,1980,structured_50,1192200
10,1981,structured_50,1156900
10,1981,dense,1303400
10,1982,dense,1329600
10,1982,structured_50,1077200
10,1983,structured_50,1057900
10,1983,dense,1339000
10,1984,dense,1363600
10,1984,structured_50,1218200
10,1985,structured_50,1105800
10,1985,dense,1366800
10,1986,dense,1302300
10,1986,structured_50,1103000
10,1987,structured_50,1052600
10,1987,dense,1311500
10,1988,dense,1321800
10,1988,structured_50,1135600
10,1989,structured_50,1108500
10,1989,dense,1314700
10,1990,dense,1265500
10,1990,structured_50,1053200
10,1991,structured_50,1043600
10,1991,dense,1265000
10,1992,dense,1262700
10,1992,structured_50,1012600
10,1993,structured_50,1151800
10,1993,dense,1379700
10,1994,dense,1344700
10,1994,structured_50,1191700
10,1995,structured_50,1065000
10,1995,dense,1297700
10,1996,dense,1297300
10,1996,structured_50,1079700
10,1997,structured_50,1067300
10,1997,dense,1374300
10,1998,dense,1346200
10,1998,structured_50,1058900
10,1999,structured_50,1006800
10,1999,dense,1244200
10,2000,dense,1211000
10,2000,structured_50,1033500
10,2001,structured_50,1015300
10,2001,dense,1232700
10,2002,dense,1223300
10,2002,structured_50,1030900
10,2003,structured_50,976900
10,2003,dense,1191800
10,2004,dense,1258200
10,2004,structured_50,968400
10,2005,structured_50,974700
10,2005,dense,1149100
10,2006,dense,1168800
10,2006,structured_50,972800
10,2007,structured_50,981800
10,2007,dense,1276500
10,2008,dense,1380700
10,2008,structured_50,1047900
10,2009,structured_50,1050000
10,2009,dense,1296000
10,2010,dense,1297600
10,2010,structured_50,1094500
10,2011,structured_50,1052800
10,2011,dense,1314700
10,2012,dense,1323300
10,2012,structured_50,1098900
10,2013,structured_50,1108500
10,2013,dense,1302700
10,2014,dense,1264300
10,2014,structured_50,1103200
10,2015,structured_50,976700
10,2015,dense,1188800
10,2016,dense,1222100
10,2016,structured_50,1029200
10,2017,structured_50,1173500
10,2017,dense,1495500
10,2018,dense,1171100
10,2018,structured_50,1070800
10,2019,structured_50,1035900
10,2019,dense,1276500
10,2020,dense,1252500
10,2020,structured_50,1060300
10,2021,structured_50,1045100
10,2021,dense,1388200
10,2022,dense,1279500
10,2022,structured_50,1049600
10,2023,structured_50,1029200
10,2023,dense,1307600
10,2024,dense,1232400
10,2024,structured_50,1024000
10,2025,structured_50,970800
10,2025,dense,1205400
10,2026,dense,1161900
10,2026,structured_50,1181000
10,2027,structured_50,1584300
10,2027,dense,1287200
10,2028,dense,1443100
10,2028,structured_50,1757900
10,2029,structured_50,1033800
10,2029,dense,1331300
10,2030,dense,1264400
10,2030,structured_50,1044700
10,2031,structured_50,967000
10,2031,dense,1249700
10,2032,dense,1263300
10,2032,structured_50,1039400
10,2033,structured_50,1085800
10,2033,dense,1262200
10,2034,dense,1220600
10,2034,structured_50,1012100
10,2035,structured_50,987800
10,2035,dense,1236100
10,2036,dense,1221300
10,2036,structured_50,1086800
10,2037,structured_50,1004100
10,2037,dense,1240200
10,2038,dense,1163400
10,2038,structured_50,1064100
10,2039,structured_50,1024300
10,2039,dense,1266200
10,2040,dense,1274200
10,2040,structured_50,1114300
10,2041,structured_50,1056100
10,2041,dense,1223300
10,2042,dense,1207000
10,2042,structured_50,978400
10,2043,structured_50,1014800
10,2043,dense,1181500
10,2044,dense,1174400
10,2044,structured_50,984600
10,2045,structured_50,959800
10,2045,dense,1312000
10,2046,dense,1328200
10,2046,structured_50,1076900
10,2047,structured_50,973100
10,2047,dense,1216000
10,2048,dense,1196000
10,2048,structured_50,970400
10,2049,structured_50,984300
10,2049,dense,1170000
10,2050,dense,1249900
10,2050,structured_50,1068800
10,2051,structured_50,1049800
10,2051,dense,1286600
10,2052,dense,1229900
10,2052,structured_50,1049600
10,2053,structured_50,1081900
10,2053,dense,1296900
10,2054,dense,1317700
10,2054,structured_50,1097900
10,2055,structured_50,1040500
10,2055,dense,1232800
10,2056,dense,1251500
10,2056,structured_50,1097600
10,2057,structured_50,1055700
10,2057,dense,1286800
10,2058,dense,1259100
10,2058,structured_50,1087400
10,2059,structured_50,1067700
10,2059,dense,1341500
10,2060,dense,1342400
10,2060,structured_50,1068800
10,2061,structured_50,1073300
10,2061,dense,1259100
10,2062,dense,1292600
10,2062,structured_50,1055700
10,2063,structured_50,1092900
10,2063,dense,1330100
10,2064,dense,1273500
10,2064,structured_50,1077100
10,2065,structured_50,1045000
10,2065,dense,1317500
10,2066,dense,1305500
10,2066,structured_50,1067000
10,2067,structured_50,1117600
10,2067,dense,1297400
10,2068,dense,1354900
10,2068,structured_50,1108900
10,2069,structured_50,1025100
10,2069,dense,1237300
10,2070,dense,1194700
10,2070,structured_50,1032100
10,2071,structured_50,1000800
10,2071,dense,1300000
10,2072,dense,1222000
10,2072,structured_50,1006500
10,2073,structured_50,1041300
10,2073,dense,1233500
10,2074,dense,1206400
10,2074,structured_50,1001800
10,2075,structured_50,1000200
10,2075,dense,1220400
10,2076,dense,1197900
10,2076,structured_50,1030900
10,2077,structured_50,999100
10,2077,dense,1192200
10,2078,dense,1173800
10,2078,structured_50,1083800
10,2079,structured_50,1013300
10,2079,dense,1255600
10,2080,dense,1264000
10,2080,structured_50,1025500
10,2081,structured_50,1030400
10,2081,dense,1244300
10,2082,dense,1233000
10,2082,structured_50,995600
10,2083,structured_50,1039300
10,2083,dense,1288300
10,2084,dense,1239600
10,2084,structured_50,1057300
10,2085,structured_50,1072800
10,2085,dense,1345100
10,2086,dense,1271400
10,2086,structured_50,1083100
10,2087,structured_50,1117700
10,2087,dense,1331600
10,2088,dense,1300200
10,2088,structured_50,1063500
10,2089,structured_50,1051900
10,2089,dense,1344100
10,2090,dense,1339000
10,2090,structured_50,1054000
10,2091,structured_50,1038800
10,2091,dense,1304300
10,2092,dense,1298300
10,2092,structured_50,1042000
10,2093,structured_50,1065300
10,2093,dense,1539700
10,2094,dense,1231800
10,2094,structured_50,1053700
10,2095,structured_50,1106200
10,2095,dense,1308200
10,2096,dense,1362100
10,2096,structured_50,1188300
10,2097,structured_50,1202000
10,2097,dense,1913300
10,2098,dense,1273900
10,2098,structured_50,1085000
10,2099,structured_50,1067900
10,2099,dense,1320800
10,2100,dense,1327800
10,2100,structured_50,1052600
10,2101,structured_50,1048800
10,2101,dense,1291600
10,2102,dense,1277500
10,2102,structured_50,1013600
10,2103,structured_50,1053700
10,2103,dense,1226100
10,2104,dense,1191300
10,2104,structured_50,1020600
10,2105,structured_50,971300
10,2105,dense,1198000
10,2106,dense,1158700
10,2106,structured_50,1046300
10,2107,structured_50,1046900
10,2107,dense,1330100
10,2108,dense,1297100
10,2108,structured_50,1155200
10,2109,structured_50,1011600
10,2109,dense,1234100
10,2110,dense,1250800
10,2110,structured_50,1026700
10,2111,structured_50,1084400
10,2111,dense,1350300
10,2112,dense,1372600
10,2112,structured_50,1081100
10,2113,structured_50,1076600
10,2113,dense,1338400
10,2114,dense,1366900
10,2114,structured_50,1112200
10,2115,structured_50,1045100
10,2115,dense,1255400
10,2116,dense,1357100
10,2116,structured_50,1141900
10,2117,structured_50,1061100
10,2117,dense,1345900
10,2118,dense,1244100
10,2118,structured_50,1066800
10,2119,structured_50,1062200
10,2119,dense,1260900
10,2120,dense,1261300
10,2120,structured_50,1234100
10,2121,structured_50,1062800
10,2121,dense,1204600
10,2122,dense,1318300
10,2122,structured_50,1058300
10,2123,structured_50,1018000
10,2123,dense,1233100
10,2124,dense,1327000
10,2124,structured_50,1041400
10,2125,structured_50,1014200
10,2125,dense,1418500
10,2126,dense,1139200
10,2126,structured_50,1025800
10,2127,structured_50,1027700
10,2127,dense,1383600
10,2128,dense,1220900
10,2128,structured_50,989400
10,2129,structured_50,1036700
10,2129,dense,1236100
10,2130,dense,1251400
10,2130,structured_50,1083100
10,2131,structured_50,1056100
10,2131,dense,1217000
10,2132,dense,1236700
10,2132,structured_50,1040400
10,2133,structured_50,1031800
10,2133,dense,1222600
10,2134,dense,1236900
10,2134,structured_50,1018700
10,2135,structured_50,1002600
10,2135,dense,1253700
10,2136,dense,1266700
10,2136,structured_50,1035900
10,2137,structured_50,1089400
10,2137,dense,1262100
10,2138,dense,1244000
10,2138,structured_50,1015900
10,2139,structured_50,975900
10,2139,dense,1171700
10,2140,dense,1209500
10,2140,structured_50,1039400
10,2141,structured_50,946100
10,2141,dense,1192400
10,2142,dense,1165000
10,2142,structured_50,1013100
10,2143,structured_50,966300
10,2143,dense,1186000
10,2144,dense,1171000
10,2144,structured_50,985600
10,2145,structured_50,994200
10,2145,dense,1236400
10,2146,dense,1223300
10,2146,structured_50,987800
10,2147,structured_50,1021600
10,2147,dense,1192500
10,2148,dense,1192900
10,2148,structured_50,1017100
10,2149,structured_50,1004800
10,2149,dense,1189100
10,2150,dense,1304100
10,2150,structured_50,1049000
10,2151,structured_50,995300
10,2151,dense,1240600
10,2152,dense,1248000
10,2152,structured_50,1029800
10,2153,structured_50,1025100
10,2153,dense,1280100
10,2154,dense,1244600
10,2154,structured_50,1026700
10,2155,structured_50,1041300
10,2155,dense,1242800
10,2156,dense,1245900
10,2156,structured_50,1032800
10,2157,structured_50,1030800
10,2157,dense,1247500
10,2158,dense,1223600
10,2158,structured_50,1029200
10,2159,structured_50,955700
10,2159,dense,1204200
10,2160,dense,1232600
10,2160,structured_50,1005400
10,2161,structured_50,979400
10,2161,dense,1219100
10,2162,dense,1210600
10,2162,structured_50,1024400
10,2163,structured_50,982200
10,2163,dense,1192300
10,2164,dense,1189400
10,2164,structured_50,986900
10,2165,structured_50,983000
10,2165,dense,1179800
10,2166,dense,1192100
10,2166,structured_50,1001000
10,2167,structured_50,983200
10,2167,dense,1192300
10,2168,dense,1223400
10,2168,structured_50,1068400
10,2169,structured_50,1036800
10,2169,dense,1242200
10,2170,dense,1226200
10,2170,structured_50,1053200
10,2171,structured_50,1067700
10,2171,dense,1237500
10,2172,dense,1221200
10,2172,structured_50,1069000
10,2173,structured_50,1043400
10,2173,dense,1231700
10,2174,dense,1595500
10,2174,structured_50,1023200
10,2175,structured_50,970600
10,2175,dense,1320000
10,2176,dense,1198200
10,2176,structured_50,1015200
10,2177,structured_50,998900
10,2177,dense,1156700
10,2178,dense,1171400
10,2178,structured_50,1028300
10,2179,structured_50,1056600
10,2179,dense,1227100
10,2180,dense,1222100
10,2180,structured_50,1182600
10,2181,structured_50,1027100
10,2181,dense,1157000
10,2182,dense,1240000
10,2182,structured_50,1045300
10,2183,structured_50,1037800
10,2183,dense,1244400
10,2184,dense,1249200
10,2184,structured_50,1062900
10,2185,structured_50,1023000
10,2185,dense,1216500
10,2186,dense,1245400
10,2186,structured_50,1017000
10,2187,structured_50,1056400
10,2187,dense,1285400
10,2188,dense,1227400
10,2188,structured_50,1037000
10,2189,structured_50,1083300
10,2189,dense,1243800
10,2190,dense,1312000
10,2190,structured_50,1071800
10,2191,structured_50,1033600
10,2191,dense,1214600
10,2192,dense,1248700
10,2192,structured_50,1015800
10,2193,structured_50,1076500
10,2193,dense,1255000
10,2194,dense,1272300
10,2194,structured_50,1057200
10,2195,structured_50,1089600
10,2195,dense,1353400
10,2196,dense,1356700
10,2196,structured_50,1085100
10,2197,structured_50,1140000
10,2197,dense,1349300
10,2198,dense,1321300
10,2198,structured_50,1135500
10,2199,structured_50,1030000
10,2199,dense,1275300
10,2200,dense,1273900
10,2200,structured_50,1132300
10,2201,structured_50,1133200
10,2201,dense,1433000
10,2202,dense,1336800
10,2202,structured_50,1104900
10,2203,structured_50,1103200
10,2203,dense,1294800
10,2204,dense,1312300
10,2204,structured_50,1097900
10,2205,structured_50,1037800
10,2205,dense,1267100
10,2206,dense,1259600
10,2206,structured_50,1049500
10,2207,structured_50,1055100
10,2207,dense,1227400
10,2208,dense,1237700
10,2208,structured_50,1012500
10,2209,structured_50,996400
10,2209,dense,1195100
10,2210,dense,1253700
10,2210,structured_50,1051200
10,2211,structured_50,1050500
10,2211,dense,1283600
10,2212,dense,1496400
10,2212,structured_50,1085300
10,2213,structured_50,1076100
10,2213,dense,1339400
10,2214,dense,1288500
10,2214,structured_50,1094500
10,2215,structured_50,1096000
10,2215,dense,1235100
10,2216,dense,1258700
10,2216,structured_50,1042200
10,2217,structured_50,987500
10,2217,dense,1204500
10,2218,dense,1213200
10,2218,structured_50,1198800
10,2219,structured_50,1030000
10,2219,dense,1240500
10,2220,dense,1435700
10,2220,structured_50,1050300
10,2221,structured_50,1121100
10,2221,dense,1246900
10,2222,dense,1338900
10,2222,structured_50,986600
10,2223,structured_50,935400
10,2223,dense,1260600
10,2224,dense,1171200
10,2224,structured_50,988100
10,2225,structured_50,1001400
10,2225,dense,1330100
10,2226,dense,1291500
10,2226,structured_50,1038100
10,2227,structured_50,1360000
10,2227,dense,1374700
10,2228,dense,1341200
10,2228,structured_50,1056000
10,2229,structured_50,1031300
10,2229,dense,1272000
10,2230,dense,1250400
10,2230,structured_50,1022700
10,2231,structured_50,1040000
10,2231,dense,1482300
10,2232,dense,1222500
10,2232,structured_50,958000
10,2233,structured_50,1053200
10,2233,dense,1083800
10,2234,dense,633500
10,2234,structured_50,420500
10,2235,structured_50,555000
10,2235,dense,596600
10,2236,dense,604600
10,2236,structured_50,672900
10,2237,structured_50,440900
10,2237,dense,568500
10,2238,dense,546600
10,2238,structured_50,557600
10,2239,structured_50,741500
10,2239,dense,764600
10,2240,dense,782300
10,2240,structured_50,795600
10,2241,structured_50,566300
10,2241,dense,664500
10,2242,dense,710200
10,2242,structured_50,650700
10,2243,structured_50,457200
10,2243,dense,559200
10,2244,dense,539300
10,2244,structured_50,533200
10,2245,structured_50,502700
10,2245,dense,624600
10,2246,dense,827800
10,2246,structured_50,1133300
10,2247,structured_50,1089800
10,2247,dense,1392300
10,2248,dense,1273600
10,2248,structured_50,1004700
10,2249,structured_50,1082200
10,2249,dense,1422100
10,2250,dense,1173600
10,2250,structured_50,1099200
10,2251,structured_50,1051800
10,2251,dense,1246400
10,2252,dense,1237600
10,2252,structured_50,1015400
10,2253,structured_50,1014100
10,2253,dense,1199300
10,2254,dense,1202200
10,2254,structured_50,1001900
10,2255,structured_50,1028000
10,2255,dense,1204800
10,2256,dense,1172700
10,2256,structured_50,1158200
10,2257,structured_50,1564100
10,2257,dense,1484800
10,2258,dense,1267800
10,2258,structured_50,1111200
10,2259,structured_50,1130800
10,2259,dense,1302800
10,2260,dense,1338200
10,2260,structured_50,1075700
10,2261,structured_50,1240200
10,2261,dense,1230600
10,2262,dense,1255900
10,2262,structured_50,1035100
10,2263,structured_50,1254300
10,2263,dense,1285000
10,2264,dense,1244200
10,2264,structured_50,1197900
10,2265,structured_50,1254000
10,2265,dense,1313000
10,2266,dense,1319100
10,2266,structured_50,1233700
10,2267,structured_50,1206000
10,2267,dense,1406100
10,2268,dense,1381200
10,2268,structured_50,1101600
10,2269,structured_50,1111400
10,2269,dense,841000
10,2270,dense,1223800
10,2270,structured_50,1131300
10,2271,structured_50,786600
10,2271,dense,1451400
10,2272,dense,1456700
10,2272,structured_50,1226500
10,2273,structured_50,1199000
10,2273,dense,1334200
10,2274,dense,1312100
10,2274,structured_50,1100800
10,2275,structured_50,1061200
10,2275,dense,1415500
10,2276,dense,1252300
10,2276,structured_50,1078800
10,2277,structured_50,1111000
10,2277,dense,1270200
10,2278,dense,1301000
10,2278,structured_50,1069000
10,2279,structured_50,1077300
10,2279,dense,1277300
10,2280,dense,1264900
10,2280,structured_50,1061500
10,2281,structured_50,1059100
10,2281,dense,1292200
10,2282,dense,1267200
10,2282,structured_50,1121200
10,2283,structured_50,1064700
10,2283,dense,1322100
10,2284,dense,1393200
10,2284,structured_50,1020500
10,2285,structured_50,1022200
10,2285,dense,1199400
10,2286,dense,1230500
10,2286,structured_50,1066600
10,2287,structured_50,1045300
10,2287,dense,1261900
10,2288,dense,1231700
10,2288,structured_50,1187500
10,2289,structured_50,1033100
10,2289,dense,1229900
10,2290,dense,1307700
10,2290,structured_50,1073400
10,2291,structured_50,1010400
10,2291,dense,1235500
10,2292,dense,1215200
10,2292,structured_50,996000
10,2293,structured_50,1005500
10,2293,dense,1056900
10,2294,dense,1328500
10,2294,structured_50,1070700
10,2295,structured_50,1112300
10,2295,dense,1288600
10,2296,dense,1252300
10,2296,structured_50,990200
10,2297,structured_50,998500
10,2297,dense,1226300
10,2298,dense,1192600
10,2298,structured_50,1057100
10,2299,structured_50,1047100
10,2299,dense,1353200
10,2300,dense,1264300
10,2300,structured_50,1079700
10,2301,structured_50,1041400
10,2301,dense,1243900
10,2302,dense,1447100
10,2302,structured_50,1069100
10,2303,structured_50,1071000
10,2303,dense,1286200
10,2304,dense,1290200
10,2304,structured_50,1120800
10,2305,structured_50,1099200
10,2305,dense,1330100
10,2306,dense,1297900
10,2306,structured_50,1043700
10,2307,structured_50,1066100
10,2307,dense,1239600
10,2308,dense,1280700
10,2308,structured_50,1024800
10,2309,structured_50,1120800
10,2309,dense,1333800
10,2310,dense,1235100
10,2310,structured_50,1067800
10,2311,structured_50,1026300
10,2311,dense,1261200
10,2312,dense,1238400
10,2312,structured_50,1070000
10,2313,structured_50,1028600
10,2313,dense,1242800
10,2314,dense,1272100
10,2314,structured_50,1031200
10,2315,structured_50,1026900
10,2315,dense,1265800
10,2316,dense,1253600
10,2316,structured_50,1022300
10,2317,structured_50,1028600
10,2317,dense,1143000
10,2318,dense,1227000
10,2318,structured_50,1101500
10,2319,structured_50,1059500
10,2319,dense,1210600
10,2320,dense,1207500
10,2320,structured_50,1022500
10,2321,structured_50,982200
10,2321,dense,1248800
10,2322,dense,1235000
10,2322,structured_50,1481100
10,2323,structured_50,1253500
10,2323,dense,1260800
10,2324,dense,1271500
10,2324,structured_50,1035500
10,2325,structured_50,1030500
10,2325,dense,1242300
10,2326,dense,1258600
10,2326,structured_50,1052500
10,2327,structured_50,1106600
10,2327,dense,1379200
10,2328,dense,1368000
10,2328,structured_50,1046400
10,2329,structured_50,1328000
10,2329,dense,1298700
10,2330,dense,1228300
10,2330,structured_50,1047900
10,2331,structured_50,1027500
10,2331,dense,1189500
10,2332,dense,1262700
10,2332,structured_50,1154400
10,2333,structured_50,1161000
10,2333,dense,1339300
10,2334,dense,1331400
10,2334,structured_50,1204500
10,2335,structured_50,1024100
10,2335,dense,1492800
10,2336,dense,1406500
10,2336,structured_50,1039500
10,2337,structured_50,1056300
10,2337,dense,1318000
10,2338,dense,1263800
10,2338,structured_50,1031100
10,2339,structured_50,1031100
10,2339,dense,1275500
10,2340,dense,1256300
10,2340,structured_50,1026000
10,2341,structured_50,1033600
10,2341,dense,1269700
10,2342,dense,1244300
10,2342,structured_50,1039800
10,2343,structured_50,1024900
10,2343,dense,1266800
10,2344,dense,1233300
10,2344,structured_50,1058100
10,2345,structured_50,1020200
10,2345,dense,1443200
10,2346,dense,1392200
10,2346,structured_50,1055500
10,2347,structured_50,1193000
10,2347,dense,1271200
10,2348,dense,1324400
10,2348,structured_50,974100
10,2349,structured_50,929300
10,2349,dense,1185300
10,2350,dense,1193800
10,2350,structured_50,1303800
10,2351,structured_50,1100700
10,2351,dense,1307100
10,2352,dense,1331800
10,2352,structured_50,1122900
10,2353,structured_50,1109700
10,2353,dense,1294000
10,2354,dense,1300900
10,2354,structured_50,1159000
10,2355,structured_50,1023100
10,2355,dense,1239300
10,2356,dense,1277000
10,2356,structured_50,1077000
10,2357,structured_50,1031100
10,2357,dense,1260300
10,2358,dense,1253800
10,2358,structured_50,1044100
10,2359,structured_50,1030600
10,2359,dense,1279900
10,2360,dense,1177000
10,2360,structured_50,1178100
10,2361,structured_50,1263600
10,2361,dense,1370400
10,2362,dense,1313400
10,2362,structured_50,1117500
10,2363,structured_50,1093700
10,2363,dense,1332500
10,2364,dense,1335800
10,2364,structured_50,939400
10,2365,structured_50,899300
10,2365,dense,1176500
10,2366,dense,1157300
10,2366,structured_50,953300
10,2367,structured_50,937400
10,2367,dense,1332700
10,2368,dense,1191400
10,2368,structured_50,994900
10,2369,structured_50,1016000
10,2369,dense,1286000
10,2370,dense,1206000
10,2370,structured_50,955000
10,2371,structured_50,979000
10,2371,dense,1142800
10,2372,dense,1204200
10,2372,structured_50,1083400
10,2373,structured_50,1021900
10,2373,dense,1224100
10,2374,dense,1360000
10,2374,structured_50,975200
10,2375,structured_50,915700
10,2375,dense,1209500
10,2376,dense,1268200
10,2376,structured_50,1027500
10,2377,structured_50,1045100
10,2377,dense,1207200
10,2378,dense,1224300
10,2378,structured_50,993000
10,2379,structured_50,866200
10,2379,dense,515100
10,2380,dense,494700
10,2380,structured_50,771000
10,2381,structured_50,1009800
10,2381,dense,1174500
10,2382,dense,1140500
10,2382,structured_50,997400
10,2383,structured_50,941500
10,2383,dense,1161800
10,2384,dense,1156600
10,2384,structured_50,948700
10,2385,structured_50,1162300
10,2385,dense,825800
10,2386,dense,895000
10,2386,structured_50,949000
10,2387,structured_50,984200
10,2387,dense,1237200
10,2388,dense,1171500
10,2388,structured_50,968200
10,2389,structured_50,962400
10,2389,dense,1212600
10,2390,dense,1163500
10,2390,structured_50,1035500
10,2391,structured_50,965200
10,2391,dense,1183100
10,2392,dense,1145400
10,2392,structured_50,984800
10,2393,structured_50,947300
10,2393,dense,1178800
10,2394,dense,1157400
10,2394,structured_50,962400
10,2395,structured_50,940800
10,2395,dense,1341500
10,2396,dense,1321600
10,2396,structured_50,1011600
10,2397,structured_50,1468700
10,2397,dense,1537200
10,2398,dense,1217400
10,2398,structured_50,1001400
10,2399,structured_50,976600
10,2399,dense,1203200
10,2400,dense,1257600
10,2400,structured_50,1006300
10,2401,structured_50,958700
10,2401,dense,1162900
10,2402,dense,1158100
10,2402,structured_50,1120700
10,2403,structured_50,884500
10,2403,dense,1117600
10,2404,dense,1132200
10,2404,structured_50,963700
10,2405,structured_50,1175700
10,2405,dense,1708400
10,2406,dense,1442600
10,2406,structured_50,981500
10,2407,structured_50,990100
10,2407,dense,1227100
10,2408,dense,1214700
10,2408,structured_50,992600
10,2409,structured_50,1047900
10,2409,dense,1192400
10,2410,dense,1167400
10,2410,structured_50,950100
10,2411,structured_50,953800
10,2411,dense,1133600
10,2412,dense,1151600
10,2412,structured_50,937700
10,2413,structured_50,951100
10,2413,dense,1119300
10,2414,dense,1281800
10,2414,structured_50,1017500
10,2415,structured_50,1142600
10,2415,dense,1214100
10,2416,dense,1197500
10,2416,structured_50,1016000
10,2417,structured_50,1028100
10,2417,dense,1191000
10,2418,dense,1162100
10,2418,structured_50,942700
10,2419,structured_50,952400
10,2419,dense,1385200
10,2420,dense,1303200
10,2420,structured_50,495500
10,2421,structured_50,401900
10,2421,dense,532000
10,2422,dense,524800
10,2422,structured_50,509300
10,2423,structured_50,487700
10,2423,dense,604500
10,2424,dense,823500
10,2424,structured_50,1405900
10,2425,structured_50,981700
10,2425,dense,1457500
10,2426,dense,1119000
10,2426,structured_50,1209800
10,2427,structured_50,682800
10,2427,dense,626100
10,2428,dense,545200
10,2428,structured_50,1068200
10,2429,structured_50,1256600
10,2429,dense,1244300
10,2430,dense,1218600
10,2430,structured_50,1008200
10,2431,structured_50,992000
10,2431,dense,1435100
10,2432,dense,1447900
10,2432,structured_50,1047800
10,2433,structured_50,894200
10,2433,dense,1166200
10,2434,dense,1145200
10,2434,structured_50,988000
10,2435,structured_50,946300
10,2435,dense,1167600
10,2436,dense,1146700
10,2436,structured_50,957900
10,2437,structured_50,1155400
10,2437,dense,1130000
10,2438,dense,1152700
10,2438,structured_50,990300
10,2439,structured_50,1271500
10,2439,dense,1240800
10,2440,dense,1167200
10,2440,structured_50,985000
10,2441,structured_50,1013400
10,2441,dense,1190400
10,2442,dense,1440700
10,2442,structured_50,1055100
10,2443,structured_50,927300
10,2443,dense,1040700
10,2444,dense,1337200
10,2444,structured_50,1020100
10,2445,structured_50,985400
10,2445,dense,1168500
10,2446,dense,1326100
10,2446,structured_50,539100
10,2447,structured_50,1316000
10,2447,dense,1226300
10,2448,dense,1227900
10,2448,structured_50,1040900
10,2449,structured_50,973500
10,2449,dense,1151600
10,2450,dense,1214800
10,2450,structured_50,967000
10,2451,structured_50,966900
10,2451,dense,1199100
10,2452,dense,1380600
10,2452,structured_50,974100
10,2453,structured_50,936500
10,2453,dense,1189200
10,2454,dense,1182200
10,2454,structured_50,1024100
10,2455,structured_50,1054000
10,2455,dense,1239800
10,2456,dense,1497400
10,2456,structured_50,984700
10,2457,structured_50,1388900
10,2457,dense,1410400
10,2458,dense,1298200
10,2458,structured_50,1059400
10,2459,structured_50,1064700
10,2459,dense,1316100
10,2460,dense,1312500
10,2460,structured_50,1099200
10,2461,structured_50,1241500
10,2461,dense,1462600
10,2462,dense,1001200
10,2462,structured_50,1593200
10,2463,structured_50,1635400
10,2463,dense,1293700
10,2464,dense,1258900
10,2464,structured_50,1100900
10,2465,structured_50,1291800
10,2465,dense,1511900
10,2466,dense,1364700
10,2466,structured_50,1041700
10,2467,structured_50,1153000
10,2467,dense,1333300
10,2468,dense,1535400
10,2468,structured_50,1156400
10,2469,structured_50,1093100
10,2469,dense,1655500
10,2470,dense,2090700
10,2470,structured_50,1400400
10,2471,structured_50,1138700
10,2471,dense,1363000
10,2472,dense,1356900
10,2472,structured_50,1484800
10,2473,structured_50,1118200
10,2473,dense,1531600
10,2474,dense,1449300
10,2474,structured_50,1129600
10,2475,structured_50,1071000
10,2475,dense,1329600
10,2476,dense,1928800
10,2476,structured_50,1195800
10,2477,structured_50,1131700
10,2477,dense,1426500
10,2478,dense,1237600
10,2478,structured_50,1052900
10,2479,structured_50,1161200
10,2479,dense,1292600
10,2480,dense,1382600
10,2480,structured_50,1140000
10,2481,structured_50,1133900
10,2481,dense,1197500
10,2482,dense,1153500
10,2482,structured_50,992700
10,2483,structured_50,1006000
10,2483,dense,1207600
10,2484,dense,1138000
10,2484,structured_50,976800
10,2485,structured_50,941100
10,2485,dense,1239000
10,2486,dense,1229800
10,2486,structured_50,1055600
10,2487,structured_50,1005200
10,2487,dense,1209700
10,2488,dense,1201100
10,2488,structured_50,987400
10,2489,structured_50,999000
10,2489,dense,1246700
10,2490,dense,1227500
10,2490,structured_50,999200
10,2491,structured_50,978600
10,2491,dense,1200600
10,2492,dense,1269100
10,2492,structured_50,1028100
10,2493,structured_50,1003400
10,2493,dense,1226000
10,2494,dense,1195200
10,2494,structured_50,988500
10,2495,structured_50,991800
10,2495,dense,1178300
10,2496,dense,1193800
10,2496,structured_50,986400
10,2497,structured_50,1004400
10,2497,dense,1208800
10,2498,dense,1200500
10,2498,structured_50,988000
10,2499,structured_50,1004800
10,2499,dense,1195800
